ISO-10303-21;
HEADER;
/* Generated by software containing ST-Developer
 * from STEP Tools, Inc. (www.steptools.com) 
 */
/* OPTION: using custom renumber hook */

FILE_DESCRIPTION(
/* description */ ('STEP AP242 Edition 2',
'CAx-IF Rec.Pracs.---Representation and Presentation of Product Manufa
cturing Information (PMI)---4.0---2014-10-13',
'CAx-IF Rec.Pracs.---3D Tessellated Geometry---0.4---2014-09-14','2;1',
'CAx-IF Rec.Pracs.---User Defined Attributes---1.5---2016-08-15'),
/* implementation_level */ '2;1');

FILE_NAME(
/* name */ 'planet gear',
/* time_stamp */ '2026-08-19T18:11:51Z',
/* author */ (''),
/* organization */ (''),
/* preprocessor_version */ 'ST-DEVELOPER v20',
/* originating_system */ 'ONSHAPE BY PTC INC, 1.219',
/* authorisation */ '  ');

FILE_SCHEMA (('AP242_MANAGED_MODEL_BASED_3D_ENGINEERING_MIM_LF { 1 0 10303 442 3 1 4 }'));
ENDSEC;

DATA;
#10=SHAPE_REPRESENTATION_RELATIONSHIP('','',#2179,#11);
#11=ADVANCED_BREP_SHAPE_REPRESENTATION('',(#2177),#7359);
#12=B_SPLINE_SURFACE_WITH_KNOTS('',3,1,((#6714,#6715),(#6716,#6717),(#6718,
#6719),(#6720,#6721),(#6722,#6723)),.SURF_OF_LINEAR_EXTRUSION.,.F.,.F.,
 .F.,(4,1,4),(2,2),(0.156477736511711,0.563166085308948,0.969854434106185),
(0.,1.),.UNSPECIFIED.);
#13=B_SPLINE_SURFACE_WITH_KNOTS('',3,1,((#6725,#6726),(#6727,#6728),(#6729,
#6730),(#6731,#6732),(#6733,#6734)),.SURF_OF_LINEAR_EXTRUSION.,.F.,.F.,
 .F.,(4,1,4),(2,2),(0.156477736511772,0.563166085308978,0.969854434106185),
(0.,1.),.UNSPECIFIED.);
#14=B_SPLINE_SURFACE_WITH_KNOTS('',3,1,((#6737,#6738),(#6739,#6740),(#6741,
#6742),(#6743,#6744),(#6745,#6746)),.SURF_OF_LINEAR_EXTRUSION.,.F.,.F.,
 .F.,(4,1,4),(2,2),(0.156477736511713,0.563166085308949,0.969854434106185),
(0.,1.),.UNSPECIFIED.);
#15=B_SPLINE_SURFACE_WITH_KNOTS('',3,1,((#6748,#6749),(#6750,#6751),(#6752,
#6753),(#6754,#6755),(#6756,#6757)),.SURF_OF_LINEAR_EXTRUSION.,.F.,.F.,
 .F.,(4,1,4),(2,2),(0.156477736511763,0.563166085308974,0.969854434106185),
(0.,1.),.UNSPECIFIED.);
#16=B_SPLINE_SURFACE_WITH_KNOTS('',3,1,((#6760,#6761),(#6762,#6763),(#6764,
#6765),(#6766,#6767),(#6768,#6769)),.SURF_OF_LINEAR_EXTRUSION.,.F.,.F.,
 .F.,(4,1,4),(2,2),(0.156477736511712,0.563166085308949,0.969854434106185),
(0.,1.),.UNSPECIFIED.);
#17=B_SPLINE_SURFACE_WITH_KNOTS('',3,1,((#6771,#6772),(#6773,#6774),(#6775,
#6776),(#6777,#6778),(#6779,#6780)),.SURF_OF_LINEAR_EXTRUSION.,.F.,.F.,
 .F.,(4,1,4),(2,2),(0.156477736511761,0.563166085308973,0.969854434106185),
(0.,1.),.UNSPECIFIED.);
#18=B_SPLINE_SURFACE_WITH_KNOTS('',3,1,((#6783,#6784),(#6785,#6786),(#6787,
#6788),(#6789,#6790),(#6791,#6792)),.SURF_OF_LINEAR_EXTRUSION.,.F.,.F.,
 .F.,(4,1,4),(2,2),(0.156477736511722,0.563166085308953,0.969854434106185),
(0.,1.),.UNSPECIFIED.);
#19=B_SPLINE_SURFACE_WITH_KNOTS('',3,1,((#6794,#6795),(#6796,#6797),(#6798,
#6799),(#6800,#6801),(#6802,#6803)),.SURF_OF_LINEAR_EXTRUSION.,.F.,.F.,
 .F.,(4,1,4),(2,2),(0.156477736511765,0.563166085308975,0.969854434106185),
(0.,1.),.UNSPECIFIED.);
#20=B_SPLINE_SURFACE_WITH_KNOTS('',3,1,((#6806,#6807),(#6808,#6809),(#6810,
#6811),(#6812,#6813),(#6814,#6815)),.SURF_OF_LINEAR_EXTRUSION.,.F.,.F.,
 .F.,(4,1,4),(2,2),(0.156477736511709,0.563166085308947,0.969854434106185),
(0.,1.),.UNSPECIFIED.);
#21=B_SPLINE_SURFACE_WITH_KNOTS('',3,1,((#6817,#6818),(#6819,#6820),(#6821,
#6822),(#6823,#6824),(#6825,#6826)),.SURF_OF_LINEAR_EXTRUSION.,.F.,.F.,
 .F.,(4,1,4),(2,2),(0.15647773651176,0.563166085308973,0.969854434106185),
(0.,1.),.UNSPECIFIED.);
#22=B_SPLINE_SURFACE_WITH_KNOTS('',3,1,((#6829,#6830),(#6831,#6832),(#6833,
#6834),(#6835,#6836),(#6837,#6838)),.SURF_OF_LINEAR_EXTRUSION.,.F.,.F.,
 .F.,(4,1,4),(2,2),(0.156477736511711,0.563166085308948,0.969854434106185),
(0.,1.),.UNSPECIFIED.);
#23=B_SPLINE_SURFACE_WITH_KNOTS('',3,1,((#6840,#6841),(#6842,#6843),(#6844,
#6845),(#6846,#6847),(#6848,#6849)),.SURF_OF_LINEAR_EXTRUSION.,.F.,.F.,
 .F.,(4,1,4),(2,2),(0.156477736511772,0.563166085308978,0.969854434106185),
(0.,1.),.UNSPECIFIED.);
#24=B_SPLINE_SURFACE_WITH_KNOTS('',3,1,((#6852,#6853),(#6854,#6855),(#6856,
#6857),(#6858,#6859),(#6860,#6861)),.SURF_OF_LINEAR_EXTRUSION.,.F.,.F.,
 .F.,(4,1,4),(2,2),(0.156477736511707,0.563166085308946,0.969854434106185),
(0.,1.),.UNSPECIFIED.);
#25=B_SPLINE_SURFACE_WITH_KNOTS('',3,1,((#6863,#6864),(#6865,#6866),(#6867,
#6868),(#6869,#6870),(#6871,#6872)),.SURF_OF_LINEAR_EXTRUSION.,.F.,.F.,
 .F.,(4,1,4),(2,2),(0.156477736511758,0.563166085308971,0.969854434106185),
(0.,1.),.UNSPECIFIED.);
#26=B_SPLINE_SURFACE_WITH_KNOTS('',3,1,((#6875,#6876),(#6877,#6878),(#6879,
#6880),(#6881,#6882),(#6883,#6884)),.SURF_OF_LINEAR_EXTRUSION.,.F.,.F.,
 .F.,(4,1,4),(2,2),(0.156477736511718,0.563166085308951,0.969854434106185),
(0.,1.),.UNSPECIFIED.);
#27=B_SPLINE_SURFACE_WITH_KNOTS('',3,1,((#6886,#6887),(#6888,#6889),(#6890,
#6891),(#6892,#6893),(#6894,#6895)),.SURF_OF_LINEAR_EXTRUSION.,.F.,.F.,
 .F.,(4,1,4),(2,2),(0.156477736511762,0.563166085308973,0.969854434106185),
(0.,1.),.UNSPECIFIED.);
#28=B_SPLINE_SURFACE_WITH_KNOTS('',3,1,((#6898,#6899),(#6900,#6901),(#6902,
#6903),(#6904,#6905),(#6906,#6907)),.SURF_OF_LINEAR_EXTRUSION.,.F.,.F.,
 .F.,(4,1,4),(2,2),(0.156477736511709,0.563166085308947,0.969854434106185),
(0.,1.),.UNSPECIFIED.);
#29=B_SPLINE_SURFACE_WITH_KNOTS('',3,1,((#6909,#6910),(#6911,#6912),(#6913,
#6914),(#6915,#6916),(#6917,#6918)),.SURF_OF_LINEAR_EXTRUSION.,.F.,.F.,
 .F.,(4,1,4),(2,2),(0.156477736511762,0.563166085308973,0.969854434106185),
(0.,1.),.UNSPECIFIED.);
#30=B_SPLINE_SURFACE_WITH_KNOTS('',3,1,((#6921,#6922),(#6923,#6924),(#6925,
#6926),(#6927,#6928),(#6929,#6930)),.SURF_OF_LINEAR_EXTRUSION.,.F.,.F.,
 .F.,(4,1,4),(2,2),(0.156477736511713,0.563166085308949,0.969854434106185),
(0.,1.),.UNSPECIFIED.);
#31=B_SPLINE_SURFACE_WITH_KNOTS('',3,1,((#6932,#6933),(#6934,#6935),(#6936,
#6937),(#6938,#6939),(#6940,#6941)),.SURF_OF_LINEAR_EXTRUSION.,.F.,.F.,
 .F.,(4,1,4),(2,2),(0.156477736511763,0.563166085308974,0.969854434106185),
(0.,1.),.UNSPECIFIED.);
#32=B_SPLINE_SURFACE_WITH_KNOTS('',3,1,((#6944,#6945),(#6946,#6947),(#6948,
#6949),(#6950,#6951),(#6952,#6953)),.SURF_OF_LINEAR_EXTRUSION.,.F.,.F.,
 .F.,(4,1,4),(2,2),(0.156477736511722,0.563166085308953,0.969854434106185),
(0.,1.),.UNSPECIFIED.);
#33=B_SPLINE_SURFACE_WITH_KNOTS('',3,1,((#6955,#6956),(#6957,#6958),(#6959,
#6960),(#6961,#6962),(#6963,#6964)),.SURF_OF_LINEAR_EXTRUSION.,.F.,.F.,
 .F.,(4,1,4),(2,2),(0.156477736511764,0.563166085308975,0.969854434106185),
(0.,1.),.UNSPECIFIED.);
#34=B_SPLINE_SURFACE_WITH_KNOTS('',3,1,((#6967,#6968),(#6969,#6970),(#6971,
#6972),(#6973,#6974),(#6975,#6976)),.SURF_OF_LINEAR_EXTRUSION.,.F.,.F.,
 .F.,(4,1,4),(2,2),(0.15647773651171,0.563166085308948,0.969854434106185),
(0.,1.),.UNSPECIFIED.);
#35=B_SPLINE_SURFACE_WITH_KNOTS('',3,1,((#6978,#6979),(#6980,#6981),(#6982,
#6983),(#6984,#6985),(#6986,#6987)),.SURF_OF_LINEAR_EXTRUSION.,.F.,.F.,
 .F.,(4,1,4),(2,2),(0.15647773651176,0.563166085308972,0.969854434106185),
(0.,1.),.UNSPECIFIED.);
#36=B_SPLINE_SURFACE_WITH_KNOTS('',3,1,((#6990,#6991),(#6992,#6993),(#6994,
#6995),(#6996,#6997),(#6998,#6999)),.SURF_OF_LINEAR_EXTRUSION.,.F.,.F.,
 .F.,(4,1,4),(2,2),(0.156477736511717,0.563166085308951,0.969854434106185),
(0.,1.),.UNSPECIFIED.);
#37=B_SPLINE_SURFACE_WITH_KNOTS('',3,1,((#7001,#7002),(#7003,#7004),(#7005,
#7006),(#7007,#7008),(#7009,#7010)),.SURF_OF_LINEAR_EXTRUSION.,.F.,.F.,
 .F.,(4,1,4),(2,2),(0.15647773651176,0.563166085308972,0.969854434106185),
(0.,1.),.UNSPECIFIED.);
#38=B_SPLINE_SURFACE_WITH_KNOTS('',3,1,((#7013,#7014),(#7015,#7016),(#7017,
#7018),(#7019,#7020),(#7021,#7022)),.SURF_OF_LINEAR_EXTRUSION.,.F.,.F.,
 .F.,(4,1,4),(2,2),(0.156477736511707,0.563166085308946,0.969854434106185),
(0.,1.),.UNSPECIFIED.);
#39=B_SPLINE_SURFACE_WITH_KNOTS('',3,1,((#7024,#7025),(#7026,#7027),(#7028,
#7029),(#7030,#7031),(#7032,#7033)),.SURF_OF_LINEAR_EXTRUSION.,.F.,.F.,
 .F.,(4,1,4),(2,2),(0.156477736511759,0.563166085308972,0.969854434106185),
(0.,1.),.UNSPECIFIED.);
#40=B_SPLINE_SURFACE_WITH_KNOTS('',3,1,((#7036,#7037),(#7038,#7039),(#7040,
#7041),(#7042,#7043),(#7044,#7045)),.SURF_OF_LINEAR_EXTRUSION.,.F.,.F.,
 .F.,(4,1,4),(2,2),(0.156477736511711,0.563166085308948,0.969854434106185),
(0.,1.),.UNSPECIFIED.);
#41=B_SPLINE_SURFACE_WITH_KNOTS('',3,1,((#7047,#7048),(#7049,#7050),(#7051,
#7052),(#7053,#7054),(#7055,#7056)),.SURF_OF_LINEAR_EXTRUSION.,.F.,.F.,
 .F.,(4,1,4),(2,2),(0.156477736511772,0.563166085308978,0.969854434106185),
(0.,1.),.UNSPECIFIED.);
#42=B_SPLINE_SURFACE_WITH_KNOTS('',3,1,((#7059,#7060),(#7061,#7062),(#7063,
#7064),(#7065,#7066),(#7067,#7068)),.SURF_OF_LINEAR_EXTRUSION.,.F.,.F.,
 .F.,(4,1,4),(2,2),(0.156477736511709,0.563166085308947,0.969854434106185),
(0.,1.),.UNSPECIFIED.);
#43=B_SPLINE_SURFACE_WITH_KNOTS('',3,1,((#7070,#7071),(#7072,#7073),(#7074,
#7075),(#7076,#7077),(#7078,#7079)),.SURF_OF_LINEAR_EXTRUSION.,.F.,.F.,
 .F.,(4,1,4),(2,2),(0.156477736511769,0.563166085308977,0.969854434106185),
(0.,1.),.UNSPECIFIED.);
#44=B_SPLINE_SURFACE_WITH_KNOTS('',3,1,((#7082,#7083),(#7084,#7085),(#7086,
#7087),(#7088,#7089),(#7090,#7091)),.SURF_OF_LINEAR_EXTRUSION.,.F.,.F.,
 .F.,(4,1,4),(2,2),(0.156477736511717,0.563166085308951,0.969854434106185),
(0.,1.),.UNSPECIFIED.);
#45=B_SPLINE_SURFACE_WITH_KNOTS('',3,1,((#7093,#7094),(#7095,#7096),(#7097,
#7098),(#7099,#7100),(#7101,#7102)),.SURF_OF_LINEAR_EXTRUSION.,.F.,.F.,
 .F.,(4,1,4),(2,2),(0.15647773651176,0.563166085308972,0.969854434106185),
(0.,1.),.UNSPECIFIED.);
#46=B_SPLINE_SURFACE_WITH_KNOTS('',3,1,((#7105,#7106),(#7107,#7108),(#7109,
#7110),(#7111,#7112),(#7113,#7114)),.SURF_OF_LINEAR_EXTRUSION.,.F.,.F.,
 .F.,(4,1,4),(2,2),(0.156477736511712,0.563166085308949,0.969854434106185),
(0.,1.),.UNSPECIFIED.);
#47=B_SPLINE_SURFACE_WITH_KNOTS('',3,1,((#7116,#7117),(#7118,#7119),(#7120,
#7121),(#7122,#7123),(#7124,#7125)),.SURF_OF_LINEAR_EXTRUSION.,.F.,.F.,
 .F.,(4,1,4),(2,2),(0.156477736511761,0.563166085308973,0.969854434106185),
(0.,1.),.UNSPECIFIED.);
#48=B_SPLINE_SURFACE_WITH_KNOTS('',3,1,((#7128,#7129),(#7130,#7131),(#7132,
#7133),(#7134,#7135),(#7136,#7137)),.SURF_OF_LINEAR_EXTRUSION.,.F.,.F.,
 .F.,(4,1,4),(2,2),(0.156477736511714,0.56316608530895,0.969854434106185),
(0.,1.),.UNSPECIFIED.);
#49=B_SPLINE_SURFACE_WITH_KNOTS('',3,1,((#7139,#7140),(#7141,#7142),(#7143,
#7144),(#7145,#7146),(#7147,#7148)),.SURF_OF_LINEAR_EXTRUSION.,.F.,.F.,
 .F.,(4,1,4),(2,2),(0.156477736511762,0.563166085308974,0.969854434106185),
(0.,1.),.UNSPECIFIED.);
#50=B_SPLINE_SURFACE_WITH_KNOTS('',3,1,((#7151,#7152),(#7153,#7154),(#7155,
#7156),(#7157,#7158),(#7159,#7160)),.SURF_OF_LINEAR_EXTRUSION.,.F.,.F.,
 .F.,(4,1,4),(2,2),(0.156477736511722,0.563166085308953,0.969854434106185),
(0.,1.),.UNSPECIFIED.);
#51=B_SPLINE_SURFACE_WITH_KNOTS('',3,1,((#7162,#7163),(#7164,#7165),(#7166,
#7167),(#7168,#7169),(#7170,#7171)),.SURF_OF_LINEAR_EXTRUSION.,.F.,.F.,
 .F.,(4,1,4),(2,2),(0.156477736511765,0.563166085308975,0.969854434106185),
(0.,1.),.UNSPECIFIED.);
#52=B_SPLINE_SURFACE_WITH_KNOTS('',3,1,((#7174,#7175),(#7176,#7177),(#7178,
#7179),(#7180,#7181),(#7182,#7183)),.SURF_OF_LINEAR_EXTRUSION.,.F.,.F.,
 .F.,(4,1,4),(2,2),(0.156477736511707,0.563166085308946,0.969854434106185),
(0.,1.),.UNSPECIFIED.);
#53=B_SPLINE_SURFACE_WITH_KNOTS('',3,1,((#7185,#7186),(#7187,#7188),(#7189,
#7190),(#7191,#7192),(#7193,#7194)),.SURF_OF_LINEAR_EXTRUSION.,.F.,.F.,
 .F.,(4,1,4),(2,2),(0.156477736511758,0.563166085308971,0.969854434106185),
(0.,1.),.UNSPECIFIED.);
#54=B_SPLINE_SURFACE_WITH_KNOTS('',3,1,((#7197,#7198),(#7199,#7200),(#7201,
#7202),(#7203,#7204),(#7205,#7206)),.SURF_OF_LINEAR_EXTRUSION.,.F.,.F.,
 .F.,(4,1,4),(2,2),(0.156477736511711,0.563166085308948,0.969854434106185),
(0.,1.),.UNSPECIFIED.);
#55=B_SPLINE_SURFACE_WITH_KNOTS('',3,1,((#7208,#7209),(#7210,#7211),(#7212,
#7213),(#7214,#7215),(#7216,#7217)),.SURF_OF_LINEAR_EXTRUSION.,.F.,.F.,
 .F.,(4,1,4),(2,2),(0.156477736511772,0.563166085308978,0.969854434106185),
(0.,1.),.UNSPECIFIED.);
#56=B_SPLINE_SURFACE_WITH_KNOTS('',3,1,((#7220,#7221),(#7222,#7223),(#7224,
#7225),(#7226,#7227),(#7228,#7229)),.SURF_OF_LINEAR_EXTRUSION.,.F.,.F.,
 .F.,(4,1,4),(2,2),(0.156477736511709,0.563166085308947,0.969854434106185),
(0.,1.),.UNSPECIFIED.);
#57=B_SPLINE_SURFACE_WITH_KNOTS('',3,1,((#7231,#7232),(#7233,#7234),(#7235,
#7236),(#7237,#7238),(#7239,#7240)),.SURF_OF_LINEAR_EXTRUSION.,.F.,.F.,
 .F.,(4,1,4),(2,2),(0.156477736511769,0.563166085308977,0.969854434106185),
(0.,1.),.UNSPECIFIED.);
#58=B_SPLINE_SURFACE_WITH_KNOTS('',3,1,((#7243,#7244),(#7245,#7246),(#7247,
#7248),(#7249,#7250),(#7251,#7252)),.SURF_OF_LINEAR_EXTRUSION.,.F.,.F.,
 .F.,(4,1,4),(2,2),(0.15647773651172,0.563166085308952,0.969854434106185),
(0.,1.),.UNSPECIFIED.);
#59=B_SPLINE_SURFACE_WITH_KNOTS('',3,1,((#7254,#7255),(#7256,#7257),(#7258,
#7259),(#7260,#7261),(#7262,#7263)),.SURF_OF_LINEAR_EXTRUSION.,.F.,.F.,
 .F.,(4,1,4),(2,2),(0.156477736511766,0.563166085308976,0.969854434106185),
(0.,1.),.UNSPECIFIED.);
#60=B_SPLINE_SURFACE_WITH_KNOTS('',3,1,((#7266,#7267),(#7268,#7269),(#7270,
#7271),(#7272,#7273),(#7274,#7275)),.SURF_OF_LINEAR_EXTRUSION.,.F.,.F.,
 .F.,(4,1,4),(2,2),(0.156477736511709,0.563166085308947,0.969854434106185),
(0.,1.),.UNSPECIFIED.);
#61=B_SPLINE_SURFACE_WITH_KNOTS('',3,1,((#7277,#7278),(#7279,#7280),(#7281,
#7282),(#7283,#7284),(#7285,#7286)),.SURF_OF_LINEAR_EXTRUSION.,.F.,.F.,
 .F.,(4,1,4),(2,2),(0.156477736511764,0.563166085308974,0.969854434106185),
(0.,1.),.UNSPECIFIED.);
#62=B_SPLINE_SURFACE_WITH_KNOTS('',3,1,((#7289,#7290),(#7291,#7292),(#7293,
#7294),(#7295,#7296),(#7297,#7298)),.SURF_OF_LINEAR_EXTRUSION.,.F.,.F.,
 .F.,(4,1,4),(2,2),(0.156477736511713,0.563166085308949,0.969854434106185),
(0.,1.),.UNSPECIFIED.);
#63=B_SPLINE_SURFACE_WITH_KNOTS('',3,1,((#7300,#7301),(#7302,#7303),(#7304,
#7305),(#7306,#7307),(#7308,#7309)),.SURF_OF_LINEAR_EXTRUSION.,.F.,.F.,
 .F.,(4,1,4),(2,2),(0.156477736511763,0.563166085308974,0.969854434106185),
(0.,1.),.UNSPECIFIED.);
#64=B_SPLINE_SURFACE_WITH_KNOTS('',3,1,((#7312,#7313),(#7314,#7315),(#7316,
#7317),(#7318,#7319),(#7320,#7321)),.SURF_OF_LINEAR_EXTRUSION.,.F.,.F.,
 .F.,(4,1,4),(2,2),(0.156477736511717,0.563166085308951,0.969854434106185),
(0.,1.),.UNSPECIFIED.);
#65=B_SPLINE_SURFACE_WITH_KNOTS('',3,1,((#7323,#7324),(#7325,#7326),(#7327,
#7328),(#7329,#7330),(#7331,#7332)),.SURF_OF_LINEAR_EXTRUSION.,.F.,.F.,
 .F.,(4,1,4),(2,2),(0.15647773651176,0.563166085308972,0.969854434106185),
(0.,1.),.UNSPECIFIED.);
#66=B_SPLINE_SURFACE_WITH_KNOTS('',3,1,((#7335,#7336),(#7337,#7338),(#7339,
#7340),(#7341,#7342),(#7343,#7344)),.SURF_OF_LINEAR_EXTRUSION.,.F.,.F.,
 .F.,(4,1,4),(2,2),(0.156477736511707,0.563166085308946,0.969854434106185),
(0.,1.),.UNSPECIFIED.);
#67=B_SPLINE_SURFACE_WITH_KNOTS('',3,1,((#7346,#7347),(#7348,#7349),(#7350,
#7351),(#7352,#7353),(#7354,#7355)),.SURF_OF_LINEAR_EXTRUSION.,.F.,.F.,
 .F.,(4,1,4),(2,2),(0.156477736511758,0.563166085308971,0.969854434106185),
(0.,1.),.UNSPECIFIED.);
#68=B_SPLINE_CURVE_WITH_KNOTS('',3,(#3073,#3074,#3075,#3076,#3077,#3078,
#3079,#3080,#3081,#3082,#3083,#3084,#3085,#3086,#3087,#3088,#3089,#3090,
#3091,#3092,#3093,#3094,#3095,#3096,#3097,#3098,#3099,#3100,#3101,#3102,
#3103),.UNSPECIFIED.,.F.,.F.,(4,1,1,1,1,1,1,1,1,1,1,1,1,1,1,1,1,1,1,1,1,
1,1,1,1,1,1,1,4),(0.,0.0823772853024615,0.0938306262897291,0.108616823003002,
0.126112085939735,0.145949849003564,0.167881321009161,0.19172334455579,
0.21733378598443,0.244598182807533,0.273421783527893,0.3037244662991,0.335437321862574,
0.368500259315378,0.402860271803029,0.438470145200646,0.475287474119474,
0.51327389714278,0.552394492224503,0.59261729154325,0.633912887077917,0.676254106192655,
0.719615742020998,0.763974327292873,0.809307942998612,0.855596055280363,
0.902819375412231,0.950959738829641,0.969854434106185),.UNSPECIFIED.);
#69=B_SPLINE_CURVE_WITH_KNOTS('',3,(#3107,#3108,#3109,#3110,#3111,#3112,
#3113,#3114,#3115,#3116,#3117,#3118,#3119,#3120,#3121,#3122,#3123,#3124,
#3125,#3126,#3127,#3128,#3129,#3130,#3131,#3132,#3133,#3134,#3135,#3136,
#3137),.UNSPECIFIED.,.F.,.F.,(4,1,1,1,1,1,1,1,1,1,1,1,1,1,1,1,1,1,1,1,1,
1,1,1,1,1,1,1,4),(0.,0.0823772853024615,0.0938306262897291,0.108616823003002,
0.126112085939735,0.145949849003564,0.167881321009161,0.19172334455579,
0.21733378598443,0.244598182807533,0.273421783527893,0.3037244662991,0.335437321862574,
0.368500259315378,0.402860271803029,0.438470145200646,0.475287474119474,
0.51327389714278,0.552394492224503,0.59261729154325,0.633912887077917,0.676254106192655,
0.719615742020998,0.763974327292873,0.809307942998612,0.855596055280363,
0.902819375412231,0.950959738829641,0.969854434106185),.UNSPECIFIED.);
#70=B_SPLINE_CURVE_WITH_KNOTS('',3,(#3138,#3139,#3140,#3141,#3142,#3143,
#3144,#3145,#3146,#3147,#3148,#3149,#3150,#3151,#3152,#3153,#3154,#3155,
#3156,#3157,#3158,#3159,#3160,#3161,#3162,#3163,#3164,#3165,#3166,#3167,
#3168),.UNSPECIFIED.,.F.,.F.,(4,1,1,1,1,1,1,1,1,1,1,1,1,1,1,1,1,1,1,1,1,
1,1,1,1,1,1,1,4),(0.,0.0823772853024615,0.0938306262897291,0.108616823003002,
0.126112085939735,0.145949849003564,0.167881321009161,0.19172334455579,
0.21733378598443,0.244598182807533,0.273421783527893,0.3037244662991,0.335437321862574,
0.368500259315378,0.402860271803029,0.438470145200646,0.475287474119474,
0.51327389714278,0.552394492224503,0.59261729154325,0.633912887077917,0.676254106192655,
0.719615742020998,0.763974327292873,0.809307942998612,0.855596055280363,
0.902819375412231,0.950959738829641,0.969854434106185),.UNSPECIFIED.);
#71=B_SPLINE_CURVE_WITH_KNOTS('',3,(#3172,#3173,#3174,#3175,#3176,#3177,
#3178,#3179,#3180,#3181,#3182,#3183,#3184,#3185,#3186,#3187,#3188,#3189,
#3190,#3191,#3192,#3193,#3194,#3195,#3196,#3197,#3198,#3199,#3200,#3201,
#3202),.UNSPECIFIED.,.F.,.F.,(4,1,1,1,1,1,1,1,1,1,1,1,1,1,1,1,1,1,1,1,1,
1,1,1,1,1,1,1,4),(0.,0.0823772853024615,0.0938306262897291,0.108616823003002,
0.126112085939735,0.145949849003564,0.167881321009161,0.19172334455579,
0.21733378598443,0.244598182807533,0.273421783527893,0.3037244662991,0.335437321862574,
0.368500259315378,0.402860271803029,0.438470145200646,0.475287474119474,
0.51327389714278,0.552394492224503,0.59261729154325,0.633912887077917,0.676254106192655,
0.719615742020998,0.763974327292873,0.809307942998612,0.855596055280363,
0.902819375412231,0.950959738829641,0.969854434106185),.UNSPECIFIED.);
#72=B_SPLINE_CURVE_WITH_KNOTS('',3,(#3203,#3204,#3205,#3206,#3207,#3208,
#3209,#3210,#3211,#3212,#3213,#3214,#3215,#3216,#3217,#3218,#3219,#3220,
#3221,#3222,#3223,#3224,#3225,#3226,#3227,#3228,#3229,#3230,#3231,#3232,
#3233),.UNSPECIFIED.,.F.,.F.,(4,1,1,1,1,1,1,1,1,1,1,1,1,1,1,1,1,1,1,1,1,
1,1,1,1,1,1,1,4),(0.,0.0823772853024615,0.0938306262897291,0.108616823003002,
0.126112085939735,0.145949849003564,0.167881321009161,0.19172334455579,
0.21733378598443,0.244598182807533,0.273421783527893,0.3037244662991,0.335437321862574,
0.368500259315378,0.402860271803029,0.438470145200646,0.475287474119474,
0.51327389714278,0.552394492224503,0.59261729154325,0.633912887077917,0.676254106192655,
0.719615742020998,0.763974327292873,0.809307942998612,0.855596055280363,
0.902819375412231,0.950959738829641,0.969854434106185),.UNSPECIFIED.);
#73=B_SPLINE_CURVE_WITH_KNOTS('',3,(#3237,#3238,#3239,#3240,#3241,#3242,
#3243,#3244,#3245,#3246,#3247,#3248,#3249,#3250,#3251,#3252,#3253,#3254,
#3255,#3256,#3257,#3258,#3259,#3260,#3261,#3262,#3263,#3264,#3265,#3266,
#3267),.UNSPECIFIED.,.F.,.F.,(4,1,1,1,1,1,1,1,1,1,1,1,1,1,1,1,1,1,1,1,1,
1,1,1,1,1,1,1,4),(0.,0.0823772853024615,0.0938306262897291,0.108616823003002,
0.126112085939735,0.145949849003564,0.167881321009161,0.19172334455579,
0.21733378598443,0.244598182807533,0.273421783527893,0.3037244662991,0.335437321862574,
0.368500259315378,0.402860271803029,0.438470145200646,0.475287474119474,
0.51327389714278,0.552394492224503,0.59261729154325,0.633912887077917,0.676254106192655,
0.719615742020998,0.763974327292873,0.809307942998612,0.855596055280363,
0.902819375412231,0.950959738829641,0.969854434106185),.UNSPECIFIED.);
#74=B_SPLINE_CURVE_WITH_KNOTS('',3,(#3268,#3269,#3270,#3271,#3272,#3273,
#3274,#3275,#3276,#3277,#3278,#3279,#3280,#3281,#3282,#3283,#3284,#3285,
#3286,#3287,#3288,#3289,#3290,#3291,#3292,#3293,#3294,#3295,#3296,#3297,
#3298),.UNSPECIFIED.,.F.,.F.,(4,1,1,1,1,1,1,1,1,1,1,1,1,1,1,1,1,1,1,1,1,
1,1,1,1,1,1,1,4),(0.,0.0823772853024615,0.0938306262897291,0.108616823003002,
0.126112085939735,0.145949849003564,0.167881321009161,0.19172334455579,
0.21733378598443,0.244598182807533,0.273421783527893,0.3037244662991,0.335437321862574,
0.368500259315378,0.402860271803029,0.438470145200646,0.475287474119474,
0.51327389714278,0.552394492224503,0.59261729154325,0.633912887077917,0.676254106192655,
0.719615742020998,0.763974327292873,0.809307942998612,0.855596055280363,
0.902819375412231,0.950959738829641,0.969854434106185),.UNSPECIFIED.);
#75=B_SPLINE_CURVE_WITH_KNOTS('',3,(#3302,#3303,#3304,#3305,#3306,#3307,
#3308,#3309,#3310,#3311,#3312,#3313,#3314,#3315,#3316,#3317,#3318,#3319,
#3320,#3321,#3322,#3323,#3324,#3325,#3326,#3327,#3328,#3329,#3330,#3331,
#3332),.UNSPECIFIED.,.F.,.F.,(4,1,1,1,1,1,1,1,1,1,1,1,1,1,1,1,1,1,1,1,1,
1,1,1,1,1,1,1,4),(0.,0.0823772853024615,0.0938306262897291,0.108616823003002,
0.126112085939735,0.145949849003564,0.167881321009161,0.19172334455579,
0.21733378598443,0.244598182807533,0.273421783527893,0.3037244662991,0.335437321862574,
0.368500259315378,0.402860271803029,0.438470145200646,0.475287474119474,
0.51327389714278,0.552394492224503,0.59261729154325,0.633912887077917,0.676254106192655,
0.719615742020998,0.763974327292873,0.809307942998612,0.855596055280363,
0.902819375412231,0.950959738829641,0.969854434106185),.UNSPECIFIED.);
#76=B_SPLINE_CURVE_WITH_KNOTS('',3,(#3333,#3334,#3335,#3336,#3337,#3338,
#3339,#3340,#3341,#3342,#3343,#3344,#3345,#3346,#3347,#3348,#3349,#3350,
#3351,#3352,#3353,#3354,#3355,#3356,#3357,#3358,#3359,#3360,#3361,#3362,
#3363),.UNSPECIFIED.,.F.,.F.,(4,1,1,1,1,1,1,1,1,1,1,1,1,1,1,1,1,1,1,1,1,
1,1,1,1,1,1,1,4),(0.,0.0823772853024615,0.0938306262897291,0.108616823003002,
0.126112085939735,0.145949849003564,0.167881321009161,0.19172334455579,
0.21733378598443,0.244598182807533,0.273421783527893,0.3037244662991,0.335437321862574,
0.368500259315378,0.402860271803029,0.438470145200646,0.475287474119474,
0.51327389714278,0.552394492224503,0.59261729154325,0.633912887077917,0.676254106192655,
0.719615742020998,0.763974327292873,0.809307942998612,0.855596055280363,
0.902819375412231,0.950959738829641,0.969854434106185),.UNSPECIFIED.);
#77=B_SPLINE_CURVE_WITH_KNOTS('',3,(#3367,#3368,#3369,#3370,#3371,#3372,
#3373,#3374,#3375,#3376,#3377,#3378,#3379,#3380,#3381,#3382,#3383,#3384,
#3385,#3386,#3387,#3388,#3389,#3390,#3391,#3392,#3393,#3394,#3395,#3396,
#3397),.UNSPECIFIED.,.F.,.F.,(4,1,1,1,1,1,1,1,1,1,1,1,1,1,1,1,1,1,1,1,1,
1,1,1,1,1,1,1,4),(0.,0.0823772853024615,0.0938306262897291,0.108616823003002,
0.126112085939735,0.145949849003564,0.167881321009161,0.19172334455579,
0.21733378598443,0.244598182807533,0.273421783527893,0.3037244662991,0.335437321862574,
0.368500259315378,0.402860271803029,0.438470145200646,0.475287474119474,
0.51327389714278,0.552394492224503,0.59261729154325,0.633912887077917,0.676254106192655,
0.719615742020998,0.763974327292873,0.809307942998612,0.855596055280363,
0.902819375412231,0.950959738829641,0.969854434106185),.UNSPECIFIED.);
#78=B_SPLINE_CURVE_WITH_KNOTS('',3,(#3398,#3399,#3400,#3401,#3402,#3403,
#3404,#3405,#3406,#3407,#3408,#3409,#3410,#3411,#3412,#3413,#3414,#3415,
#3416,#3417,#3418,#3419,#3420,#3421,#3422,#3423,#3424,#3425,#3426,#3427,
#3428),.UNSPECIFIED.,.F.,.F.,(4,1,1,1,1,1,1,1,1,1,1,1,1,1,1,1,1,1,1,1,1,
1,1,1,1,1,1,1,4),(0.,0.0823772853024615,0.0938306262897291,0.108616823003002,
0.126112085939735,0.145949849003564,0.167881321009161,0.19172334455579,
0.21733378598443,0.244598182807533,0.273421783527893,0.3037244662991,0.335437321862574,
0.368500259315378,0.402860271803029,0.438470145200646,0.475287474119474,
0.51327389714278,0.552394492224503,0.59261729154325,0.633912887077917,0.676254106192655,
0.719615742020998,0.763974327292873,0.809307942998612,0.855596055280363,
0.902819375412231,0.950959738829641,0.969854434106185),.UNSPECIFIED.);
#79=B_SPLINE_CURVE_WITH_KNOTS('',3,(#3432,#3433,#3434,#3435,#3436,#3437,
#3438,#3439,#3440,#3441,#3442,#3443,#3444,#3445,#3446,#3447,#3448,#3449,
#3450,#3451,#3452,#3453,#3454,#3455,#3456,#3457,#3458,#3459,#3460,#3461,
#3462),.UNSPECIFIED.,.F.,.F.,(4,1,1,1,1,1,1,1,1,1,1,1,1,1,1,1,1,1,1,1,1,
1,1,1,1,1,1,1,4),(0.,0.0823772853024615,0.0938306262897291,0.108616823003002,
0.126112085939735,0.145949849003564,0.167881321009161,0.19172334455579,
0.21733378598443,0.244598182807533,0.273421783527893,0.3037244662991,0.335437321862574,
0.368500259315378,0.402860271803029,0.438470145200646,0.475287474119474,
0.51327389714278,0.552394492224503,0.59261729154325,0.633912887077917,0.676254106192655,
0.719615742020998,0.763974327292873,0.809307942998612,0.855596055280363,
0.902819375412231,0.950959738829641,0.969854434106185),.UNSPECIFIED.);
#80=B_SPLINE_CURVE_WITH_KNOTS('',3,(#3463,#3464,#3465,#3466,#3467,#3468,
#3469,#3470,#3471,#3472,#3473,#3474,#3475,#3476,#3477,#3478,#3479,#3480,
#3481,#3482,#3483,#3484,#3485,#3486,#3487,#3488,#3489,#3490,#3491,#3492,
#3493),.UNSPECIFIED.,.F.,.F.,(4,1,1,1,1,1,1,1,1,1,1,1,1,1,1,1,1,1,1,1,1,
1,1,1,1,1,1,1,4),(0.,0.0823772853024615,0.0938306262897291,0.108616823003002,
0.126112085939735,0.145949849003564,0.167881321009161,0.19172334455579,
0.21733378598443,0.244598182807533,0.273421783527893,0.3037244662991,0.335437321862574,
0.368500259315378,0.402860271803029,0.438470145200646,0.475287474119474,
0.51327389714278,0.552394492224503,0.59261729154325,0.633912887077917,0.676254106192655,
0.719615742020998,0.763974327292873,0.809307942998612,0.855596055280363,
0.902819375412231,0.950959738829641,0.969854434106185),.UNSPECIFIED.);
#81=B_SPLINE_CURVE_WITH_KNOTS('',3,(#3497,#3498,#3499,#3500,#3501,#3502,
#3503,#3504,#3505,#3506,#3507,#3508,#3509,#3510,#3511,#3512,#3513,#3514,
#3515,#3516,#3517,#3518,#3519,#3520,#3521,#3522,#3523,#3524,#3525,#3526,
#3527),.UNSPECIFIED.,.F.,.F.,(4,1,1,1,1,1,1,1,1,1,1,1,1,1,1,1,1,1,1,1,1,
1,1,1,1,1,1,1,4),(0.,0.0823772853024615,0.0938306262897291,0.108616823003002,
0.126112085939735,0.145949849003564,0.167881321009161,0.19172334455579,
0.21733378598443,0.244598182807533,0.273421783527893,0.3037244662991,0.335437321862574,
0.368500259315378,0.402860271803029,0.438470145200646,0.475287474119474,
0.51327389714278,0.552394492224503,0.59261729154325,0.633912887077917,0.676254106192655,
0.719615742020998,0.763974327292873,0.809307942998612,0.855596055280363,
0.902819375412231,0.950959738829641,0.969854434106185),.UNSPECIFIED.);
#82=B_SPLINE_CURVE_WITH_KNOTS('',3,(#3528,#3529,#3530,#3531,#3532,#3533,
#3534,#3535,#3536,#3537,#3538,#3539,#3540,#3541,#3542,#3543,#3544,#3545,
#3546,#3547,#3548,#3549,#3550,#3551,#3552,#3553,#3554,#3555,#3556,#3557,
#3558),.UNSPECIFIED.,.F.,.F.,(4,1,1,1,1,1,1,1,1,1,1,1,1,1,1,1,1,1,1,1,1,
1,1,1,1,1,1,1,4),(0.,0.0823772853024615,0.0938306262897291,0.108616823003002,
0.126112085939735,0.145949849003564,0.167881321009161,0.19172334455579,
0.21733378598443,0.244598182807533,0.273421783527893,0.3037244662991,0.335437321862574,
0.368500259315378,0.402860271803029,0.438470145200646,0.475287474119474,
0.51327389714278,0.552394492224503,0.59261729154325,0.633912887077917,0.676254106192655,
0.719615742020998,0.763974327292873,0.809307942998612,0.855596055280363,
0.902819375412231,0.950959738829641,0.969854434106185),.UNSPECIFIED.);
#83=B_SPLINE_CURVE_WITH_KNOTS('',3,(#3562,#3563,#3564,#3565,#3566,#3567,
#3568,#3569,#3570,#3571,#3572,#3573,#3574,#3575,#3576,#3577,#3578,#3579,
#3580,#3581,#3582,#3583,#3584,#3585,#3586,#3587,#3588,#3589,#3590,#3591,
#3592),.UNSPECIFIED.,.F.,.F.,(4,1,1,1,1,1,1,1,1,1,1,1,1,1,1,1,1,1,1,1,1,
1,1,1,1,1,1,1,4),(0.,0.0823772853024615,0.0938306262897291,0.108616823003002,
0.126112085939735,0.145949849003564,0.167881321009161,0.19172334455579,
0.21733378598443,0.244598182807533,0.273421783527893,0.3037244662991,0.335437321862574,
0.368500259315378,0.402860271803029,0.438470145200646,0.475287474119474,
0.51327389714278,0.552394492224503,0.59261729154325,0.633912887077917,0.676254106192655,
0.719615742020998,0.763974327292873,0.809307942998612,0.855596055280363,
0.902819375412231,0.950959738829641,0.969854434106185),.UNSPECIFIED.);
#84=B_SPLINE_CURVE_WITH_KNOTS('',3,(#3593,#3594,#3595,#3596,#3597,#3598,
#3599,#3600,#3601,#3602,#3603,#3604,#3605,#3606,#3607,#3608,#3609,#3610,
#3611,#3612,#3613,#3614,#3615,#3616,#3617,#3618,#3619,#3620,#3621,#3622,
#3623),.UNSPECIFIED.,.F.,.F.,(4,1,1,1,1,1,1,1,1,1,1,1,1,1,1,1,1,1,1,1,1,
1,1,1,1,1,1,1,4),(0.,0.0823772853024615,0.0938306262897291,0.108616823003002,
0.126112085939735,0.145949849003564,0.167881321009161,0.19172334455579,
0.21733378598443,0.244598182807533,0.273421783527893,0.3037244662991,0.335437321862574,
0.368500259315378,0.402860271803029,0.438470145200646,0.475287474119474,
0.51327389714278,0.552394492224503,0.59261729154325,0.633912887077917,0.676254106192655,
0.719615742020998,0.763974327292873,0.809307942998612,0.855596055280363,
0.902819375412231,0.950959738829641,0.969854434106185),.UNSPECIFIED.);
#85=B_SPLINE_CURVE_WITH_KNOTS('',3,(#3627,#3628,#3629,#3630,#3631,#3632,
#3633,#3634,#3635,#3636,#3637,#3638,#3639,#3640,#3641,#3642,#3643,#3644,
#3645,#3646,#3647,#3648,#3649,#3650,#3651,#3652,#3653,#3654,#3655,#3656,
#3657),.UNSPECIFIED.,.F.,.F.,(4,1,1,1,1,1,1,1,1,1,1,1,1,1,1,1,1,1,1,1,1,
1,1,1,1,1,1,1,4),(0.,0.0823772853024615,0.0938306262897291,0.108616823003002,
0.126112085939735,0.145949849003564,0.167881321009161,0.19172334455579,
0.21733378598443,0.244598182807533,0.273421783527893,0.3037244662991,0.335437321862574,
0.368500259315378,0.402860271803029,0.438470145200646,0.475287474119474,
0.51327389714278,0.552394492224503,0.59261729154325,0.633912887077917,0.676254106192655,
0.719615742020998,0.763974327292873,0.809307942998612,0.855596055280363,
0.902819375412231,0.950959738829641,0.969854434106185),.UNSPECIFIED.);
#86=B_SPLINE_CURVE_WITH_KNOTS('',3,(#3658,#3659,#3660,#3661,#3662,#3663,
#3664,#3665,#3666,#3667,#3668,#3669,#3670,#3671,#3672,#3673,#3674,#3675,
#3676,#3677,#3678,#3679,#3680,#3681,#3682,#3683,#3684,#3685,#3686,#3687,
#3688),.UNSPECIFIED.,.F.,.F.,(4,1,1,1,1,1,1,1,1,1,1,1,1,1,1,1,1,1,1,1,1,
1,1,1,1,1,1,1,4),(0.,0.0823772853024615,0.0938306262897291,0.108616823003002,
0.126112085939735,0.145949849003564,0.167881321009161,0.19172334455579,
0.21733378598443,0.244598182807533,0.273421783527893,0.3037244662991,0.335437321862574,
0.368500259315378,0.402860271803029,0.438470145200646,0.475287474119474,
0.51327389714278,0.552394492224503,0.59261729154325,0.633912887077917,0.676254106192655,
0.719615742020998,0.763974327292873,0.809307942998612,0.855596055280363,
0.902819375412231,0.950959738829641,0.969854434106185),.UNSPECIFIED.);
#87=B_SPLINE_CURVE_WITH_KNOTS('',3,(#3692,#3693,#3694,#3695,#3696,#3697,
#3698,#3699,#3700,#3701,#3702,#3703,#3704,#3705,#3706,#3707,#3708,#3709,
#3710,#3711,#3712,#3713,#3714,#3715,#3716,#3717,#3718,#3719,#3720,#3721,
#3722),.UNSPECIFIED.,.F.,.F.,(4,1,1,1,1,1,1,1,1,1,1,1,1,1,1,1,1,1,1,1,1,
1,1,1,1,1,1,1,4),(0.,0.0823772853024615,0.0938306262897291,0.108616823003002,
0.126112085939735,0.145949849003564,0.167881321009161,0.19172334455579,
0.21733378598443,0.244598182807533,0.273421783527893,0.3037244662991,0.335437321862574,
0.368500259315378,0.402860271803029,0.438470145200646,0.475287474119474,
0.51327389714278,0.552394492224503,0.59261729154325,0.633912887077917,0.676254106192655,
0.719615742020998,0.763974327292873,0.809307942998612,0.855596055280363,
0.902819375412231,0.950959738829641,0.969854434106185),.UNSPECIFIED.);
#88=B_SPLINE_CURVE_WITH_KNOTS('',3,(#3723,#3724,#3725,#3726,#3727,#3728,
#3729,#3730,#3731,#3732,#3733,#3734,#3735,#3736,#3737,#3738,#3739,#3740,
#3741,#3742,#3743,#3744,#3745,#3746,#3747,#3748,#3749,#3750,#3751,#3752,
#3753),.UNSPECIFIED.,.F.,.F.,(4,1,1,1,1,1,1,1,1,1,1,1,1,1,1,1,1,1,1,1,1,
1,1,1,1,1,1,1,4),(0.,0.0823772853024615,0.0938306262897291,0.108616823003002,
0.126112085939735,0.145949849003564,0.167881321009161,0.19172334455579,
0.21733378598443,0.244598182807533,0.273421783527893,0.3037244662991,0.335437321862574,
0.368500259315378,0.402860271803029,0.438470145200646,0.475287474119474,
0.51327389714278,0.552394492224503,0.59261729154325,0.633912887077917,0.676254106192655,
0.719615742020998,0.763974327292873,0.809307942998612,0.855596055280363,
0.902819375412231,0.950959738829641,0.969854434106185),.UNSPECIFIED.);
#89=B_SPLINE_CURVE_WITH_KNOTS('',3,(#3757,#3758,#3759,#3760,#3761,#3762,
#3763,#3764,#3765,#3766,#3767,#3768,#3769,#3770,#3771,#3772,#3773,#3774,
#3775,#3776,#3777,#3778,#3779,#3780,#3781,#3782,#3783,#3784,#3785,#3786,
#3787),.UNSPECIFIED.,.F.,.F.,(4,1,1,1,1,1,1,1,1,1,1,1,1,1,1,1,1,1,1,1,1,
1,1,1,1,1,1,1,4),(0.,0.0823772853024615,0.0938306262897291,0.108616823003002,
0.126112085939735,0.145949849003564,0.167881321009161,0.19172334455579,
0.21733378598443,0.244598182807533,0.273421783527893,0.3037244662991,0.335437321862574,
0.368500259315378,0.402860271803029,0.438470145200646,0.475287474119474,
0.51327389714278,0.552394492224503,0.59261729154325,0.633912887077917,0.676254106192655,
0.719615742020998,0.763974327292873,0.809307942998612,0.855596055280363,
0.902819375412231,0.950959738829641,0.969854434106185),.UNSPECIFIED.);
#90=B_SPLINE_CURVE_WITH_KNOTS('',3,(#3788,#3789,#3790,#3791,#3792,#3793,
#3794,#3795,#3796,#3797,#3798,#3799,#3800,#3801,#3802,#3803,#3804,#3805,
#3806,#3807,#3808,#3809,#3810,#3811,#3812,#3813,#3814,#3815,#3816,#3817,
#3818),.UNSPECIFIED.,.F.,.F.,(4,1,1,1,1,1,1,1,1,1,1,1,1,1,1,1,1,1,1,1,1,
1,1,1,1,1,1,1,4),(0.,0.0823772853024615,0.0938306262897291,0.108616823003002,
0.126112085939735,0.145949849003564,0.167881321009161,0.19172334455579,
0.21733378598443,0.244598182807533,0.273421783527893,0.3037244662991,0.335437321862574,
0.368500259315378,0.402860271803029,0.438470145200646,0.475287474119474,
0.51327389714278,0.552394492224503,0.59261729154325,0.633912887077917,0.676254106192655,
0.719615742020998,0.763974327292873,0.809307942998612,0.855596055280363,
0.902819375412231,0.950959738829641,0.969854434106185),.UNSPECIFIED.);
#91=B_SPLINE_CURVE_WITH_KNOTS('',3,(#3822,#3823,#3824,#3825,#3826,#3827,
#3828,#3829,#3830,#3831,#3832,#3833,#3834,#3835,#3836,#3837,#3838,#3839,
#3840,#3841,#3842,#3843,#3844,#3845,#3846,#3847,#3848,#3849,#3850,#3851,
#3852),.UNSPECIFIED.,.F.,.F.,(4,1,1,1,1,1,1,1,1,1,1,1,1,1,1,1,1,1,1,1,1,
1,1,1,1,1,1,1,4),(0.,0.0823772853024615,0.0938306262897291,0.108616823003002,
0.126112085939735,0.145949849003564,0.167881321009161,0.19172334455579,
0.21733378598443,0.244598182807533,0.273421783527893,0.3037244662991,0.335437321862574,
0.368500259315378,0.402860271803029,0.438470145200646,0.475287474119474,
0.51327389714278,0.552394492224503,0.59261729154325,0.633912887077917,0.676254106192655,
0.719615742020998,0.763974327292873,0.809307942998612,0.855596055280363,
0.902819375412231,0.950959738829641,0.969854434106185),.UNSPECIFIED.);
#92=B_SPLINE_CURVE_WITH_KNOTS('',3,(#3853,#3854,#3855,#3856,#3857,#3858,
#3859,#3860,#3861,#3862,#3863,#3864,#3865,#3866,#3867,#3868,#3869,#3870,
#3871,#3872,#3873,#3874,#3875,#3876,#3877,#3878,#3879,#3880,#3881,#3882,
#3883),.UNSPECIFIED.,.F.,.F.,(4,1,1,1,1,1,1,1,1,1,1,1,1,1,1,1,1,1,1,1,1,
1,1,1,1,1,1,1,4),(0.,0.0823772853024615,0.0938306262897291,0.108616823003002,
0.126112085939735,0.145949849003564,0.167881321009161,0.19172334455579,
0.21733378598443,0.244598182807533,0.273421783527893,0.3037244662991,0.335437321862574,
0.368500259315378,0.402860271803029,0.438470145200646,0.475287474119474,
0.51327389714278,0.552394492224503,0.59261729154325,0.633912887077917,0.676254106192655,
0.719615742020998,0.763974327292873,0.809307942998612,0.855596055280363,
0.902819375412231,0.950959738829641,0.969854434106185),.UNSPECIFIED.);
#93=B_SPLINE_CURVE_WITH_KNOTS('',3,(#3887,#3888,#3889,#3890,#3891,#3892,
#3893,#3894,#3895,#3896,#3897,#3898,#3899,#3900,#3901,#3902,#3903,#3904,
#3905,#3906,#3907,#3908,#3909,#3910,#3911,#3912,#3913,#3914,#3915,#3916,
#3917),.UNSPECIFIED.,.F.,.F.,(4,1,1,1,1,1,1,1,1,1,1,1,1,1,1,1,1,1,1,1,1,
1,1,1,1,1,1,1,4),(0.,0.0823772853024615,0.0938306262897291,0.108616823003002,
0.126112085939735,0.145949849003564,0.167881321009161,0.19172334455579,
0.21733378598443,0.244598182807533,0.273421783527893,0.3037244662991,0.335437321862574,
0.368500259315378,0.402860271803029,0.438470145200646,0.475287474119474,
0.51327389714278,0.552394492224503,0.59261729154325,0.633912887077917,0.676254106192655,
0.719615742020998,0.763974327292873,0.809307942998612,0.855596055280363,
0.902819375412231,0.950959738829641,0.969854434106185),.UNSPECIFIED.);
#94=B_SPLINE_CURVE_WITH_KNOTS('',3,(#3918,#3919,#3920,#3921,#3922,#3923,
#3924,#3925,#3926,#3927,#3928,#3929,#3930,#3931,#3932,#3933,#3934,#3935,
#3936,#3937,#3938,#3939,#3940,#3941,#3942,#3943,#3944,#3945,#3946,#3947,
#3948),.UNSPECIFIED.,.F.,.F.,(4,1,1,1,1,1,1,1,1,1,1,1,1,1,1,1,1,1,1,1,1,
1,1,1,1,1,1,1,4),(0.,0.0823772853024615,0.0938306262897291,0.108616823003002,
0.126112085939735,0.145949849003564,0.167881321009161,0.19172334455579,
0.21733378598443,0.244598182807533,0.273421783527893,0.3037244662991,0.335437321862574,
0.368500259315378,0.402860271803029,0.438470145200646,0.475287474119474,
0.51327389714278,0.552394492224503,0.59261729154325,0.633912887077917,0.676254106192655,
0.719615742020998,0.763974327292873,0.809307942998612,0.855596055280363,
0.902819375412231,0.950959738829641,0.969854434106185),.UNSPECIFIED.);
#95=B_SPLINE_CURVE_WITH_KNOTS('',3,(#3952,#3953,#3954,#3955,#3956,#3957,
#3958,#3959,#3960,#3961,#3962,#3963,#3964,#3965,#3966,#3967,#3968,#3969,
#3970,#3971,#3972,#3973,#3974,#3975,#3976,#3977,#3978,#3979,#3980,#3981,
#3982),.UNSPECIFIED.,.F.,.F.,(4,1,1,1,1,1,1,1,1,1,1,1,1,1,1,1,1,1,1,1,1,
1,1,1,1,1,1,1,4),(0.,0.0823772853024615,0.0938306262897291,0.108616823003002,
0.126112085939735,0.145949849003564,0.167881321009161,0.19172334455579,
0.21733378598443,0.244598182807533,0.273421783527893,0.3037244662991,0.335437321862574,
0.368500259315378,0.402860271803029,0.438470145200646,0.475287474119474,
0.51327389714278,0.552394492224503,0.59261729154325,0.633912887077917,0.676254106192655,
0.719615742020998,0.763974327292873,0.809307942998612,0.855596055280363,
0.902819375412231,0.950959738829641,0.969854434106185),.UNSPECIFIED.);
#96=B_SPLINE_CURVE_WITH_KNOTS('',3,(#3983,#3984,#3985,#3986,#3987,#3988,
#3989,#3990,#3991,#3992,#3993,#3994,#3995,#3996,#3997,#3998,#3999,#4000,
#4001,#4002,#4003,#4004,#4005,#4006,#4007,#4008,#4009,#4010,#4011,#4012,
#4013),.UNSPECIFIED.,.F.,.F.,(4,1,1,1,1,1,1,1,1,1,1,1,1,1,1,1,1,1,1,1,1,
1,1,1,1,1,1,1,4),(0.,0.0823772853024615,0.0938306262897291,0.108616823003002,
0.126112085939735,0.145949849003564,0.167881321009161,0.19172334455579,
0.21733378598443,0.244598182807533,0.273421783527893,0.3037244662991,0.335437321862574,
0.368500259315378,0.402860271803029,0.438470145200646,0.475287474119474,
0.51327389714278,0.552394492224503,0.59261729154325,0.633912887077917,0.676254106192655,
0.719615742020998,0.763974327292873,0.809307942998612,0.855596055280363,
0.902819375412231,0.950959738829641,0.969854434106185),.UNSPECIFIED.);
#97=B_SPLINE_CURVE_WITH_KNOTS('',3,(#4017,#4018,#4019,#4020,#4021,#4022,
#4023,#4024,#4025,#4026,#4027,#4028,#4029,#4030,#4031,#4032,#4033,#4034,
#4035,#4036,#4037,#4038,#4039,#4040,#4041,#4042,#4043,#4044,#4045,#4046,
#4047),.UNSPECIFIED.,.F.,.F.,(4,1,1,1,1,1,1,1,1,1,1,1,1,1,1,1,1,1,1,1,1,
1,1,1,1,1,1,1,4),(0.,0.0823772853024615,0.0938306262897291,0.108616823003002,
0.126112085939735,0.145949849003564,0.167881321009161,0.19172334455579,
0.21733378598443,0.244598182807533,0.273421783527893,0.3037244662991,0.335437321862574,
0.368500259315378,0.402860271803029,0.438470145200646,0.475287474119474,
0.51327389714278,0.552394492224503,0.59261729154325,0.633912887077917,0.676254106192655,
0.719615742020998,0.763974327292873,0.809307942998612,0.855596055280363,
0.902819375412231,0.950959738829641,0.969854434106185),.UNSPECIFIED.);
#98=B_SPLINE_CURVE_WITH_KNOTS('',3,(#4048,#4049,#4050,#4051,#4052,#4053,
#4054,#4055,#4056,#4057,#4058,#4059,#4060,#4061,#4062,#4063,#4064,#4065,
#4066,#4067,#4068,#4069,#4070,#4071,#4072,#4073,#4074,#4075,#4076,#4077,
#4078),.UNSPECIFIED.,.F.,.F.,(4,1,1,1,1,1,1,1,1,1,1,1,1,1,1,1,1,1,1,1,1,
1,1,1,1,1,1,1,4),(0.,0.0823772853024615,0.0938306262897291,0.108616823003002,
0.126112085939735,0.145949849003564,0.167881321009161,0.19172334455579,
0.21733378598443,0.244598182807533,0.273421783527893,0.3037244662991,0.335437321862574,
0.368500259315378,0.402860271803029,0.438470145200646,0.475287474119474,
0.51327389714278,0.552394492224503,0.59261729154325,0.633912887077917,0.676254106192655,
0.719615742020998,0.763974327292873,0.809307942998612,0.855596055280363,
0.902819375412231,0.950959738829641,0.969854434106185),.UNSPECIFIED.);
#99=B_SPLINE_CURVE_WITH_KNOTS('',3,(#4082,#4083,#4084,#4085,#4086,#4087,
#4088,#4089,#4090,#4091,#4092,#4093,#4094,#4095,#4096,#4097,#4098,#4099,
#4100,#4101,#4102,#4103,#4104,#4105,#4106,#4107,#4108,#4109,#4110,#4111,
#4112),.UNSPECIFIED.,.F.,.F.,(4,1,1,1,1,1,1,1,1,1,1,1,1,1,1,1,1,1,1,1,1,
1,1,1,1,1,1,1,4),(0.,0.0823772853024615,0.0938306262897291,0.108616823003002,
0.126112085939735,0.145949849003564,0.167881321009161,0.19172334455579,
0.21733378598443,0.244598182807533,0.273421783527893,0.3037244662991,0.335437321862574,
0.368500259315378,0.402860271803029,0.438470145200646,0.475287474119474,
0.51327389714278,0.552394492224503,0.59261729154325,0.633912887077917,0.676254106192655,
0.719615742020998,0.763974327292873,0.809307942998612,0.855596055280363,
0.902819375412231,0.950959738829641,0.969854434106185),.UNSPECIFIED.);
#100=B_SPLINE_CURVE_WITH_KNOTS('',3,(#4113,#4114,#4115,#4116,#4117,#4118,
#4119,#4120,#4121,#4122,#4123,#4124,#4125,#4126,#4127,#4128,#4129,#4130,
#4131,#4132,#4133,#4134,#4135,#4136,#4137,#4138,#4139,#4140,#4141,#4142,
#4143),.UNSPECIFIED.,.F.,.F.,(4,1,1,1,1,1,1,1,1,1,1,1,1,1,1,1,1,1,1,1,1,
1,1,1,1,1,1,1,4),(0.,0.0823772853024615,0.0938306262897291,0.108616823003002,
0.126112085939735,0.145949849003564,0.167881321009161,0.19172334455579,
0.21733378598443,0.244598182807533,0.273421783527893,0.3037244662991,0.335437321862574,
0.368500259315378,0.402860271803029,0.438470145200646,0.475287474119474,
0.51327389714278,0.552394492224503,0.59261729154325,0.633912887077917,0.676254106192655,
0.719615742020998,0.763974327292873,0.809307942998612,0.855596055280363,
0.902819375412231,0.950959738829641,0.969854434106185),.UNSPECIFIED.);
#101=B_SPLINE_CURVE_WITH_KNOTS('',3,(#4147,#4148,#4149,#4150,#4151,#4152,
#4153,#4154,#4155,#4156,#4157,#4158,#4159,#4160,#4161,#4162,#4163,#4164,
#4165,#4166,#4167,#4168,#4169,#4170,#4171,#4172,#4173,#4174,#4175,#4176,
#4177),.UNSPECIFIED.,.F.,.F.,(4,1,1,1,1,1,1,1,1,1,1,1,1,1,1,1,1,1,1,1,1,
1,1,1,1,1,1,1,4),(0.,0.0823772853024615,0.0938306262897291,0.108616823003002,
0.126112085939735,0.145949849003564,0.167881321009161,0.19172334455579,
0.21733378598443,0.244598182807533,0.273421783527893,0.3037244662991,0.335437321862574,
0.368500259315378,0.402860271803029,0.438470145200646,0.475287474119474,
0.51327389714278,0.552394492224503,0.59261729154325,0.633912887077917,0.676254106192655,
0.719615742020998,0.763974327292873,0.809307942998612,0.855596055280363,
0.902819375412231,0.950959738829641,0.969854434106185),.UNSPECIFIED.);
#102=B_SPLINE_CURVE_WITH_KNOTS('',3,(#4178,#4179,#4180,#4181,#4182,#4183,
#4184,#4185,#4186,#4187,#4188,#4189,#4190,#4191,#4192,#4193,#4194,#4195,
#4196,#4197,#4198,#4199,#4200,#4201,#4202,#4203,#4204,#4205,#4206,#4207,
#4208),.UNSPECIFIED.,.F.,.F.,(4,1,1,1,1,1,1,1,1,1,1,1,1,1,1,1,1,1,1,1,1,
1,1,1,1,1,1,1,4),(0.,0.0823772853024615,0.0938306262897291,0.108616823003002,
0.126112085939735,0.145949849003564,0.167881321009161,0.19172334455579,
0.21733378598443,0.244598182807533,0.273421783527893,0.3037244662991,0.335437321862574,
0.368500259315378,0.402860271803029,0.438470145200646,0.475287474119474,
0.51327389714278,0.552394492224503,0.59261729154325,0.633912887077917,0.676254106192655,
0.719615742020998,0.763974327292873,0.809307942998612,0.855596055280363,
0.902819375412231,0.950959738829641,0.969854434106185),.UNSPECIFIED.);
#103=B_SPLINE_CURVE_WITH_KNOTS('',3,(#4212,#4213,#4214,#4215,#4216,#4217,
#4218,#4219,#4220,#4221,#4222,#4223,#4224,#4225,#4226,#4227,#4228,#4229,
#4230,#4231,#4232,#4233,#4234,#4235,#4236,#4237,#4238,#4239,#4240,#4241,
#4242),.UNSPECIFIED.,.F.,.F.,(4,1,1,1,1,1,1,1,1,1,1,1,1,1,1,1,1,1,1,1,1,
1,1,1,1,1,1,1,4),(0.,0.0823772853024615,0.0938306262897291,0.108616823003002,
0.126112085939735,0.145949849003564,0.167881321009161,0.19172334455579,
0.21733378598443,0.244598182807533,0.273421783527893,0.3037244662991,0.335437321862574,
0.368500259315378,0.402860271803029,0.438470145200646,0.475287474119474,
0.51327389714278,0.552394492224503,0.59261729154325,0.633912887077917,0.676254106192655,
0.719615742020998,0.763974327292873,0.809307942998612,0.855596055280363,
0.902819375412231,0.950959738829641,0.969854434106185),.UNSPECIFIED.);
#104=B_SPLINE_CURVE_WITH_KNOTS('',3,(#4243,#4244,#4245,#4246,#4247,#4248,
#4249,#4250,#4251,#4252,#4253,#4254,#4255,#4256,#4257,#4258,#4259,#4260,
#4261,#4262,#4263,#4264,#4265,#4266,#4267,#4268,#4269,#4270,#4271,#4272,
#4273),.UNSPECIFIED.,.F.,.F.,(4,1,1,1,1,1,1,1,1,1,1,1,1,1,1,1,1,1,1,1,1,
1,1,1,1,1,1,1,4),(0.,0.0823772853024615,0.0938306262897291,0.108616823003002,
0.126112085939735,0.145949849003564,0.167881321009161,0.19172334455579,
0.21733378598443,0.244598182807533,0.273421783527893,0.3037244662991,0.335437321862574,
0.368500259315378,0.402860271803029,0.438470145200646,0.475287474119474,
0.51327389714278,0.552394492224503,0.59261729154325,0.633912887077917,0.676254106192655,
0.719615742020998,0.763974327292873,0.809307942998612,0.855596055280363,
0.902819375412231,0.950959738829641,0.969854434106185),.UNSPECIFIED.);
#105=B_SPLINE_CURVE_WITH_KNOTS('',3,(#4277,#4278,#4279,#4280,#4281,#4282,
#4283,#4284,#4285,#4286,#4287,#4288,#4289,#4290,#4291,#4292,#4293,#4294,
#4295,#4296,#4297,#4298,#4299,#4300,#4301,#4302,#4303,#4304,#4305,#4306,
#4307),.UNSPECIFIED.,.F.,.F.,(4,1,1,1,1,1,1,1,1,1,1,1,1,1,1,1,1,1,1,1,1,
1,1,1,1,1,1,1,4),(0.,0.0823772853024615,0.0938306262897291,0.108616823003002,
0.126112085939735,0.145949849003564,0.167881321009161,0.19172334455579,
0.21733378598443,0.244598182807533,0.273421783527893,0.3037244662991,0.335437321862574,
0.368500259315378,0.402860271803029,0.438470145200646,0.475287474119474,
0.51327389714278,0.552394492224503,0.59261729154325,0.633912887077917,0.676254106192655,
0.719615742020998,0.763974327292873,0.809307942998612,0.855596055280363,
0.902819375412231,0.950959738829641,0.969854434106185),.UNSPECIFIED.);
#106=B_SPLINE_CURVE_WITH_KNOTS('',3,(#4308,#4309,#4310,#4311,#4312,#4313,
#4314,#4315,#4316,#4317,#4318,#4319,#4320,#4321,#4322,#4323,#4324,#4325,
#4326,#4327,#4328,#4329,#4330,#4331,#4332,#4333,#4334,#4335,#4336,#4337,
#4338),.UNSPECIFIED.,.F.,.F.,(4,1,1,1,1,1,1,1,1,1,1,1,1,1,1,1,1,1,1,1,1,
1,1,1,1,1,1,1,4),(0.,0.0823772853024615,0.0938306262897291,0.108616823003002,
0.126112085939735,0.145949849003564,0.167881321009161,0.19172334455579,
0.21733378598443,0.244598182807533,0.273421783527893,0.3037244662991,0.335437321862574,
0.368500259315378,0.402860271803029,0.438470145200646,0.475287474119474,
0.51327389714278,0.552394492224503,0.59261729154325,0.633912887077917,0.676254106192655,
0.719615742020998,0.763974327292873,0.809307942998612,0.855596055280363,
0.902819375412231,0.950959738829641,0.969854434106185),.UNSPECIFIED.);
#107=B_SPLINE_CURVE_WITH_KNOTS('',3,(#4342,#4343,#4344,#4345,#4346,#4347,
#4348,#4349,#4350,#4351,#4352,#4353,#4354,#4355,#4356,#4357,#4358,#4359,
#4360,#4361,#4362,#4363,#4364,#4365,#4366,#4367,#4368,#4369,#4370,#4371,
#4372),.UNSPECIFIED.,.F.,.F.,(4,1,1,1,1,1,1,1,1,1,1,1,1,1,1,1,1,1,1,1,1,
1,1,1,1,1,1,1,4),(0.,0.0823772853024615,0.0938306262897291,0.108616823003002,
0.126112085939735,0.145949849003564,0.167881321009161,0.19172334455579,
0.21733378598443,0.244598182807533,0.273421783527893,0.3037244662991,0.335437321862574,
0.368500259315378,0.402860271803029,0.438470145200646,0.475287474119474,
0.51327389714278,0.552394492224503,0.59261729154325,0.633912887077917,0.676254106192655,
0.719615742020998,0.763974327292873,0.809307942998612,0.855596055280363,
0.902819375412231,0.950959738829641,0.969854434106185),.UNSPECIFIED.);
#108=B_SPLINE_CURVE_WITH_KNOTS('',3,(#4373,#4374,#4375,#4376,#4377,#4378,
#4379,#4380,#4381,#4382,#4383,#4384,#4385,#4386,#4387,#4388,#4389,#4390,
#4391,#4392,#4393,#4394,#4395,#4396,#4397,#4398,#4399,#4400,#4401,#4402,
#4403),.UNSPECIFIED.,.F.,.F.,(4,1,1,1,1,1,1,1,1,1,1,1,1,1,1,1,1,1,1,1,1,
1,1,1,1,1,1,1,4),(0.,0.0823772853024615,0.0938306262897291,0.108616823003002,
0.126112085939735,0.145949849003564,0.167881321009161,0.19172334455579,
0.21733378598443,0.244598182807533,0.273421783527893,0.3037244662991,0.335437321862574,
0.368500259315378,0.402860271803029,0.438470145200646,0.475287474119474,
0.51327389714278,0.552394492224503,0.59261729154325,0.633912887077917,0.676254106192655,
0.719615742020998,0.763974327292873,0.809307942998612,0.855596055280363,
0.902819375412231,0.950959738829641,0.969854434106185),.UNSPECIFIED.);
#109=B_SPLINE_CURVE_WITH_KNOTS('',3,(#4407,#4408,#4409,#4410,#4411,#4412,
#4413,#4414,#4415,#4416,#4417,#4418,#4419,#4420,#4421,#4422,#4423,#4424,
#4425,#4426,#4427,#4428,#4429,#4430,#4431,#4432,#4433,#4434,#4435,#4436,
#4437),.UNSPECIFIED.,.F.,.F.,(4,1,1,1,1,1,1,1,1,1,1,1,1,1,1,1,1,1,1,1,1,
1,1,1,1,1,1,1,4),(0.,0.0823772853024615,0.0938306262897291,0.108616823003002,
0.126112085939735,0.145949849003564,0.167881321009161,0.19172334455579,
0.21733378598443,0.244598182807533,0.273421783527893,0.3037244662991,0.335437321862574,
0.368500259315378,0.402860271803029,0.438470145200646,0.475287474119474,
0.51327389714278,0.552394492224503,0.59261729154325,0.633912887077917,0.676254106192655,
0.719615742020998,0.763974327292873,0.809307942998612,0.855596055280363,
0.902819375412231,0.950959738829641,0.969854434106185),.UNSPECIFIED.);
#110=B_SPLINE_CURVE_WITH_KNOTS('',3,(#4438,#4439,#4440,#4441,#4442,#4443,
#4444,#4445,#4446,#4447,#4448,#4449,#4450,#4451,#4452,#4453,#4454,#4455,
#4456,#4457,#4458,#4459,#4460,#4461,#4462,#4463,#4464,#4465,#4466,#4467,
#4468),.UNSPECIFIED.,.F.,.F.,(4,1,1,1,1,1,1,1,1,1,1,1,1,1,1,1,1,1,1,1,1,
1,1,1,1,1,1,1,4),(0.,0.0823772853024615,0.0938306262897291,0.108616823003002,
0.126112085939735,0.145949849003564,0.167881321009161,0.19172334455579,
0.21733378598443,0.244598182807533,0.273421783527893,0.3037244662991,0.335437321862574,
0.368500259315378,0.402860271803029,0.438470145200646,0.475287474119474,
0.51327389714278,0.552394492224503,0.59261729154325,0.633912887077917,0.676254106192655,
0.719615742020998,0.763974327292873,0.809307942998612,0.855596055280363,
0.902819375412231,0.950959738829641,0.969854434106185),.UNSPECIFIED.);
#111=B_SPLINE_CURVE_WITH_KNOTS('',3,(#4472,#4473,#4474,#4475,#4476,#4477,
#4478,#4479,#4480,#4481,#4482,#4483,#4484,#4485,#4486,#4487,#4488,#4489,
#4490,#4491,#4492,#4493,#4494,#4495,#4496,#4497,#4498,#4499,#4500,#4501,
#4502),.UNSPECIFIED.,.F.,.F.,(4,1,1,1,1,1,1,1,1,1,1,1,1,1,1,1,1,1,1,1,1,
1,1,1,1,1,1,1,4),(0.,0.0823772853024615,0.0938306262897291,0.108616823003002,
0.126112085939735,0.145949849003564,0.167881321009161,0.19172334455579,
0.21733378598443,0.244598182807533,0.273421783527893,0.3037244662991,0.335437321862574,
0.368500259315378,0.402860271803029,0.438470145200646,0.475287474119474,
0.51327389714278,0.552394492224503,0.59261729154325,0.633912887077917,0.676254106192655,
0.719615742020998,0.763974327292873,0.809307942998612,0.855596055280363,
0.902819375412231,0.950959738829641,0.969854434106185),.UNSPECIFIED.);
#112=B_SPLINE_CURVE_WITH_KNOTS('',3,(#4503,#4504,#4505,#4506,#4507,#4508,
#4509,#4510,#4511,#4512,#4513,#4514,#4515,#4516,#4517,#4518,#4519,#4520,
#4521,#4522,#4523,#4524,#4525,#4526,#4527,#4528,#4529,#4530,#4531,#4532,
#4533),.UNSPECIFIED.,.F.,.F.,(4,1,1,1,1,1,1,1,1,1,1,1,1,1,1,1,1,1,1,1,1,
1,1,1,1,1,1,1,4),(0.,0.0823772853024615,0.0938306262897291,0.108616823003002,
0.126112085939735,0.145949849003564,0.167881321009161,0.19172334455579,
0.21733378598443,0.244598182807533,0.273421783527893,0.3037244662991,0.335437321862574,
0.368500259315378,0.402860271803029,0.438470145200646,0.475287474119474,
0.51327389714278,0.552394492224503,0.59261729154325,0.633912887077917,0.676254106192655,
0.719615742020998,0.763974327292873,0.809307942998612,0.855596055280363,
0.902819375412231,0.950959738829641,0.969854434106185),.UNSPECIFIED.);
#113=B_SPLINE_CURVE_WITH_KNOTS('',3,(#4537,#4538,#4539,#4540,#4541,#4542,
#4543,#4544,#4545,#4546,#4547,#4548,#4549,#4550,#4551,#4552,#4553,#4554,
#4555,#4556,#4557,#4558,#4559,#4560,#4561,#4562,#4563,#4564,#4565,#4566,
#4567),.UNSPECIFIED.,.F.,.F.,(4,1,1,1,1,1,1,1,1,1,1,1,1,1,1,1,1,1,1,1,1,
1,1,1,1,1,1,1,4),(0.,0.0823772853024615,0.0938306262897291,0.108616823003002,
0.126112085939735,0.145949849003564,0.167881321009161,0.19172334455579,
0.21733378598443,0.244598182807533,0.273421783527893,0.3037244662991,0.335437321862574,
0.368500259315378,0.402860271803029,0.438470145200646,0.475287474119474,
0.51327389714278,0.552394492224503,0.59261729154325,0.633912887077917,0.676254106192655,
0.719615742020998,0.763974327292873,0.809307942998612,0.855596055280363,
0.902819375412231,0.950959738829641,0.969854434106185),.UNSPECIFIED.);
#114=B_SPLINE_CURVE_WITH_KNOTS('',3,(#4568,#4569,#4570,#4571,#4572,#4573,
#4574,#4575,#4576,#4577,#4578,#4579,#4580,#4581,#4582,#4583,#4584,#4585,
#4586,#4587,#4588,#4589,#4590,#4591,#4592,#4593,#4594,#4595,#4596,#4597,
#4598),.UNSPECIFIED.,.F.,.F.,(4,1,1,1,1,1,1,1,1,1,1,1,1,1,1,1,1,1,1,1,1,
1,1,1,1,1,1,1,4),(0.,0.0823772853024615,0.0938306262897291,0.108616823003002,
0.126112085939735,0.145949849003564,0.167881321009161,0.19172334455579,
0.21733378598443,0.244598182807533,0.273421783527893,0.3037244662991,0.335437321862574,
0.368500259315378,0.402860271803029,0.438470145200646,0.475287474119474,
0.51327389714278,0.552394492224503,0.59261729154325,0.633912887077917,0.676254106192655,
0.719615742020998,0.763974327292873,0.809307942998612,0.855596055280363,
0.902819375412231,0.950959738829641,0.969854434106185),.UNSPECIFIED.);
#115=B_SPLINE_CURVE_WITH_KNOTS('',3,(#4602,#4603,#4604,#4605,#4606,#4607,
#4608,#4609,#4610,#4611,#4612,#4613,#4614,#4615,#4616,#4617,#4618,#4619,
#4620,#4621,#4622,#4623,#4624,#4625,#4626,#4627,#4628,#4629,#4630,#4631,
#4632),.UNSPECIFIED.,.F.,.F.,(4,1,1,1,1,1,1,1,1,1,1,1,1,1,1,1,1,1,1,1,1,
1,1,1,1,1,1,1,4),(0.,0.0823772853024615,0.0938306262897291,0.108616823003002,
0.126112085939735,0.145949849003564,0.167881321009161,0.19172334455579,
0.21733378598443,0.244598182807533,0.273421783527893,0.3037244662991,0.335437321862574,
0.368500259315378,0.402860271803029,0.438470145200646,0.475287474119474,
0.51327389714278,0.552394492224503,0.59261729154325,0.633912887077917,0.676254106192655,
0.719615742020998,0.763974327292873,0.809307942998612,0.855596055280363,
0.902819375412231,0.950959738829641,0.969854434106185),.UNSPECIFIED.);
#116=B_SPLINE_CURVE_WITH_KNOTS('',3,(#4633,#4634,#4635,#4636,#4637,#4638,
#4639,#4640,#4641,#4642,#4643,#4644,#4645,#4646,#4647,#4648,#4649,#4650,
#4651,#4652,#4653,#4654,#4655,#4656,#4657,#4658,#4659,#4660,#4661,#4662,
#4663),.UNSPECIFIED.,.F.,.F.,(4,1,1,1,1,1,1,1,1,1,1,1,1,1,1,1,1,1,1,1,1,
1,1,1,1,1,1,1,4),(0.,0.0823772853024615,0.0938306262897291,0.108616823003002,
0.126112085939735,0.145949849003564,0.167881321009161,0.19172334455579,
0.21733378598443,0.244598182807533,0.273421783527893,0.3037244662991,0.335437321862574,
0.368500259315378,0.402860271803029,0.438470145200646,0.475287474119474,
0.51327389714278,0.552394492224503,0.59261729154325,0.633912887077917,0.676254106192655,
0.719615742020998,0.763974327292873,0.809307942998612,0.855596055280363,
0.902819375412231,0.950959738829641,0.969854434106185),.UNSPECIFIED.);
#117=B_SPLINE_CURVE_WITH_KNOTS('',3,(#4667,#4668,#4669,#4670,#4671,#4672,
#4673,#4674,#4675,#4676,#4677,#4678,#4679,#4680,#4681,#4682,#4683,#4684,
#4685,#4686,#4687,#4688,#4689,#4690,#4691,#4692,#4693,#4694,#4695,#4696,
#4697),.UNSPECIFIED.,.F.,.F.,(4,1,1,1,1,1,1,1,1,1,1,1,1,1,1,1,1,1,1,1,1,
1,1,1,1,1,1,1,4),(0.,0.0823772853024615,0.0938306262897291,0.108616823003002,
0.126112085939735,0.145949849003564,0.167881321009161,0.19172334455579,
0.21733378598443,0.244598182807533,0.273421783527893,0.3037244662991,0.335437321862574,
0.368500259315378,0.402860271803029,0.438470145200646,0.475287474119474,
0.51327389714278,0.552394492224503,0.59261729154325,0.633912887077917,0.676254106192655,
0.719615742020998,0.763974327292873,0.809307942998612,0.855596055280363,
0.902819375412231,0.950959738829641,0.969854434106185),.UNSPECIFIED.);
#118=B_SPLINE_CURVE_WITH_KNOTS('',3,(#4698,#4699,#4700,#4701,#4702,#4703,
#4704,#4705,#4706,#4707,#4708,#4709,#4710,#4711,#4712,#4713,#4714,#4715,
#4716,#4717,#4718,#4719,#4720,#4721,#4722,#4723,#4724,#4725,#4726,#4727,
#4728),.UNSPECIFIED.,.F.,.F.,(4,1,1,1,1,1,1,1,1,1,1,1,1,1,1,1,1,1,1,1,1,
1,1,1,1,1,1,1,4),(0.,0.0823772853024615,0.0938306262897291,0.108616823003002,
0.126112085939735,0.145949849003564,0.167881321009161,0.19172334455579,
0.21733378598443,0.244598182807533,0.273421783527893,0.3037244662991,0.335437321862574,
0.368500259315378,0.402860271803029,0.438470145200646,0.475287474119474,
0.51327389714278,0.552394492224503,0.59261729154325,0.633912887077917,0.676254106192655,
0.719615742020998,0.763974327292873,0.809307942998612,0.855596055280363,
0.902819375412231,0.950959738829641,0.969854434106185),.UNSPECIFIED.);
#119=B_SPLINE_CURVE_WITH_KNOTS('',3,(#4732,#4733,#4734,#4735,#4736,#4737,
#4738,#4739,#4740,#4741,#4742,#4743,#4744,#4745,#4746,#4747,#4748,#4749,
#4750,#4751,#4752,#4753,#4754,#4755,#4756,#4757,#4758,#4759,#4760,#4761,
#4762),.UNSPECIFIED.,.F.,.F.,(4,1,1,1,1,1,1,1,1,1,1,1,1,1,1,1,1,1,1,1,1,
1,1,1,1,1,1,1,4),(0.,0.0823772853024615,0.0938306262897291,0.108616823003002,
0.126112085939735,0.145949849003564,0.167881321009161,0.19172334455579,
0.21733378598443,0.244598182807533,0.273421783527893,0.3037244662991,0.335437321862574,
0.368500259315378,0.402860271803029,0.438470145200646,0.475287474119474,
0.51327389714278,0.552394492224503,0.59261729154325,0.633912887077917,0.676254106192655,
0.719615742020998,0.763974327292873,0.809307942998612,0.855596055280363,
0.902819375412231,0.950959738829641,0.969854434106185),.UNSPECIFIED.);
#120=B_SPLINE_CURVE_WITH_KNOTS('',3,(#4763,#4764,#4765,#4766,#4767,#4768,
#4769,#4770,#4771,#4772,#4773,#4774,#4775,#4776,#4777,#4778,#4779,#4780,
#4781,#4782,#4783,#4784,#4785,#4786,#4787,#4788,#4789,#4790,#4791,#4792,
#4793),.UNSPECIFIED.,.F.,.F.,(4,1,1,1,1,1,1,1,1,1,1,1,1,1,1,1,1,1,1,1,1,
1,1,1,1,1,1,1,4),(0.,0.0823772853024615,0.0938306262897291,0.108616823003002,
0.126112085939735,0.145949849003564,0.167881321009161,0.19172334455579,
0.21733378598443,0.244598182807533,0.273421783527893,0.3037244662991,0.335437321862574,
0.368500259315378,0.402860271803029,0.438470145200646,0.475287474119474,
0.51327389714278,0.552394492224503,0.59261729154325,0.633912887077917,0.676254106192655,
0.719615742020998,0.763974327292873,0.809307942998612,0.855596055280363,
0.902819375412231,0.950959738829641,0.969854434106185),.UNSPECIFIED.);
#121=B_SPLINE_CURVE_WITH_KNOTS('',3,(#4797,#4798,#4799,#4800,#4801,#4802,
#4803,#4804,#4805,#4806,#4807,#4808,#4809,#4810,#4811,#4812,#4813,#4814,
#4815,#4816,#4817,#4818,#4819,#4820,#4821,#4822,#4823,#4824,#4825,#4826,
#4827),.UNSPECIFIED.,.F.,.F.,(4,1,1,1,1,1,1,1,1,1,1,1,1,1,1,1,1,1,1,1,1,
1,1,1,1,1,1,1,4),(0.,0.0823772853024615,0.0938306262897291,0.108616823003002,
0.126112085939735,0.145949849003564,0.167881321009161,0.19172334455579,
0.21733378598443,0.244598182807533,0.273421783527893,0.3037244662991,0.335437321862574,
0.368500259315378,0.402860271803029,0.438470145200646,0.475287474119474,
0.51327389714278,0.552394492224503,0.59261729154325,0.633912887077917,0.676254106192655,
0.719615742020998,0.763974327292873,0.809307942998612,0.855596055280363,
0.902819375412231,0.950959738829641,0.969854434106185),.UNSPECIFIED.);
#122=B_SPLINE_CURVE_WITH_KNOTS('',3,(#4828,#4829,#4830,#4831,#4832,#4833,
#4834,#4835,#4836,#4837,#4838,#4839,#4840,#4841,#4842,#4843,#4844,#4845,
#4846,#4847,#4848,#4849,#4850,#4851,#4852,#4853,#4854,#4855,#4856,#4857,
#4858),.UNSPECIFIED.,.F.,.F.,(4,1,1,1,1,1,1,1,1,1,1,1,1,1,1,1,1,1,1,1,1,
1,1,1,1,1,1,1,4),(0.,0.0823772853024615,0.0938306262897291,0.108616823003002,
0.126112085939735,0.145949849003564,0.167881321009161,0.19172334455579,
0.21733378598443,0.244598182807533,0.273421783527893,0.3037244662991,0.335437321862574,
0.368500259315378,0.402860271803029,0.438470145200646,0.475287474119474,
0.51327389714278,0.552394492224503,0.59261729154325,0.633912887077917,0.676254106192655,
0.719615742020998,0.763974327292873,0.809307942998612,0.855596055280363,
0.902819375412231,0.950959738829641,0.969854434106185),.UNSPECIFIED.);
#123=B_SPLINE_CURVE_WITH_KNOTS('',3,(#4862,#4863,#4864,#4865,#4866,#4867,
#4868,#4869,#4870,#4871,#4872,#4873,#4874,#4875,#4876,#4877,#4878,#4879,
#4880,#4881,#4882,#4883,#4884,#4885,#4886,#4887,#4888,#4889,#4890,#4891,
#4892),.UNSPECIFIED.,.F.,.F.,(4,1,1,1,1,1,1,1,1,1,1,1,1,1,1,1,1,1,1,1,1,
1,1,1,1,1,1,1,4),(0.,0.0823772853024615,0.0938306262897291,0.108616823003002,
0.126112085939735,0.145949849003564,0.167881321009161,0.19172334455579,
0.21733378598443,0.244598182807533,0.273421783527893,0.3037244662991,0.335437321862574,
0.368500259315378,0.402860271803029,0.438470145200646,0.475287474119474,
0.51327389714278,0.552394492224503,0.59261729154325,0.633912887077917,0.676254106192655,
0.719615742020998,0.763974327292873,0.809307942998612,0.855596055280363,
0.902819375412231,0.950959738829641,0.969854434106185),.UNSPECIFIED.);
#124=B_SPLINE_CURVE_WITH_KNOTS('',3,(#4897,#4898,#4899,#4900,#4901,#4902,
#4903,#4904,#4905,#4906,#4907,#4908,#4909,#4910,#4911,#4912,#4913,#4914,
#4915,#4916,#4917,#4918,#4919,#4920,#4921,#4922,#4923,#4924,#4925,#4926,
#4927),.UNSPECIFIED.,.F.,.F.,(4,1,1,1,1,1,1,1,1,1,1,1,1,1,1,1,1,1,1,1,1,
1,1,1,1,1,1,1,4),(0.,0.0823772853024615,0.0938306262897291,0.108616823003002,
0.126112085939735,0.145949849003564,0.167881321009161,0.19172334455579,
0.21733378598443,0.244598182807533,0.273421783527893,0.3037244662991,0.335437321862574,
0.368500259315378,0.402860271803029,0.438470145200646,0.475287474119474,
0.51327389714278,0.552394492224503,0.59261729154325,0.633912887077917,0.676254106192655,
0.719615742020998,0.763974327292873,0.809307942998612,0.855596055280363,
0.902819375412231,0.950959738829641,0.969854434106185),.UNSPECIFIED.);
#125=B_SPLINE_CURVE_WITH_KNOTS('',3,(#4928,#4929,#4930,#4931,#4932,#4933,
#4934,#4935,#4936,#4937,#4938,#4939,#4940,#4941,#4942,#4943,#4944,#4945,
#4946,#4947,#4948,#4949,#4950,#4951,#4952,#4953,#4954,#4955,#4956,#4957,
#4958),.UNSPECIFIED.,.F.,.F.,(4,1,1,1,1,1,1,1,1,1,1,1,1,1,1,1,1,1,1,1,1,
1,1,1,1,1,1,1,4),(0.,0.0823772853024615,0.0938306262897291,0.108616823003002,
0.126112085939735,0.145949849003564,0.167881321009161,0.19172334455579,
0.21733378598443,0.244598182807533,0.273421783527893,0.3037244662991,0.335437321862574,
0.368500259315378,0.402860271803029,0.438470145200646,0.475287474119474,
0.51327389714278,0.552394492224503,0.59261729154325,0.633912887077917,0.676254106192655,
0.719615742020998,0.763974327292873,0.809307942998612,0.855596055280363,
0.902819375412231,0.950959738829641,0.969854434106185),.UNSPECIFIED.);
#126=B_SPLINE_CURVE_WITH_KNOTS('',3,(#4962,#4963,#4964,#4965,#4966,#4967,
#4968,#4969,#4970,#4971,#4972,#4973,#4974,#4975,#4976,#4977,#4978,#4979,
#4980,#4981,#4982,#4983,#4984,#4985,#4986,#4987,#4988,#4989,#4990,#4991,
#4992),.UNSPECIFIED.,.F.,.F.,(4,1,1,1,1,1,1,1,1,1,1,1,1,1,1,1,1,1,1,1,1,
1,1,1,1,1,1,1,4),(0.,0.0823772853024615,0.0938306262897291,0.108616823003002,
0.126112085939735,0.145949849003564,0.167881321009161,0.19172334455579,
0.21733378598443,0.244598182807533,0.273421783527893,0.3037244662991,0.335437321862574,
0.368500259315378,0.402860271803029,0.438470145200646,0.475287474119474,
0.51327389714278,0.552394492224503,0.59261729154325,0.633912887077917,0.676254106192655,
0.719615742020998,0.763974327292873,0.809307942998612,0.855596055280363,
0.902819375412231,0.950959738829641,0.969854434106185),.UNSPECIFIED.);
#127=B_SPLINE_CURVE_WITH_KNOTS('',3,(#4993,#4994,#4995,#4996,#4997,#4998,
#4999,#5000,#5001,#5002,#5003,#5004,#5005,#5006,#5007,#5008,#5009,#5010,
#5011,#5012,#5013,#5014,#5015,#5016,#5017,#5018,#5019,#5020,#5021,#5022,
#5023),.UNSPECIFIED.,.F.,.F.,(4,1,1,1,1,1,1,1,1,1,1,1,1,1,1,1,1,1,1,1,1,
1,1,1,1,1,1,1,4),(0.,0.0823772853024615,0.0938306262897291,0.108616823003002,
0.126112085939735,0.145949849003564,0.167881321009161,0.19172334455579,
0.21733378598443,0.244598182807533,0.273421783527893,0.3037244662991,0.335437321862574,
0.368500259315378,0.402860271803029,0.438470145200646,0.475287474119474,
0.51327389714278,0.552394492224503,0.59261729154325,0.633912887077917,0.676254106192655,
0.719615742020998,0.763974327292873,0.809307942998612,0.855596055280363,
0.902819375412231,0.950959738829641,0.969854434106185),.UNSPECIFIED.);
#128=B_SPLINE_CURVE_WITH_KNOTS('',3,(#5027,#5028,#5029,#5030,#5031,#5032,
#5033,#5034,#5035,#5036,#5037,#5038,#5039,#5040,#5041,#5042,#5043,#5044,
#5045,#5046,#5047,#5048,#5049,#5050,#5051,#5052,#5053,#5054,#5055,#5056,
#5057),.UNSPECIFIED.,.F.,.F.,(4,1,1,1,1,1,1,1,1,1,1,1,1,1,1,1,1,1,1,1,1,
1,1,1,1,1,1,1,4),(0.,0.0823772853024615,0.0938306262897291,0.108616823003002,
0.126112085939735,0.145949849003564,0.167881321009161,0.19172334455579,
0.21733378598443,0.244598182807533,0.273421783527893,0.3037244662991,0.335437321862574,
0.368500259315378,0.402860271803029,0.438470145200646,0.475287474119474,
0.51327389714278,0.552394492224503,0.59261729154325,0.633912887077917,0.676254106192655,
0.719615742020998,0.763974327292873,0.809307942998612,0.855596055280363,
0.902819375412231,0.950959738829641,0.969854434106185),.UNSPECIFIED.);
#129=B_SPLINE_CURVE_WITH_KNOTS('',3,(#5058,#5059,#5060,#5061,#5062,#5063,
#5064,#5065,#5066,#5067,#5068,#5069,#5070,#5071,#5072,#5073,#5074,#5075,
#5076,#5077,#5078,#5079,#5080,#5081,#5082,#5083,#5084,#5085,#5086,#5087,
#5088),.UNSPECIFIED.,.F.,.F.,(4,1,1,1,1,1,1,1,1,1,1,1,1,1,1,1,1,1,1,1,1,
1,1,1,1,1,1,1,4),(0.,0.0823772853024615,0.0938306262897291,0.108616823003002,
0.126112085939735,0.145949849003564,0.167881321009161,0.19172334455579,
0.21733378598443,0.244598182807533,0.273421783527893,0.3037244662991,0.335437321862574,
0.368500259315378,0.402860271803029,0.438470145200646,0.475287474119474,
0.51327389714278,0.552394492224503,0.59261729154325,0.633912887077917,0.676254106192655,
0.719615742020998,0.763974327292873,0.809307942998612,0.855596055280363,
0.902819375412231,0.950959738829641,0.969854434106185),.UNSPECIFIED.);
#130=B_SPLINE_CURVE_WITH_KNOTS('',3,(#5092,#5093,#5094,#5095,#5096,#5097,
#5098,#5099,#5100,#5101,#5102,#5103,#5104,#5105,#5106,#5107,#5108,#5109,
#5110,#5111,#5112,#5113,#5114,#5115,#5116,#5117,#5118,#5119,#5120,#5121,
#5122),.UNSPECIFIED.,.F.,.F.,(4,1,1,1,1,1,1,1,1,1,1,1,1,1,1,1,1,1,1,1,1,
1,1,1,1,1,1,1,4),(0.,0.0823772853024615,0.0938306262897291,0.108616823003002,
0.126112085939735,0.145949849003564,0.167881321009161,0.19172334455579,
0.21733378598443,0.244598182807533,0.273421783527893,0.3037244662991,0.335437321862574,
0.368500259315378,0.402860271803029,0.438470145200646,0.475287474119474,
0.51327389714278,0.552394492224503,0.59261729154325,0.633912887077917,0.676254106192655,
0.719615742020998,0.763974327292873,0.809307942998612,0.855596055280363,
0.902819375412231,0.950959738829641,0.969854434106185),.UNSPECIFIED.);
#131=B_SPLINE_CURVE_WITH_KNOTS('',3,(#5123,#5124,#5125,#5126,#5127,#5128,
#5129,#5130,#5131,#5132,#5133,#5134,#5135,#5136,#5137,#5138,#5139,#5140,
#5141,#5142,#5143,#5144,#5145,#5146,#5147,#5148,#5149,#5150,#5151,#5152,
#5153),.UNSPECIFIED.,.F.,.F.,(4,1,1,1,1,1,1,1,1,1,1,1,1,1,1,1,1,1,1,1,1,
1,1,1,1,1,1,1,4),(0.,0.0823772853024615,0.0938306262897291,0.108616823003002,
0.126112085939735,0.145949849003564,0.167881321009161,0.19172334455579,
0.21733378598443,0.244598182807533,0.273421783527893,0.3037244662991,0.335437321862574,
0.368500259315378,0.402860271803029,0.438470145200646,0.475287474119474,
0.51327389714278,0.552394492224503,0.59261729154325,0.633912887077917,0.676254106192655,
0.719615742020998,0.763974327292873,0.809307942998612,0.855596055280363,
0.902819375412231,0.950959738829641,0.969854434106185),.UNSPECIFIED.);
#132=B_SPLINE_CURVE_WITH_KNOTS('',3,(#5157,#5158,#5159,#5160,#5161,#5162,
#5163,#5164,#5165,#5166,#5167,#5168,#5169,#5170,#5171,#5172,#5173,#5174,
#5175,#5176,#5177,#5178,#5179,#5180,#5181,#5182,#5183,#5184,#5185,#5186,
#5187),.UNSPECIFIED.,.F.,.F.,(4,1,1,1,1,1,1,1,1,1,1,1,1,1,1,1,1,1,1,1,1,
1,1,1,1,1,1,1,4),(0.,0.0823772853024615,0.0938306262897291,0.108616823003002,
0.126112085939735,0.145949849003564,0.167881321009161,0.19172334455579,
0.21733378598443,0.244598182807533,0.273421783527893,0.3037244662991,0.335437321862574,
0.368500259315378,0.402860271803029,0.438470145200646,0.475287474119474,
0.51327389714278,0.552394492224503,0.59261729154325,0.633912887077917,0.676254106192655,
0.719615742020998,0.763974327292873,0.809307942998612,0.855596055280363,
0.902819375412231,0.950959738829641,0.969854434106185),.UNSPECIFIED.);
#133=B_SPLINE_CURVE_WITH_KNOTS('',3,(#5188,#5189,#5190,#5191,#5192,#5193,
#5194,#5195,#5196,#5197,#5198,#5199,#5200,#5201,#5202,#5203,#5204,#5205,
#5206,#5207,#5208,#5209,#5210,#5211,#5212,#5213,#5214,#5215,#5216,#5217,
#5218),.UNSPECIFIED.,.F.,.F.,(4,1,1,1,1,1,1,1,1,1,1,1,1,1,1,1,1,1,1,1,1,
1,1,1,1,1,1,1,4),(0.,0.0823772853024615,0.0938306262897291,0.108616823003002,
0.126112085939735,0.145949849003564,0.167881321009161,0.19172334455579,
0.21733378598443,0.244598182807533,0.273421783527893,0.3037244662991,0.335437321862574,
0.368500259315378,0.402860271803029,0.438470145200646,0.475287474119474,
0.51327389714278,0.552394492224503,0.59261729154325,0.633912887077917,0.676254106192655,
0.719615742020998,0.763974327292873,0.809307942998612,0.855596055280363,
0.902819375412231,0.950959738829641,0.969854434106185),.UNSPECIFIED.);
#134=B_SPLINE_CURVE_WITH_KNOTS('',3,(#5222,#5223,#5224,#5225,#5226,#5227,
#5228,#5229,#5230,#5231,#5232,#5233,#5234,#5235,#5236,#5237,#5238,#5239,
#5240,#5241,#5242,#5243,#5244,#5245,#5246,#5247,#5248,#5249,#5250,#5251,
#5252),.UNSPECIFIED.,.F.,.F.,(4,1,1,1,1,1,1,1,1,1,1,1,1,1,1,1,1,1,1,1,1,
1,1,1,1,1,1,1,4),(0.,0.0823772853024615,0.0938306262897291,0.108616823003002,
0.126112085939735,0.145949849003564,0.167881321009161,0.19172334455579,
0.21733378598443,0.244598182807533,0.273421783527893,0.3037244662991,0.335437321862574,
0.368500259315378,0.402860271803029,0.438470145200646,0.475287474119474,
0.51327389714278,0.552394492224503,0.59261729154325,0.633912887077917,0.676254106192655,
0.719615742020998,0.763974327292873,0.809307942998612,0.855596055280363,
0.902819375412231,0.950959738829641,0.969854434106185),.UNSPECIFIED.);
#135=B_SPLINE_CURVE_WITH_KNOTS('',3,(#5253,#5254,#5255,#5256,#5257,#5258,
#5259,#5260,#5261,#5262,#5263,#5264,#5265,#5266,#5267,#5268,#5269,#5270,
#5271,#5272,#5273,#5274,#5275,#5276,#5277,#5278,#5279,#5280,#5281,#5282,
#5283),.UNSPECIFIED.,.F.,.F.,(4,1,1,1,1,1,1,1,1,1,1,1,1,1,1,1,1,1,1,1,1,
1,1,1,1,1,1,1,4),(0.,0.0823772853024615,0.0938306262897291,0.108616823003002,
0.126112085939735,0.145949849003564,0.167881321009161,0.19172334455579,
0.21733378598443,0.244598182807533,0.273421783527893,0.3037244662991,0.335437321862574,
0.368500259315378,0.402860271803029,0.438470145200646,0.475287474119474,
0.51327389714278,0.552394492224503,0.59261729154325,0.633912887077917,0.676254106192655,
0.719615742020998,0.763974327292873,0.809307942998612,0.855596055280363,
0.902819375412231,0.950959738829641,0.969854434106185),.UNSPECIFIED.);
#136=B_SPLINE_CURVE_WITH_KNOTS('',3,(#5287,#5288,#5289,#5290,#5291,#5292,
#5293,#5294,#5295,#5296,#5297,#5298,#5299,#5300,#5301,#5302,#5303,#5304,
#5305,#5306,#5307,#5308,#5309,#5310,#5311,#5312,#5313,#5314,#5315,#5316,
#5317),.UNSPECIFIED.,.F.,.F.,(4,1,1,1,1,1,1,1,1,1,1,1,1,1,1,1,1,1,1,1,1,
1,1,1,1,1,1,1,4),(0.,0.0823772853024615,0.0938306262897291,0.108616823003002,
0.126112085939735,0.145949849003564,0.167881321009161,0.19172334455579,
0.21733378598443,0.244598182807533,0.273421783527893,0.3037244662991,0.335437321862574,
0.368500259315378,0.402860271803029,0.438470145200646,0.475287474119474,
0.51327389714278,0.552394492224503,0.59261729154325,0.633912887077917,0.676254106192655,
0.719615742020998,0.763974327292873,0.809307942998612,0.855596055280363,
0.902819375412231,0.950959738829641,0.969854434106185),.UNSPECIFIED.);
#137=B_SPLINE_CURVE_WITH_KNOTS('',3,(#5318,#5319,#5320,#5321,#5322,#5323,
#5324,#5325,#5326,#5327,#5328,#5329,#5330,#5331,#5332,#5333,#5334,#5335,
#5336,#5337,#5338,#5339,#5340,#5341,#5342,#5343,#5344,#5345,#5346,#5347,
#5348),.UNSPECIFIED.,.F.,.F.,(4,1,1,1,1,1,1,1,1,1,1,1,1,1,1,1,1,1,1,1,1,
1,1,1,1,1,1,1,4),(0.,0.0823772853024615,0.0938306262897291,0.108616823003002,
0.126112085939735,0.145949849003564,0.167881321009161,0.19172334455579,
0.21733378598443,0.244598182807533,0.273421783527893,0.3037244662991,0.335437321862574,
0.368500259315378,0.402860271803029,0.438470145200646,0.475287474119474,
0.51327389714278,0.552394492224503,0.59261729154325,0.633912887077917,0.676254106192655,
0.719615742020998,0.763974327292873,0.809307942998612,0.855596055280363,
0.902819375412231,0.950959738829641,0.969854434106185),.UNSPECIFIED.);
#138=B_SPLINE_CURVE_WITH_KNOTS('',3,(#5352,#5353,#5354,#5355,#5356,#5357,
#5358,#5359,#5360,#5361,#5362,#5363,#5364,#5365,#5366,#5367,#5368,#5369,
#5370,#5371,#5372,#5373,#5374,#5375,#5376,#5377,#5378,#5379,#5380,#5381,
#5382),.UNSPECIFIED.,.F.,.F.,(4,1,1,1,1,1,1,1,1,1,1,1,1,1,1,1,1,1,1,1,1,
1,1,1,1,1,1,1,4),(0.,0.0823772853024615,0.0938306262897291,0.108616823003002,
0.126112085939735,0.145949849003564,0.167881321009161,0.19172334455579,
0.21733378598443,0.244598182807533,0.273421783527893,0.3037244662991,0.335437321862574,
0.368500259315378,0.402860271803029,0.438470145200646,0.475287474119474,
0.51327389714278,0.552394492224503,0.59261729154325,0.633912887077917,0.676254106192655,
0.719615742020998,0.763974327292873,0.809307942998612,0.855596055280363,
0.902819375412231,0.950959738829641,0.969854434106185),.UNSPECIFIED.);
#139=B_SPLINE_CURVE_WITH_KNOTS('',3,(#5383,#5384,#5385,#5386,#5387,#5388,
#5389,#5390,#5391,#5392,#5393,#5394,#5395,#5396,#5397,#5398,#5399,#5400,
#5401,#5402,#5403,#5404,#5405,#5406,#5407,#5408,#5409,#5410,#5411,#5412,
#5413),.UNSPECIFIED.,.F.,.F.,(4,1,1,1,1,1,1,1,1,1,1,1,1,1,1,1,1,1,1,1,1,
1,1,1,1,1,1,1,4),(0.,0.0823772853024615,0.0938306262897291,0.108616823003002,
0.126112085939735,0.145949849003564,0.167881321009161,0.19172334455579,
0.21733378598443,0.244598182807533,0.273421783527893,0.3037244662991,0.335437321862574,
0.368500259315378,0.402860271803029,0.438470145200646,0.475287474119474,
0.51327389714278,0.552394492224503,0.59261729154325,0.633912887077917,0.676254106192655,
0.719615742020998,0.763974327292873,0.809307942998612,0.855596055280363,
0.902819375412231,0.950959738829641,0.969854434106185),.UNSPECIFIED.);
#140=B_SPLINE_CURVE_WITH_KNOTS('',3,(#5417,#5418,#5419,#5420,#5421,#5422,
#5423,#5424,#5425,#5426,#5427,#5428,#5429,#5430,#5431,#5432,#5433,#5434,
#5435,#5436,#5437,#5438,#5439,#5440,#5441,#5442,#5443,#5444,#5445,#5446,
#5447),.UNSPECIFIED.,.F.,.F.,(4,1,1,1,1,1,1,1,1,1,1,1,1,1,1,1,1,1,1,1,1,
1,1,1,1,1,1,1,4),(0.,0.0823772853024615,0.0938306262897291,0.108616823003002,
0.126112085939735,0.145949849003564,0.167881321009161,0.19172334455579,
0.21733378598443,0.244598182807533,0.273421783527893,0.3037244662991,0.335437321862574,
0.368500259315378,0.402860271803029,0.438470145200646,0.475287474119474,
0.51327389714278,0.552394492224503,0.59261729154325,0.633912887077917,0.676254106192655,
0.719615742020998,0.763974327292873,0.809307942998612,0.855596055280363,
0.902819375412231,0.950959738829641,0.969854434106185),.UNSPECIFIED.);
#141=B_SPLINE_CURVE_WITH_KNOTS('',3,(#5448,#5449,#5450,#5451,#5452,#5453,
#5454,#5455,#5456,#5457,#5458,#5459,#5460,#5461,#5462,#5463,#5464,#5465,
#5466,#5467,#5468,#5469,#5470,#5471,#5472,#5473,#5474,#5475,#5476,#5477,
#5478),.UNSPECIFIED.,.F.,.F.,(4,1,1,1,1,1,1,1,1,1,1,1,1,1,1,1,1,1,1,1,1,
1,1,1,1,1,1,1,4),(0.,0.0823772853024615,0.0938306262897291,0.108616823003002,
0.126112085939735,0.145949849003564,0.167881321009161,0.19172334455579,
0.21733378598443,0.244598182807533,0.273421783527893,0.3037244662991,0.335437321862574,
0.368500259315378,0.402860271803029,0.438470145200646,0.475287474119474,
0.51327389714278,0.552394492224503,0.59261729154325,0.633912887077917,0.676254106192655,
0.719615742020998,0.763974327292873,0.809307942998612,0.855596055280363,
0.902819375412231,0.950959738829641,0.969854434106185),.UNSPECIFIED.);
#142=B_SPLINE_CURVE_WITH_KNOTS('',3,(#5482,#5483,#5484,#5485,#5486,#5487,
#5488,#5489,#5490,#5491,#5492,#5493,#5494,#5495,#5496,#5497,#5498,#5499,
#5500,#5501,#5502,#5503,#5504,#5505,#5506,#5507,#5508,#5509,#5510,#5511,
#5512),.UNSPECIFIED.,.F.,.F.,(4,1,1,1,1,1,1,1,1,1,1,1,1,1,1,1,1,1,1,1,1,
1,1,1,1,1,1,1,4),(0.,0.0823772853024615,0.0938306262897291,0.108616823003002,
0.126112085939735,0.145949849003564,0.167881321009161,0.19172334455579,
0.21733378598443,0.244598182807533,0.273421783527893,0.3037244662991,0.335437321862574,
0.368500259315378,0.402860271803029,0.438470145200646,0.475287474119474,
0.51327389714278,0.552394492224503,0.59261729154325,0.633912887077917,0.676254106192655,
0.719615742020998,0.763974327292873,0.809307942998612,0.855596055280363,
0.902819375412231,0.950959738829641,0.969854434106185),.UNSPECIFIED.);
#143=B_SPLINE_CURVE_WITH_KNOTS('',3,(#5513,#5514,#5515,#5516,#5517,#5518,
#5519,#5520,#5521,#5522,#5523,#5524,#5525,#5526,#5527,#5528,#5529,#5530,
#5531,#5532,#5533,#5534,#5535,#5536,#5537,#5538,#5539,#5540,#5541,#5542,
#5543),.UNSPECIFIED.,.F.,.F.,(4,1,1,1,1,1,1,1,1,1,1,1,1,1,1,1,1,1,1,1,1,
1,1,1,1,1,1,1,4),(0.,0.0823772853024615,0.0938306262897291,0.108616823003002,
0.126112085939735,0.145949849003564,0.167881321009161,0.19172334455579,
0.21733378598443,0.244598182807533,0.273421783527893,0.3037244662991,0.335437321862574,
0.368500259315378,0.402860271803029,0.438470145200646,0.475287474119474,
0.51327389714278,0.552394492224503,0.59261729154325,0.633912887077917,0.676254106192655,
0.719615742020998,0.763974327292873,0.809307942998612,0.855596055280363,
0.902819375412231,0.950959738829641,0.969854434106185),.UNSPECIFIED.);
#144=B_SPLINE_CURVE_WITH_KNOTS('',3,(#5547,#5548,#5549,#5550,#5551,#5552,
#5553,#5554,#5555,#5556,#5557,#5558,#5559,#5560,#5561,#5562,#5563,#5564,
#5565,#5566,#5567,#5568,#5569,#5570,#5571,#5572,#5573,#5574,#5575,#5576,
#5577),.UNSPECIFIED.,.F.,.F.,(4,1,1,1,1,1,1,1,1,1,1,1,1,1,1,1,1,1,1,1,1,
1,1,1,1,1,1,1,4),(0.,0.0823772853024615,0.0938306262897291,0.108616823003002,
0.126112085939735,0.145949849003564,0.167881321009161,0.19172334455579,
0.21733378598443,0.244598182807533,0.273421783527893,0.3037244662991,0.335437321862574,
0.368500259315378,0.402860271803029,0.438470145200646,0.475287474119474,
0.51327389714278,0.552394492224503,0.59261729154325,0.633912887077917,0.676254106192655,
0.719615742020998,0.763974327292873,0.809307942998612,0.855596055280363,
0.902819375412231,0.950959738829641,0.969854434106185),.UNSPECIFIED.);
#145=B_SPLINE_CURVE_WITH_KNOTS('',3,(#5578,#5579,#5580,#5581,#5582,#5583,
#5584,#5585,#5586,#5587,#5588,#5589,#5590,#5591,#5592,#5593,#5594,#5595,
#5596,#5597,#5598,#5599,#5600,#5601,#5602,#5603,#5604,#5605,#5606,#5607,
#5608),.UNSPECIFIED.,.F.,.F.,(4,1,1,1,1,1,1,1,1,1,1,1,1,1,1,1,1,1,1,1,1,
1,1,1,1,1,1,1,4),(0.,0.0823772853024615,0.0938306262897291,0.108616823003002,
0.126112085939735,0.145949849003564,0.167881321009161,0.19172334455579,
0.21733378598443,0.244598182807533,0.273421783527893,0.3037244662991,0.335437321862574,
0.368500259315378,0.402860271803029,0.438470145200646,0.475287474119474,
0.51327389714278,0.552394492224503,0.59261729154325,0.633912887077917,0.676254106192655,
0.719615742020998,0.763974327292873,0.809307942998612,0.855596055280363,
0.902819375412231,0.950959738829641,0.969854434106185),.UNSPECIFIED.);
#146=B_SPLINE_CURVE_WITH_KNOTS('',3,(#5612,#5613,#5614,#5615,#5616,#5617,
#5618,#5619,#5620,#5621,#5622,#5623,#5624,#5625,#5626,#5627,#5628,#5629,
#5630,#5631,#5632,#5633,#5634,#5635,#5636,#5637,#5638,#5639,#5640,#5641,
#5642),.UNSPECIFIED.,.F.,.F.,(4,1,1,1,1,1,1,1,1,1,1,1,1,1,1,1,1,1,1,1,1,
1,1,1,1,1,1,1,4),(0.,0.0823772853024615,0.0938306262897291,0.108616823003002,
0.126112085939735,0.145949849003564,0.167881321009161,0.19172334455579,
0.21733378598443,0.244598182807533,0.273421783527893,0.3037244662991,0.335437321862574,
0.368500259315378,0.402860271803029,0.438470145200646,0.475287474119474,
0.51327389714278,0.552394492224503,0.59261729154325,0.633912887077917,0.676254106192655,
0.719615742020998,0.763974327292873,0.809307942998612,0.855596055280363,
0.902819375412231,0.950959738829641,0.969854434106185),.UNSPECIFIED.);
#147=B_SPLINE_CURVE_WITH_KNOTS('',3,(#5643,#5644,#5645,#5646,#5647,#5648,
#5649,#5650,#5651,#5652,#5653,#5654,#5655,#5656,#5657,#5658,#5659,#5660,
#5661,#5662,#5663,#5664,#5665,#5666,#5667,#5668,#5669,#5670,#5671,#5672,
#5673),.UNSPECIFIED.,.F.,.F.,(4,1,1,1,1,1,1,1,1,1,1,1,1,1,1,1,1,1,1,1,1,
1,1,1,1,1,1,1,4),(0.,0.0823772853024615,0.0938306262897291,0.108616823003002,
0.126112085939735,0.145949849003564,0.167881321009161,0.19172334455579,
0.21733378598443,0.244598182807533,0.273421783527893,0.3037244662991,0.335437321862574,
0.368500259315378,0.402860271803029,0.438470145200646,0.475287474119474,
0.51327389714278,0.552394492224503,0.59261729154325,0.633912887077917,0.676254106192655,
0.719615742020998,0.763974327292873,0.809307942998612,0.855596055280363,
0.902819375412231,0.950959738829641,0.969854434106185),.UNSPECIFIED.);
#148=B_SPLINE_CURVE_WITH_KNOTS('',3,(#5677,#5678,#5679,#5680,#5681,#5682,
#5683,#5684,#5685,#5686,#5687,#5688,#5689,#5690,#5691,#5692,#5693,#5694,
#5695,#5696,#5697,#5698,#5699,#5700,#5701,#5702,#5703,#5704,#5705,#5706,
#5707),.UNSPECIFIED.,.F.,.F.,(4,1,1,1,1,1,1,1,1,1,1,1,1,1,1,1,1,1,1,1,1,
1,1,1,1,1,1,1,4),(0.,0.0823772853024615,0.0938306262897291,0.108616823003002,
0.126112085939735,0.145949849003564,0.167881321009161,0.19172334455579,
0.21733378598443,0.244598182807533,0.273421783527893,0.3037244662991,0.335437321862574,
0.368500259315378,0.402860271803029,0.438470145200646,0.475287474119474,
0.51327389714278,0.552394492224503,0.59261729154325,0.633912887077917,0.676254106192655,
0.719615742020998,0.763974327292873,0.809307942998612,0.855596055280363,
0.902819375412231,0.950959738829641,0.969854434106185),.UNSPECIFIED.);
#149=B_SPLINE_CURVE_WITH_KNOTS('',3,(#5708,#5709,#5710,#5711,#5712,#5713,
#5714,#5715,#5716,#5717,#5718,#5719,#5720,#5721,#5722,#5723,#5724,#5725,
#5726,#5727,#5728,#5729,#5730,#5731,#5732,#5733,#5734,#5735,#5736,#5737,
#5738),.UNSPECIFIED.,.F.,.F.,(4,1,1,1,1,1,1,1,1,1,1,1,1,1,1,1,1,1,1,1,1,
1,1,1,1,1,1,1,4),(0.,0.0823772853024615,0.0938306262897291,0.108616823003002,
0.126112085939735,0.145949849003564,0.167881321009161,0.19172334455579,
0.21733378598443,0.244598182807533,0.273421783527893,0.3037244662991,0.335437321862574,
0.368500259315378,0.402860271803029,0.438470145200646,0.475287474119474,
0.51327389714278,0.552394492224503,0.59261729154325,0.633912887077917,0.676254106192655,
0.719615742020998,0.763974327292873,0.809307942998612,0.855596055280363,
0.902819375412231,0.950959738829641,0.969854434106185),.UNSPECIFIED.);
#150=B_SPLINE_CURVE_WITH_KNOTS('',3,(#5742,#5743,#5744,#5745,#5746,#5747,
#5748,#5749,#5750,#5751,#5752,#5753,#5754,#5755,#5756,#5757,#5758,#5759,
#5760,#5761,#5762,#5763,#5764,#5765,#5766,#5767,#5768,#5769,#5770,#5771,
#5772),.UNSPECIFIED.,.F.,.F.,(4,1,1,1,1,1,1,1,1,1,1,1,1,1,1,1,1,1,1,1,1,
1,1,1,1,1,1,1,4),(0.,0.0823772853024615,0.0938306262897291,0.108616823003002,
0.126112085939735,0.145949849003564,0.167881321009161,0.19172334455579,
0.21733378598443,0.244598182807533,0.273421783527893,0.3037244662991,0.335437321862574,
0.368500259315378,0.402860271803029,0.438470145200646,0.475287474119474,
0.51327389714278,0.552394492224503,0.59261729154325,0.633912887077917,0.676254106192655,
0.719615742020998,0.763974327292873,0.809307942998612,0.855596055280363,
0.902819375412231,0.950959738829641,0.969854434106185),.UNSPECIFIED.);
#151=B_SPLINE_CURVE_WITH_KNOTS('',3,(#5773,#5774,#5775,#5776,#5777,#5778,
#5779,#5780,#5781,#5782,#5783,#5784,#5785,#5786,#5787,#5788,#5789,#5790,
#5791,#5792,#5793,#5794,#5795,#5796,#5797,#5798,#5799,#5800,#5801,#5802,
#5803),.UNSPECIFIED.,.F.,.F.,(4,1,1,1,1,1,1,1,1,1,1,1,1,1,1,1,1,1,1,1,1,
1,1,1,1,1,1,1,4),(0.,0.0823772853024615,0.0938306262897291,0.108616823003002,
0.126112085939735,0.145949849003564,0.167881321009161,0.19172334455579,
0.21733378598443,0.244598182807533,0.273421783527893,0.3037244662991,0.335437321862574,
0.368500259315378,0.402860271803029,0.438470145200646,0.475287474119474,
0.51327389714278,0.552394492224503,0.59261729154325,0.633912887077917,0.676254106192655,
0.719615742020998,0.763974327292873,0.809307942998612,0.855596055280363,
0.902819375412231,0.950959738829641,0.969854434106185),.UNSPECIFIED.);
#152=B_SPLINE_CURVE_WITH_KNOTS('',3,(#5807,#5808,#5809,#5810,#5811,#5812,
#5813,#5814,#5815,#5816,#5817,#5818,#5819,#5820,#5821,#5822,#5823,#5824,
#5825,#5826,#5827,#5828,#5829,#5830,#5831,#5832,#5833,#5834,#5835,#5836,
#5837),.UNSPECIFIED.,.F.,.F.,(4,1,1,1,1,1,1,1,1,1,1,1,1,1,1,1,1,1,1,1,1,
1,1,1,1,1,1,1,4),(0.,0.0823772853024615,0.0938306262897291,0.108616823003002,
0.126112085939735,0.145949849003564,0.167881321009161,0.19172334455579,
0.21733378598443,0.244598182807533,0.273421783527893,0.3037244662991,0.335437321862574,
0.368500259315378,0.402860271803029,0.438470145200646,0.475287474119474,
0.51327389714278,0.552394492224503,0.59261729154325,0.633912887077917,0.676254106192655,
0.719615742020998,0.763974327292873,0.809307942998612,0.855596055280363,
0.902819375412231,0.950959738829641,0.969854434106185),.UNSPECIFIED.);
#153=B_SPLINE_CURVE_WITH_KNOTS('',3,(#5838,#5839,#5840,#5841,#5842,#5843,
#5844,#5845,#5846,#5847,#5848,#5849,#5850,#5851,#5852,#5853,#5854,#5855,
#5856,#5857,#5858,#5859,#5860,#5861,#5862,#5863,#5864,#5865,#5866,#5867,
#5868),.UNSPECIFIED.,.F.,.F.,(4,1,1,1,1,1,1,1,1,1,1,1,1,1,1,1,1,1,1,1,1,
1,1,1,1,1,1,1,4),(0.,0.0823772853024615,0.0938306262897291,0.108616823003002,
0.126112085939735,0.145949849003564,0.167881321009161,0.19172334455579,
0.21733378598443,0.244598182807533,0.273421783527893,0.3037244662991,0.335437321862574,
0.368500259315378,0.402860271803029,0.438470145200646,0.475287474119474,
0.51327389714278,0.552394492224503,0.59261729154325,0.633912887077917,0.676254106192655,
0.719615742020998,0.763974327292873,0.809307942998612,0.855596055280363,
0.902819375412231,0.950959738829641,0.969854434106185),.UNSPECIFIED.);
#154=B_SPLINE_CURVE_WITH_KNOTS('',3,(#5872,#5873,#5874,#5875,#5876,#5877,
#5878,#5879,#5880,#5881,#5882,#5883,#5884,#5885,#5886,#5887,#5888,#5889,
#5890,#5891,#5892,#5893,#5894,#5895,#5896,#5897,#5898,#5899,#5900,#5901,
#5902),.UNSPECIFIED.,.F.,.F.,(4,1,1,1,1,1,1,1,1,1,1,1,1,1,1,1,1,1,1,1,1,
1,1,1,1,1,1,1,4),(0.,0.0823772853024615,0.0938306262897291,0.108616823003002,
0.126112085939735,0.145949849003564,0.167881321009161,0.19172334455579,
0.21733378598443,0.244598182807533,0.273421783527893,0.3037244662991,0.335437321862574,
0.368500259315378,0.402860271803029,0.438470145200646,0.475287474119474,
0.51327389714278,0.552394492224503,0.59261729154325,0.633912887077917,0.676254106192655,
0.719615742020998,0.763974327292873,0.809307942998612,0.855596055280363,
0.902819375412231,0.950959738829641,0.969854434106185),.UNSPECIFIED.);
#155=B_SPLINE_CURVE_WITH_KNOTS('',3,(#5903,#5904,#5905,#5906,#5907,#5908,
#5909,#5910,#5911,#5912,#5913,#5914,#5915,#5916,#5917,#5918,#5919,#5920,
#5921,#5922,#5923,#5924,#5925,#5926,#5927,#5928,#5929,#5930,#5931,#5932,
#5933),.UNSPECIFIED.,.F.,.F.,(4,1,1,1,1,1,1,1,1,1,1,1,1,1,1,1,1,1,1,1,1,
1,1,1,1,1,1,1,4),(0.,0.0823772853024615,0.0938306262897291,0.108616823003002,
0.126112085939735,0.145949849003564,0.167881321009161,0.19172334455579,
0.21733378598443,0.244598182807533,0.273421783527893,0.3037244662991,0.335437321862574,
0.368500259315378,0.402860271803029,0.438470145200646,0.475287474119474,
0.51327389714278,0.552394492224503,0.59261729154325,0.633912887077917,0.676254106192655,
0.719615742020998,0.763974327292873,0.809307942998612,0.855596055280363,
0.902819375412231,0.950959738829641,0.969854434106185),.UNSPECIFIED.);
#156=B_SPLINE_CURVE_WITH_KNOTS('',3,(#5937,#5938,#5939,#5940,#5941,#5942,
#5943,#5944,#5945,#5946,#5947,#5948,#5949,#5950,#5951,#5952,#5953,#5954,
#5955,#5956,#5957,#5958,#5959,#5960,#5961,#5962,#5963,#5964,#5965,#5966,
#5967),.UNSPECIFIED.,.F.,.F.,(4,1,1,1,1,1,1,1,1,1,1,1,1,1,1,1,1,1,1,1,1,
1,1,1,1,1,1,1,4),(0.,0.0823772853024615,0.0938306262897291,0.108616823003002,
0.126112085939735,0.145949849003564,0.167881321009161,0.19172334455579,
0.21733378598443,0.244598182807533,0.273421783527893,0.3037244662991,0.335437321862574,
0.368500259315378,0.402860271803029,0.438470145200646,0.475287474119474,
0.51327389714278,0.552394492224503,0.59261729154325,0.633912887077917,0.676254106192655,
0.719615742020998,0.763974327292873,0.809307942998612,0.855596055280363,
0.902819375412231,0.950959738829641,0.969854434106185),.UNSPECIFIED.);
#157=B_SPLINE_CURVE_WITH_KNOTS('',3,(#5968,#5969,#5970,#5971,#5972,#5973,
#5974,#5975,#5976,#5977,#5978,#5979,#5980,#5981,#5982,#5983,#5984,#5985,
#5986,#5987,#5988,#5989,#5990,#5991,#5992,#5993,#5994,#5995,#5996,#5997,
#5998),.UNSPECIFIED.,.F.,.F.,(4,1,1,1,1,1,1,1,1,1,1,1,1,1,1,1,1,1,1,1,1,
1,1,1,1,1,1,1,4),(0.,0.0823772853024615,0.0938306262897291,0.108616823003002,
0.126112085939735,0.145949849003564,0.167881321009161,0.19172334455579,
0.21733378598443,0.244598182807533,0.273421783527893,0.3037244662991,0.335437321862574,
0.368500259315378,0.402860271803029,0.438470145200646,0.475287474119474,
0.51327389714278,0.552394492224503,0.59261729154325,0.633912887077917,0.676254106192655,
0.719615742020998,0.763974327292873,0.809307942998612,0.855596055280363,
0.902819375412231,0.950959738829641,0.969854434106185),.UNSPECIFIED.);
#158=B_SPLINE_CURVE_WITH_KNOTS('',3,(#6002,#6003,#6004,#6005,#6006,#6007,
#6008,#6009,#6010,#6011,#6012,#6013,#6014,#6015,#6016,#6017,#6018,#6019,
#6020,#6021,#6022,#6023,#6024,#6025,#6026,#6027,#6028,#6029,#6030,#6031,
#6032),.UNSPECIFIED.,.F.,.F.,(4,1,1,1,1,1,1,1,1,1,1,1,1,1,1,1,1,1,1,1,1,
1,1,1,1,1,1,1,4),(0.,0.0823772853024615,0.0938306262897291,0.108616823003002,
0.126112085939735,0.145949849003564,0.167881321009161,0.19172334455579,
0.21733378598443,0.244598182807533,0.273421783527893,0.3037244662991,0.335437321862574,
0.368500259315378,0.402860271803029,0.438470145200646,0.475287474119474,
0.51327389714278,0.552394492224503,0.59261729154325,0.633912887077917,0.676254106192655,
0.719615742020998,0.763974327292873,0.809307942998612,0.855596055280363,
0.902819375412231,0.950959738829641,0.969854434106185),.UNSPECIFIED.);
#159=B_SPLINE_CURVE_WITH_KNOTS('',3,(#6033,#6034,#6035,#6036,#6037,#6038,
#6039,#6040,#6041,#6042,#6043,#6044,#6045,#6046,#6047,#6048,#6049,#6050,
#6051,#6052,#6053,#6054,#6055,#6056,#6057,#6058,#6059,#6060,#6061,#6062,
#6063),.UNSPECIFIED.,.F.,.F.,(4,1,1,1,1,1,1,1,1,1,1,1,1,1,1,1,1,1,1,1,1,
1,1,1,1,1,1,1,4),(0.,0.0823772853024615,0.0938306262897291,0.108616823003002,
0.126112085939735,0.145949849003564,0.167881321009161,0.19172334455579,
0.21733378598443,0.244598182807533,0.273421783527893,0.3037244662991,0.335437321862574,
0.368500259315378,0.402860271803029,0.438470145200646,0.475287474119474,
0.51327389714278,0.552394492224503,0.59261729154325,0.633912887077917,0.676254106192655,
0.719615742020998,0.763974327292873,0.809307942998612,0.855596055280363,
0.902819375412231,0.950959738829641,0.969854434106185),.UNSPECIFIED.);
#160=B_SPLINE_CURVE_WITH_KNOTS('',3,(#6067,#6068,#6069,#6070,#6071,#6072,
#6073,#6074,#6075,#6076,#6077,#6078,#6079,#6080,#6081,#6082,#6083,#6084,
#6085,#6086,#6087,#6088,#6089,#6090,#6091,#6092,#6093,#6094,#6095,#6096,
#6097),.UNSPECIFIED.,.F.,.F.,(4,1,1,1,1,1,1,1,1,1,1,1,1,1,1,1,1,1,1,1,1,
1,1,1,1,1,1,1,4),(0.,0.0823772853024615,0.0938306262897291,0.108616823003002,
0.126112085939735,0.145949849003564,0.167881321009161,0.19172334455579,
0.21733378598443,0.244598182807533,0.273421783527893,0.3037244662991,0.335437321862574,
0.368500259315378,0.402860271803029,0.438470145200646,0.475287474119474,
0.51327389714278,0.552394492224503,0.59261729154325,0.633912887077917,0.676254106192655,
0.719615742020998,0.763974327292873,0.809307942998612,0.855596055280363,
0.902819375412231,0.950959738829641,0.969854434106185),.UNSPECIFIED.);
#161=B_SPLINE_CURVE_WITH_KNOTS('',3,(#6098,#6099,#6100,#6101,#6102,#6103,
#6104,#6105,#6106,#6107,#6108,#6109,#6110,#6111,#6112,#6113,#6114,#6115,
#6116,#6117,#6118,#6119,#6120,#6121,#6122,#6123,#6124,#6125,#6126,#6127,
#6128),.UNSPECIFIED.,.F.,.F.,(4,1,1,1,1,1,1,1,1,1,1,1,1,1,1,1,1,1,1,1,1,
1,1,1,1,1,1,1,4),(0.,0.0823772853024615,0.0938306262897291,0.108616823003002,
0.126112085939735,0.145949849003564,0.167881321009161,0.19172334455579,
0.21733378598443,0.244598182807533,0.273421783527893,0.3037244662991,0.335437321862574,
0.368500259315378,0.402860271803029,0.438470145200646,0.475287474119474,
0.51327389714278,0.552394492224503,0.59261729154325,0.633912887077917,0.676254106192655,
0.719615742020998,0.763974327292873,0.809307942998612,0.855596055280363,
0.902819375412231,0.950959738829641,0.969854434106185),.UNSPECIFIED.);
#162=B_SPLINE_CURVE_WITH_KNOTS('',3,(#6132,#6133,#6134,#6135,#6136,#6137,
#6138,#6139,#6140,#6141,#6142,#6143,#6144,#6145,#6146,#6147,#6148,#6149,
#6150,#6151,#6152,#6153,#6154,#6155,#6156,#6157,#6158,#6159,#6160,#6161,
#6162),.UNSPECIFIED.,.F.,.F.,(4,1,1,1,1,1,1,1,1,1,1,1,1,1,1,1,1,1,1,1,1,
1,1,1,1,1,1,1,4),(0.,0.0823772853024615,0.0938306262897291,0.108616823003002,
0.126112085939735,0.145949849003564,0.167881321009161,0.19172334455579,
0.21733378598443,0.244598182807533,0.273421783527893,0.3037244662991,0.335437321862574,
0.368500259315378,0.402860271803029,0.438470145200646,0.475287474119474,
0.51327389714278,0.552394492224503,0.59261729154325,0.633912887077917,0.676254106192655,
0.719615742020998,0.763974327292873,0.809307942998612,0.855596055280363,
0.902819375412231,0.950959738829641,0.969854434106185),.UNSPECIFIED.);
#163=B_SPLINE_CURVE_WITH_KNOTS('',3,(#6163,#6164,#6165,#6166,#6167,#6168,
#6169,#6170,#6171,#6172,#6173,#6174,#6175,#6176,#6177,#6178,#6179,#6180,
#6181,#6182,#6183,#6184,#6185,#6186,#6187,#6188,#6189,#6190,#6191,#6192,
#6193),.UNSPECIFIED.,.F.,.F.,(4,1,1,1,1,1,1,1,1,1,1,1,1,1,1,1,1,1,1,1,1,
1,1,1,1,1,1,1,4),(0.,0.0823772853024615,0.0938306262897291,0.108616823003002,
0.126112085939735,0.145949849003564,0.167881321009161,0.19172334455579,
0.21733378598443,0.244598182807533,0.273421783527893,0.3037244662991,0.335437321862574,
0.368500259315378,0.402860271803029,0.438470145200646,0.475287474119474,
0.51327389714278,0.552394492224503,0.59261729154325,0.633912887077917,0.676254106192655,
0.719615742020998,0.763974327292873,0.809307942998612,0.855596055280363,
0.902819375412231,0.950959738829641,0.969854434106185),.UNSPECIFIED.);
#164=B_SPLINE_CURVE_WITH_KNOTS('',3,(#6197,#6198,#6199,#6200,#6201,#6202,
#6203,#6204,#6205,#6206,#6207,#6208,#6209,#6210,#6211,#6212,#6213,#6214,
#6215,#6216,#6217,#6218,#6219,#6220,#6221,#6222,#6223,#6224,#6225,#6226,
#6227),.UNSPECIFIED.,.F.,.F.,(4,1,1,1,1,1,1,1,1,1,1,1,1,1,1,1,1,1,1,1,1,
1,1,1,1,1,1,1,4),(0.,0.0823772853024615,0.0938306262897291,0.108616823003002,
0.126112085939735,0.145949849003564,0.167881321009161,0.19172334455579,
0.21733378598443,0.244598182807533,0.273421783527893,0.3037244662991,0.335437321862574,
0.368500259315378,0.402860271803029,0.438470145200646,0.475287474119474,
0.51327389714278,0.552394492224503,0.59261729154325,0.633912887077917,0.676254106192655,
0.719615742020998,0.763974327292873,0.809307942998612,0.855596055280363,
0.902819375412231,0.950959738829641,0.969854434106185),.UNSPECIFIED.);
#165=B_SPLINE_CURVE_WITH_KNOTS('',3,(#6228,#6229,#6230,#6231,#6232,#6233,
#6234,#6235,#6236,#6237,#6238,#6239,#6240,#6241,#6242,#6243,#6244,#6245,
#6246,#6247,#6248,#6249,#6250,#6251,#6252,#6253,#6254,#6255,#6256,#6257,
#6258),.UNSPECIFIED.,.F.,.F.,(4,1,1,1,1,1,1,1,1,1,1,1,1,1,1,1,1,1,1,1,1,
1,1,1,1,1,1,1,4),(0.,0.0823772853024615,0.0938306262897291,0.108616823003002,
0.126112085939735,0.145949849003564,0.167881321009161,0.19172334455579,
0.21733378598443,0.244598182807533,0.273421783527893,0.3037244662991,0.335437321862574,
0.368500259315378,0.402860271803029,0.438470145200646,0.475287474119474,
0.51327389714278,0.552394492224503,0.59261729154325,0.633912887077917,0.676254106192655,
0.719615742020998,0.763974327292873,0.809307942998612,0.855596055280363,
0.902819375412231,0.950959738829641,0.969854434106185),.UNSPECIFIED.);
#166=B_SPLINE_CURVE_WITH_KNOTS('',3,(#6262,#6263,#6264,#6265,#6266,#6267,
#6268,#6269,#6270,#6271,#6272,#6273,#6274,#6275,#6276,#6277,#6278,#6279,
#6280,#6281,#6282,#6283,#6284,#6285,#6286,#6287,#6288,#6289,#6290,#6291,
#6292),.UNSPECIFIED.,.F.,.F.,(4,1,1,1,1,1,1,1,1,1,1,1,1,1,1,1,1,1,1,1,1,
1,1,1,1,1,1,1,4),(0.,0.0823772853024615,0.0938306262897291,0.108616823003002,
0.126112085939735,0.145949849003564,0.167881321009161,0.19172334455579,
0.21733378598443,0.244598182807533,0.273421783527893,0.3037244662991,0.335437321862574,
0.368500259315378,0.402860271803029,0.438470145200646,0.475287474119474,
0.51327389714278,0.552394492224503,0.59261729154325,0.633912887077917,0.676254106192655,
0.719615742020998,0.763974327292873,0.809307942998612,0.855596055280363,
0.902819375412231,0.950959738829641,0.969854434106185),.UNSPECIFIED.);
#167=B_SPLINE_CURVE_WITH_KNOTS('',3,(#6293,#6294,#6295,#6296,#6297,#6298,
#6299,#6300,#6301,#6302,#6303,#6304,#6305,#6306,#6307,#6308,#6309,#6310,
#6311,#6312,#6313,#6314,#6315,#6316,#6317,#6318,#6319,#6320,#6321,#6322,
#6323),.UNSPECIFIED.,.F.,.F.,(4,1,1,1,1,1,1,1,1,1,1,1,1,1,1,1,1,1,1,1,1,
1,1,1,1,1,1,1,4),(0.,0.0823772853024615,0.0938306262897291,0.108616823003002,
0.126112085939735,0.145949849003564,0.167881321009161,0.19172334455579,
0.21733378598443,0.244598182807533,0.273421783527893,0.3037244662991,0.335437321862574,
0.368500259315378,0.402860271803029,0.438470145200646,0.475287474119474,
0.51327389714278,0.552394492224503,0.59261729154325,0.633912887077917,0.676254106192655,
0.719615742020998,0.763974327292873,0.809307942998612,0.855596055280363,
0.902819375412231,0.950959738829641,0.969854434106185),.UNSPECIFIED.);
#168=B_SPLINE_CURVE_WITH_KNOTS('',3,(#6327,#6328,#6329,#6330,#6331,#6332,
#6333,#6334,#6335,#6336,#6337,#6338,#6339,#6340,#6341,#6342,#6343,#6344,
#6345,#6346,#6347,#6348,#6349,#6350,#6351,#6352,#6353,#6354,#6355,#6356,
#6357),.UNSPECIFIED.,.F.,.F.,(4,1,1,1,1,1,1,1,1,1,1,1,1,1,1,1,1,1,1,1,1,
1,1,1,1,1,1,1,4),(0.,0.0823772853024615,0.0938306262897291,0.108616823003002,
0.126112085939735,0.145949849003564,0.167881321009161,0.19172334455579,
0.21733378598443,0.244598182807533,0.273421783527893,0.3037244662991,0.335437321862574,
0.368500259315378,0.402860271803029,0.438470145200646,0.475287474119474,
0.51327389714278,0.552394492224503,0.59261729154325,0.633912887077917,0.676254106192655,
0.719615742020998,0.763974327292873,0.809307942998612,0.855596055280363,
0.902819375412231,0.950959738829641,0.969854434106185),.UNSPECIFIED.);
#169=B_SPLINE_CURVE_WITH_KNOTS('',3,(#6358,#6359,#6360,#6361,#6362,#6363,
#6364,#6365,#6366,#6367,#6368,#6369,#6370,#6371,#6372,#6373,#6374,#6375,
#6376,#6377,#6378,#6379,#6380,#6381,#6382,#6383,#6384,#6385,#6386,#6387,
#6388),.UNSPECIFIED.,.F.,.F.,(4,1,1,1,1,1,1,1,1,1,1,1,1,1,1,1,1,1,1,1,1,
1,1,1,1,1,1,1,4),(0.,0.0823772853024615,0.0938306262897291,0.108616823003002,
0.126112085939735,0.145949849003564,0.167881321009161,0.19172334455579,
0.21733378598443,0.244598182807533,0.273421783527893,0.3037244662991,0.335437321862574,
0.368500259315378,0.402860271803029,0.438470145200646,0.475287474119474,
0.51327389714278,0.552394492224503,0.59261729154325,0.633912887077917,0.676254106192655,
0.719615742020998,0.763974327292873,0.809307942998612,0.855596055280363,
0.902819375412231,0.950959738829641,0.969854434106185),.UNSPECIFIED.);
#170=B_SPLINE_CURVE_WITH_KNOTS('',3,(#6392,#6393,#6394,#6395,#6396,#6397,
#6398,#6399,#6400,#6401,#6402,#6403,#6404,#6405,#6406,#6407,#6408,#6409,
#6410,#6411,#6412,#6413,#6414,#6415,#6416,#6417,#6418,#6419,#6420,#6421,
#6422),.UNSPECIFIED.,.F.,.F.,(4,1,1,1,1,1,1,1,1,1,1,1,1,1,1,1,1,1,1,1,1,
1,1,1,1,1,1,1,4),(0.,0.0823772853024615,0.0938306262897291,0.108616823003002,
0.126112085939735,0.145949849003564,0.167881321009161,0.19172334455579,
0.21733378598443,0.244598182807533,0.273421783527893,0.3037244662991,0.335437321862574,
0.368500259315378,0.402860271803029,0.438470145200646,0.475287474119474,
0.51327389714278,0.552394492224503,0.59261729154325,0.633912887077917,0.676254106192655,
0.719615742020998,0.763974327292873,0.809307942998612,0.855596055280363,
0.902819375412231,0.950959738829641,0.969854434106185),.UNSPECIFIED.);
#171=B_SPLINE_CURVE_WITH_KNOTS('',3,(#6423,#6424,#6425,#6426,#6427,#6428,
#6429,#6430,#6431,#6432,#6433,#6434,#6435,#6436,#6437,#6438,#6439,#6440,
#6441,#6442,#6443,#6444,#6445,#6446,#6447,#6448,#6449,#6450,#6451,#6452,
#6453),.UNSPECIFIED.,.F.,.F.,(4,1,1,1,1,1,1,1,1,1,1,1,1,1,1,1,1,1,1,1,1,
1,1,1,1,1,1,1,4),(0.,0.0823772853024615,0.0938306262897291,0.108616823003002,
0.126112085939735,0.145949849003564,0.167881321009161,0.19172334455579,
0.21733378598443,0.244598182807533,0.273421783527893,0.3037244662991,0.335437321862574,
0.368500259315378,0.402860271803029,0.438470145200646,0.475287474119474,
0.51327389714278,0.552394492224503,0.59261729154325,0.633912887077917,0.676254106192655,
0.719615742020998,0.763974327292873,0.809307942998612,0.855596055280363,
0.902819375412231,0.950959738829641,0.969854434106185),.UNSPECIFIED.);
#172=B_SPLINE_CURVE_WITH_KNOTS('',3,(#6457,#6458,#6459,#6460,#6461,#6462,
#6463,#6464,#6465,#6466,#6467,#6468,#6469,#6470,#6471,#6472,#6473,#6474,
#6475,#6476,#6477,#6478,#6479,#6480,#6481,#6482,#6483,#6484,#6485,#6486,
#6487),.UNSPECIFIED.,.F.,.F.,(4,1,1,1,1,1,1,1,1,1,1,1,1,1,1,1,1,1,1,1,1,
1,1,1,1,1,1,1,4),(0.,0.0823772853024615,0.0938306262897291,0.108616823003002,
0.126112085939735,0.145949849003564,0.167881321009161,0.19172334455579,
0.21733378598443,0.244598182807533,0.273421783527893,0.3037244662991,0.335437321862574,
0.368500259315378,0.402860271803029,0.438470145200646,0.475287474119474,
0.51327389714278,0.552394492224503,0.59261729154325,0.633912887077917,0.676254106192655,
0.719615742020998,0.763974327292873,0.809307942998612,0.855596055280363,
0.902819375412231,0.950959738829641,0.969854434106185),.UNSPECIFIED.);
#173=B_SPLINE_CURVE_WITH_KNOTS('',3,(#6488,#6489,#6490,#6491,#6492,#6493,
#6494,#6495,#6496,#6497,#6498,#6499,#6500,#6501,#6502,#6503,#6504,#6505,
#6506,#6507,#6508,#6509,#6510,#6511,#6512,#6513,#6514,#6515,#6516,#6517,
#6518),.UNSPECIFIED.,.F.,.F.,(4,1,1,1,1,1,1,1,1,1,1,1,1,1,1,1,1,1,1,1,1,
1,1,1,1,1,1,1,4),(0.,0.0823772853024615,0.0938306262897291,0.108616823003002,
0.126112085939735,0.145949849003564,0.167881321009161,0.19172334455579,
0.21733378598443,0.244598182807533,0.273421783527893,0.3037244662991,0.335437321862574,
0.368500259315378,0.402860271803029,0.438470145200646,0.475287474119474,
0.51327389714278,0.552394492224503,0.59261729154325,0.633912887077917,0.676254106192655,
0.719615742020998,0.763974327292873,0.809307942998612,0.855596055280363,
0.902819375412231,0.950959738829641,0.969854434106185),.UNSPECIFIED.);
#174=B_SPLINE_CURVE_WITH_KNOTS('',3,(#6522,#6523,#6524,#6525,#6526,#6527,
#6528,#6529,#6530,#6531,#6532,#6533,#6534,#6535,#6536,#6537,#6538,#6539,
#6540,#6541,#6542,#6543,#6544,#6545,#6546,#6547,#6548,#6549,#6550,#6551,
#6552),.UNSPECIFIED.,.F.,.F.,(4,1,1,1,1,1,1,1,1,1,1,1,1,1,1,1,1,1,1,1,1,
1,1,1,1,1,1,1,4),(0.,0.0823772853024615,0.0938306262897291,0.108616823003002,
0.126112085939735,0.145949849003564,0.167881321009161,0.19172334455579,
0.21733378598443,0.244598182807533,0.273421783527893,0.3037244662991,0.335437321862574,
0.368500259315378,0.402860271803029,0.438470145200646,0.475287474119474,
0.51327389714278,0.552394492224503,0.59261729154325,0.633912887077917,0.676254106192655,
0.719615742020998,0.763974327292873,0.809307942998612,0.855596055280363,
0.902819375412231,0.950959738829641,0.969854434106185),.UNSPECIFIED.);
#175=B_SPLINE_CURVE_WITH_KNOTS('',3,(#6553,#6554,#6555,#6556,#6557,#6558,
#6559,#6560,#6561,#6562,#6563,#6564,#6565,#6566,#6567,#6568,#6569,#6570,
#6571,#6572,#6573,#6574,#6575,#6576,#6577,#6578,#6579,#6580,#6581,#6582,
#6583),.UNSPECIFIED.,.F.,.F.,(4,1,1,1,1,1,1,1,1,1,1,1,1,1,1,1,1,1,1,1,1,
1,1,1,1,1,1,1,4),(0.,0.0823772853024615,0.0938306262897291,0.108616823003002,
0.126112085939735,0.145949849003564,0.167881321009161,0.19172334455579,
0.21733378598443,0.244598182807533,0.273421783527893,0.3037244662991,0.335437321862574,
0.368500259315378,0.402860271803029,0.438470145200646,0.475287474119474,
0.51327389714278,0.552394492224503,0.59261729154325,0.633912887077917,0.676254106192655,
0.719615742020998,0.763974327292873,0.809307942998612,0.855596055280363,
0.902819375412231,0.950959738829641,0.969854434106185),.UNSPECIFIED.);
#176=B_SPLINE_CURVE_WITH_KNOTS('',3,(#6587,#6588,#6589,#6590,#6591,#6592,
#6593,#6594,#6595,#6596,#6597,#6598,#6599,#6600,#6601,#6602,#6603,#6604,
#6605,#6606,#6607,#6608,#6609,#6610,#6611,#6612,#6613,#6614,#6615,#6616,
#6617),.UNSPECIFIED.,.F.,.F.,(4,1,1,1,1,1,1,1,1,1,1,1,1,1,1,1,1,1,1,1,1,
1,1,1,1,1,1,1,4),(0.,0.0823772853024615,0.0938306262897291,0.108616823003002,
0.126112085939735,0.145949849003564,0.167881321009161,0.19172334455579,
0.21733378598443,0.244598182807533,0.273421783527893,0.3037244662991,0.335437321862574,
0.368500259315378,0.402860271803029,0.438470145200646,0.475287474119474,
0.51327389714278,0.552394492224503,0.59261729154325,0.633912887077917,0.676254106192655,
0.719615742020998,0.763974327292873,0.809307942998612,0.855596055280363,
0.902819375412231,0.950959738829641,0.969854434106185),.UNSPECIFIED.);
#177=B_SPLINE_CURVE_WITH_KNOTS('',3,(#6618,#6619,#6620,#6621,#6622,#6623,
#6624,#6625,#6626,#6627,#6628,#6629,#6630,#6631,#6632,#6633,#6634,#6635,
#6636,#6637,#6638,#6639,#6640,#6641,#6642,#6643,#6644,#6645,#6646,#6647,
#6648),.UNSPECIFIED.,.F.,.F.,(4,1,1,1,1,1,1,1,1,1,1,1,1,1,1,1,1,1,1,1,1,
1,1,1,1,1,1,1,4),(0.,0.0823772853024615,0.0938306262897291,0.108616823003002,
0.126112085939735,0.145949849003564,0.167881321009161,0.19172334455579,
0.21733378598443,0.244598182807533,0.273421783527893,0.3037244662991,0.335437321862574,
0.368500259315378,0.402860271803029,0.438470145200646,0.475287474119474,
0.51327389714278,0.552394492224503,0.59261729154325,0.633912887077917,0.676254106192655,
0.719615742020998,0.763974327292873,0.809307942998612,0.855596055280363,
0.902819375412231,0.950959738829641,0.969854434106185),.UNSPECIFIED.);
#178=B_SPLINE_CURVE_WITH_KNOTS('',3,(#6652,#6653,#6654,#6655,#6656,#6657,
#6658,#6659,#6660,#6661,#6662,#6663,#6664,#6665,#6666,#6667,#6668,#6669,
#6670,#6671,#6672,#6673,#6674,#6675,#6676,#6677,#6678,#6679,#6680,#6681,
#6682),.UNSPECIFIED.,.F.,.F.,(4,1,1,1,1,1,1,1,1,1,1,1,1,1,1,1,1,1,1,1,1,
1,1,1,1,1,1,1,4),(0.,0.0823772853024615,0.0938306262897291,0.108616823003002,
0.126112085939735,0.145949849003564,0.167881321009161,0.19172334455579,
0.21733378598443,0.244598182807533,0.273421783527893,0.3037244662991,0.335437321862574,
0.368500259315378,0.402860271803029,0.438470145200646,0.475287474119474,
0.51327389714278,0.552394492224503,0.59261729154325,0.633912887077917,0.676254106192655,
0.719615742020998,0.763974327292873,0.809307942998612,0.855596055280363,
0.902819375412231,0.950959738829641,0.969854434106185),.UNSPECIFIED.);
#179=B_SPLINE_CURVE_WITH_KNOTS('',3,(#6683,#6684,#6685,#6686,#6687,#6688,
#6689,#6690,#6691,#6692,#6693,#6694,#6695,#6696,#6697,#6698,#6699,#6700,
#6701,#6702,#6703,#6704,#6705,#6706,#6707,#6708,#6709,#6710,#6711,#6712,
#6713),.UNSPECIFIED.,.F.,.F.,(4,1,1,1,1,1,1,1,1,1,1,1,1,1,1,1,1,1,1,1,1,
1,1,1,1,1,1,1,4),(0.,0.0823772853024615,0.0938306262897291,0.108616823003002,
0.126112085939735,0.145949849003564,0.167881321009161,0.19172334455579,
0.21733378598443,0.244598182807533,0.273421783527893,0.3037244662991,0.335437321862574,
0.368500259315378,0.402860271803029,0.438470145200646,0.475287474119474,
0.51327389714278,0.552394492224503,0.59261729154325,0.633912887077917,0.676254106192655,
0.719615742020998,0.763974327292873,0.809307942998612,0.855596055280363,
0.902819375412231,0.950959738829641,0.969854434106185),.UNSPECIFIED.);
#180=PLANE('',#2268);
#181=PLANE('',#2297);
#182=CIRCLE('',#2182,0.015);
#183=CIRCLE('',#2183,0.015);
#184=CIRCLE('',#2185,0.015);
#185=CIRCLE('',#2186,0.015);
#186=CIRCLE('',#2188,0.015);
#187=CIRCLE('',#2189,0.015);
#188=CIRCLE('',#2191,0.015);
#189=CIRCLE('',#2192,0.015);
#190=CIRCLE('',#2194,0.015);
#191=CIRCLE('',#2195,0.015);
#192=CIRCLE('',#2197,0.015);
#193=CIRCLE('',#2198,0.015);
#194=CIRCLE('',#2200,0.015);
#195=CIRCLE('',#2201,0.015);
#196=CIRCLE('',#2203,0.015);
#197=CIRCLE('',#2204,0.015);
#198=CIRCLE('',#2206,0.015);
#199=CIRCLE('',#2207,0.015);
#200=CIRCLE('',#2209,0.015);
#201=CIRCLE('',#2210,0.015);
#202=CIRCLE('',#2212,0.015);
#203=CIRCLE('',#2213,0.015);
#204=CIRCLE('',#2215,0.015);
#205=CIRCLE('',#2216,0.015);
#206=CIRCLE('',#2218,0.015);
#207=CIRCLE('',#2219,0.015);
#208=CIRCLE('',#2221,0.015);
#209=CIRCLE('',#2222,0.015);
#210=CIRCLE('',#2224,0.015);
#211=CIRCLE('',#2225,0.015);
#212=CIRCLE('',#2227,0.015);
#213=CIRCLE('',#2228,0.015);
#214=CIRCLE('',#2230,0.015);
#215=CIRCLE('',#2231,0.015);
#216=CIRCLE('',#2233,0.015);
#217=CIRCLE('',#2234,0.015);
#218=CIRCLE('',#2236,0.015);
#219=CIRCLE('',#2237,0.015);
#220=CIRCLE('',#2239,0.015);
#221=CIRCLE('',#2240,0.015);
#222=CIRCLE('',#2242,0.015);
#223=CIRCLE('',#2243,0.015);
#224=CIRCLE('',#2245,0.015);
#225=CIRCLE('',#2246,0.015);
#226=CIRCLE('',#2248,0.015);
#227=CIRCLE('',#2249,0.015);
#228=CIRCLE('',#2251,0.015);
#229=CIRCLE('',#2252,0.015);
#230=CIRCLE('',#2254,0.015);
#231=CIRCLE('',#2255,0.015);
#232=CIRCLE('',#2257,0.015);
#233=CIRCLE('',#2258,0.015);
#234=CIRCLE('',#2260,0.015);
#235=CIRCLE('',#2261,0.015);
#236=CIRCLE('',#2263,0.0111);
#237=CIRCLE('',#2264,0.0111);
#238=CIRCLE('',#2266,0.015);
#239=CIRCLE('',#2267,0.015);
#240=CIRCLE('',#2269,0.000557204276984515);
#241=CIRCLE('',#2270,0.000557204276984515);
#242=CIRCLE('',#2271,0.000557204276984515);
#243=CIRCLE('',#2272,0.000557204276984515);
#244=CIRCLE('',#2273,0.000557204276984515);
#245=CIRCLE('',#2274,0.000557204276984515);
#246=CIRCLE('',#2275,0.000557204276984515);
#247=CIRCLE('',#2276,0.000557204276984515);
#248=CIRCLE('',#2277,0.000557204276984515);
#249=CIRCLE('',#2278,0.000557204276984515);
#250=CIRCLE('',#2279,0.000557204276984515);
#251=CIRCLE('',#2280,0.000557204276984515);
#252=CIRCLE('',#2281,0.000557204276984515);
#253=CIRCLE('',#2282,0.000557204276984515);
#254=CIRCLE('',#2283,0.000557204276984515);
#255=CIRCLE('',#2284,0.000557204276984515);
#256=CIRCLE('',#2285,0.000557204276984515);
#257=CIRCLE('',#2286,0.000557204276984515);
#258=CIRCLE('',#2287,0.000557204276984515);
#259=CIRCLE('',#2288,0.000557204276984515);
#260=CIRCLE('',#2289,0.000557204276984515);
#261=CIRCLE('',#2290,0.000557204276984515);
#262=CIRCLE('',#2291,0.000557204276984515);
#263=CIRCLE('',#2292,0.000557204276984515);
#264=CIRCLE('',#2293,0.000557204276984515);
#265=CIRCLE('',#2294,0.000557204276984515);
#266=CIRCLE('',#2295,0.000557204276984515);
#267=CIRCLE('',#2296,0.000557204276984515);
#268=CIRCLE('',#2298,0.000557204276984515);
#269=CIRCLE('',#2299,0.000557204276984515);
#270=CIRCLE('',#2300,0.000557204276984515);
#271=CIRCLE('',#2301,0.000557204276984515);
#272=CIRCLE('',#2302,0.000557204276984515);
#273=CIRCLE('',#2303,0.000557204276984515);
#274=CIRCLE('',#2304,0.000557204276984515);
#275=CIRCLE('',#2305,0.000557204276984515);
#276=CIRCLE('',#2306,0.000557204276984515);
#277=CIRCLE('',#2307,0.000557204276984515);
#278=CIRCLE('',#2308,0.000557204276984515);
#279=CIRCLE('',#2309,0.000557204276984515);
#280=CIRCLE('',#2310,0.000557204276984515);
#281=CIRCLE('',#2311,0.000557204276984515);
#282=CIRCLE('',#2312,0.000557204276984515);
#283=CIRCLE('',#2313,0.000557204276984515);
#284=CIRCLE('',#2314,0.000557204276984515);
#285=CIRCLE('',#2315,0.000557204276984515);
#286=CIRCLE('',#2316,0.000557204276984515);
#287=CIRCLE('',#2317,0.000557204276984515);
#288=CIRCLE('',#2318,0.000557204276984515);
#289=CIRCLE('',#2319,0.000557204276984515);
#290=CIRCLE('',#2320,0.000557204276984515);
#291=CIRCLE('',#2321,0.000557204276984515);
#292=CIRCLE('',#2322,0.000557204276984515);
#293=CIRCLE('',#2323,0.000557204276984515);
#294=CIRCLE('',#2324,0.000557204276984515);
#295=CIRCLE('',#2325,0.000557204276984515);
#296=ORIENTED_EDGE('',*,*,#972,.F.);
#297=ORIENTED_EDGE('',*,*,#973,.F.);
#298=ORIENTED_EDGE('',*,*,#974,.T.);
#299=ORIENTED_EDGE('',*,*,#975,.T.);
#300=ORIENTED_EDGE('',*,*,#976,.F.);
#301=ORIENTED_EDGE('',*,*,#977,.T.);
#302=ORIENTED_EDGE('',*,*,#978,.T.);
#303=ORIENTED_EDGE('',*,*,#979,.F.);
#304=ORIENTED_EDGE('',*,*,#980,.F.);
#305=ORIENTED_EDGE('',*,*,#981,.F.);
#306=ORIENTED_EDGE('',*,*,#982,.T.);
#307=ORIENTED_EDGE('',*,*,#983,.T.);
#308=ORIENTED_EDGE('',*,*,#984,.F.);
#309=ORIENTED_EDGE('',*,*,#985,.T.);
#310=ORIENTED_EDGE('',*,*,#986,.T.);
#311=ORIENTED_EDGE('',*,*,#987,.F.);
#312=ORIENTED_EDGE('',*,*,#988,.F.);
#313=ORIENTED_EDGE('',*,*,#989,.T.);
#314=ORIENTED_EDGE('',*,*,#990,.T.);
#315=ORIENTED_EDGE('',*,*,#991,.F.);
#316=ORIENTED_EDGE('',*,*,#992,.F.);
#317=ORIENTED_EDGE('',*,*,#993,.T.);
#318=ORIENTED_EDGE('',*,*,#994,.T.);
#319=ORIENTED_EDGE('',*,*,#995,.F.);
#320=ORIENTED_EDGE('',*,*,#996,.F.);
#321=ORIENTED_EDGE('',*,*,#997,.T.);
#322=ORIENTED_EDGE('',*,*,#998,.T.);
#323=ORIENTED_EDGE('',*,*,#999,.F.);
#324=ORIENTED_EDGE('',*,*,#1000,.F.);
#325=ORIENTED_EDGE('',*,*,#1001,.T.);
#326=ORIENTED_EDGE('',*,*,#1002,.T.);
#327=ORIENTED_EDGE('',*,*,#1003,.F.);
#328=ORIENTED_EDGE('',*,*,#1004,.F.);
#329=ORIENTED_EDGE('',*,*,#1005,.F.);
#330=ORIENTED_EDGE('',*,*,#1006,.T.);
#331=ORIENTED_EDGE('',*,*,#1007,.T.);
#332=ORIENTED_EDGE('',*,*,#1008,.F.);
#333=ORIENTED_EDGE('',*,*,#1009,.F.);
#334=ORIENTED_EDGE('',*,*,#1010,.T.);
#335=ORIENTED_EDGE('',*,*,#1011,.T.);
#336=ORIENTED_EDGE('',*,*,#1012,.F.);
#337=ORIENTED_EDGE('',*,*,#1013,.F.);
#338=ORIENTED_EDGE('',*,*,#1014,.T.);
#339=ORIENTED_EDGE('',*,*,#1015,.T.);
#340=ORIENTED_EDGE('',*,*,#1016,.F.);
#341=ORIENTED_EDGE('',*,*,#1017,.T.);
#342=ORIENTED_EDGE('',*,*,#1018,.T.);
#343=ORIENTED_EDGE('',*,*,#1019,.F.);
#344=ORIENTED_EDGE('',*,*,#1020,.F.);
#345=ORIENTED_EDGE('',*,*,#1021,.T.);
#346=ORIENTED_EDGE('',*,*,#1022,.T.);
#347=ORIENTED_EDGE('',*,*,#1023,.F.);
#348=ORIENTED_EDGE('',*,*,#1024,.F.);
#349=ORIENTED_EDGE('',*,*,#1025,.T.);
#350=ORIENTED_EDGE('',*,*,#1026,.T.);
#351=ORIENTED_EDGE('',*,*,#1027,.F.);
#352=ORIENTED_EDGE('',*,*,#1028,.F.);
#353=ORIENTED_EDGE('',*,*,#1029,.T.);
#354=ORIENTED_EDGE('',*,*,#1030,.T.);
#355=ORIENTED_EDGE('',*,*,#1031,.F.);
#356=ORIENTED_EDGE('',*,*,#1032,.F.);
#357=ORIENTED_EDGE('',*,*,#1033,.T.);
#358=ORIENTED_EDGE('',*,*,#1034,.T.);
#359=ORIENTED_EDGE('',*,*,#1035,.F.);
#360=ORIENTED_EDGE('',*,*,#1036,.F.);
#361=ORIENTED_EDGE('',*,*,#1037,.F.);
#362=ORIENTED_EDGE('',*,*,#1038,.T.);
#363=ORIENTED_EDGE('',*,*,#1039,.T.);
#364=ORIENTED_EDGE('',*,*,#1040,.F.);
#365=ORIENTED_EDGE('',*,*,#1041,.F.);
#366=ORIENTED_EDGE('',*,*,#1042,.T.);
#367=ORIENTED_EDGE('',*,*,#1043,.T.);
#368=ORIENTED_EDGE('',*,*,#1044,.F.);
#369=ORIENTED_EDGE('',*,*,#1045,.F.);
#370=ORIENTED_EDGE('',*,*,#1046,.T.);
#371=ORIENTED_EDGE('',*,*,#1047,.T.);
#372=ORIENTED_EDGE('',*,*,#1048,.F.);
#373=ORIENTED_EDGE('',*,*,#1049,.F.);
#374=ORIENTED_EDGE('',*,*,#1050,.T.);
#375=ORIENTED_EDGE('',*,*,#1051,.T.);
#376=ORIENTED_EDGE('',*,*,#1052,.F.);
#377=ORIENTED_EDGE('',*,*,#1053,.F.);
#378=ORIENTED_EDGE('',*,*,#1054,.T.);
#379=ORIENTED_EDGE('',*,*,#1055,.T.);
#380=ORIENTED_EDGE('',*,*,#1056,.F.);
#381=ORIENTED_EDGE('',*,*,#1057,.F.);
#382=ORIENTED_EDGE('',*,*,#1058,.T.);
#383=ORIENTED_EDGE('',*,*,#1059,.T.);
#384=ORIENTED_EDGE('',*,*,#1060,.F.);
#385=ORIENTED_EDGE('',*,*,#1061,.F.);
#386=ORIENTED_EDGE('',*,*,#1062,.T.);
#387=ORIENTED_EDGE('',*,*,#1063,.T.);
#388=ORIENTED_EDGE('',*,*,#1064,.F.);
#389=ORIENTED_EDGE('',*,*,#1065,.F.);
#390=ORIENTED_EDGE('',*,*,#1066,.T.);
#391=ORIENTED_EDGE('',*,*,#1067,.T.);
#392=ORIENTED_EDGE('',*,*,#1068,.F.);
#393=ORIENTED_EDGE('',*,*,#1069,.F.);
#394=ORIENTED_EDGE('',*,*,#1070,.T.);
#395=ORIENTED_EDGE('',*,*,#1071,.T.);
#396=ORIENTED_EDGE('',*,*,#1072,.F.);
#397=ORIENTED_EDGE('',*,*,#1073,.T.);
#398=ORIENTED_EDGE('',*,*,#1074,.T.);
#399=ORIENTED_EDGE('',*,*,#1075,.F.);
#400=ORIENTED_EDGE('',*,*,#1076,.F.);
#401=ORIENTED_EDGE('',*,*,#1077,.T.);
#402=ORIENTED_EDGE('',*,*,#1078,.T.);
#403=ORIENTED_EDGE('',*,*,#1079,.F.);
#404=ORIENTED_EDGE('',*,*,#1080,.T.);
#405=ORIENTED_EDGE('',*,*,#1081,.F.);
#406=ORIENTED_EDGE('',*,*,#1082,.F.);
#407=ORIENTED_EDGE('',*,*,#1083,.T.);
#408=ORIENTED_EDGE('',*,*,#1084,.T.);
#409=ORIENTED_EDGE('',*,*,#1085,.F.);
#410=ORIENTED_EDGE('',*,*,#1086,.F.);
#411=ORIENTED_EDGE('',*,*,#1087,.F.);
#412=ORIENTED_EDGE('',*,*,#1088,.T.);
#413=ORIENTED_EDGE('',*,*,#976,.T.);
#414=ORIENTED_EDGE('',*,*,#1089,.F.);
#415=ORIENTED_EDGE('',*,*,#1090,.F.);
#416=ORIENTED_EDGE('',*,*,#1091,.T.);
#417=ORIENTED_EDGE('',*,*,#984,.T.);
#418=ORIENTED_EDGE('',*,*,#1092,.F.);
#419=ORIENTED_EDGE('',*,*,#1093,.F.);
#420=ORIENTED_EDGE('',*,*,#1094,.T.);
#421=ORIENTED_EDGE('',*,*,#981,.T.);
#422=ORIENTED_EDGE('',*,*,#1095,.F.);
#423=ORIENTED_EDGE('',*,*,#1096,.F.);
#424=ORIENTED_EDGE('',*,*,#1097,.T.);
#425=ORIENTED_EDGE('',*,*,#988,.T.);
#426=ORIENTED_EDGE('',*,*,#1098,.F.);
#427=ORIENTED_EDGE('',*,*,#1099,.F.);
#428=ORIENTED_EDGE('',*,*,#1100,.T.);
#429=ORIENTED_EDGE('',*,*,#992,.T.);
#430=ORIENTED_EDGE('',*,*,#1101,.F.);
#431=ORIENTED_EDGE('',*,*,#1102,.F.);
#432=ORIENTED_EDGE('',*,*,#1103,.T.);
#433=ORIENTED_EDGE('',*,*,#996,.T.);
#434=ORIENTED_EDGE('',*,*,#1104,.F.);
#435=ORIENTED_EDGE('',*,*,#1105,.F.);
#436=ORIENTED_EDGE('',*,*,#1106,.T.);
#437=ORIENTED_EDGE('',*,*,#1000,.T.);
#438=ORIENTED_EDGE('',*,*,#1107,.F.);
#439=ORIENTED_EDGE('',*,*,#1108,.F.);
#440=ORIENTED_EDGE('',*,*,#1109,.T.);
#441=ORIENTED_EDGE('',*,*,#1016,.T.);
#442=ORIENTED_EDGE('',*,*,#1110,.F.);
#443=ORIENTED_EDGE('',*,*,#1111,.F.);
#444=ORIENTED_EDGE('',*,*,#1112,.T.);
#445=ORIENTED_EDGE('',*,*,#1013,.T.);
#446=ORIENTED_EDGE('',*,*,#1113,.F.);
#447=ORIENTED_EDGE('',*,*,#1114,.F.);
#448=ORIENTED_EDGE('',*,*,#1115,.T.);
#449=ORIENTED_EDGE('',*,*,#1009,.T.);
#450=ORIENTED_EDGE('',*,*,#1116,.F.);
#451=ORIENTED_EDGE('',*,*,#1117,.F.);
#452=ORIENTED_EDGE('',*,*,#1118,.T.);
#453=ORIENTED_EDGE('',*,*,#1005,.T.);
#454=ORIENTED_EDGE('',*,*,#1119,.F.);
#455=ORIENTED_EDGE('',*,*,#1120,.F.);
#456=ORIENTED_EDGE('',*,*,#1121,.T.);
#457=ORIENTED_EDGE('',*,*,#1020,.T.);
#458=ORIENTED_EDGE('',*,*,#1122,.F.);
#459=ORIENTED_EDGE('',*,*,#1123,.F.);
#460=ORIENTED_EDGE('',*,*,#1124,.T.);
#461=ORIENTED_EDGE('',*,*,#1024,.T.);
#462=ORIENTED_EDGE('',*,*,#1125,.F.);
#463=ORIENTED_EDGE('',*,*,#1126,.F.);
#464=ORIENTED_EDGE('',*,*,#1127,.T.);
#465=ORIENTED_EDGE('',*,*,#1028,.T.);
#466=ORIENTED_EDGE('',*,*,#1128,.F.);
#467=ORIENTED_EDGE('',*,*,#1129,.F.);
#468=ORIENTED_EDGE('',*,*,#1130,.T.);
#469=ORIENTED_EDGE('',*,*,#1032,.T.);
#470=ORIENTED_EDGE('',*,*,#1131,.F.);
#471=ORIENTED_EDGE('',*,*,#1132,.F.);
#472=ORIENTED_EDGE('',*,*,#1133,.T.);
#473=ORIENTED_EDGE('',*,*,#1072,.T.);
#474=ORIENTED_EDGE('',*,*,#1134,.F.);
#475=ORIENTED_EDGE('',*,*,#1135,.F.);
#476=ORIENTED_EDGE('',*,*,#1136,.T.);
#477=ORIENTED_EDGE('',*,*,#1076,.T.);
#478=ORIENTED_EDGE('',*,*,#1137,.F.);
#479=ORIENTED_EDGE('',*,*,#1138,.F.);
#480=ORIENTED_EDGE('',*,*,#1139,.T.);
#481=ORIENTED_EDGE('',*,*,#1069,.T.);
#482=ORIENTED_EDGE('',*,*,#1140,.F.);
#483=ORIENTED_EDGE('',*,*,#1141,.F.);
#484=ORIENTED_EDGE('',*,*,#1142,.T.);
#485=ORIENTED_EDGE('',*,*,#1065,.T.);
#486=ORIENTED_EDGE('',*,*,#1143,.F.);
#487=ORIENTED_EDGE('',*,*,#1144,.F.);
#488=ORIENTED_EDGE('',*,*,#1145,.T.);
#489=ORIENTED_EDGE('',*,*,#1061,.T.);
#490=ORIENTED_EDGE('',*,*,#1146,.F.);
#491=ORIENTED_EDGE('',*,*,#1147,.F.);
#492=ORIENTED_EDGE('',*,*,#1148,.T.);
#493=ORIENTED_EDGE('',*,*,#1057,.T.);
#494=ORIENTED_EDGE('',*,*,#1149,.F.);
#495=ORIENTED_EDGE('',*,*,#1150,.F.);
#496=ORIENTED_EDGE('',*,*,#1151,.T.);
#497=ORIENTED_EDGE('',*,*,#1053,.T.);
#498=ORIENTED_EDGE('',*,*,#1152,.F.);
#499=ORIENTED_EDGE('',*,*,#1153,.F.);
#500=ORIENTED_EDGE('',*,*,#1154,.T.);
#501=ORIENTED_EDGE('',*,*,#1049,.T.);
#502=ORIENTED_EDGE('',*,*,#1155,.F.);
#503=ORIENTED_EDGE('',*,*,#1156,.F.);
#504=ORIENTED_EDGE('',*,*,#1157,.T.);
#505=ORIENTED_EDGE('',*,*,#1045,.T.);
#506=ORIENTED_EDGE('',*,*,#1158,.F.);
#507=ORIENTED_EDGE('',*,*,#1159,.F.);
#508=ORIENTED_EDGE('',*,*,#1160,.T.);
#509=ORIENTED_EDGE('',*,*,#1041,.T.);
#510=ORIENTED_EDGE('',*,*,#1161,.F.);
#511=ORIENTED_EDGE('',*,*,#1162,.F.);
#512=ORIENTED_EDGE('',*,*,#1163,.T.);
#513=ORIENTED_EDGE('',*,*,#1037,.T.);
#514=ORIENTED_EDGE('',*,*,#1164,.F.);
#515=ORIENTED_EDGE('',*,*,#1165,.F.);
#516=ORIENTED_EDGE('',*,*,#1166,.T.);
#517=ORIENTED_EDGE('',*,*,#1082,.T.);
#518=ORIENTED_EDGE('',*,*,#1167,.F.);
#519=ORIENTED_EDGE('',*,*,#1168,.F.);
#520=ORIENTED_EDGE('',*,*,#1169,.T.);
#521=ORIENTED_EDGE('',*,*,#973,.T.);
#522=ORIENTED_EDGE('',*,*,#1080,.F.);
#523=ORIENTED_EDGE('',*,*,#1170,.F.);
#524=ORIENTED_EDGE('',*,*,#1171,.T.);
#525=ORIENTED_EDGE('',*,*,#975,.F.);
#526=ORIENTED_EDGE('',*,*,#1172,.F.);
#527=ORIENTED_EDGE('',*,*,#1173,.F.);
#528=ORIENTED_EDGE('',*,*,#1174,.T.);
#529=ORIENTED_EDGE('',*,*,#1084,.F.);
#530=ORIENTED_EDGE('',*,*,#1175,.F.);
#531=ORIENTED_EDGE('',*,*,#1176,.F.);
#532=ORIENTED_EDGE('',*,*,#1177,.T.);
#533=ORIENTED_EDGE('',*,*,#1039,.F.);
#534=ORIENTED_EDGE('',*,*,#1178,.F.);
#535=ORIENTED_EDGE('',*,*,#1179,.F.);
#536=ORIENTED_EDGE('',*,*,#1180,.T.);
#537=ORIENTED_EDGE('',*,*,#1043,.F.);
#538=ORIENTED_EDGE('',*,*,#1181,.F.);
#539=ORIENTED_EDGE('',*,*,#1182,.F.);
#540=ORIENTED_EDGE('',*,*,#1183,.T.);
#541=ORIENTED_EDGE('',*,*,#1047,.F.);
#542=ORIENTED_EDGE('',*,*,#1184,.F.);
#543=ORIENTED_EDGE('',*,*,#1185,.F.);
#544=ORIENTED_EDGE('',*,*,#1186,.T.);
#545=ORIENTED_EDGE('',*,*,#1051,.F.);
#546=ORIENTED_EDGE('',*,*,#1187,.F.);
#547=ORIENTED_EDGE('',*,*,#1188,.F.);
#548=ORIENTED_EDGE('',*,*,#1189,.T.);
#549=ORIENTED_EDGE('',*,*,#1055,.F.);
#550=ORIENTED_EDGE('',*,*,#1190,.F.);
#551=ORIENTED_EDGE('',*,*,#1191,.F.);
#552=ORIENTED_EDGE('',*,*,#1192,.T.);
#553=ORIENTED_EDGE('',*,*,#1059,.F.);
#554=ORIENTED_EDGE('',*,*,#1193,.F.);
#555=ORIENTED_EDGE('',*,*,#1194,.F.);
#556=ORIENTED_EDGE('',*,*,#1195,.T.);
#557=ORIENTED_EDGE('',*,*,#1063,.F.);
#558=ORIENTED_EDGE('',*,*,#1196,.F.);
#559=ORIENTED_EDGE('',*,*,#1197,.F.);
#560=ORIENTED_EDGE('',*,*,#1198,.T.);
#561=ORIENTED_EDGE('',*,*,#1067,.F.);
#562=ORIENTED_EDGE('',*,*,#1199,.F.);
#563=ORIENTED_EDGE('',*,*,#1200,.F.);
#564=ORIENTED_EDGE('',*,*,#1201,.T.);
#565=ORIENTED_EDGE('',*,*,#1071,.F.);
#566=ORIENTED_EDGE('',*,*,#1202,.F.);
#567=ORIENTED_EDGE('',*,*,#1203,.F.);
#568=ORIENTED_EDGE('',*,*,#1204,.T.);
#569=ORIENTED_EDGE('',*,*,#1078,.F.);
#570=ORIENTED_EDGE('',*,*,#1205,.F.);
#571=ORIENTED_EDGE('',*,*,#1206,.F.);
#572=ORIENTED_EDGE('',*,*,#1207,.T.);
#573=ORIENTED_EDGE('',*,*,#1074,.F.);
#574=ORIENTED_EDGE('',*,*,#1208,.F.);
#575=ORIENTED_EDGE('',*,*,#1209,.F.);
#576=ORIENTED_EDGE('',*,*,#1210,.T.);
#577=ORIENTED_EDGE('',*,*,#1034,.F.);
#578=ORIENTED_EDGE('',*,*,#1211,.F.);
#579=ORIENTED_EDGE('',*,*,#1212,.F.);
#580=ORIENTED_EDGE('',*,*,#1213,.T.);
#581=ORIENTED_EDGE('',*,*,#1030,.F.);
#582=ORIENTED_EDGE('',*,*,#1214,.F.);
#583=ORIENTED_EDGE('',*,*,#1215,.F.);
#584=ORIENTED_EDGE('',*,*,#1216,.T.);
#585=ORIENTED_EDGE('',*,*,#1026,.F.);
#586=ORIENTED_EDGE('',*,*,#1217,.F.);
#587=ORIENTED_EDGE('',*,*,#1218,.F.);
#588=ORIENTED_EDGE('',*,*,#1219,.T.);
#589=ORIENTED_EDGE('',*,*,#1022,.F.);
#590=ORIENTED_EDGE('',*,*,#1220,.F.);
#591=ORIENTED_EDGE('',*,*,#1221,.F.);
#592=ORIENTED_EDGE('',*,*,#1222,.T.);
#593=ORIENTED_EDGE('',*,*,#1007,.F.);
#594=ORIENTED_EDGE('',*,*,#1223,.F.);
#595=ORIENTED_EDGE('',*,*,#1224,.F.);
#596=ORIENTED_EDGE('',*,*,#1225,.T.);
#597=ORIENTED_EDGE('',*,*,#1011,.F.);
#598=ORIENTED_EDGE('',*,*,#1226,.F.);
#599=ORIENTED_EDGE('',*,*,#1227,.F.);
#600=ORIENTED_EDGE('',*,*,#1228,.T.);
#601=ORIENTED_EDGE('',*,*,#1015,.F.);
#602=ORIENTED_EDGE('',*,*,#1229,.F.);
#603=ORIENTED_EDGE('',*,*,#1230,.F.);
#604=ORIENTED_EDGE('',*,*,#1231,.T.);
#605=ORIENTED_EDGE('',*,*,#1018,.F.);
#606=ORIENTED_EDGE('',*,*,#1232,.F.);
#607=ORIENTED_EDGE('',*,*,#1233,.F.);
#608=ORIENTED_EDGE('',*,*,#1234,.T.);
#609=ORIENTED_EDGE('',*,*,#1002,.F.);
#610=ORIENTED_EDGE('',*,*,#1235,.F.);
#611=ORIENTED_EDGE('',*,*,#1236,.F.);
#612=ORIENTED_EDGE('',*,*,#1237,.T.);
#613=ORIENTED_EDGE('',*,*,#998,.F.);
#614=ORIENTED_EDGE('',*,*,#1238,.F.);
#615=ORIENTED_EDGE('',*,*,#1239,.F.);
#616=ORIENTED_EDGE('',*,*,#1240,.T.);
#617=ORIENTED_EDGE('',*,*,#994,.F.);
#618=ORIENTED_EDGE('',*,*,#1241,.F.);
#619=ORIENTED_EDGE('',*,*,#1242,.F.);
#620=ORIENTED_EDGE('',*,*,#1243,.T.);
#621=ORIENTED_EDGE('',*,*,#990,.F.);
#622=ORIENTED_EDGE('',*,*,#1244,.F.);
#623=ORIENTED_EDGE('',*,*,#1245,.F.);
#624=ORIENTED_EDGE('',*,*,#1246,.T.);
#625=ORIENTED_EDGE('',*,*,#983,.F.);
#626=ORIENTED_EDGE('',*,*,#1247,.F.);
#627=ORIENTED_EDGE('',*,*,#1248,.F.);
#628=ORIENTED_EDGE('',*,*,#1249,.T.);
#629=ORIENTED_EDGE('',*,*,#986,.F.);
#630=ORIENTED_EDGE('',*,*,#1250,.F.);
#631=ORIENTED_EDGE('',*,*,#1251,.F.);
#632=ORIENTED_EDGE('',*,*,#1252,.T.);
#633=ORIENTED_EDGE('',*,*,#978,.F.);
#634=ORIENTED_EDGE('',*,*,#1253,.F.);
#635=ORIENTED_EDGE('',*,*,#1081,.T.);
#636=ORIENTED_EDGE('',*,*,#1167,.T.);
#637=ORIENTED_EDGE('',*,*,#1085,.T.);
#638=ORIENTED_EDGE('',*,*,#1174,.F.);
#639=ORIENTED_EDGE('',*,*,#1254,.F.);
#640=ORIENTED_EDGE('',*,*,#1172,.T.);
#641=ORIENTED_EDGE('',*,*,#974,.F.);
#642=ORIENTED_EDGE('',*,*,#1169,.F.);
#643=ORIENTED_EDGE('',*,*,#1255,.F.);
#644=ORIENTED_EDGE('',*,*,#1173,.T.);
#645=ORIENTED_EDGE('',*,*,#1255,.T.);
#646=ORIENTED_EDGE('',*,*,#1168,.T.);
#647=ORIENTED_EDGE('',*,*,#1254,.T.);
#648=ORIENTED_EDGE('',*,*,#1137,.T.);
#649=ORIENTED_EDGE('',*,*,#1079,.T.);
#650=ORIENTED_EDGE('',*,*,#1204,.F.);
#651=ORIENTED_EDGE('',*,*,#1256,.F.);
#652=ORIENTED_EDGE('',*,*,#1202,.T.);
#653=ORIENTED_EDGE('',*,*,#1070,.F.);
#654=ORIENTED_EDGE('',*,*,#1139,.F.);
#655=ORIENTED_EDGE('',*,*,#1257,.F.);
#656=ORIENTED_EDGE('',*,*,#1203,.T.);
#657=ORIENTED_EDGE('',*,*,#1257,.T.);
#658=ORIENTED_EDGE('',*,*,#1138,.T.);
#659=ORIENTED_EDGE('',*,*,#1256,.T.);
#660=ORIENTED_EDGE('',*,*,#1134,.T.);
#661=ORIENTED_EDGE('',*,*,#1075,.T.);
#662=ORIENTED_EDGE('',*,*,#1207,.F.);
#663=ORIENTED_EDGE('',*,*,#1258,.F.);
#664=ORIENTED_EDGE('',*,*,#1205,.T.);
#665=ORIENTED_EDGE('',*,*,#1077,.F.);
#666=ORIENTED_EDGE('',*,*,#1136,.F.);
#667=ORIENTED_EDGE('',*,*,#1259,.F.);
#668=ORIENTED_EDGE('',*,*,#1206,.T.);
#669=ORIENTED_EDGE('',*,*,#1259,.T.);
#670=ORIENTED_EDGE('',*,*,#1135,.T.);
#671=ORIENTED_EDGE('',*,*,#1258,.T.);
#672=ORIENTED_EDGE('',*,*,#1140,.T.);
#673=ORIENTED_EDGE('',*,*,#1068,.T.);
#674=ORIENTED_EDGE('',*,*,#1201,.F.);
#675=ORIENTED_EDGE('',*,*,#1260,.F.);
#676=ORIENTED_EDGE('',*,*,#1199,.T.);
#677=ORIENTED_EDGE('',*,*,#1066,.F.);
#678=ORIENTED_EDGE('',*,*,#1142,.F.);
#679=ORIENTED_EDGE('',*,*,#1261,.F.);
#680=ORIENTED_EDGE('',*,*,#1200,.T.);
#681=ORIENTED_EDGE('',*,*,#1261,.T.);
#682=ORIENTED_EDGE('',*,*,#1141,.T.);
#683=ORIENTED_EDGE('',*,*,#1260,.T.);
#684=ORIENTED_EDGE('',*,*,#1143,.T.);
#685=ORIENTED_EDGE('',*,*,#1064,.T.);
#686=ORIENTED_EDGE('',*,*,#1198,.F.);
#687=ORIENTED_EDGE('',*,*,#1262,.F.);
#688=ORIENTED_EDGE('',*,*,#1196,.T.);
#689=ORIENTED_EDGE('',*,*,#1062,.F.);
#690=ORIENTED_EDGE('',*,*,#1145,.F.);
#691=ORIENTED_EDGE('',*,*,#1263,.F.);
#692=ORIENTED_EDGE('',*,*,#1197,.T.);
#693=ORIENTED_EDGE('',*,*,#1263,.T.);
#694=ORIENTED_EDGE('',*,*,#1144,.T.);
#695=ORIENTED_EDGE('',*,*,#1262,.T.);
#696=ORIENTED_EDGE('',*,*,#1146,.T.);
#697=ORIENTED_EDGE('',*,*,#1060,.T.);
#698=ORIENTED_EDGE('',*,*,#1195,.F.);
#699=ORIENTED_EDGE('',*,*,#1264,.F.);
#700=ORIENTED_EDGE('',*,*,#1193,.T.);
#701=ORIENTED_EDGE('',*,*,#1058,.F.);
#702=ORIENTED_EDGE('',*,*,#1148,.F.);
#703=ORIENTED_EDGE('',*,*,#1265,.F.);
#704=ORIENTED_EDGE('',*,*,#1194,.T.);
#705=ORIENTED_EDGE('',*,*,#1265,.T.);
#706=ORIENTED_EDGE('',*,*,#1147,.T.);
#707=ORIENTED_EDGE('',*,*,#1264,.T.);
#708=ORIENTED_EDGE('',*,*,#1149,.T.);
#709=ORIENTED_EDGE('',*,*,#1056,.T.);
#710=ORIENTED_EDGE('',*,*,#1192,.F.);
#711=ORIENTED_EDGE('',*,*,#1266,.F.);
#712=ORIENTED_EDGE('',*,*,#1190,.T.);
#713=ORIENTED_EDGE('',*,*,#1054,.F.);
#714=ORIENTED_EDGE('',*,*,#1151,.F.);
#715=ORIENTED_EDGE('',*,*,#1267,.F.);
#716=ORIENTED_EDGE('',*,*,#1191,.T.);
#717=ORIENTED_EDGE('',*,*,#1267,.T.);
#718=ORIENTED_EDGE('',*,*,#1150,.T.);
#719=ORIENTED_EDGE('',*,*,#1266,.T.);
#720=ORIENTED_EDGE('',*,*,#1152,.T.);
#721=ORIENTED_EDGE('',*,*,#1052,.T.);
#722=ORIENTED_EDGE('',*,*,#1189,.F.);
#723=ORIENTED_EDGE('',*,*,#1268,.F.);
#724=ORIENTED_EDGE('',*,*,#1187,.T.);
#725=ORIENTED_EDGE('',*,*,#1050,.F.);
#726=ORIENTED_EDGE('',*,*,#1154,.F.);
#727=ORIENTED_EDGE('',*,*,#1269,.F.);
#728=ORIENTED_EDGE('',*,*,#1188,.T.);
#729=ORIENTED_EDGE('',*,*,#1269,.T.);
#730=ORIENTED_EDGE('',*,*,#1153,.T.);
#731=ORIENTED_EDGE('',*,*,#1268,.T.);
#732=ORIENTED_EDGE('',*,*,#1155,.T.);
#733=ORIENTED_EDGE('',*,*,#1048,.T.);
#734=ORIENTED_EDGE('',*,*,#1186,.F.);
#735=ORIENTED_EDGE('',*,*,#1270,.F.);
#736=ORIENTED_EDGE('',*,*,#1184,.T.);
#737=ORIENTED_EDGE('',*,*,#1046,.F.);
#738=ORIENTED_EDGE('',*,*,#1157,.F.);
#739=ORIENTED_EDGE('',*,*,#1271,.F.);
#740=ORIENTED_EDGE('',*,*,#1185,.T.);
#741=ORIENTED_EDGE('',*,*,#1271,.T.);
#742=ORIENTED_EDGE('',*,*,#1156,.T.);
#743=ORIENTED_EDGE('',*,*,#1270,.T.);
#744=ORIENTED_EDGE('',*,*,#1158,.T.);
#745=ORIENTED_EDGE('',*,*,#1044,.T.);
#746=ORIENTED_EDGE('',*,*,#1183,.F.);
#747=ORIENTED_EDGE('',*,*,#1272,.F.);
#748=ORIENTED_EDGE('',*,*,#1181,.T.);
#749=ORIENTED_EDGE('',*,*,#1042,.F.);
#750=ORIENTED_EDGE('',*,*,#1160,.F.);
#751=ORIENTED_EDGE('',*,*,#1273,.F.);
#752=ORIENTED_EDGE('',*,*,#1182,.T.);
#753=ORIENTED_EDGE('',*,*,#1273,.T.);
#754=ORIENTED_EDGE('',*,*,#1159,.T.);
#755=ORIENTED_EDGE('',*,*,#1272,.T.);
#756=ORIENTED_EDGE('',*,*,#1161,.T.);
#757=ORIENTED_EDGE('',*,*,#1040,.T.);
#758=ORIENTED_EDGE('',*,*,#1180,.F.);
#759=ORIENTED_EDGE('',*,*,#1274,.F.);
#760=ORIENTED_EDGE('',*,*,#1178,.T.);
#761=ORIENTED_EDGE('',*,*,#1038,.F.);
#762=ORIENTED_EDGE('',*,*,#1163,.F.);
#763=ORIENTED_EDGE('',*,*,#1275,.F.);
#764=ORIENTED_EDGE('',*,*,#1179,.T.);
#765=ORIENTED_EDGE('',*,*,#1275,.T.);
#766=ORIENTED_EDGE('',*,*,#1162,.T.);
#767=ORIENTED_EDGE('',*,*,#1274,.T.);
#768=ORIENTED_EDGE('',*,*,#1164,.T.);
#769=ORIENTED_EDGE('',*,*,#1036,.T.);
#770=ORIENTED_EDGE('',*,*,#1177,.F.);
#771=ORIENTED_EDGE('',*,*,#1276,.F.);
#772=ORIENTED_EDGE('',*,*,#1175,.T.);
#773=ORIENTED_EDGE('',*,*,#1083,.F.);
#774=ORIENTED_EDGE('',*,*,#1166,.F.);
#775=ORIENTED_EDGE('',*,*,#1277,.F.);
#776=ORIENTED_EDGE('',*,*,#1176,.T.);
#777=ORIENTED_EDGE('',*,*,#1277,.T.);
#778=ORIENTED_EDGE('',*,*,#1165,.T.);
#779=ORIENTED_EDGE('',*,*,#1276,.T.);
#780=ORIENTED_EDGE('',*,*,#1131,.T.);
#781=ORIENTED_EDGE('',*,*,#1035,.T.);
#782=ORIENTED_EDGE('',*,*,#1210,.F.);
#783=ORIENTED_EDGE('',*,*,#1278,.F.);
#784=ORIENTED_EDGE('',*,*,#1208,.T.);
#785=ORIENTED_EDGE('',*,*,#1073,.F.);
#786=ORIENTED_EDGE('',*,*,#1133,.F.);
#787=ORIENTED_EDGE('',*,*,#1279,.F.);
#788=ORIENTED_EDGE('',*,*,#1209,.T.);
#789=ORIENTED_EDGE('',*,*,#1279,.T.);
#790=ORIENTED_EDGE('',*,*,#1132,.T.);
#791=ORIENTED_EDGE('',*,*,#1278,.T.);
#792=ORIENTED_EDGE('',*,*,#1128,.T.);
#793=ORIENTED_EDGE('',*,*,#1031,.T.);
#794=ORIENTED_EDGE('',*,*,#1213,.F.);
#795=ORIENTED_EDGE('',*,*,#1280,.F.);
#796=ORIENTED_EDGE('',*,*,#1211,.T.);
#797=ORIENTED_EDGE('',*,*,#1033,.F.);
#798=ORIENTED_EDGE('',*,*,#1130,.F.);
#799=ORIENTED_EDGE('',*,*,#1281,.F.);
#800=ORIENTED_EDGE('',*,*,#1212,.T.);
#801=ORIENTED_EDGE('',*,*,#1281,.T.);
#802=ORIENTED_EDGE('',*,*,#1129,.T.);
#803=ORIENTED_EDGE('',*,*,#1280,.T.);
#804=ORIENTED_EDGE('',*,*,#1125,.T.);
#805=ORIENTED_EDGE('',*,*,#1027,.T.);
#806=ORIENTED_EDGE('',*,*,#1216,.F.);
#807=ORIENTED_EDGE('',*,*,#1282,.F.);
#808=ORIENTED_EDGE('',*,*,#1214,.T.);
#809=ORIENTED_EDGE('',*,*,#1029,.F.);
#810=ORIENTED_EDGE('',*,*,#1127,.F.);
#811=ORIENTED_EDGE('',*,*,#1283,.F.);
#812=ORIENTED_EDGE('',*,*,#1215,.T.);
#813=ORIENTED_EDGE('',*,*,#1283,.T.);
#814=ORIENTED_EDGE('',*,*,#1126,.T.);
#815=ORIENTED_EDGE('',*,*,#1282,.T.);
#816=ORIENTED_EDGE('',*,*,#1122,.T.);
#817=ORIENTED_EDGE('',*,*,#1023,.T.);
#818=ORIENTED_EDGE('',*,*,#1219,.F.);
#819=ORIENTED_EDGE('',*,*,#1284,.F.);
#820=ORIENTED_EDGE('',*,*,#1217,.T.);
#821=ORIENTED_EDGE('',*,*,#1025,.F.);
#822=ORIENTED_EDGE('',*,*,#1124,.F.);
#823=ORIENTED_EDGE('',*,*,#1285,.F.);
#824=ORIENTED_EDGE('',*,*,#1218,.T.);
#825=ORIENTED_EDGE('',*,*,#1285,.T.);
#826=ORIENTED_EDGE('',*,*,#1123,.T.);
#827=ORIENTED_EDGE('',*,*,#1284,.T.);
#828=ORIENTED_EDGE('',*,*,#1110,.T.);
#829=ORIENTED_EDGE('',*,*,#1019,.T.);
#830=ORIENTED_EDGE('',*,*,#1231,.F.);
#831=ORIENTED_EDGE('',*,*,#1286,.F.);
#832=ORIENTED_EDGE('',*,*,#1229,.T.);
#833=ORIENTED_EDGE('',*,*,#1014,.F.);
#834=ORIENTED_EDGE('',*,*,#1112,.F.);
#835=ORIENTED_EDGE('',*,*,#1287,.F.);
#836=ORIENTED_EDGE('',*,*,#1230,.T.);
#837=ORIENTED_EDGE('',*,*,#1287,.T.);
#838=ORIENTED_EDGE('',*,*,#1111,.T.);
#839=ORIENTED_EDGE('',*,*,#1286,.T.);
#840=ORIENTED_EDGE('',*,*,#1113,.T.);
#841=ORIENTED_EDGE('',*,*,#1012,.T.);
#842=ORIENTED_EDGE('',*,*,#1228,.F.);
#843=ORIENTED_EDGE('',*,*,#1288,.F.);
#844=ORIENTED_EDGE('',*,*,#1226,.T.);
#845=ORIENTED_EDGE('',*,*,#1010,.F.);
#846=ORIENTED_EDGE('',*,*,#1115,.F.);
#847=ORIENTED_EDGE('',*,*,#1289,.F.);
#848=ORIENTED_EDGE('',*,*,#1227,.T.);
#849=ORIENTED_EDGE('',*,*,#1289,.T.);
#850=ORIENTED_EDGE('',*,*,#1114,.T.);
#851=ORIENTED_EDGE('',*,*,#1288,.T.);
#852=ORIENTED_EDGE('',*,*,#1116,.T.);
#853=ORIENTED_EDGE('',*,*,#1008,.T.);
#854=ORIENTED_EDGE('',*,*,#1225,.F.);
#855=ORIENTED_EDGE('',*,*,#1290,.F.);
#856=ORIENTED_EDGE('',*,*,#1223,.T.);
#857=ORIENTED_EDGE('',*,*,#1006,.F.);
#858=ORIENTED_EDGE('',*,*,#1118,.F.);
#859=ORIENTED_EDGE('',*,*,#1291,.F.);
#860=ORIENTED_EDGE('',*,*,#1224,.T.);
#861=ORIENTED_EDGE('',*,*,#1291,.T.);
#862=ORIENTED_EDGE('',*,*,#1117,.T.);
#863=ORIENTED_EDGE('',*,*,#1290,.T.);
#864=ORIENTED_EDGE('',*,*,#1119,.T.);
#865=ORIENTED_EDGE('',*,*,#1004,.T.);
#866=ORIENTED_EDGE('',*,*,#1222,.F.);
#867=ORIENTED_EDGE('',*,*,#1292,.F.);
#868=ORIENTED_EDGE('',*,*,#1220,.T.);
#869=ORIENTED_EDGE('',*,*,#1021,.F.);
#870=ORIENTED_EDGE('',*,*,#1121,.F.);
#871=ORIENTED_EDGE('',*,*,#1293,.F.);
#872=ORIENTED_EDGE('',*,*,#1221,.T.);
#873=ORIENTED_EDGE('',*,*,#1293,.T.);
#874=ORIENTED_EDGE('',*,*,#1120,.T.);
#875=ORIENTED_EDGE('',*,*,#1292,.T.);
#876=ORIENTED_EDGE('',*,*,#1107,.T.);
#877=ORIENTED_EDGE('',*,*,#1003,.T.);
#878=ORIENTED_EDGE('',*,*,#1234,.F.);
#879=ORIENTED_EDGE('',*,*,#1294,.F.);
#880=ORIENTED_EDGE('',*,*,#1232,.T.);
#881=ORIENTED_EDGE('',*,*,#1017,.F.);
#882=ORIENTED_EDGE('',*,*,#1109,.F.);
#883=ORIENTED_EDGE('',*,*,#1295,.F.);
#884=ORIENTED_EDGE('',*,*,#1233,.T.);
#885=ORIENTED_EDGE('',*,*,#1295,.T.);
#886=ORIENTED_EDGE('',*,*,#1108,.T.);
#887=ORIENTED_EDGE('',*,*,#1294,.T.);
#888=ORIENTED_EDGE('',*,*,#1104,.T.);
#889=ORIENTED_EDGE('',*,*,#999,.T.);
#890=ORIENTED_EDGE('',*,*,#1237,.F.);
#891=ORIENTED_EDGE('',*,*,#1296,.F.);
#892=ORIENTED_EDGE('',*,*,#1235,.T.);
#893=ORIENTED_EDGE('',*,*,#1001,.F.);
#894=ORIENTED_EDGE('',*,*,#1106,.F.);
#895=ORIENTED_EDGE('',*,*,#1297,.F.);
#896=ORIENTED_EDGE('',*,*,#1236,.T.);
#897=ORIENTED_EDGE('',*,*,#1297,.T.);
#898=ORIENTED_EDGE('',*,*,#1105,.T.);
#899=ORIENTED_EDGE('',*,*,#1296,.T.);
#900=ORIENTED_EDGE('',*,*,#1101,.T.);
#901=ORIENTED_EDGE('',*,*,#995,.T.);
#902=ORIENTED_EDGE('',*,*,#1240,.F.);
#903=ORIENTED_EDGE('',*,*,#1298,.F.);
#904=ORIENTED_EDGE('',*,*,#1238,.T.);
#905=ORIENTED_EDGE('',*,*,#997,.F.);
#906=ORIENTED_EDGE('',*,*,#1103,.F.);
#907=ORIENTED_EDGE('',*,*,#1299,.F.);
#908=ORIENTED_EDGE('',*,*,#1239,.T.);
#909=ORIENTED_EDGE('',*,*,#1299,.T.);
#910=ORIENTED_EDGE('',*,*,#1102,.T.);
#911=ORIENTED_EDGE('',*,*,#1298,.T.);
#912=ORIENTED_EDGE('',*,*,#1098,.T.);
#913=ORIENTED_EDGE('',*,*,#991,.T.);
#914=ORIENTED_EDGE('',*,*,#1243,.F.);
#915=ORIENTED_EDGE('',*,*,#1300,.F.);
#916=ORIENTED_EDGE('',*,*,#1241,.T.);
#917=ORIENTED_EDGE('',*,*,#993,.F.);
#918=ORIENTED_EDGE('',*,*,#1100,.F.);
#919=ORIENTED_EDGE('',*,*,#1301,.F.);
#920=ORIENTED_EDGE('',*,*,#1242,.T.);
#921=ORIENTED_EDGE('',*,*,#1301,.T.);
#922=ORIENTED_EDGE('',*,*,#1099,.T.);
#923=ORIENTED_EDGE('',*,*,#1300,.T.);
#924=ORIENTED_EDGE('',*,*,#1092,.T.);
#925=ORIENTED_EDGE('',*,*,#987,.T.);
#926=ORIENTED_EDGE('',*,*,#1249,.F.);
#927=ORIENTED_EDGE('',*,*,#1302,.F.);
#928=ORIENTED_EDGE('',*,*,#1247,.T.);
#929=ORIENTED_EDGE('',*,*,#982,.F.);
#930=ORIENTED_EDGE('',*,*,#1094,.F.);
#931=ORIENTED_EDGE('',*,*,#1303,.F.);
#932=ORIENTED_EDGE('',*,*,#1248,.T.);
#933=ORIENTED_EDGE('',*,*,#1303,.T.);
#934=ORIENTED_EDGE('',*,*,#1093,.T.);
#935=ORIENTED_EDGE('',*,*,#1302,.T.);
#936=ORIENTED_EDGE('',*,*,#1095,.T.);
#937=ORIENTED_EDGE('',*,*,#980,.T.);
#938=ORIENTED_EDGE('',*,*,#1246,.F.);
#939=ORIENTED_EDGE('',*,*,#1304,.F.);
#940=ORIENTED_EDGE('',*,*,#1244,.T.);
#941=ORIENTED_EDGE('',*,*,#989,.F.);
#942=ORIENTED_EDGE('',*,*,#1097,.F.);
#943=ORIENTED_EDGE('',*,*,#1305,.F.);
#944=ORIENTED_EDGE('',*,*,#1245,.T.);
#945=ORIENTED_EDGE('',*,*,#1305,.T.);
#946=ORIENTED_EDGE('',*,*,#1096,.T.);
#947=ORIENTED_EDGE('',*,*,#1304,.T.);
#948=ORIENTED_EDGE('',*,*,#1089,.T.);
#949=ORIENTED_EDGE('',*,*,#979,.T.);
#950=ORIENTED_EDGE('',*,*,#1252,.F.);
#951=ORIENTED_EDGE('',*,*,#1306,.F.);
#952=ORIENTED_EDGE('',*,*,#1250,.T.);
#953=ORIENTED_EDGE('',*,*,#985,.F.);
#954=ORIENTED_EDGE('',*,*,#1091,.F.);
#955=ORIENTED_EDGE('',*,*,#1307,.F.);
#956=ORIENTED_EDGE('',*,*,#1251,.T.);
#957=ORIENTED_EDGE('',*,*,#1307,.T.);
#958=ORIENTED_EDGE('',*,*,#1090,.T.);
#959=ORIENTED_EDGE('',*,*,#1306,.T.);
#960=ORIENTED_EDGE('',*,*,#1086,.T.);
#961=ORIENTED_EDGE('',*,*,#972,.T.);
#962=ORIENTED_EDGE('',*,*,#1171,.F.);
#963=ORIENTED_EDGE('',*,*,#1308,.F.);
#964=ORIENTED_EDGE('',*,*,#1253,.T.);
#965=ORIENTED_EDGE('',*,*,#977,.F.);
#966=ORIENTED_EDGE('',*,*,#1088,.F.);
#967=ORIENTED_EDGE('',*,*,#1309,.F.);
#968=ORIENTED_EDGE('',*,*,#1170,.T.);
#969=ORIENTED_EDGE('',*,*,#1309,.T.);
#970=ORIENTED_EDGE('',*,*,#1087,.T.);
#971=ORIENTED_EDGE('',*,*,#1308,.T.);
#972=EDGE_CURVE('',#1310,#1311,#1536,.T.);
#973=EDGE_CURVE('',#1312,#1310,#182,.T.);
#974=EDGE_CURVE('',#1312,#1313,#1537,.T.);
#975=EDGE_CURVE('',#1313,#1311,#183,.T.);
#976=EDGE_CURVE('',#1314,#1315,#184,.T.);
#977=EDGE_CURVE('',#1314,#1316,#1538,.T.);
#978=EDGE_CURVE('',#1316,#1317,#185,.T.);
#979=EDGE_CURVE('',#1315,#1317,#1539,.T.);
#980=EDGE_CURVE('',#1318,#1319,#1540,.T.);
#981=EDGE_CURVE('',#1320,#1318,#186,.T.);
#982=EDGE_CURVE('',#1320,#1321,#1541,.T.);
#983=EDGE_CURVE('',#1321,#1319,#187,.T.);
#984=EDGE_CURVE('',#1322,#1323,#188,.T.);
#985=EDGE_CURVE('',#1322,#1324,#1542,.T.);
#986=EDGE_CURVE('',#1324,#1325,#189,.T.);
#987=EDGE_CURVE('',#1323,#1325,#1543,.T.);
#988=EDGE_CURVE('',#1326,#1327,#190,.T.);
#989=EDGE_CURVE('',#1326,#1328,#1544,.T.);
#990=EDGE_CURVE('',#1328,#1329,#191,.T.);
#991=EDGE_CURVE('',#1327,#1329,#1545,.T.);
#992=EDGE_CURVE('',#1330,#1331,#192,.T.);
#993=EDGE_CURVE('',#1330,#1332,#1546,.T.);
#994=EDGE_CURVE('',#1332,#1333,#193,.T.);
#995=EDGE_CURVE('',#1331,#1333,#1547,.T.);
#996=EDGE_CURVE('',#1334,#1335,#194,.T.);
#997=EDGE_CURVE('',#1334,#1336,#1548,.T.);
#998=EDGE_CURVE('',#1336,#1337,#195,.T.);
#999=EDGE_CURVE('',#1335,#1337,#1549,.T.);
#1000=EDGE_CURVE('',#1338,#1339,#196,.T.);
#1001=EDGE_CURVE('',#1338,#1340,#1550,.T.);
#1002=EDGE_CURVE('',#1340,#1341,#197,.T.);
#1003=EDGE_CURVE('',#1339,#1341,#1551,.T.);
#1004=EDGE_CURVE('',#1342,#1343,#1552,.T.);
#1005=EDGE_CURVE('',#1344,#1342,#198,.T.);
#1006=EDGE_CURVE('',#1344,#1345,#1553,.T.);
#1007=EDGE_CURVE('',#1345,#1343,#199,.T.);
#1008=EDGE_CURVE('',#1346,#1347,#1554,.T.);
#1009=EDGE_CURVE('',#1348,#1346,#200,.T.);
#1010=EDGE_CURVE('',#1348,#1349,#1555,.T.);
#1011=EDGE_CURVE('',#1349,#1347,#201,.T.);
#1012=EDGE_CURVE('',#1350,#1351,#1556,.T.);
#1013=EDGE_CURVE('',#1352,#1350,#202,.T.);
#1014=EDGE_CURVE('',#1352,#1353,#1557,.T.);
#1015=EDGE_CURVE('',#1353,#1351,#203,.T.);
#1016=EDGE_CURVE('',#1354,#1355,#204,.T.);
#1017=EDGE_CURVE('',#1354,#1356,#1558,.T.);
#1018=EDGE_CURVE('',#1356,#1357,#205,.T.);
#1019=EDGE_CURVE('',#1355,#1357,#1559,.T.);
#1020=EDGE_CURVE('',#1358,#1359,#206,.T.);
#1021=EDGE_CURVE('',#1358,#1360,#1560,.T.);
#1022=EDGE_CURVE('',#1360,#1361,#207,.T.);
#1023=EDGE_CURVE('',#1359,#1361,#1561,.T.);
#1024=EDGE_CURVE('',#1362,#1363,#208,.T.);
#1025=EDGE_CURVE('',#1362,#1364,#1562,.T.);
#1026=EDGE_CURVE('',#1364,#1365,#209,.T.);
#1027=EDGE_CURVE('',#1363,#1365,#1563,.T.);
#1028=EDGE_CURVE('',#1366,#1367,#210,.T.);
#1029=EDGE_CURVE('',#1366,#1368,#1564,.T.);
#1030=EDGE_CURVE('',#1368,#1369,#211,.T.);
#1031=EDGE_CURVE('',#1367,#1369,#1565,.T.);
#1032=EDGE_CURVE('',#1370,#1371,#212,.T.);
#1033=EDGE_CURVE('',#1370,#1372,#1566,.T.);
#1034=EDGE_CURVE('',#1372,#1373,#213,.T.);
#1035=EDGE_CURVE('',#1371,#1373,#1567,.T.);
#1036=EDGE_CURVE('',#1374,#1375,#1568,.T.);
#1037=EDGE_CURVE('',#1376,#1374,#214,.T.);
#1038=EDGE_CURVE('',#1376,#1377,#1569,.T.);
#1039=EDGE_CURVE('',#1377,#1375,#215,.T.);
#1040=EDGE_CURVE('',#1378,#1379,#1570,.T.);
#1041=EDGE_CURVE('',#1380,#1378,#216,.T.);
#1042=EDGE_CURVE('',#1380,#1381,#1571,.T.);
#1043=EDGE_CURVE('',#1381,#1379,#217,.T.);
#1044=EDGE_CURVE('',#1382,#1383,#1572,.T.);
#1045=EDGE_CURVE('',#1384,#1382,#218,.T.);
#1046=EDGE_CURVE('',#1384,#1385,#1573,.T.);
#1047=EDGE_CURVE('',#1385,#1383,#219,.T.);
#1048=EDGE_CURVE('',#1386,#1387,#1574,.T.);
#1049=EDGE_CURVE('',#1388,#1386,#220,.T.);
#1050=EDGE_CURVE('',#1388,#1389,#1575,.T.);
#1051=EDGE_CURVE('',#1389,#1387,#221,.T.);
#1052=EDGE_CURVE('',#1390,#1391,#1576,.T.);
#1053=EDGE_CURVE('',#1392,#1390,#222,.T.);
#1054=EDGE_CURVE('',#1392,#1393,#1577,.T.);
#1055=EDGE_CURVE('',#1393,#1391,#223,.T.);
#1056=EDGE_CURVE('',#1394,#1395,#1578,.T.);
#1057=EDGE_CURVE('',#1396,#1394,#224,.T.);
#1058=EDGE_CURVE('',#1396,#1397,#1579,.T.);
#1059=EDGE_CURVE('',#1397,#1395,#225,.T.);
#1060=EDGE_CURVE('',#1398,#1399,#1580,.T.);
#1061=EDGE_CURVE('',#1400,#1398,#226,.T.);
#1062=EDGE_CURVE('',#1400,#1401,#1581,.T.);
#1063=EDGE_CURVE('',#1401,#1399,#227,.T.);
#1064=EDGE_CURVE('',#1402,#1403,#1582,.T.);
#1065=EDGE_CURVE('',#1404,#1402,#228,.T.);
#1066=EDGE_CURVE('',#1404,#1405,#1583,.T.);
#1067=EDGE_CURVE('',#1405,#1403,#229,.T.);
#1068=EDGE_CURVE('',#1406,#1407,#1584,.T.);
#1069=EDGE_CURVE('',#1408,#1406,#230,.T.);
#1070=EDGE_CURVE('',#1408,#1409,#1585,.T.);
#1071=EDGE_CURVE('',#1409,#1407,#231,.T.);
#1072=EDGE_CURVE('',#1410,#1411,#232,.T.);
#1073=EDGE_CURVE('',#1410,#1412,#1586,.T.);
#1074=EDGE_CURVE('',#1412,#1413,#233,.T.);
#1075=EDGE_CURVE('',#1411,#1413,#1587,.T.);
#1076=EDGE_CURVE('',#1414,#1415,#234,.T.);
#1077=EDGE_CURVE('',#1414,#1416,#1588,.T.);
#1078=EDGE_CURVE('',#1416,#1417,#235,.T.);
#1079=EDGE_CURVE('',#1415,#1417,#1589,.T.);
#1080=EDGE_CURVE('',#1418,#1418,#236,.T.);
#1081=EDGE_CURVE('',#1419,#1419,#237,.T.);
#1082=EDGE_CURVE('',#1420,#1421,#238,.T.);
#1083=EDGE_CURVE('',#1420,#1422,#1590,.T.);
#1084=EDGE_CURVE('',#1422,#1423,#239,.T.);
#1085=EDGE_CURVE('',#1421,#1423,#1591,.T.);
#1086=EDGE_CURVE('',#1424,#1310,#68,.T.);
#1087=EDGE_CURVE('',#1425,#1424,#240,.T.);
#1088=EDGE_CURVE('',#1425,#1314,#69,.T.);
#1089=EDGE_CURVE('',#1426,#1315,#70,.T.);
#1090=EDGE_CURVE('',#1427,#1426,#241,.T.);
#1091=EDGE_CURVE('',#1427,#1322,#71,.T.);
#1092=EDGE_CURVE('',#1428,#1323,#72,.T.);
#1093=EDGE_CURVE('',#1429,#1428,#242,.T.);
#1094=EDGE_CURVE('',#1429,#1320,#73,.T.);
#1095=EDGE_CURVE('',#1430,#1318,#74,.T.);
#1096=EDGE_CURVE('',#1431,#1430,#243,.T.);
#1097=EDGE_CURVE('',#1431,#1326,#75,.T.);
#1098=EDGE_CURVE('',#1432,#1327,#76,.T.);
#1099=EDGE_CURVE('',#1433,#1432,#244,.T.);
#1100=EDGE_CURVE('',#1433,#1330,#77,.T.);
#1101=EDGE_CURVE('',#1434,#1331,#78,.T.);
#1102=EDGE_CURVE('',#1435,#1434,#245,.T.);
#1103=EDGE_CURVE('',#1435,#1334,#79,.T.);
#1104=EDGE_CURVE('',#1436,#1335,#80,.T.);
#1105=EDGE_CURVE('',#1437,#1436,#246,.T.);
#1106=EDGE_CURVE('',#1437,#1338,#81,.T.);
#1107=EDGE_CURVE('',#1438,#1339,#82,.T.);
#1108=EDGE_CURVE('',#1439,#1438,#247,.T.);
#1109=EDGE_CURVE('',#1439,#1354,#83,.T.);
#1110=EDGE_CURVE('',#1440,#1355,#84,.T.);
#1111=EDGE_CURVE('',#1441,#1440,#248,.T.);
#1112=EDGE_CURVE('',#1441,#1352,#85,.T.);
#1113=EDGE_CURVE('',#1442,#1350,#86,.T.);
#1114=EDGE_CURVE('',#1443,#1442,#249,.T.);
#1115=EDGE_CURVE('',#1443,#1348,#87,.T.);
#1116=EDGE_CURVE('',#1444,#1346,#88,.T.);
#1117=EDGE_CURVE('',#1445,#1444,#250,.T.);
#1118=EDGE_CURVE('',#1445,#1344,#89,.T.);
#1119=EDGE_CURVE('',#1446,#1342,#90,.T.);
#1120=EDGE_CURVE('',#1447,#1446,#251,.T.);
#1121=EDGE_CURVE('',#1447,#1358,#91,.T.);
#1122=EDGE_CURVE('',#1448,#1359,#92,.T.);
#1123=EDGE_CURVE('',#1449,#1448,#252,.T.);
#1124=EDGE_CURVE('',#1449,#1362,#93,.T.);
#1125=EDGE_CURVE('',#1450,#1363,#94,.T.);
#1126=EDGE_CURVE('',#1451,#1450,#253,.T.);
#1127=EDGE_CURVE('',#1451,#1366,#95,.T.);
#1128=EDGE_CURVE('',#1452,#1367,#96,.T.);
#1129=EDGE_CURVE('',#1453,#1452,#254,.T.);
#1130=EDGE_CURVE('',#1453,#1370,#97,.T.);
#1131=EDGE_CURVE('',#1454,#1371,#98,.T.);
#1132=EDGE_CURVE('',#1455,#1454,#255,.T.);
#1133=EDGE_CURVE('',#1455,#1410,#99,.T.);
#1134=EDGE_CURVE('',#1456,#1411,#100,.T.);
#1135=EDGE_CURVE('',#1457,#1456,#256,.T.);
#1136=EDGE_CURVE('',#1457,#1414,#101,.T.);
#1137=EDGE_CURVE('',#1458,#1415,#102,.T.);
#1138=EDGE_CURVE('',#1459,#1458,#257,.T.);
#1139=EDGE_CURVE('',#1459,#1408,#103,.T.);
#1140=EDGE_CURVE('',#1460,#1406,#104,.T.);
#1141=EDGE_CURVE('',#1461,#1460,#258,.T.);
#1142=EDGE_CURVE('',#1461,#1404,#105,.T.);
#1143=EDGE_CURVE('',#1462,#1402,#106,.T.);
#1144=EDGE_CURVE('',#1463,#1462,#259,.T.);
#1145=EDGE_CURVE('',#1463,#1400,#107,.T.);
#1146=EDGE_CURVE('',#1464,#1398,#108,.T.);
#1147=EDGE_CURVE('',#1465,#1464,#260,.T.);
#1148=EDGE_CURVE('',#1465,#1396,#109,.T.);
#1149=EDGE_CURVE('',#1466,#1394,#110,.T.);
#1150=EDGE_CURVE('',#1467,#1466,#261,.T.);
#1151=EDGE_CURVE('',#1467,#1392,#111,.T.);
#1152=EDGE_CURVE('',#1468,#1390,#112,.T.);
#1153=EDGE_CURVE('',#1469,#1468,#262,.T.);
#1154=EDGE_CURVE('',#1469,#1388,#113,.T.);
#1155=EDGE_CURVE('',#1470,#1386,#114,.T.);
#1156=EDGE_CURVE('',#1471,#1470,#263,.T.);
#1157=EDGE_CURVE('',#1471,#1384,#115,.T.);
#1158=EDGE_CURVE('',#1472,#1382,#116,.T.);
#1159=EDGE_CURVE('',#1473,#1472,#264,.T.);
#1160=EDGE_CURVE('',#1473,#1380,#117,.T.);
#1161=EDGE_CURVE('',#1474,#1378,#118,.T.);
#1162=EDGE_CURVE('',#1475,#1474,#265,.T.);
#1163=EDGE_CURVE('',#1475,#1376,#119,.T.);
#1164=EDGE_CURVE('',#1476,#1374,#120,.T.);
#1165=EDGE_CURVE('',#1477,#1476,#266,.T.);
#1166=EDGE_CURVE('',#1477,#1420,#121,.T.);
#1167=EDGE_CURVE('',#1478,#1421,#122,.T.);
#1168=EDGE_CURVE('',#1479,#1478,#267,.T.);
#1169=EDGE_CURVE('',#1479,#1312,#123,.T.);
#1170=EDGE_CURVE('',#1480,#1481,#268,.F.);
#1171=EDGE_CURVE('',#1480,#1311,#124,.T.);
#1172=EDGE_CURVE('',#1482,#1313,#125,.T.);
#1173=EDGE_CURVE('',#1483,#1482,#269,.F.);
#1174=EDGE_CURVE('',#1483,#1423,#126,.T.);
#1175=EDGE_CURVE('',#1484,#1422,#127,.T.);
#1176=EDGE_CURVE('',#1485,#1484,#270,.F.);
#1177=EDGE_CURVE('',#1485,#1375,#128,.T.);
#1178=EDGE_CURVE('',#1486,#1377,#129,.T.);
#1179=EDGE_CURVE('',#1487,#1486,#271,.F.);
#1180=EDGE_CURVE('',#1487,#1379,#130,.T.);
#1181=EDGE_CURVE('',#1488,#1381,#131,.T.);
#1182=EDGE_CURVE('',#1489,#1488,#272,.F.);
#1183=EDGE_CURVE('',#1489,#1383,#132,.T.);
#1184=EDGE_CURVE('',#1490,#1385,#133,.T.);
#1185=EDGE_CURVE('',#1491,#1490,#273,.F.);
#1186=EDGE_CURVE('',#1491,#1387,#134,.T.);
#1187=EDGE_CURVE('',#1492,#1389,#135,.T.);
#1188=EDGE_CURVE('',#1493,#1492,#274,.F.);
#1189=EDGE_CURVE('',#1493,#1391,#136,.T.);
#1190=EDGE_CURVE('',#1494,#1393,#137,.T.);
#1191=EDGE_CURVE('',#1495,#1494,#275,.F.);
#1192=EDGE_CURVE('',#1495,#1395,#138,.T.);
#1193=EDGE_CURVE('',#1496,#1397,#139,.T.);
#1194=EDGE_CURVE('',#1497,#1496,#276,.F.);
#1195=EDGE_CURVE('',#1497,#1399,#140,.T.);
#1196=EDGE_CURVE('',#1498,#1401,#141,.T.);
#1197=EDGE_CURVE('',#1499,#1498,#277,.F.);
#1198=EDGE_CURVE('',#1499,#1403,#142,.T.);
#1199=EDGE_CURVE('',#1500,#1405,#143,.T.);
#1200=EDGE_CURVE('',#1501,#1500,#278,.F.);
#1201=EDGE_CURVE('',#1501,#1407,#144,.T.);
#1202=EDGE_CURVE('',#1502,#1409,#145,.T.);
#1203=EDGE_CURVE('',#1503,#1502,#279,.F.);
#1204=EDGE_CURVE('',#1503,#1417,#146,.T.);
#1205=EDGE_CURVE('',#1504,#1416,#147,.T.);
#1206=EDGE_CURVE('',#1505,#1504,#280,.F.);
#1207=EDGE_CURVE('',#1505,#1413,#148,.T.);
#1208=EDGE_CURVE('',#1506,#1412,#149,.T.);
#1209=EDGE_CURVE('',#1507,#1506,#281,.F.);
#1210=EDGE_CURVE('',#1507,#1373,#150,.T.);
#1211=EDGE_CURVE('',#1508,#1372,#151,.T.);
#1212=EDGE_CURVE('',#1509,#1508,#282,.F.);
#1213=EDGE_CURVE('',#1509,#1369,#152,.T.);
#1214=EDGE_CURVE('',#1510,#1368,#153,.T.);
#1215=EDGE_CURVE('',#1511,#1510,#283,.F.);
#1216=EDGE_CURVE('',#1511,#1365,#154,.T.);
#1217=EDGE_CURVE('',#1512,#1364,#155,.T.);
#1218=EDGE_CURVE('',#1513,#1512,#284,.F.);
#1219=EDGE_CURVE('',#1513,#1361,#156,.T.);
#1220=EDGE_CURVE('',#1514,#1360,#157,.T.);
#1221=EDGE_CURVE('',#1515,#1514,#285,.F.);
#1222=EDGE_CURVE('',#1515,#1343,#158,.T.);
#1223=EDGE_CURVE('',#1516,#1345,#159,.T.);
#1224=EDGE_CURVE('',#1517,#1516,#286,.F.);
#1225=EDGE_CURVE('',#1517,#1347,#160,.T.);
#1226=EDGE_CURVE('',#1518,#1349,#161,.T.);
#1227=EDGE_CURVE('',#1519,#1518,#287,.F.);
#1228=EDGE_CURVE('',#1519,#1351,#162,.T.);
#1229=EDGE_CURVE('',#1520,#1353,#163,.T.);
#1230=EDGE_CURVE('',#1521,#1520,#288,.F.);
#1231=EDGE_CURVE('',#1521,#1357,#164,.T.);
#1232=EDGE_CURVE('',#1522,#1356,#165,.T.);
#1233=EDGE_CURVE('',#1523,#1522,#289,.F.);
#1234=EDGE_CURVE('',#1523,#1341,#166,.T.);
#1235=EDGE_CURVE('',#1524,#1340,#167,.T.);
#1236=EDGE_CURVE('',#1525,#1524,#290,.F.);
#1237=EDGE_CURVE('',#1525,#1337,#168,.T.);
#1238=EDGE_CURVE('',#1526,#1336,#169,.T.);
#1239=EDGE_CURVE('',#1527,#1526,#291,.F.);
#1240=EDGE_CURVE('',#1527,#1333,#170,.T.);
#1241=EDGE_CURVE('',#1528,#1332,#171,.T.);
#1242=EDGE_CURVE('',#1529,#1528,#292,.F.);
#1243=EDGE_CURVE('',#1529,#1329,#172,.T.);
#1244=EDGE_CURVE('',#1530,#1328,#173,.T.);
#1245=EDGE_CURVE('',#1531,#1530,#293,.F.);
#1246=EDGE_CURVE('',#1531,#1319,#174,.T.);
#1247=EDGE_CURVE('',#1532,#1321,#175,.T.);
#1248=EDGE_CURVE('',#1533,#1532,#294,.F.);
#1249=EDGE_CURVE('',#1533,#1325,#176,.T.);
#1250=EDGE_CURVE('',#1534,#1324,#177,.T.);
#1251=EDGE_CURVE('',#1535,#1534,#295,.F.);
#1252=EDGE_CURVE('',#1535,#1317,#178,.T.);
#1253=EDGE_CURVE('',#1481,#1316,#179,.T.);
#1254=EDGE_CURVE('',#1478,#1483,#1592,.T.);
#1255=EDGE_CURVE('',#1482,#1479,#1593,.F.);
#1256=EDGE_CURVE('',#1458,#1503,#1594,.T.);
#1257=EDGE_CURVE('',#1502,#1459,#1595,.F.);
#1258=EDGE_CURVE('',#1456,#1505,#1596,.T.);
#1259=EDGE_CURVE('',#1504,#1457,#1597,.F.);
#1260=EDGE_CURVE('',#1460,#1501,#1598,.T.);
#1261=EDGE_CURVE('',#1500,#1461,#1599,.F.);
#1262=EDGE_CURVE('',#1462,#1499,#1600,.T.);
#1263=EDGE_CURVE('',#1498,#1463,#1601,.F.);
#1264=EDGE_CURVE('',#1464,#1497,#1602,.T.);
#1265=EDGE_CURVE('',#1496,#1465,#1603,.F.);
#1266=EDGE_CURVE('',#1466,#1495,#1604,.T.);
#1267=EDGE_CURVE('',#1494,#1467,#1605,.F.);
#1268=EDGE_CURVE('',#1468,#1493,#1606,.T.);
#1269=EDGE_CURVE('',#1492,#1469,#1607,.F.);
#1270=EDGE_CURVE('',#1470,#1491,#1608,.T.);
#1271=EDGE_CURVE('',#1490,#1471,#1609,.F.);
#1272=EDGE_CURVE('',#1472,#1489,#1610,.T.);
#1273=EDGE_CURVE('',#1488,#1473,#1611,.F.);
#1274=EDGE_CURVE('',#1474,#1487,#1612,.T.);
#1275=EDGE_CURVE('',#1486,#1475,#1613,.F.);
#1276=EDGE_CURVE('',#1476,#1485,#1614,.T.);
#1277=EDGE_CURVE('',#1484,#1477,#1615,.F.);
#1278=EDGE_CURVE('',#1454,#1507,#1616,.T.);
#1279=EDGE_CURVE('',#1506,#1455,#1617,.F.);
#1280=EDGE_CURVE('',#1452,#1509,#1618,.T.);
#1281=EDGE_CURVE('',#1508,#1453,#1619,.F.);
#1282=EDGE_CURVE('',#1450,#1511,#1620,.T.);
#1283=EDGE_CURVE('',#1510,#1451,#1621,.F.);
#1284=EDGE_CURVE('',#1448,#1513,#1622,.T.);
#1285=EDGE_CURVE('',#1512,#1449,#1623,.F.);
#1286=EDGE_CURVE('',#1440,#1521,#1624,.T.);
#1287=EDGE_CURVE('',#1520,#1441,#1625,.F.);
#1288=EDGE_CURVE('',#1442,#1519,#1626,.T.);
#1289=EDGE_CURVE('',#1518,#1443,#1627,.F.);
#1290=EDGE_CURVE('',#1444,#1517,#1628,.T.);
#1291=EDGE_CURVE('',#1516,#1445,#1629,.F.);
#1292=EDGE_CURVE('',#1446,#1515,#1630,.T.);
#1293=EDGE_CURVE('',#1514,#1447,#1631,.F.);
#1294=EDGE_CURVE('',#1438,#1523,#1632,.T.);
#1295=EDGE_CURVE('',#1522,#1439,#1633,.F.);
#1296=EDGE_CURVE('',#1436,#1525,#1634,.T.);
#1297=EDGE_CURVE('',#1524,#1437,#1635,.F.);
#1298=EDGE_CURVE('',#1434,#1527,#1636,.T.);
#1299=EDGE_CURVE('',#1526,#1435,#1637,.F.);
#1300=EDGE_CURVE('',#1432,#1529,#1638,.T.);
#1301=EDGE_CURVE('',#1528,#1433,#1639,.F.);
#1302=EDGE_CURVE('',#1428,#1533,#1640,.T.);
#1303=EDGE_CURVE('',#1532,#1429,#1641,.F.);
#1304=EDGE_CURVE('',#1430,#1531,#1642,.T.);
#1305=EDGE_CURVE('',#1530,#1431,#1643,.F.);
#1306=EDGE_CURVE('',#1426,#1535,#1644,.T.);
#1307=EDGE_CURVE('',#1534,#1427,#1645,.F.);
#1308=EDGE_CURVE('',#1424,#1480,#1646,.T.);
#1309=EDGE_CURVE('',#1481,#1425,#1647,.F.);
#1310=VERTEX_POINT('',#2817);
#1311=VERTEX_POINT('',#2818);
#1312=VERTEX_POINT('',#2820);
#1313=VERTEX_POINT('',#2822);
#1314=VERTEX_POINT('',#2826);
#1315=VERTEX_POINT('',#2827);
#1316=VERTEX_POINT('',#2829);
#1317=VERTEX_POINT('',#2831);
#1318=VERTEX_POINT('',#2835);
#1319=VERTEX_POINT('',#2836);
#1320=VERTEX_POINT('',#2838);
#1321=VERTEX_POINT('',#2840);
#1322=VERTEX_POINT('',#2844);
#1323=VERTEX_POINT('',#2845);
#1324=VERTEX_POINT('',#2847);
#1325=VERTEX_POINT('',#2849);
#1326=VERTEX_POINT('',#2853);
#1327=VERTEX_POINT('',#2854);
#1328=VERTEX_POINT('',#2856);
#1329=VERTEX_POINT('',#2858);
#1330=VERTEX_POINT('',#2862);
#1331=VERTEX_POINT('',#2863);
#1332=VERTEX_POINT('',#2865);
#1333=VERTEX_POINT('',#2867);
#1334=VERTEX_POINT('',#2871);
#1335=VERTEX_POINT('',#2872);
#1336=VERTEX_POINT('',#2874);
#1337=VERTEX_POINT('',#2876);
#1338=VERTEX_POINT('',#2880);
#1339=VERTEX_POINT('',#2881);
#1340=VERTEX_POINT('',#2883);
#1341=VERTEX_POINT('',#2885);
#1342=VERTEX_POINT('',#2889);
#1343=VERTEX_POINT('',#2890);
#1344=VERTEX_POINT('',#2892);
#1345=VERTEX_POINT('',#2894);
#1346=VERTEX_POINT('',#2898);
#1347=VERTEX_POINT('',#2899);
#1348=VERTEX_POINT('',#2901);
#1349=VERTEX_POINT('',#2903);
#1350=VERTEX_POINT('',#2907);
#1351=VERTEX_POINT('',#2908);
#1352=VERTEX_POINT('',#2910);
#1353=VERTEX_POINT('',#2912);
#1354=VERTEX_POINT('',#2916);
#1355=VERTEX_POINT('',#2917);
#1356=VERTEX_POINT('',#2919);
#1357=VERTEX_POINT('',#2921);
#1358=VERTEX_POINT('',#2925);
#1359=VERTEX_POINT('',#2926);
#1360=VERTEX_POINT('',#2928);
#1361=VERTEX_POINT('',#2930);
#1362=VERTEX_POINT('',#2934);
#1363=VERTEX_POINT('',#2935);
#1364=VERTEX_POINT('',#2937);
#1365=VERTEX_POINT('',#2939);
#1366=VERTEX_POINT('',#2943);
#1367=VERTEX_POINT('',#2944);
#1368=VERTEX_POINT('',#2946);
#1369=VERTEX_POINT('',#2948);
#1370=VERTEX_POINT('',#2952);
#1371=VERTEX_POINT('',#2953);
#1372=VERTEX_POINT('',#2955);
#1373=VERTEX_POINT('',#2957);
#1374=VERTEX_POINT('',#2961);
#1375=VERTEX_POINT('',#2962);
#1376=VERTEX_POINT('',#2964);
#1377=VERTEX_POINT('',#2966);
#1378=VERTEX_POINT('',#2970);
#1379=VERTEX_POINT('',#2971);
#1380=VERTEX_POINT('',#2973);
#1381=VERTEX_POINT('',#2975);
#1382=VERTEX_POINT('',#2979);
#1383=VERTEX_POINT('',#2980);
#1384=VERTEX_POINT('',#2982);
#1385=VERTEX_POINT('',#2984);
#1386=VERTEX_POINT('',#2988);
#1387=VERTEX_POINT('',#2989);
#1388=VERTEX_POINT('',#2991);
#1389=VERTEX_POINT('',#2993);
#1390=VERTEX_POINT('',#2997);
#1391=VERTEX_POINT('',#2998);
#1392=VERTEX_POINT('',#3000);
#1393=VERTEX_POINT('',#3002);
#1394=VERTEX_POINT('',#3006);
#1395=VERTEX_POINT('',#3007);
#1396=VERTEX_POINT('',#3009);
#1397=VERTEX_POINT('',#3011);
#1398=VERTEX_POINT('',#3015);
#1399=VERTEX_POINT('',#3016);
#1400=VERTEX_POINT('',#3018);
#1401=VERTEX_POINT('',#3020);
#1402=VERTEX_POINT('',#3024);
#1403=VERTEX_POINT('',#3025);
#1404=VERTEX_POINT('',#3027);
#1405=VERTEX_POINT('',#3029);
#1406=VERTEX_POINT('',#3033);
#1407=VERTEX_POINT('',#3034);
#1408=VERTEX_POINT('',#3036);
#1409=VERTEX_POINT('',#3038);
#1410=VERTEX_POINT('',#3042);
#1411=VERTEX_POINT('',#3043);
#1412=VERTEX_POINT('',#3045);
#1413=VERTEX_POINT('',#3047);
#1414=VERTEX_POINT('',#3051);
#1415=VERTEX_POINT('',#3052);
#1416=VERTEX_POINT('',#3054);
#1417=VERTEX_POINT('',#3056);
#1418=VERTEX_POINT('',#3060);
#1419=VERTEX_POINT('',#3062);
#1420=VERTEX_POINT('',#3065);
#1421=VERTEX_POINT('',#3066);
#1422=VERTEX_POINT('',#3068);
#1423=VERTEX_POINT('',#3070);
#1424=VERTEX_POINT('',#3104);
#1425=VERTEX_POINT('',#3106);
#1426=VERTEX_POINT('',#3169);
#1427=VERTEX_POINT('',#3171);
#1428=VERTEX_POINT('',#3234);
#1429=VERTEX_POINT('',#3236);
#1430=VERTEX_POINT('',#3299);
#1431=VERTEX_POINT('',#3301);
#1432=VERTEX_POINT('',#3364);
#1433=VERTEX_POINT('',#3366);
#1434=VERTEX_POINT('',#3429);
#1435=VERTEX_POINT('',#3431);
#1436=VERTEX_POINT('',#3494);
#1437=VERTEX_POINT('',#3496);
#1438=VERTEX_POINT('',#3559);
#1439=VERTEX_POINT('',#3561);
#1440=VERTEX_POINT('',#3624);
#1441=VERTEX_POINT('',#3626);
#1442=VERTEX_POINT('',#3689);
#1443=VERTEX_POINT('',#3691);
#1444=VERTEX_POINT('',#3754);
#1445=VERTEX_POINT('',#3756);
#1446=VERTEX_POINT('',#3819);
#1447=VERTEX_POINT('',#3821);
#1448=VERTEX_POINT('',#3884);
#1449=VERTEX_POINT('',#3886);
#1450=VERTEX_POINT('',#3949);
#1451=VERTEX_POINT('',#3951);
#1452=VERTEX_POINT('',#4014);
#1453=VERTEX_POINT('',#4016);
#1454=VERTEX_POINT('',#4079);
#1455=VERTEX_POINT('',#4081);
#1456=VERTEX_POINT('',#4144);
#1457=VERTEX_POINT('',#4146);
#1458=VERTEX_POINT('',#4209);
#1459=VERTEX_POINT('',#4211);
#1460=VERTEX_POINT('',#4274);
#1461=VERTEX_POINT('',#4276);
#1462=VERTEX_POINT('',#4339);
#1463=VERTEX_POINT('',#4341);
#1464=VERTEX_POINT('',#4404);
#1465=VERTEX_POINT('',#4406);
#1466=VERTEX_POINT('',#4469);
#1467=VERTEX_POINT('',#4471);
#1468=VERTEX_POINT('',#4534);
#1469=VERTEX_POINT('',#4536);
#1470=VERTEX_POINT('',#4599);
#1471=VERTEX_POINT('',#4601);
#1472=VERTEX_POINT('',#4664);
#1473=VERTEX_POINT('',#4666);
#1474=VERTEX_POINT('',#4729);
#1475=VERTEX_POINT('',#4731);
#1476=VERTEX_POINT('',#4794);
#1477=VERTEX_POINT('',#4796);
#1478=VERTEX_POINT('',#4859);
#1479=VERTEX_POINT('',#4861);
#1480=VERTEX_POINT('',#4895);
#1481=VERTEX_POINT('',#4896);
#1482=VERTEX_POINT('',#4959);
#1483=VERTEX_POINT('',#4961);
#1484=VERTEX_POINT('',#5024);
#1485=VERTEX_POINT('',#5026);
#1486=VERTEX_POINT('',#5089);
#1487=VERTEX_POINT('',#5091);
#1488=VERTEX_POINT('',#5154);
#1489=VERTEX_POINT('',#5156);
#1490=VERTEX_POINT('',#5219);
#1491=VERTEX_POINT('',#5221);
#1492=VERTEX_POINT('',#5284);
#1493=VERTEX_POINT('',#5286);
#1494=VERTEX_POINT('',#5349);
#1495=VERTEX_POINT('',#5351);
#1496=VERTEX_POINT('',#5414);
#1497=VERTEX_POINT('',#5416);
#1498=VERTEX_POINT('',#5479);
#1499=VERTEX_POINT('',#5481);
#1500=VERTEX_POINT('',#5544);
#1501=VERTEX_POINT('',#5546);
#1502=VERTEX_POINT('',#5609);
#1503=VERTEX_POINT('',#5611);
#1504=VERTEX_POINT('',#5674);
#1505=VERTEX_POINT('',#5676);
#1506=VERTEX_POINT('',#5739);
#1507=VERTEX_POINT('',#5741);
#1508=VERTEX_POINT('',#5804);
#1509=VERTEX_POINT('',#5806);
#1510=VERTEX_POINT('',#5869);
#1511=VERTEX_POINT('',#5871);
#1512=VERTEX_POINT('',#5934);
#1513=VERTEX_POINT('',#5936);
#1514=VERTEX_POINT('',#5999);
#1515=VERTEX_POINT('',#6001);
#1516=VERTEX_POINT('',#6064);
#1517=VERTEX_POINT('',#6066);
#1518=VERTEX_POINT('',#6129);
#1519=VERTEX_POINT('',#6131);
#1520=VERTEX_POINT('',#6194);
#1521=VERTEX_POINT('',#6196);
#1522=VERTEX_POINT('',#6259);
#1523=VERTEX_POINT('',#6261);
#1524=VERTEX_POINT('',#6324);
#1525=VERTEX_POINT('',#6326);
#1526=VERTEX_POINT('',#6389);
#1527=VERTEX_POINT('',#6391);
#1528=VERTEX_POINT('',#6454);
#1529=VERTEX_POINT('',#6456);
#1530=VERTEX_POINT('',#6519);
#1531=VERTEX_POINT('',#6521);
#1532=VERTEX_POINT('',#6584);
#1533=VERTEX_POINT('',#6586);
#1534=VERTEX_POINT('',#6649);
#1535=VERTEX_POINT('',#6651);
#1536=LINE('',#2816,#1648);
#1537=LINE('',#2821,#1649);
#1538=LINE('',#2828,#1650);
#1539=LINE('',#2832,#1651);
#1540=LINE('',#2834,#1652);
#1541=LINE('',#2839,#1653);
#1542=LINE('',#2846,#1654);
#1543=LINE('',#2850,#1655);
#1544=LINE('',#2855,#1656);
#1545=LINE('',#2859,#1657);
#1546=LINE('',#2864,#1658);
#1547=LINE('',#2868,#1659);
#1548=LINE('',#2873,#1660);
#1549=LINE('',#2877,#1661);
#1550=LINE('',#2882,#1662);
#1551=LINE('',#2886,#1663);
#1552=LINE('',#2888,#1664);
#1553=LINE('',#2893,#1665);
#1554=LINE('',#2897,#1666);
#1555=LINE('',#2902,#1667);
#1556=LINE('',#2906,#1668);
#1557=LINE('',#2911,#1669);
#1558=LINE('',#2918,#1670);
#1559=LINE('',#2922,#1671);
#1560=LINE('',#2927,#1672);
#1561=LINE('',#2931,#1673);
#1562=LINE('',#2936,#1674);
#1563=LINE('',#2940,#1675);
#1564=LINE('',#2945,#1676);
#1565=LINE('',#2949,#1677);
#1566=LINE('',#2954,#1678);
#1567=LINE('',#2958,#1679);
#1568=LINE('',#2960,#1680);
#1569=LINE('',#2965,#1681);
#1570=LINE('',#2969,#1682);
#1571=LINE('',#2974,#1683);
#1572=LINE('',#2978,#1684);
#1573=LINE('',#2983,#1685);
#1574=LINE('',#2987,#1686);
#1575=LINE('',#2992,#1687);
#1576=LINE('',#2996,#1688);
#1577=LINE('',#3001,#1689);
#1578=LINE('',#3005,#1690);
#1579=LINE('',#3010,#1691);
#1580=LINE('',#3014,#1692);
#1581=LINE('',#3019,#1693);
#1582=LINE('',#3023,#1694);
#1583=LINE('',#3028,#1695);
#1584=LINE('',#3032,#1696);
#1585=LINE('',#3037,#1697);
#1586=LINE('',#3044,#1698);
#1587=LINE('',#3048,#1699);
#1588=LINE('',#3053,#1700);
#1589=LINE('',#3057,#1701);
#1590=LINE('',#3067,#1702);
#1591=LINE('',#3071,#1703);
#1592=LINE('',#6724,#1704);
#1593=LINE('',#6735,#1705);
#1594=LINE('',#6747,#1706);
#1595=LINE('',#6758,#1707);
#1596=LINE('',#6770,#1708);
#1597=LINE('',#6781,#1709);
#1598=LINE('',#6793,#1710);
#1599=LINE('',#6804,#1711);
#1600=LINE('',#6816,#1712);
#1601=LINE('',#6827,#1713);
#1602=LINE('',#6839,#1714);
#1603=LINE('',#6850,#1715);
#1604=LINE('',#6862,#1716);
#1605=LINE('',#6873,#1717);
#1606=LINE('',#6885,#1718);
#1607=LINE('',#6896,#1719);
#1608=LINE('',#6908,#1720);
#1609=LINE('',#6919,#1721);
#1610=LINE('',#6931,#1722);
#1611=LINE('',#6942,#1723);
#1612=LINE('',#6954,#1724);
#1613=LINE('',#6965,#1725);
#1614=LINE('',#6977,#1726);
#1615=LINE('',#6988,#1727);
#1616=LINE('',#7000,#1728);
#1617=LINE('',#7011,#1729);
#1618=LINE('',#7023,#1730);
#1619=LINE('',#7034,#1731);
#1620=LINE('',#7046,#1732);
#1621=LINE('',#7057,#1733);
#1622=LINE('',#7069,#1734);
#1623=LINE('',#7080,#1735);
#1624=LINE('',#7092,#1736);
#1625=LINE('',#7103,#1737);
#1626=LINE('',#7115,#1738);
#1627=LINE('',#7126,#1739);
#1628=LINE('',#7138,#1740);
#1629=LINE('',#7149,#1741);
#1630=LINE('',#7161,#1742);
#1631=LINE('',#7172,#1743);
#1632=LINE('',#7184,#1744);
#1633=LINE('',#7195,#1745);
#1634=LINE('',#7207,#1746);
#1635=LINE('',#7218,#1747);
#1636=LINE('',#7230,#1748);
#1637=LINE('',#7241,#1749);
#1638=LINE('',#7253,#1750);
#1639=LINE('',#7264,#1751);
#1640=LINE('',#7276,#1752);
#1641=LINE('',#7287,#1753);
#1642=LINE('',#7299,#1754);
#1643=LINE('',#7310,#1755);
#1644=LINE('',#7322,#1756);
#1645=LINE('',#7333,#1757);
#1646=LINE('',#7345,#1758);
#1647=LINE('',#7356,#1759);
#1648=VECTOR('',#2358,1.);
#1649=VECTOR('',#2361,1.);
#1650=VECTOR('',#2368,1.);
#1651=VECTOR('',#2371,1.);
#1652=VECTOR('',#2374,1.);
#1653=VECTOR('',#2377,1.);
#1654=VECTOR('',#2384,1.);
#1655=VECTOR('',#2387,1.);
#1656=VECTOR('',#2392,1.);
#1657=VECTOR('',#2395,1.);
#1658=VECTOR('',#2400,1.);
#1659=VECTOR('',#2403,1.);
#1660=VECTOR('',#2408,1.);
#1661=VECTOR('',#2411,1.);
#1662=VECTOR('',#2416,1.);
#1663=VECTOR('',#2419,1.);
#1664=VECTOR('',#2422,1.);
#1665=VECTOR('',#2425,1.);
#1666=VECTOR('',#2430,1.);
#1667=VECTOR('',#2433,1.);
#1668=VECTOR('',#2438,1.);
#1669=VECTOR('',#2441,1.);
#1670=VECTOR('',#2448,1.);
#1671=VECTOR('',#2451,1.);
#1672=VECTOR('',#2456,1.);
#1673=VECTOR('',#2459,1.);
#1674=VECTOR('',#2464,1.);
#1675=VECTOR('',#2467,1.);
#1676=VECTOR('',#2472,1.);
#1677=VECTOR('',#2475,1.);
#1678=VECTOR('',#2480,1.);
#1679=VECTOR('',#2483,1.);
#1680=VECTOR('',#2486,1.);
#1681=VECTOR('',#2489,1.);
#1682=VECTOR('',#2494,1.);
#1683=VECTOR('',#2497,1.);
#1684=VECTOR('',#2502,1.);
#1685=VECTOR('',#2505,1.);
#1686=VECTOR('',#2510,1.);
#1687=VECTOR('',#2513,1.);
#1688=VECTOR('',#2518,1.);
#1689=VECTOR('',#2521,1.);
#1690=VECTOR('',#2526,1.);
#1691=VECTOR('',#2529,1.);
#1692=VECTOR('',#2534,1.);
#1693=VECTOR('',#2537,1.);
#1694=VECTOR('',#2542,1.);
#1695=VECTOR('',#2545,1.);
#1696=VECTOR('',#2550,1.);
#1697=VECTOR('',#2553,1.);
#1698=VECTOR('',#2560,1.);
#1699=VECTOR('',#2563,1.);
#1700=VECTOR('',#2568,1.);
#1701=VECTOR('',#2571,1.);
#1702=VECTOR('',#2582,1.);
#1703=VECTOR('',#2585,1.);
#1704=VECTOR('',#2702,1.);
#1705=VECTOR('',#2703,1.);
#1706=VECTOR('',#2706,1.);
#1707=VECTOR('',#2707,1.);
#1708=VECTOR('',#2710,1.);
#1709=VECTOR('',#2711,1.);
#1710=VECTOR('',#2714,1.);
#1711=VECTOR('',#2715,1.);
#1712=VECTOR('',#2718,1.);
#1713=VECTOR('',#2719,1.);
#1714=VECTOR('',#2722,1.);
#1715=VECTOR('',#2723,1.);
#1716=VECTOR('',#2726,1.);
#1717=VECTOR('',#2727,1.);
#1718=VECTOR('',#2730,1.);
#1719=VECTOR('',#2731,1.);
#1720=VECTOR('',#2734,1.);
#1721=VECTOR('',#2735,1.);
#1722=VECTOR('',#2738,1.);
#1723=VECTOR('',#2739,1.);
#1724=VECTOR('',#2742,1.);
#1725=VECTOR('',#2743,1.);
#1726=VECTOR('',#2746,1.);
#1727=VECTOR('',#2747,1.);
#1728=VECTOR('',#2750,1.);
#1729=VECTOR('',#2751,1.);
#1730=VECTOR('',#2754,1.);
#1731=VECTOR('',#2755,1.);
#1732=VECTOR('',#2758,1.);
#1733=VECTOR('',#2759,1.);
#1734=VECTOR('',#2762,1.);
#1735=VECTOR('',#2763,1.);
#1736=VECTOR('',#2766,1.);
#1737=VECTOR('',#2767,1.);
#1738=VECTOR('',#2770,1.);
#1739=VECTOR('',#2771,1.);
#1740=VECTOR('',#2774,1.);
#1741=VECTOR('',#2775,1.);
#1742=VECTOR('',#2778,1.);
#1743=VECTOR('',#2779,1.);
#1744=VECTOR('',#2782,1.);
#1745=VECTOR('',#2783,1.);
#1746=VECTOR('',#2786,1.);
#1747=VECTOR('',#2787,1.);
#1748=VECTOR('',#2790,1.);
#1749=VECTOR('',#2791,1.);
#1750=VECTOR('',#2794,1.);
#1751=VECTOR('',#2795,1.);
#1752=VECTOR('',#2798,1.);
#1753=VECTOR('',#2799,1.);
#1754=VECTOR('',#2802,1.);
#1755=VECTOR('',#2803,1.);
#1756=VECTOR('',#2806,1.);
#1757=VECTOR('',#2807,1.);
#1758=VECTOR('',#2810,1.);
#1759=VECTOR('',#2811,1.);
#1760=EDGE_LOOP('',(#296,#297,#298,#299));
#1761=EDGE_LOOP('',(#300,#301,#302,#303));
#1762=EDGE_LOOP('',(#304,#305,#306,#307));
#1763=EDGE_LOOP('',(#308,#309,#310,#311));
#1764=EDGE_LOOP('',(#312,#313,#314,#315));
#1765=EDGE_LOOP('',(#316,#317,#318,#319));
#1766=EDGE_LOOP('',(#320,#321,#322,#323));
#1767=EDGE_LOOP('',(#324,#325,#326,#327));
#1768=EDGE_LOOP('',(#328,#329,#330,#331));
#1769=EDGE_LOOP('',(#332,#333,#334,#335));
#1770=EDGE_LOOP('',(#336,#337,#338,#339));
#1771=EDGE_LOOP('',(#340,#341,#342,#343));
#1772=EDGE_LOOP('',(#344,#345,#346,#347));
#1773=EDGE_LOOP('',(#348,#349,#350,#351));
#1774=EDGE_LOOP('',(#352,#353,#354,#355));
#1775=EDGE_LOOP('',(#356,#357,#358,#359));
#1776=EDGE_LOOP('',(#360,#361,#362,#363));
#1777=EDGE_LOOP('',(#364,#365,#366,#367));
#1778=EDGE_LOOP('',(#368,#369,#370,#371));
#1779=EDGE_LOOP('',(#372,#373,#374,#375));
#1780=EDGE_LOOP('',(#376,#377,#378,#379));
#1781=EDGE_LOOP('',(#380,#381,#382,#383));
#1782=EDGE_LOOP('',(#384,#385,#386,#387));
#1783=EDGE_LOOP('',(#388,#389,#390,#391));
#1784=EDGE_LOOP('',(#392,#393,#394,#395));
#1785=EDGE_LOOP('',(#396,#397,#398,#399));
#1786=EDGE_LOOP('',(#400,#401,#402,#403));
#1787=EDGE_LOOP('',(#404));
#1788=EDGE_LOOP('',(#405));
#1789=EDGE_LOOP('',(#406,#407,#408,#409));
#1790=EDGE_LOOP('',(#410,#411,#412,#413,#414,#415,#416,#417,#418,#419,#420,
#421,#422,#423,#424,#425,#426,#427,#428,#429,#430,#431,#432,#433,#434,#435,
#436,#437,#438,#439,#440,#441,#442,#443,#444,#445,#446,#447,#448,#449,#450,
#451,#452,#453,#454,#455,#456,#457,#458,#459,#460,#461,#462,#463,#464,#465,
#466,#467,#468,#469,#470,#471,#472,#473,#474,#475,#476,#477,#478,#479,#480,
#481,#482,#483,#484,#485,#486,#487,#488,#489,#490,#491,#492,#493,#494,#495,
#496,#497,#498,#499,#500,#501,#502,#503,#504,#505,#506,#507,#508,#509,#510,
#511,#512,#513,#514,#515,#516,#517,#518,#519,#520,#521));
#1791=EDGE_LOOP('',(#522));
#1792=EDGE_LOOP('',(#523,#524,#525,#526,#527,#528,#529,#530,#531,#532,#533,
#534,#535,#536,#537,#538,#539,#540,#541,#542,#543,#544,#545,#546,#547,#548,
#549,#550,#551,#552,#553,#554,#555,#556,#557,#558,#559,#560,#561,#562,#563,
#564,#565,#566,#567,#568,#569,#570,#571,#572,#573,#574,#575,#576,#577,#578,
#579,#580,#581,#582,#583,#584,#585,#586,#587,#588,#589,#590,#591,#592,#593,
#594,#595,#596,#597,#598,#599,#600,#601,#602,#603,#604,#605,#606,#607,#608,
#609,#610,#611,#612,#613,#614,#615,#616,#617,#618,#619,#620,#621,#622,#623,
#624,#625,#626,#627,#628,#629,#630,#631,#632,#633,#634));
#1793=EDGE_LOOP('',(#635));
#1794=EDGE_LOOP('',(#636,#637,#638,#639));
#1795=EDGE_LOOP('',(#640,#641,#642,#643));
#1796=EDGE_LOOP('',(#644,#645,#646,#647));
#1797=EDGE_LOOP('',(#648,#649,#650,#651));
#1798=EDGE_LOOP('',(#652,#653,#654,#655));
#1799=EDGE_LOOP('',(#656,#657,#658,#659));
#1800=EDGE_LOOP('',(#660,#661,#662,#663));
#1801=EDGE_LOOP('',(#664,#665,#666,#667));
#1802=EDGE_LOOP('',(#668,#669,#670,#671));
#1803=EDGE_LOOP('',(#672,#673,#674,#675));
#1804=EDGE_LOOP('',(#676,#677,#678,#679));
#1805=EDGE_LOOP('',(#680,#681,#682,#683));
#1806=EDGE_LOOP('',(#684,#685,#686,#687));
#1807=EDGE_LOOP('',(#688,#689,#690,#691));
#1808=EDGE_LOOP('',(#692,#693,#694,#695));
#1809=EDGE_LOOP('',(#696,#697,#698,#699));
#1810=EDGE_LOOP('',(#700,#701,#702,#703));
#1811=EDGE_LOOP('',(#704,#705,#706,#707));
#1812=EDGE_LOOP('',(#708,#709,#710,#711));
#1813=EDGE_LOOP('',(#712,#713,#714,#715));
#1814=EDGE_LOOP('',(#716,#717,#718,#719));
#1815=EDGE_LOOP('',(#720,#721,#722,#723));
#1816=EDGE_LOOP('',(#724,#725,#726,#727));
#1817=EDGE_LOOP('',(#728,#729,#730,#731));
#1818=EDGE_LOOP('',(#732,#733,#734,#735));
#1819=EDGE_LOOP('',(#736,#737,#738,#739));
#1820=EDGE_LOOP('',(#740,#741,#742,#743));
#1821=EDGE_LOOP('',(#744,#745,#746,#747));
#1822=EDGE_LOOP('',(#748,#749,#750,#751));
#1823=EDGE_LOOP('',(#752,#753,#754,#755));
#1824=EDGE_LOOP('',(#756,#757,#758,#759));
#1825=EDGE_LOOP('',(#760,#761,#762,#763));
#1826=EDGE_LOOP('',(#764,#765,#766,#767));
#1827=EDGE_LOOP('',(#768,#769,#770,#771));
#1828=EDGE_LOOP('',(#772,#773,#774,#775));
#1829=EDGE_LOOP('',(#776,#777,#778,#779));
#1830=EDGE_LOOP('',(#780,#781,#782,#783));
#1831=EDGE_LOOP('',(#784,#785,#786,#787));
#1832=EDGE_LOOP('',(#788,#789,#790,#791));
#1833=EDGE_LOOP('',(#792,#793,#794,#795));
#1834=EDGE_LOOP('',(#796,#797,#798,#799));
#1835=EDGE_LOOP('',(#800,#801,#802,#803));
#1836=EDGE_LOOP('',(#804,#805,#806,#807));
#1837=EDGE_LOOP('',(#808,#809,#810,#811));
#1838=EDGE_LOOP('',(#812,#813,#814,#815));
#1839=EDGE_LOOP('',(#816,#817,#818,#819));
#1840=EDGE_LOOP('',(#820,#821,#822,#823));
#1841=EDGE_LOOP('',(#824,#825,#826,#827));
#1842=EDGE_LOOP('',(#828,#829,#830,#831));
#1843=EDGE_LOOP('',(#832,#833,#834,#835));
#1844=EDGE_LOOP('',(#836,#837,#838,#839));
#1845=EDGE_LOOP('',(#840,#841,#842,#843));
#1846=EDGE_LOOP('',(#844,#845,#846,#847));
#1847=EDGE_LOOP('',(#848,#849,#850,#851));
#1848=EDGE_LOOP('',(#852,#853,#854,#855));
#1849=EDGE_LOOP('',(#856,#857,#858,#859));
#1850=EDGE_LOOP('',(#860,#861,#862,#863));
#1851=EDGE_LOOP('',(#864,#865,#866,#867));
#1852=EDGE_LOOP('',(#868,#869,#870,#871));
#1853=EDGE_LOOP('',(#872,#873,#874,#875));
#1854=EDGE_LOOP('',(#876,#877,#878,#879));
#1855=EDGE_LOOP('',(#880,#881,#882,#883));
#1856=EDGE_LOOP('',(#884,#885,#886,#887));
#1857=EDGE_LOOP('',(#888,#889,#890,#891));
#1858=EDGE_LOOP('',(#892,#893,#894,#895));
#1859=EDGE_LOOP('',(#896,#897,#898,#899));
#1860=EDGE_LOOP('',(#900,#901,#902,#903));
#1861=EDGE_LOOP('',(#904,#905,#906,#907));
#1862=EDGE_LOOP('',(#908,#909,#910,#911));
#1863=EDGE_LOOP('',(#912,#913,#914,#915));
#1864=EDGE_LOOP('',(#916,#917,#918,#919));
#1865=EDGE_LOOP('',(#920,#921,#922,#923));
#1866=EDGE_LOOP('',(#924,#925,#926,#927));
#1867=EDGE_LOOP('',(#928,#929,#930,#931));
#1868=EDGE_LOOP('',(#932,#933,#934,#935));
#1869=EDGE_LOOP('',(#936,#937,#938,#939));
#1870=EDGE_LOOP('',(#940,#941,#942,#943));
#1871=EDGE_LOOP('',(#944,#945,#946,#947));
#1872=EDGE_LOOP('',(#948,#949,#950,#951));
#1873=EDGE_LOOP('',(#952,#953,#954,#955));
#1874=EDGE_LOOP('',(#956,#957,#958,#959));
#1875=EDGE_LOOP('',(#960,#961,#962,#963));
#1876=EDGE_LOOP('',(#964,#965,#966,#967));
#1877=EDGE_LOOP('',(#968,#969,#970,#971));
#1878=FACE_BOUND('',#1760,.T.);
#1879=FACE_BOUND('',#1761,.T.);
#1880=FACE_BOUND('',#1762,.T.);
#1881=FACE_BOUND('',#1763,.T.);
#1882=FACE_BOUND('',#1764,.T.);
#1883=FACE_BOUND('',#1765,.T.);
#1884=FACE_BOUND('',#1766,.T.);
#1885=FACE_BOUND('',#1767,.T.);
#1886=FACE_BOUND('',#1768,.T.);
#1887=FACE_BOUND('',#1769,.T.);
#1888=FACE_BOUND('',#1770,.T.);
#1889=FACE_BOUND('',#1771,.T.);
#1890=FACE_BOUND('',#1772,.T.);
#1891=FACE_BOUND('',#1773,.T.);
#1892=FACE_BOUND('',#1774,.T.);
#1893=FACE_BOUND('',#1775,.T.);
#1894=FACE_BOUND('',#1776,.T.);
#1895=FACE_BOUND('',#1777,.T.);
#1896=FACE_BOUND('',#1778,.T.);
#1897=FACE_BOUND('',#1779,.T.);
#1898=FACE_BOUND('',#1780,.T.);
#1899=FACE_BOUND('',#1781,.T.);
#1900=FACE_BOUND('',#1782,.T.);
#1901=FACE_BOUND('',#1783,.T.);
#1902=FACE_BOUND('',#1784,.T.);
#1903=FACE_BOUND('',#1785,.T.);
#1904=FACE_BOUND('',#1786,.T.);
#1905=FACE_BOUND('',#1787,.T.);
#1906=FACE_BOUND('',#1788,.T.);
#1907=FACE_BOUND('',#1789,.T.);
#1908=FACE_BOUND('',#1790,.T.);
#1909=FACE_BOUND('',#1791,.T.);
#1910=FACE_BOUND('',#1792,.T.);
#1911=FACE_BOUND('',#1793,.T.);
#1912=FACE_BOUND('',#1794,.T.);
#1913=FACE_BOUND('',#1795,.T.);
#1914=FACE_BOUND('',#1796,.T.);
#1915=FACE_BOUND('',#1797,.T.);
#1916=FACE_BOUND('',#1798,.T.);
#1917=FACE_BOUND('',#1799,.T.);
#1918=FACE_BOUND('',#1800,.T.);
#1919=FACE_BOUND('',#1801,.T.);
#1920=FACE_BOUND('',#1802,.T.);
#1921=FACE_BOUND('',#1803,.T.);
#1922=FACE_BOUND('',#1804,.T.);
#1923=FACE_BOUND('',#1805,.T.);
#1924=FACE_BOUND('',#1806,.T.);
#1925=FACE_BOUND('',#1807,.T.);
#1926=FACE_BOUND('',#1808,.T.);
#1927=FACE_BOUND('',#1809,.T.);
#1928=FACE_BOUND('',#1810,.T.);
#1929=FACE_BOUND('',#1811,.T.);
#1930=FACE_BOUND('',#1812,.T.);
#1931=FACE_BOUND('',#1813,.T.);
#1932=FACE_BOUND('',#1814,.T.);
#1933=FACE_BOUND('',#1815,.T.);
#1934=FACE_BOUND('',#1816,.T.);
#1935=FACE_BOUND('',#1817,.T.);
#1936=FACE_BOUND('',#1818,.T.);
#1937=FACE_BOUND('',#1819,.T.);
#1938=FACE_BOUND('',#1820,.T.);
#1939=FACE_BOUND('',#1821,.T.);
#1940=FACE_BOUND('',#1822,.T.);
#1941=FACE_BOUND('',#1823,.T.);
#1942=FACE_BOUND('',#1824,.T.);
#1943=FACE_BOUND('',#1825,.T.);
#1944=FACE_BOUND('',#1826,.T.);
#1945=FACE_BOUND('',#1827,.T.);
#1946=FACE_BOUND('',#1828,.T.);
#1947=FACE_BOUND('',#1829,.T.);
#1948=FACE_BOUND('',#1830,.T.);
#1949=FACE_BOUND('',#1831,.T.);
#1950=FACE_BOUND('',#1832,.T.);
#1951=FACE_BOUND('',#1833,.T.);
#1952=FACE_BOUND('',#1834,.T.);
#1953=FACE_BOUND('',#1835,.T.);
#1954=FACE_BOUND('',#1836,.T.);
#1955=FACE_BOUND('',#1837,.T.);
#1956=FACE_BOUND('',#1838,.T.);
#1957=FACE_BOUND('',#1839,.T.);
#1958=FACE_BOUND('',#1840,.T.);
#1959=FACE_BOUND('',#1841,.T.);
#1960=FACE_BOUND('',#1842,.T.);
#1961=FACE_BOUND('',#1843,.T.);
#1962=FACE_BOUND('',#1844,.T.);
#1963=FACE_BOUND('',#1845,.T.);
#1964=FACE_BOUND('',#1846,.T.);
#1965=FACE_BOUND('',#1847,.T.);
#1966=FACE_BOUND('',#1848,.T.);
#1967=FACE_BOUND('',#1849,.T.);
#1968=FACE_BOUND('',#1850,.T.);
#1969=FACE_BOUND('',#1851,.T.);
#1970=FACE_BOUND('',#1852,.T.);
#1971=FACE_BOUND('',#1853,.T.);
#1972=FACE_BOUND('',#1854,.T.);
#1973=FACE_BOUND('',#1855,.T.);
#1974=FACE_BOUND('',#1856,.T.);
#1975=FACE_BOUND('',#1857,.T.);
#1976=FACE_BOUND('',#1858,.T.);
#1977=FACE_BOUND('',#1859,.T.);
#1978=FACE_BOUND('',#1860,.T.);
#1979=FACE_BOUND('',#1861,.T.);
#1980=FACE_BOUND('',#1862,.T.);
#1981=FACE_BOUND('',#1863,.T.);
#1982=FACE_BOUND('',#1864,.T.);
#1983=FACE_BOUND('',#1865,.T.);
#1984=FACE_BOUND('',#1866,.T.);
#1985=FACE_BOUND('',#1867,.T.);
#1986=FACE_BOUND('',#1868,.T.);
#1987=FACE_BOUND('',#1869,.T.);
#1988=FACE_BOUND('',#1870,.T.);
#1989=FACE_BOUND('',#1871,.T.);
#1990=FACE_BOUND('',#1872,.T.);
#1991=FACE_BOUND('',#1873,.T.);
#1992=FACE_BOUND('',#1874,.T.);
#1993=FACE_BOUND('',#1875,.T.);
#1994=FACE_BOUND('',#1876,.T.);
#1995=FACE_BOUND('',#1877,.T.);
#1996=CYLINDRICAL_SURFACE('',#2181,0.015);
#1997=CYLINDRICAL_SURFACE('',#2184,0.015);
#1998=CYLINDRICAL_SURFACE('',#2187,0.015);
#1999=CYLINDRICAL_SURFACE('',#2190,0.015);
#2000=CYLINDRICAL_SURFACE('',#2193,0.015);
#2001=CYLINDRICAL_SURFACE('',#2196,0.015);
#2002=CYLINDRICAL_SURFACE('',#2199,0.015);
#2003=CYLINDRICAL_SURFACE('',#2202,0.015);
#2004=CYLINDRICAL_SURFACE('',#2205,0.015);
#2005=CYLINDRICAL_SURFACE('',#2208,0.015);
#2006=CYLINDRICAL_SURFACE('',#2211,0.015);
#2007=CYLINDRICAL_SURFACE('',#2214,0.015);
#2008=CYLINDRICAL_SURFACE('',#2217,0.015);
#2009=CYLINDRICAL_SURFACE('',#2220,0.015);
#2010=CYLINDRICAL_SURFACE('',#2223,0.015);
#2011=CYLINDRICAL_SURFACE('',#2226,0.015);
#2012=CYLINDRICAL_SURFACE('',#2229,0.015);
#2013=CYLINDRICAL_SURFACE('',#2232,0.015);
#2014=CYLINDRICAL_SURFACE('',#2235,0.015);
#2015=CYLINDRICAL_SURFACE('',#2238,0.015);
#2016=CYLINDRICAL_SURFACE('',#2241,0.015);
#2017=CYLINDRICAL_SURFACE('',#2244,0.015);
#2018=CYLINDRICAL_SURFACE('',#2247,0.015);
#2019=CYLINDRICAL_SURFACE('',#2250,0.015);
#2020=CYLINDRICAL_SURFACE('',#2253,0.015);
#2021=CYLINDRICAL_SURFACE('',#2256,0.015);
#2022=CYLINDRICAL_SURFACE('',#2259,0.015);
#2023=CYLINDRICAL_SURFACE('',#2262,0.0111);
#2024=CYLINDRICAL_SURFACE('',#2265,0.015);
#2025=CYLINDRICAL_SURFACE('',#2326,0.000557204276984515);
#2026=CYLINDRICAL_SURFACE('',#2327,0.000557204276984515);
#2027=CYLINDRICAL_SURFACE('',#2328,0.000557204276984515);
#2028=CYLINDRICAL_SURFACE('',#2329,0.000557204276984515);
#2029=CYLINDRICAL_SURFACE('',#2330,0.000557204276984515);
#2030=CYLINDRICAL_SURFACE('',#2331,0.000557204276984515);
#2031=CYLINDRICAL_SURFACE('',#2332,0.000557204276984515);
#2032=CYLINDRICAL_SURFACE('',#2333,0.000557204276984515);
#2033=CYLINDRICAL_SURFACE('',#2334,0.000557204276984515);
#2034=CYLINDRICAL_SURFACE('',#2335,0.000557204276984515);
#2035=CYLINDRICAL_SURFACE('',#2336,0.000557204276984515);
#2036=CYLINDRICAL_SURFACE('',#2337,0.000557204276984515);
#2037=CYLINDRICAL_SURFACE('',#2338,0.000557204276984515);
#2038=CYLINDRICAL_SURFACE('',#2339,0.000557204276984515);
#2039=CYLINDRICAL_SURFACE('',#2340,0.000557204276984515);
#2040=CYLINDRICAL_SURFACE('',#2341,0.000557204276984515);
#2041=CYLINDRICAL_SURFACE('',#2342,0.000557204276984515);
#2042=CYLINDRICAL_SURFACE('',#2343,0.000557204276984515);
#2043=CYLINDRICAL_SURFACE('',#2344,0.000557204276984515);
#2044=CYLINDRICAL_SURFACE('',#2345,0.000557204276984515);
#2045=CYLINDRICAL_SURFACE('',#2346,0.000557204276984515);
#2046=CYLINDRICAL_SURFACE('',#2347,0.000557204276984515);
#2047=CYLINDRICAL_SURFACE('',#2348,0.000557204276984515);
#2048=CYLINDRICAL_SURFACE('',#2349,0.000557204276984515);
#2049=CYLINDRICAL_SURFACE('',#2350,0.000557204276984515);
#2050=CYLINDRICAL_SURFACE('',#2351,0.000557204276984515);
#2051=CYLINDRICAL_SURFACE('',#2352,0.000557204276984515);
#2052=CYLINDRICAL_SURFACE('',#2353,0.000557204276984515);
#2053=ADVANCED_FACE('',(#1878),#1996,.T.);
#2054=ADVANCED_FACE('',(#1879),#1997,.T.);
#2055=ADVANCED_FACE('',(#1880),#1998,.T.);
#2056=ADVANCED_FACE('',(#1881),#1999,.T.);
#2057=ADVANCED_FACE('',(#1882),#2000,.T.);
#2058=ADVANCED_FACE('',(#1883),#2001,.T.);
#2059=ADVANCED_FACE('',(#1884),#2002,.T.);
#2060=ADVANCED_FACE('',(#1885),#2003,.T.);
#2061=ADVANCED_FACE('',(#1886),#2004,.T.);
#2062=ADVANCED_FACE('',(#1887),#2005,.T.);
#2063=ADVANCED_FACE('',(#1888),#2006,.T.);
#2064=ADVANCED_FACE('',(#1889),#2007,.T.);
#2065=ADVANCED_FACE('',(#1890),#2008,.T.);
#2066=ADVANCED_FACE('',(#1891),#2009,.T.);
#2067=ADVANCED_FACE('',(#1892),#2010,.T.);
#2068=ADVANCED_FACE('',(#1893),#2011,.T.);
#2069=ADVANCED_FACE('',(#1894),#2012,.T.);
#2070=ADVANCED_FACE('',(#1895),#2013,.T.);
#2071=ADVANCED_FACE('',(#1896),#2014,.T.);
#2072=ADVANCED_FACE('',(#1897),#2015,.T.);
#2073=ADVANCED_FACE('',(#1898),#2016,.T.);
#2074=ADVANCED_FACE('',(#1899),#2017,.T.);
#2075=ADVANCED_FACE('',(#1900),#2018,.T.);
#2076=ADVANCED_FACE('',(#1901),#2019,.T.);
#2077=ADVANCED_FACE('',(#1902),#2020,.T.);
#2078=ADVANCED_FACE('',(#1903),#2021,.T.);
#2079=ADVANCED_FACE('',(#1904),#2022,.T.);
#2080=ADVANCED_FACE('',(#1905,#1906),#2023,.F.);
#2081=ADVANCED_FACE('',(#1907),#2024,.T.);
#2082=ADVANCED_FACE('',(#1908,#1909),#180,.T.);
#2083=ADVANCED_FACE('',(#1910,#1911),#181,.F.);
#2084=ADVANCED_FACE('',(#1912),#12,.T.);
#2085=ADVANCED_FACE('',(#1913),#13,.F.);
#2086=ADVANCED_FACE('',(#1914),#2025,.F.);
#2087=ADVANCED_FACE('',(#1915),#14,.T.);
#2088=ADVANCED_FACE('',(#1916),#15,.F.);
#2089=ADVANCED_FACE('',(#1917),#2026,.F.);
#2090=ADVANCED_FACE('',(#1918),#16,.T.);
#2091=ADVANCED_FACE('',(#1919),#17,.F.);
#2092=ADVANCED_FACE('',(#1920),#2027,.F.);
#2093=ADVANCED_FACE('',(#1921),#18,.T.);
#2094=ADVANCED_FACE('',(#1922),#19,.F.);
#2095=ADVANCED_FACE('',(#1923),#2028,.F.);
#2096=ADVANCED_FACE('',(#1924),#20,.T.);
#2097=ADVANCED_FACE('',(#1925),#21,.F.);
#2098=ADVANCED_FACE('',(#1926),#2029,.F.);
#2099=ADVANCED_FACE('',(#1927),#22,.T.);
#2100=ADVANCED_FACE('',(#1928),#23,.F.);
#2101=ADVANCED_FACE('',(#1929),#2030,.F.);
#2102=ADVANCED_FACE('',(#1930),#24,.T.);
#2103=ADVANCED_FACE('',(#1931),#25,.F.);
#2104=ADVANCED_FACE('',(#1932),#2031,.F.);
#2105=ADVANCED_FACE('',(#1933),#26,.T.);
#2106=ADVANCED_FACE('',(#1934),#27,.F.);
#2107=ADVANCED_FACE('',(#1935),#2032,.F.);
#2108=ADVANCED_FACE('',(#1936),#28,.T.);
#2109=ADVANCED_FACE('',(#1937),#29,.F.);
#2110=ADVANCED_FACE('',(#1938),#2033,.F.);
#2111=ADVANCED_FACE('',(#1939),#30,.T.);
#2112=ADVANCED_FACE('',(#1940),#31,.F.);
#2113=ADVANCED_FACE('',(#1941),#2034,.F.);
#2114=ADVANCED_FACE('',(#1942),#32,.T.);
#2115=ADVANCED_FACE('',(#1943),#33,.F.);
#2116=ADVANCED_FACE('',(#1944),#2035,.F.);
#2117=ADVANCED_FACE('',(#1945),#34,.T.);
#2118=ADVANCED_FACE('',(#1946),#35,.F.);
#2119=ADVANCED_FACE('',(#1947),#2036,.F.);
#2120=ADVANCED_FACE('',(#1948),#36,.T.);
#2121=ADVANCED_FACE('',(#1949),#37,.F.);
#2122=ADVANCED_FACE('',(#1950),#2037,.F.);
#2123=ADVANCED_FACE('',(#1951),#38,.T.);
#2124=ADVANCED_FACE('',(#1952),#39,.F.);
#2125=ADVANCED_FACE('',(#1953),#2038,.F.);
#2126=ADVANCED_FACE('',(#1954),#40,.T.);
#2127=ADVANCED_FACE('',(#1955),#41,.F.);
#2128=ADVANCED_FACE('',(#1956),#2039,.F.);
#2129=ADVANCED_FACE('',(#1957),#42,.T.);
#2130=ADVANCED_FACE('',(#1958),#43,.F.);
#2131=ADVANCED_FACE('',(#1959),#2040,.F.);
#2132=ADVANCED_FACE('',(#1960),#44,.T.);
#2133=ADVANCED_FACE('',(#1961),#45,.F.);
#2134=ADVANCED_FACE('',(#1962),#2041,.F.);
#2135=ADVANCED_FACE('',(#1963),#46,.T.);
#2136=ADVANCED_FACE('',(#1964),#47,.F.);
#2137=ADVANCED_FACE('',(#1965),#2042,.F.);
#2138=ADVANCED_FACE('',(#1966),#48,.T.);
#2139=ADVANCED_FACE('',(#1967),#49,.F.);
#2140=ADVANCED_FACE('',(#1968),#2043,.F.);
#2141=ADVANCED_FACE('',(#1969),#50,.T.);
#2142=ADVANCED_FACE('',(#1970),#51,.F.);
#2143=ADVANCED_FACE('',(#1971),#2044,.F.);
#2144=ADVANCED_FACE('',(#1972),#52,.T.);
#2145=ADVANCED_FACE('',(#1973),#53,.F.);
#2146=ADVANCED_FACE('',(#1974),#2045,.F.);
#2147=ADVANCED_FACE('',(#1975),#54,.T.);
#2148=ADVANCED_FACE('',(#1976),#55,.F.);
#2149=ADVANCED_FACE('',(#1977),#2046,.F.);
#2150=ADVANCED_FACE('',(#1978),#56,.T.);
#2151=ADVANCED_FACE('',(#1979),#57,.F.);
#2152=ADVANCED_FACE('',(#1980),#2047,.F.);
#2153=ADVANCED_FACE('',(#1981),#58,.T.);
#2154=ADVANCED_FACE('',(#1982),#59,.F.);
#2155=ADVANCED_FACE('',(#1983),#2048,.F.);
#2156=ADVANCED_FACE('',(#1984),#60,.T.);
#2157=ADVANCED_FACE('',(#1985),#61,.F.);
#2158=ADVANCED_FACE('',(#1986),#2049,.F.);
#2159=ADVANCED_FACE('',(#1987),#62,.T.);
#2160=ADVANCED_FACE('',(#1988),#63,.F.);
#2161=ADVANCED_FACE('',(#1989),#2050,.F.);
#2162=ADVANCED_FACE('',(#1990),#64,.T.);
#2163=ADVANCED_FACE('',(#1991),#65,.F.);
#2164=ADVANCED_FACE('',(#1992),#2051,.F.);
#2165=ADVANCED_FACE('',(#1993),#66,.T.);
#2166=ADVANCED_FACE('',(#1994),#67,.F.);
#2167=ADVANCED_FACE('',(#1995),#2052,.F.);
#2168=CLOSED_SHELL('',(#2053,#2054,#2055,#2056,#2057,#2058,#2059,#2060,
#2061,#2062,#2063,#2064,#2065,#2066,#2067,#2068,#2069,#2070,#2071,#2072,
#2073,#2074,#2075,#2076,#2077,#2078,#2079,#2080,#2081,#2082,#2083,#2084,
#2085,#2086,#2087,#2088,#2089,#2090,#2091,#2092,#2093,#2094,#2095,#2096,
#2097,#2098,#2099,#2100,#2101,#2102,#2103,#2104,#2105,#2106,#2107,#2108,
#2109,#2110,#2111,#2112,#2113,#2114,#2115,#2116,#2117,#2118,#2119,#2120,
#2121,#2122,#2123,#2124,#2125,#2126,#2127,#2128,#2129,#2130,#2131,#2132,
#2133,#2134,#2135,#2136,#2137,#2138,#2139,#2140,#2141,#2142,#2143,#2144,
#2145,#2146,#2147,#2148,#2149,#2150,#2151,#2152,#2153,#2154,#2155,#2156,
#2157,#2158,#2159,#2160,#2161,#2162,#2163,#2164,#2165,#2166,#2167));
#2169=STYLED_ITEM('',(#2170),#2177);
#2170=PRESENTATION_STYLE_ASSIGNMENT((#2171));
#2171=SURFACE_STYLE_USAGE(.BOTH.,#2172);
#2172=SURFACE_SIDE_STYLE('',(#2173));
#2173=SURFACE_STYLE_FILL_AREA(#2174);
#2174=FILL_AREA_STYLE('',(#2175));
#2175=FILL_AREA_STYLE_COLOUR('',#2176);
#2176=COLOUR_RGB('',0.647058823529412,0.647058823529412,0.647058823529412);
#2177=MANIFOLD_SOLID_BREP('Spur gear (28 teeth)',#2168);
#2178=SHAPE_DEFINITION_REPRESENTATION(#7364,#2179);
#2179=SHAPE_REPRESENTATION('Spur gear (28 teeth)',(#2180),#7359);
#2180=AXIS2_PLACEMENT_3D('',#2814,#2354,#2355);
#2181=AXIS2_PLACEMENT_3D('',#2815,#2356,#2357);
#2182=AXIS2_PLACEMENT_3D('',#2819,#2359,#2360);
#2183=AXIS2_PLACEMENT_3D('',#2823,#2362,#2363);
#2184=AXIS2_PLACEMENT_3D('',#2824,#2364,#2365);
#2185=AXIS2_PLACEMENT_3D('',#2825,#2366,#2367);
#2186=AXIS2_PLACEMENT_3D('',#2830,#2369,#2370);
#2187=AXIS2_PLACEMENT_3D('',#2833,#2372,#2373);
#2188=AXIS2_PLACEMENT_3D('',#2837,#2375,#2376);
#2189=AXIS2_PLACEMENT_3D('',#2841,#2378,#2379);
#2190=AXIS2_PLACEMENT_3D('',#2842,#2380,#2381);
#2191=AXIS2_PLACEMENT_3D('',#2843,#2382,#2383);
#2192=AXIS2_PLACEMENT_3D('',#2848,#2385,#2386);
#2193=AXIS2_PLACEMENT_3D('',#2851,#2388,#2389);
#2194=AXIS2_PLACEMENT_3D('',#2852,#2390,#2391);
#2195=AXIS2_PLACEMENT_3D('',#2857,#2393,#2394);
#2196=AXIS2_PLACEMENT_3D('',#2860,#2396,#2397);
#2197=AXIS2_PLACEMENT_3D('',#2861,#2398,#2399);
#2198=AXIS2_PLACEMENT_3D('',#2866,#2401,#2402);
#2199=AXIS2_PLACEMENT_3D('',#2869,#2404,#2405);
#2200=AXIS2_PLACEMENT_3D('',#2870,#2406,#2407);
#2201=AXIS2_PLACEMENT_3D('',#2875,#2409,#2410);
#2202=AXIS2_PLACEMENT_3D('',#2878,#2412,#2413);
#2203=AXIS2_PLACEMENT_3D('',#2879,#2414,#2415);
#2204=AXIS2_PLACEMENT_3D('',#2884,#2417,#2418);
#2205=AXIS2_PLACEMENT_3D('',#2887,#2420,#2421);
#2206=AXIS2_PLACEMENT_3D('',#2891,#2423,#2424);
#2207=AXIS2_PLACEMENT_3D('',#2895,#2426,#2427);
#2208=AXIS2_PLACEMENT_3D('',#2896,#2428,#2429);
#2209=AXIS2_PLACEMENT_3D('',#2900,#2431,#2432);
#2210=AXIS2_PLACEMENT_3D('',#2904,#2434,#2435);
#2211=AXIS2_PLACEMENT_3D('',#2905,#2436,#2437);
#2212=AXIS2_PLACEMENT_3D('',#2909,#2439,#2440);
#2213=AXIS2_PLACEMENT_3D('',#2913,#2442,#2443);
#2214=AXIS2_PLACEMENT_3D('',#2914,#2444,#2445);
#2215=AXIS2_PLACEMENT_3D('',#2915,#2446,#2447);
#2216=AXIS2_PLACEMENT_3D('',#2920,#2449,#2450);
#2217=AXIS2_PLACEMENT_3D('',#2923,#2452,#2453);
#2218=AXIS2_PLACEMENT_3D('',#2924,#2454,#2455);
#2219=AXIS2_PLACEMENT_3D('',#2929,#2457,#2458);
#2220=AXIS2_PLACEMENT_3D('',#2932,#2460,#2461);
#2221=AXIS2_PLACEMENT_3D('',#2933,#2462,#2463);
#2222=AXIS2_PLACEMENT_3D('',#2938,#2465,#2466);
#2223=AXIS2_PLACEMENT_3D('',#2941,#2468,#2469);
#2224=AXIS2_PLACEMENT_3D('',#2942,#2470,#2471);
#2225=AXIS2_PLACEMENT_3D('',#2947,#2473,#2474);
#2226=AXIS2_PLACEMENT_3D('',#2950,#2476,#2477);
#2227=AXIS2_PLACEMENT_3D('',#2951,#2478,#2479);
#2228=AXIS2_PLACEMENT_3D('',#2956,#2481,#2482);
#2229=AXIS2_PLACEMENT_3D('',#2959,#2484,#2485);
#2230=AXIS2_PLACEMENT_3D('',#2963,#2487,#2488);
#2231=AXIS2_PLACEMENT_3D('',#2967,#2490,#2491);
#2232=AXIS2_PLACEMENT_3D('',#2968,#2492,#2493);
#2233=AXIS2_PLACEMENT_3D('',#2972,#2495,#2496);
#2234=AXIS2_PLACEMENT_3D('',#2976,#2498,#2499);
#2235=AXIS2_PLACEMENT_3D('',#2977,#2500,#2501);
#2236=AXIS2_PLACEMENT_3D('',#2981,#2503,#2504);
#2237=AXIS2_PLACEMENT_3D('',#2985,#2506,#2507);
#2238=AXIS2_PLACEMENT_3D('',#2986,#2508,#2509);
#2239=AXIS2_PLACEMENT_3D('',#2990,#2511,#2512);
#2240=AXIS2_PLACEMENT_3D('',#2994,#2514,#2515);
#2241=AXIS2_PLACEMENT_3D('',#2995,#2516,#2517);
#2242=AXIS2_PLACEMENT_3D('',#2999,#2519,#2520);
#2243=AXIS2_PLACEMENT_3D('',#3003,#2522,#2523);
#2244=AXIS2_PLACEMENT_3D('',#3004,#2524,#2525);
#2245=AXIS2_PLACEMENT_3D('',#3008,#2527,#2528);
#2246=AXIS2_PLACEMENT_3D('',#3012,#2530,#2531);
#2247=AXIS2_PLACEMENT_3D('',#3013,#2532,#2533);
#2248=AXIS2_PLACEMENT_3D('',#3017,#2535,#2536);
#2249=AXIS2_PLACEMENT_3D('',#3021,#2538,#2539);
#2250=AXIS2_PLACEMENT_3D('',#3022,#2540,#2541);
#2251=AXIS2_PLACEMENT_3D('',#3026,#2543,#2544);
#2252=AXIS2_PLACEMENT_3D('',#3030,#2546,#2547);
#2253=AXIS2_PLACEMENT_3D('',#3031,#2548,#2549);
#2254=AXIS2_PLACEMENT_3D('',#3035,#2551,#2552);
#2255=AXIS2_PLACEMENT_3D('',#3039,#2554,#2555);
#2256=AXIS2_PLACEMENT_3D('',#3040,#2556,#2557);
#2257=AXIS2_PLACEMENT_3D('',#3041,#2558,#2559);
#2258=AXIS2_PLACEMENT_3D('',#3046,#2561,#2562);
#2259=AXIS2_PLACEMENT_3D('',#3049,#2564,#2565);
#2260=AXIS2_PLACEMENT_3D('',#3050,#2566,#2567);
#2261=AXIS2_PLACEMENT_3D('',#3055,#2569,#2570);
#2262=AXIS2_PLACEMENT_3D('',#3058,#2572,#2573);
#2263=AXIS2_PLACEMENT_3D('',#3059,#2574,#2575);
#2264=AXIS2_PLACEMENT_3D('',#3061,#2576,#2577);
#2265=AXIS2_PLACEMENT_3D('',#3063,#2578,#2579);
#2266=AXIS2_PLACEMENT_3D('',#3064,#2580,#2581);
#2267=AXIS2_PLACEMENT_3D('',#3069,#2583,#2584);
#2268=AXIS2_PLACEMENT_3D('',#3072,#2586,#2587);
#2269=AXIS2_PLACEMENT_3D('',#3105,#2588,#2589);
#2270=AXIS2_PLACEMENT_3D('',#3170,#2590,#2591);
#2271=AXIS2_PLACEMENT_3D('',#3235,#2592,#2593);
#2272=AXIS2_PLACEMENT_3D('',#3300,#2594,#2595);
#2273=AXIS2_PLACEMENT_3D('',#3365,#2596,#2597);
#2274=AXIS2_PLACEMENT_3D('',#3430,#2598,#2599);
#2275=AXIS2_PLACEMENT_3D('',#3495,#2600,#2601);
#2276=AXIS2_PLACEMENT_3D('',#3560,#2602,#2603);
#2277=AXIS2_PLACEMENT_3D('',#3625,#2604,#2605);
#2278=AXIS2_PLACEMENT_3D('',#3690,#2606,#2607);
#2279=AXIS2_PLACEMENT_3D('',#3755,#2608,#2609);
#2280=AXIS2_PLACEMENT_3D('',#3820,#2610,#2611);
#2281=AXIS2_PLACEMENT_3D('',#3885,#2612,#2613);
#2282=AXIS2_PLACEMENT_3D('',#3950,#2614,#2615);
#2283=AXIS2_PLACEMENT_3D('',#4015,#2616,#2617);
#2284=AXIS2_PLACEMENT_3D('',#4080,#2618,#2619);
#2285=AXIS2_PLACEMENT_3D('',#4145,#2620,#2621);
#2286=AXIS2_PLACEMENT_3D('',#4210,#2622,#2623);
#2287=AXIS2_PLACEMENT_3D('',#4275,#2624,#2625);
#2288=AXIS2_PLACEMENT_3D('',#4340,#2626,#2627);
#2289=AXIS2_PLACEMENT_3D('',#4405,#2628,#2629);
#2290=AXIS2_PLACEMENT_3D('',#4470,#2630,#2631);
#2291=AXIS2_PLACEMENT_3D('',#4535,#2632,#2633);
#2292=AXIS2_PLACEMENT_3D('',#4600,#2634,#2635);
#2293=AXIS2_PLACEMENT_3D('',#4665,#2636,#2637);
#2294=AXIS2_PLACEMENT_3D('',#4730,#2638,#2639);
#2295=AXIS2_PLACEMENT_3D('',#4795,#2640,#2641);
#2296=AXIS2_PLACEMENT_3D('',#4860,#2642,#2643);
#2297=AXIS2_PLACEMENT_3D('',#4893,#2644,#2645);
#2298=AXIS2_PLACEMENT_3D('',#4894,#2646,#2647);
#2299=AXIS2_PLACEMENT_3D('',#4960,#2648,#2649);
#2300=AXIS2_PLACEMENT_3D('',#5025,#2650,#2651);
#2301=AXIS2_PLACEMENT_3D('',#5090,#2652,#2653);
#2302=AXIS2_PLACEMENT_3D('',#5155,#2654,#2655);
#2303=AXIS2_PLACEMENT_3D('',#5220,#2656,#2657);
#2304=AXIS2_PLACEMENT_3D('',#5285,#2658,#2659);
#2305=AXIS2_PLACEMENT_3D('',#5350,#2660,#2661);
#2306=AXIS2_PLACEMENT_3D('',#5415,#2662,#2663);
#2307=AXIS2_PLACEMENT_3D('',#5480,#2664,#2665);
#2308=AXIS2_PLACEMENT_3D('',#5545,#2666,#2667);
#2309=AXIS2_PLACEMENT_3D('',#5610,#2668,#2669);
#2310=AXIS2_PLACEMENT_3D('',#5675,#2670,#2671);
#2311=AXIS2_PLACEMENT_3D('',#5740,#2672,#2673);
#2312=AXIS2_PLACEMENT_3D('',#5805,#2674,#2675);
#2313=AXIS2_PLACEMENT_3D('',#5870,#2676,#2677);
#2314=AXIS2_PLACEMENT_3D('',#5935,#2678,#2679);
#2315=AXIS2_PLACEMENT_3D('',#6000,#2680,#2681);
#2316=AXIS2_PLACEMENT_3D('',#6065,#2682,#2683);
#2317=AXIS2_PLACEMENT_3D('',#6130,#2684,#2685);
#2318=AXIS2_PLACEMENT_3D('',#6195,#2686,#2687);
#2319=AXIS2_PLACEMENT_3D('',#6260,#2688,#2689);
#2320=AXIS2_PLACEMENT_3D('',#6325,#2690,#2691);
#2321=AXIS2_PLACEMENT_3D('',#6390,#2692,#2693);
#2322=AXIS2_PLACEMENT_3D('',#6455,#2694,#2695);
#2323=AXIS2_PLACEMENT_3D('',#6520,#2696,#2697);
#2324=AXIS2_PLACEMENT_3D('',#6585,#2698,#2699);
#2325=AXIS2_PLACEMENT_3D('',#6650,#2700,#2701);
#2326=AXIS2_PLACEMENT_3D('',#6736,#2704,#2705);
#2327=AXIS2_PLACEMENT_3D('',#6759,#2708,#2709);
#2328=AXIS2_PLACEMENT_3D('',#6782,#2712,#2713);
#2329=AXIS2_PLACEMENT_3D('',#6805,#2716,#2717);
#2330=AXIS2_PLACEMENT_3D('',#6828,#2720,#2721);
#2331=AXIS2_PLACEMENT_3D('',#6851,#2724,#2725);
#2332=AXIS2_PLACEMENT_3D('',#6874,#2728,#2729);
#2333=AXIS2_PLACEMENT_3D('',#6897,#2732,#2733);
#2334=AXIS2_PLACEMENT_3D('',#6920,#2736,#2737);
#2335=AXIS2_PLACEMENT_3D('',#6943,#2740,#2741);
#2336=AXIS2_PLACEMENT_3D('',#6966,#2744,#2745);
#2337=AXIS2_PLACEMENT_3D('',#6989,#2748,#2749);
#2338=AXIS2_PLACEMENT_3D('',#7012,#2752,#2753);
#2339=AXIS2_PLACEMENT_3D('',#7035,#2756,#2757);
#2340=AXIS2_PLACEMENT_3D('',#7058,#2760,#2761);
#2341=AXIS2_PLACEMENT_3D('',#7081,#2764,#2765);
#2342=AXIS2_PLACEMENT_3D('',#7104,#2768,#2769);
#2343=AXIS2_PLACEMENT_3D('',#7127,#2772,#2773);
#2344=AXIS2_PLACEMENT_3D('',#7150,#2776,#2777);
#2345=AXIS2_PLACEMENT_3D('',#7173,#2780,#2781);
#2346=AXIS2_PLACEMENT_3D('',#7196,#2784,#2785);
#2347=AXIS2_PLACEMENT_3D('',#7219,#2788,#2789);
#2348=AXIS2_PLACEMENT_3D('',#7242,#2792,#2793);
#2349=AXIS2_PLACEMENT_3D('',#7265,#2796,#2797);
#2350=AXIS2_PLACEMENT_3D('',#7288,#2800,#2801);
#2351=AXIS2_PLACEMENT_3D('',#7311,#2804,#2805);
#2352=AXIS2_PLACEMENT_3D('',#7334,#2808,#2809);
#2353=AXIS2_PLACEMENT_3D('',#7357,#2812,#2813);
#2354=DIRECTION('',(0.,0.,1.));
#2355=DIRECTION('',(1.,0.,0.));
#2356=DIRECTION('',(0.,1.,0.));
#2357=DIRECTION('',(0.,0.,1.));
#2358=DIRECTION('',(0.,1.,0.));
#2359=DIRECTION('',(0.,-1.,0.));
#2360=DIRECTION('',(0.,0.,-1.));
#2361=DIRECTION('',(0.,1.,0.));
#2362=DIRECTION('',(0.,-1.,0.));
#2363=DIRECTION('',(0.,0.,-1.));
#2364=DIRECTION('',(0.,1.,0.));
#2365=DIRECTION('',(0.,0.,1.));
#2366=DIRECTION('',(0.,-1.,0.));
#2367=DIRECTION('',(0.,0.,-1.));
#2368=DIRECTION('',(0.,1.,0.));
#2369=DIRECTION('',(0.,-1.,0.));
#2370=DIRECTION('',(0.,0.,-1.));
#2371=DIRECTION('',(0.,1.,0.));
#2372=DIRECTION('',(0.,1.,0.));
#2373=DIRECTION('',(0.,0.,1.));
#2374=DIRECTION('',(0.,1.,0.));
#2375=DIRECTION('',(0.,-1.,0.));
#2376=DIRECTION('',(0.,0.,-1.));
#2377=DIRECTION('',(0.,1.,0.));
#2378=DIRECTION('',(0.,-1.,0.));
#2379=DIRECTION('',(0.,0.,-1.));
#2380=DIRECTION('',(0.,1.,0.));
#2381=DIRECTION('',(0.,0.,1.));
#2382=DIRECTION('',(0.,-1.,0.));
#2383=DIRECTION('',(0.,0.,-1.));
#2384=DIRECTION('',(0.,1.,0.));
#2385=DIRECTION('',(0.,-1.,0.));
#2386=DIRECTION('',(0.,0.,-1.));
#2387=DIRECTION('',(0.,1.,0.));
#2388=DIRECTION('',(0.,1.,0.));
#2389=DIRECTION('',(0.,0.,1.));
#2390=DIRECTION('',(0.,-1.,0.));
#2391=DIRECTION('',(0.,0.,-1.));
#2392=DIRECTION('',(0.,1.,0.));
#2393=DIRECTION('',(0.,-1.,0.));
#2394=DIRECTION('',(0.,0.,-1.));
#2395=DIRECTION('',(0.,1.,0.));
#2396=DIRECTION('',(0.,1.,0.));
#2397=DIRECTION('',(0.,0.,1.));
#2398=DIRECTION('',(0.,-1.,0.));
#2399=DIRECTION('',(0.,0.,-1.));
#2400=DIRECTION('',(0.,1.,0.));
#2401=DIRECTION('',(0.,-1.,0.));
#2402=DIRECTION('',(0.,0.,-1.));
#2403=DIRECTION('',(0.,1.,0.));
#2404=DIRECTION('',(0.,1.,0.));
#2405=DIRECTION('',(0.,0.,1.));
#2406=DIRECTION('',(0.,-1.,0.));
#2407=DIRECTION('',(0.,0.,-1.));
#2408=DIRECTION('',(0.,1.,0.));
#2409=DIRECTION('',(0.,-1.,0.));
#2410=DIRECTION('',(0.,0.,-1.));
#2411=DIRECTION('',(0.,1.,0.));
#2412=DIRECTION('',(0.,1.,0.));
#2413=DIRECTION('',(0.,0.,1.));
#2414=DIRECTION('',(0.,-1.,0.));
#2415=DIRECTION('',(0.,0.,-1.));
#2416=DIRECTION('',(0.,1.,0.));
#2417=DIRECTION('',(0.,-1.,0.));
#2418=DIRECTION('',(0.,0.,-1.));
#2419=DIRECTION('',(0.,1.,0.));
#2420=DIRECTION('',(0.,1.,0.));
#2421=DIRECTION('',(0.,0.,1.));
#2422=DIRECTION('',(0.,1.,0.));
#2423=DIRECTION('',(0.,-1.,0.));
#2424=DIRECTION('',(0.,0.,-1.));
#2425=DIRECTION('',(0.,1.,0.));
#2426=DIRECTION('',(0.,-1.,0.));
#2427=DIRECTION('',(0.,0.,-1.));
#2428=DIRECTION('',(0.,1.,0.));
#2429=DIRECTION('',(0.,0.,1.));
#2430=DIRECTION('',(0.,1.,0.));
#2431=DIRECTION('',(0.,-1.,0.));
#2432=DIRECTION('',(0.,0.,-1.));
#2433=DIRECTION('',(0.,1.,0.));
#2434=DIRECTION('',(0.,-1.,0.));
#2435=DIRECTION('',(0.,0.,-1.));
#2436=DIRECTION('',(0.,1.,0.));
#2437=DIRECTION('',(0.,0.,1.));
#2438=DIRECTION('',(0.,1.,0.));
#2439=DIRECTION('',(0.,-1.,0.));
#2440=DIRECTION('',(0.,0.,-1.));
#2441=DIRECTION('',(0.,1.,0.));
#2442=DIRECTION('',(0.,-1.,0.));
#2443=DIRECTION('',(0.,0.,-1.));
#2444=DIRECTION('',(0.,1.,0.));
#2445=DIRECTION('',(0.,0.,1.));
#2446=DIRECTION('',(0.,-1.,0.));
#2447=DIRECTION('',(0.,0.,-1.));
#2448=DIRECTION('',(0.,1.,0.));
#2449=DIRECTION('',(0.,-1.,0.));
#2450=DIRECTION('',(0.,0.,-1.));
#2451=DIRECTION('',(0.,1.,0.));
#2452=DIRECTION('',(0.,1.,0.));
#2453=DIRECTION('',(0.,0.,1.));
#2454=DIRECTION('',(0.,-1.,0.));
#2455=DIRECTION('',(0.,0.,-1.));
#2456=DIRECTION('',(0.,1.,0.));
#2457=DIRECTION('',(0.,-1.,0.));
#2458=DIRECTION('',(0.,0.,-1.));
#2459=DIRECTION('',(0.,1.,0.));
#2460=DIRECTION('',(0.,1.,0.));
#2461=DIRECTION('',(0.,0.,1.));
#2462=DIRECTION('',(0.,-1.,0.));
#2463=DIRECTION('',(0.,0.,-1.));
#2464=DIRECTION('',(0.,1.,0.));
#2465=DIRECTION('',(0.,-1.,0.));
#2466=DIRECTION('',(0.,0.,-1.));
#2467=DIRECTION('',(0.,1.,0.));
#2468=DIRECTION('',(0.,1.,0.));
#2469=DIRECTION('',(0.,0.,1.));
#2470=DIRECTION('',(0.,-1.,0.));
#2471=DIRECTION('',(0.,0.,-1.));
#2472=DIRECTION('',(0.,1.,0.));
#2473=DIRECTION('',(0.,-1.,0.));
#2474=DIRECTION('',(0.,0.,-1.));
#2475=DIRECTION('',(0.,1.,0.));
#2476=DIRECTION('',(0.,1.,0.));
#2477=DIRECTION('',(0.,0.,1.));
#2478=DIRECTION('',(0.,-1.,0.));
#2479=DIRECTION('',(0.,0.,-1.));
#2480=DIRECTION('',(0.,1.,0.));
#2481=DIRECTION('',(0.,-1.,0.));
#2482=DIRECTION('',(0.,0.,-1.));
#2483=DIRECTION('',(0.,1.,0.));
#2484=DIRECTION('',(0.,1.,0.));
#2485=DIRECTION('',(0.,0.,1.));
#2486=DIRECTION('',(0.,1.,0.));
#2487=DIRECTION('',(0.,-1.,0.));
#2488=DIRECTION('',(0.,0.,-1.));
#2489=DIRECTION('',(0.,1.,0.));
#2490=DIRECTION('',(0.,-1.,0.));
#2491=DIRECTION('',(0.,0.,-1.));
#2492=DIRECTION('',(0.,1.,0.));
#2493=DIRECTION('',(0.,0.,1.));
#2494=DIRECTION('',(0.,1.,0.));
#2495=DIRECTION('',(0.,-1.,0.));
#2496=DIRECTION('',(0.,0.,-1.));
#2497=DIRECTION('',(0.,1.,0.));
#2498=DIRECTION('',(0.,-1.,0.));
#2499=DIRECTION('',(0.,0.,-1.));
#2500=DIRECTION('',(0.,1.,0.));
#2501=DIRECTION('',(0.,0.,1.));
#2502=DIRECTION('',(0.,1.,0.));
#2503=DIRECTION('',(0.,-1.,0.));
#2504=DIRECTION('',(0.,0.,-1.));
#2505=DIRECTION('',(0.,1.,0.));
#2506=DIRECTION('',(0.,-1.,0.));
#2507=DIRECTION('',(0.,0.,-1.));
#2508=DIRECTION('',(0.,1.,0.));
#2509=DIRECTION('',(0.,0.,1.));
#2510=DIRECTION('',(0.,1.,0.));
#2511=DIRECTION('',(0.,-1.,0.));
#2512=DIRECTION('',(0.,0.,-1.));
#2513=DIRECTION('',(0.,1.,0.));
#2514=DIRECTION('',(0.,-1.,0.));
#2515=DIRECTION('',(0.,0.,-1.));
#2516=DIRECTION('',(0.,1.,0.));
#2517=DIRECTION('',(0.,0.,1.));
#2518=DIRECTION('',(0.,1.,0.));
#2519=DIRECTION('',(0.,-1.,0.));
#2520=DIRECTION('',(0.,0.,-1.));
#2521=DIRECTION('',(0.,1.,0.));
#2522=DIRECTION('',(0.,-1.,0.));
#2523=DIRECTION('',(0.,0.,-1.));
#2524=DIRECTION('',(0.,1.,0.));
#2525=DIRECTION('',(0.,0.,1.));
#2526=DIRECTION('',(0.,1.,0.));
#2527=DIRECTION('',(0.,-1.,0.));
#2528=DIRECTION('',(0.,0.,-1.));
#2529=DIRECTION('',(0.,1.,0.));
#2530=DIRECTION('',(0.,-1.,0.));
#2531=DIRECTION('',(0.,0.,-1.));
#2532=DIRECTION('',(0.,1.,0.));
#2533=DIRECTION('',(0.,0.,1.));
#2534=DIRECTION('',(0.,1.,0.));
#2535=DIRECTION('',(0.,-1.,0.));
#2536=DIRECTION('',(0.,0.,-1.));
#2537=DIRECTION('',(0.,1.,0.));
#2538=DIRECTION('',(0.,-1.,0.));
#2539=DIRECTION('',(0.,0.,-1.));
#2540=DIRECTION('',(0.,1.,0.));
#2541=DIRECTION('',(0.,0.,1.));
#2542=DIRECTION('',(0.,1.,0.));
#2543=DIRECTION('',(0.,-1.,0.));
#2544=DIRECTION('',(0.,0.,-1.));
#2545=DIRECTION('',(0.,1.,0.));
#2546=DIRECTION('',(0.,-1.,0.));
#2547=DIRECTION('',(0.,0.,-1.));
#2548=DIRECTION('',(0.,1.,0.));
#2549=DIRECTION('',(0.,0.,1.));
#2550=DIRECTION('',(0.,1.,0.));
#2551=DIRECTION('',(0.,-1.,0.));
#2552=DIRECTION('',(0.,0.,-1.));
#2553=DIRECTION('',(0.,1.,0.));
#2554=DIRECTION('',(0.,-1.,0.));
#2555=DIRECTION('',(0.,0.,-1.));
#2556=DIRECTION('',(0.,1.,0.));
#2557=DIRECTION('',(0.,0.,1.));
#2558=DIRECTION('',(0.,-1.,0.));
#2559=DIRECTION('',(0.,0.,-1.));
#2560=DIRECTION('',(0.,1.,0.));
#2561=DIRECTION('',(0.,-1.,0.));
#2562=DIRECTION('',(0.,0.,-1.));
#2563=DIRECTION('',(0.,1.,0.));
#2564=DIRECTION('',(0.,1.,0.));
#2565=DIRECTION('',(0.,0.,1.));
#2566=DIRECTION('',(0.,-1.,0.));
#2567=DIRECTION('',(0.,0.,-1.));
#2568=DIRECTION('',(0.,1.,0.));
#2569=DIRECTION('',(0.,-1.,0.));
#2570=DIRECTION('',(0.,0.,-1.));
#2571=DIRECTION('',(0.,1.,0.));
#2572=DIRECTION('',(0.,1.,0.));
#2573=DIRECTION('',(0.,0.,1.));
#2574=DIRECTION('',(0.,-1.,0.));
#2575=DIRECTION('',(0.,0.,-1.));
#2576=DIRECTION('',(0.,-1.,0.));
#2577=DIRECTION('',(0.,0.,-1.));
#2578=DIRECTION('',(0.,1.,0.));
#2579=DIRECTION('',(0.,0.,1.));
#2580=DIRECTION('',(0.,-1.,0.));
#2581=DIRECTION('',(0.,0.,-1.));
#2582=DIRECTION('',(0.,1.,0.));
#2583=DIRECTION('',(0.,-1.,0.));
#2584=DIRECTION('',(0.,0.,-1.));
#2585=DIRECTION('',(0.,1.,0.));
#2586=DIRECTION('',(0.,-1.,0.));
#2587=DIRECTION('',(1.,0.,0.));
#2588=DIRECTION('',(0.,-1.,0.));
#2589=DIRECTION('',(0.222520933956315,0.,-0.974927912181824));
#2590=DIRECTION('',(0.,-1.,0.));
#2591=DIRECTION('',(0.433883739117558,0.,-0.900968867902419));
#2592=DIRECTION('',(0.,-1.,0.));
#2593=DIRECTION('',(0.623489801858734,0.,-0.78183148246803));
#2594=DIRECTION('',(0.,-1.,0.));
#2595=DIRECTION('',(0.78183148246803,0.,-0.623489801858734));
#2596=DIRECTION('',(0.,-1.,0.));
#2597=DIRECTION('',(0.900968867902419,0.,-0.433883739117558));
#2598=DIRECTION('',(0.,-1.,0.));
#2599=DIRECTION('',(0.974927912181824,0.,-0.222520933956315));
#2600=DIRECTION('',(0.,-1.,0.));
#2601=DIRECTION('',(1.,0.,-6.12323399573677E-17));
#2602=DIRECTION('',(0.,-1.,0.));
#2603=DIRECTION('',(0.974927912181824,0.,0.222520933956315));
#2604=DIRECTION('',(0.,-1.,0.));
#2605=DIRECTION('',(0.900968867902419,0.,0.433883739117558));
#2606=DIRECTION('',(0.,-1.,0.));
#2607=DIRECTION('',(0.78183148246803,0.,0.623489801858734));
#2608=DIRECTION('',(0.,-1.,0.));
#2609=DIRECTION('',(0.623489801858733,0.,0.78183148246803));
#2610=DIRECTION('',(0.,-1.,0.));
#2611=DIRECTION('',(0.433883739117559,0.,0.900968867902419));
#2612=DIRECTION('',(0.,-1.,0.));
#2613=DIRECTION('',(0.222520933956315,0.,0.974927912181824));
#2614=DIRECTION('',(0.,-1.,0.));
#2615=DIRECTION('',(1.22464679914735E-16,0.,1.));
#2616=DIRECTION('',(0.,-1.,0.));
#2617=DIRECTION('',(-0.222520933956315,0.,0.974927912181824));
#2618=DIRECTION('',(0.,-1.,0.));
#2619=DIRECTION('',(-0.433883739117558,0.,0.900968867902419));
#2620=DIRECTION('',(0.,-1.,0.));
#2621=DIRECTION('',(-0.623489801858734,0.,0.78183148246803));
#2622=DIRECTION('',(0.,-1.,0.));
#2623=DIRECTION('',(-0.78183148246803,0.,0.623489801858734));
#2624=DIRECTION('',(0.,-1.,0.));
#2625=DIRECTION('',(-0.900968867902419,0.,0.433883739117558));
#2626=DIRECTION('',(0.,-1.,0.));
#2627=DIRECTION('',(-0.974927912181824,0.,0.222520933956314));
#2628=DIRECTION('',(0.,-1.,0.));
#2629=DIRECTION('',(-1.,0.,1.83697019872103E-16));
#2630=DIRECTION('',(0.,-1.,0.));
#2631=DIRECTION('',(-0.974927912181823,0.,-0.222520933956315));
#2632=DIRECTION('',(0.,-1.,0.));
#2633=DIRECTION('',(-0.900968867902419,0.,-0.433883739117558));
#2634=DIRECTION('',(0.,-1.,0.));
#2635=DIRECTION('',(-0.78183148246803,0.,-0.623489801858733));
#2636=DIRECTION('',(0.,-1.,0.));
#2637=DIRECTION('',(-0.623489801858734,0.,-0.78183148246803));
#2638=DIRECTION('',(0.,-1.,0.));
#2639=DIRECTION('',(-0.433883739117559,0.,-0.900968867902419));
#2640=DIRECTION('',(0.,-1.,0.));
#2641=DIRECTION('',(-0.222520933956314,0.,-0.974927912181824));
#2642=DIRECTION('',(0.,-1.,0.));
#2643=DIRECTION('',(0.,0.,-1.));
#2644=DIRECTION('',(0.,-1.,0.));
#2645=DIRECTION('',(1.,0.,0.));
#2646=DIRECTION('',(0.,-1.,0.));
#2647=DIRECTION('',(0.222520933956315,0.,-0.974927912181824));
#2648=DIRECTION('',(0.,-1.,0.));
#2649=DIRECTION('',(0.,0.,-1.));
#2650=DIRECTION('',(0.,-1.,0.));
#2651=DIRECTION('',(-0.222520933956314,0.,-0.974927912181824));
#2652=DIRECTION('',(0.,-1.,0.));
#2653=DIRECTION('',(-0.433883739117559,0.,-0.900968867902419));
#2654=DIRECTION('',(0.,-1.,0.));
#2655=DIRECTION('',(-0.623489801858734,0.,-0.78183148246803));
#2656=DIRECTION('',(0.,-1.,0.));
#2657=DIRECTION('',(-0.78183148246803,0.,-0.623489801858733));
#2658=DIRECTION('',(0.,-1.,0.));
#2659=DIRECTION('',(-0.900968867902419,0.,-0.433883739117558));
#2660=DIRECTION('',(0.,-1.,0.));
#2661=DIRECTION('',(-0.974927912181823,0.,-0.222520933956315));
#2662=DIRECTION('',(0.,-1.,0.));
#2663=DIRECTION('',(-1.,0.,1.83697019872103E-16));
#2664=DIRECTION('',(0.,-1.,0.));
#2665=DIRECTION('',(-0.974927912181824,0.,0.222520933956314));
#2666=DIRECTION('',(0.,-1.,0.));
#2667=DIRECTION('',(-0.900968867902419,0.,0.433883739117558));
#2668=DIRECTION('',(0.,-1.,0.));
#2669=DIRECTION('',(-0.78183148246803,0.,0.623489801858734));
#2670=DIRECTION('',(0.,-1.,0.));
#2671=DIRECTION('',(-0.623489801858734,0.,0.78183148246803));
#2672=DIRECTION('',(0.,-1.,0.));
#2673=DIRECTION('',(-0.433883739117558,0.,0.900968867902419));
#2674=DIRECTION('',(0.,-1.,0.));
#2675=DIRECTION('',(-0.222520933956315,0.,0.974927912181824));
#2676=DIRECTION('',(0.,-1.,0.));
#2677=DIRECTION('',(1.22464679914735E-16,0.,1.));
#2678=DIRECTION('',(0.,-1.,0.));
#2679=DIRECTION('',(0.222520933956315,0.,0.974927912181824));
#2680=DIRECTION('',(0.,-1.,0.));
#2681=DIRECTION('',(0.433883739117559,0.,0.900968867902419));
#2682=DIRECTION('',(0.,-1.,0.));
#2683=DIRECTION('',(0.623489801858733,0.,0.78183148246803));
#2684=DIRECTION('',(0.,-1.,0.));
#2685=DIRECTION('',(0.78183148246803,0.,0.623489801858734));
#2686=DIRECTION('',(0.,-1.,0.));
#2687=DIRECTION('',(0.900968867902419,0.,0.433883739117558));
#2688=DIRECTION('',(0.,-1.,0.));
#2689=DIRECTION('',(0.974927912181824,0.,0.222520933956315));
#2690=DIRECTION('',(0.,-1.,0.));
#2691=DIRECTION('',(1.,0.,-6.12323399573677E-17));
#2692=DIRECTION('',(0.,-1.,0.));
#2693=DIRECTION('',(0.974927912181824,0.,-0.222520933956315));
#2694=DIRECTION('',(0.,-1.,0.));
#2695=DIRECTION('',(0.900968867902419,0.,-0.433883739117558));
#2696=DIRECTION('',(0.,-1.,0.));
#2697=DIRECTION('',(0.78183148246803,0.,-0.623489801858734));
#2698=DIRECTION('',(0.,-1.,0.));
#2699=DIRECTION('',(0.623489801858734,0.,-0.78183148246803));
#2700=DIRECTION('',(0.,-1.,0.));
#2701=DIRECTION('',(0.433883739117558,0.,-0.900968867902419));
#2702=DIRECTION('',(0.,1.,0.));
#2703=DIRECTION('',(0.,1.,0.));
#2704=DIRECTION('',(0.,1.,0.));
#2705=DIRECTION('',(0.,0.,1.));
#2706=DIRECTION('',(0.,1.,0.));
#2707=DIRECTION('',(0.,1.,0.));
#2708=DIRECTION('',(0.,1.,0.));
#2709=DIRECTION('',(0.78183148246803,0.,-0.623489801858734));
#2710=DIRECTION('',(0.,1.,0.));
#2711=DIRECTION('',(0.,1.,0.));
#2712=DIRECTION('',(0.,1.,0.));
#2713=DIRECTION('',(0.623489801858734,0.,-0.78183148246803));
#2714=DIRECTION('',(0.,1.,0.));
#2715=DIRECTION('',(0.,1.,0.));
#2716=DIRECTION('',(0.,1.,0.));
#2717=DIRECTION('',(0.900968867902419,0.,-0.433883739117558));
#2718=DIRECTION('',(0.,1.,0.));
#2719=DIRECTION('',(0.,1.,0.));
#2720=DIRECTION('',(0.,1.,0.));
#2721=DIRECTION('',(0.974927912181824,0.,-0.222520933956314));
#2722=DIRECTION('',(0.,1.,0.));
#2723=DIRECTION('',(0.,1.,0.));
#2724=DIRECTION('',(0.,1.,0.));
#2725=DIRECTION('',(1.,0.,-1.83697019872103E-16));
#2726=DIRECTION('',(0.,1.,0.));
#2727=DIRECTION('',(0.,1.,0.));
#2728=DIRECTION('',(0.,1.,0.));
#2729=DIRECTION('',(0.974927912181823,0.,0.222520933956315));
#2730=DIRECTION('',(0.,1.,0.));
#2731=DIRECTION('',(0.,1.,0.));
#2732=DIRECTION('',(0.,1.,0.));
#2733=DIRECTION('',(0.900968867902419,0.,0.433883739117558));
#2734=DIRECTION('',(0.,1.,0.));
#2735=DIRECTION('',(0.,1.,0.));
#2736=DIRECTION('',(0.,1.,0.));
#2737=DIRECTION('',(0.78183148246803,0.,0.623489801858733));
#2738=DIRECTION('',(0.,1.,0.));
#2739=DIRECTION('',(0.,1.,0.));
#2740=DIRECTION('',(0.,1.,0.));
#2741=DIRECTION('',(0.623489801858734,0.,0.78183148246803));
#2742=DIRECTION('',(0.,1.,0.));
#2743=DIRECTION('',(0.,1.,0.));
#2744=DIRECTION('',(0.,1.,0.));
#2745=DIRECTION('',(0.433883739117559,0.,0.900968867902419));
#2746=DIRECTION('',(0.,1.,0.));
#2747=DIRECTION('',(0.,1.,0.));
#2748=DIRECTION('',(0.,1.,0.));
#2749=DIRECTION('',(0.222520933956314,0.,0.974927912181824));
#2750=DIRECTION('',(0.,1.,0.));
#2751=DIRECTION('',(0.,1.,0.));
#2752=DIRECTION('',(0.,1.,0.));
#2753=DIRECTION('',(0.433883739117558,0.,-0.900968867902419));
#2754=DIRECTION('',(0.,1.,0.));
#2755=DIRECTION('',(0.,1.,0.));
#2756=DIRECTION('',(0.,1.,0.));
#2757=DIRECTION('',(0.222520933956315,0.,-0.974927912181824));
#2758=DIRECTION('',(0.,1.,0.));
#2759=DIRECTION('',(0.,1.,0.));
#2760=DIRECTION('',(0.,1.,0.));
#2761=DIRECTION('',(-1.22464679914735E-16,0.,-1.));
#2762=DIRECTION('',(0.,1.,0.));
#2763=DIRECTION('',(0.,1.,0.));
#2764=DIRECTION('',(0.,1.,0.));
#2765=DIRECTION('',(-0.222520933956315,0.,-0.974927912181824));
#2766=DIRECTION('',(0.,1.,0.));
#2767=DIRECTION('',(0.,1.,0.));
#2768=DIRECTION('',(0.,1.,0.));
#2769=DIRECTION('',(-0.900968867902419,0.,-0.433883739117558));
#2770=DIRECTION('',(0.,1.,0.));
#2771=DIRECTION('',(0.,1.,0.));
#2772=DIRECTION('',(0.,1.,0.));
#2773=DIRECTION('',(-0.78183148246803,0.,-0.623489801858734));
#2774=DIRECTION('',(0.,1.,0.));
#2775=DIRECTION('',(0.,1.,0.));
#2776=DIRECTION('',(0.,1.,0.));
#2777=DIRECTION('',(-0.623489801858733,0.,-0.78183148246803));
#2778=DIRECTION('',(0.,1.,0.));
#2779=DIRECTION('',(0.,1.,0.));
#2780=DIRECTION('',(0.,1.,0.));
#2781=DIRECTION('',(-0.433883739117559,0.,-0.900968867902419));
#2782=DIRECTION('',(0.,1.,0.));
#2783=DIRECTION('',(0.,1.,0.));
#2784=DIRECTION('',(0.,1.,0.));
#2785=DIRECTION('',(-0.974927912181824,0.,-0.222520933956315));
#2786=DIRECTION('',(0.,1.,0.));
#2787=DIRECTION('',(0.,1.,0.));
#2788=DIRECTION('',(0.,1.,0.));
#2789=DIRECTION('',(-1.,0.,6.12323399573677E-17));
#2790=DIRECTION('',(0.,1.,0.));
#2791=DIRECTION('',(0.,1.,0.));
#2792=DIRECTION('',(0.,1.,0.));
#2793=DIRECTION('',(-0.974927912181824,0.,0.222520933956315));
#2794=DIRECTION('',(0.,1.,0.));
#2795=DIRECTION('',(0.,1.,0.));
#2796=DIRECTION('',(0.,1.,0.));
#2797=DIRECTION('',(-0.900968867902419,0.,0.433883739117558));
#2798=DIRECTION('',(0.,1.,0.));
#2799=DIRECTION('',(0.,1.,0.));
#2800=DIRECTION('',(0.,1.,0.));
#2801=DIRECTION('',(-0.623489801858734,0.,0.78183148246803));
#2802=DIRECTION('',(0.,1.,0.));
#2803=DIRECTION('',(0.,1.,0.));
#2804=DIRECTION('',(0.,1.,0.));
#2805=DIRECTION('',(-0.78183148246803,0.,0.623489801858734));
#2806=DIRECTION('',(0.,1.,0.));
#2807=DIRECTION('',(0.,1.,0.));
#2808=DIRECTION('',(0.,1.,0.));
#2809=DIRECTION('',(-0.433883739117558,0.,0.900968867902419));
#2810=DIRECTION('',(0.,1.,0.));
#2811=DIRECTION('',(0.,1.,0.));
#2812=DIRECTION('',(0.,1.,0.));
#2813=DIRECTION('',(-0.222520933956315,0.,0.974927912181824));
#2814=CARTESIAN_POINT('',(0.,0.,0.));
#2815=CARTESIAN_POINT('',(0.,-0.007,9.18485099360515E-19));
#2816=CARTESIAN_POINT('',(0.0148603547392868,-0.007,0.00204202277718821));
#2817=CARTESIAN_POINT('',(0.0148603547392868,-0.007,0.00204202277718821));
#2818=CARTESIAN_POINT('',(0.0148603547392868,0.,0.00204202277718821));
#2819=CARTESIAN_POINT('',(0.,-0.007,9.18485099360515E-19));
#2820=CARTESIAN_POINT('',(0.0149421674357942,-0.007,0.00131591501271641));
#2821=CARTESIAN_POINT('',(0.0149421674357942,-0.007,0.00131591501271641));
#2822=CARTESIAN_POINT('',(0.0149421674357942,0.,0.00131591501271641));
#2823=CARTESIAN_POINT('',(0.,0.,9.18485099360515E-19));
#2824=CARTESIAN_POINT('',(0.,-0.007,9.18485099360515E-19));
#2825=CARTESIAN_POINT('',(0.,-0.007,9.18485099360515E-19));
#2826=CARTESIAN_POINT('',(0.0142747174640132,-0.007,0.00460786732910088));
#2827=CARTESIAN_POINT('',(0.0140333818047142,-0.007,0.00529756501830008));
#2828=CARTESIAN_POINT('',(0.0142747174640132,-0.007,0.00460786732910088));
#2829=CARTESIAN_POINT('',(0.0142747174640132,0.,0.00460786732910088));
#2830=CARTESIAN_POINT('',(0.,0.,9.18485099360515E-19));
#2831=CARTESIAN_POINT('',(0.0140333818047142,0.,0.00529756501830008));
#2832=CARTESIAN_POINT('',(0.0140333818047142,-0.007,0.00529756501830008));
#2833=CARTESIAN_POINT('',(0.,-0.007,9.18485099360515E-19));
#2834=CARTESIAN_POINT('',(0.0103451127990773,-0.007,0.010861797327071));
#2835=CARTESIAN_POINT('',(0.0103451127990773,-0.007,0.010861797327071));
#2836=CARTESIAN_POINT('',(0.0103451127990773,0.,0.010861797327071));
#2837=CARTESIAN_POINT('',(0.,-0.007,9.18485099360515E-19));
#2838=CARTESIAN_POINT('',(0.010861797327071,-0.007,0.0103451127990773));
#2839=CARTESIAN_POINT('',(0.010861797327071,-0.007,0.0103451127990773));
#2840=CARTESIAN_POINT('',(0.010861797327071,0.,0.0103451127990773));
#2841=CARTESIAN_POINT('',(0.,0.,9.18485099360515E-19));
#2842=CARTESIAN_POINT('',(0.,-0.007,9.18485099360515E-19));
#2843=CARTESIAN_POINT('',(0.,-0.007,9.18485099360515E-19));
#2844=CARTESIAN_POINT('',(0.0128914735525575,-0.007,0.00766876193682589));
#2845=CARTESIAN_POINT('',(0.012502716508154,-0.007,0.00828746522868931));
#2846=CARTESIAN_POINT('',(0.0128914735525575,-0.007,0.00766876193682589));
#2847=CARTESIAN_POINT('',(0.0128914735525575,0.,0.00766876193682589));
#2848=CARTESIAN_POINT('',(0.,0.,9.18485099360515E-19));
#2849=CARTESIAN_POINT('',(0.012502716508154,0.,0.00828746522868931));
#2850=CARTESIAN_POINT('',(0.012502716508154,-0.007,0.00828746522868931));
#2851=CARTESIAN_POINT('',(0.,-0.007,9.18485099360515E-19));
#2852=CARTESIAN_POINT('',(0.,-0.007,9.18485099360515E-19));
#2853=CARTESIAN_POINT('',(0.00828746522868932,-0.007,0.012502716508154));
#2854=CARTESIAN_POINT('',(0.00766876193682589,-0.007,0.0128914735525575));
#2855=CARTESIAN_POINT('',(0.00828746522868932,-0.007,0.012502716508154));
#2856=CARTESIAN_POINT('',(0.00828746522868932,0.,0.012502716508154));
#2857=CARTESIAN_POINT('',(0.,0.,9.18485099360515E-19));
#2858=CARTESIAN_POINT('',(0.00766876193682589,0.,0.0128914735525575));
#2859=CARTESIAN_POINT('',(0.00766876193682589,-0.007,0.0128914735525575));
#2860=CARTESIAN_POINT('',(0.,-0.007,9.18485099360515E-19));
#2861=CARTESIAN_POINT('',(0.,-0.007,9.18485099360515E-19));
#2862=CARTESIAN_POINT('',(0.00529756501830008,-0.007,0.0140333818047142));
#2863=CARTESIAN_POINT('',(0.00460786732910088,-0.007,0.0142747174640132));
#2864=CARTESIAN_POINT('',(0.00529756501830008,-0.007,0.0140333818047142));
#2865=CARTESIAN_POINT('',(0.00529756501830008,0.,0.0140333818047142));
#2866=CARTESIAN_POINT('',(0.,0.,9.18485099360515E-19));
#2867=CARTESIAN_POINT('',(0.00460786732910088,0.,0.0142747174640132));
#2868=CARTESIAN_POINT('',(0.00460786732910088,-0.007,0.0142747174640132));
#2869=CARTESIAN_POINT('',(0.,-0.007,9.18485099360515E-19));
#2870=CARTESIAN_POINT('',(0.,-0.007,9.18485099360515E-19));
#2871=CARTESIAN_POINT('',(0.00204202277718821,-0.007,0.0148603547392868));
#2872=CARTESIAN_POINT('',(0.00131591501271642,-0.007,0.0149421674357942));
#2873=CARTESIAN_POINT('',(0.00204202277718821,-0.007,0.0148603547392868));
#2874=CARTESIAN_POINT('',(0.00204202277718821,0.,0.0148603547392868));
#2875=CARTESIAN_POINT('',(0.,0.,9.18485099360515E-19));
#2876=CARTESIAN_POINT('',(0.00131591501271642,0.,0.0149421674357942));
#2877=CARTESIAN_POINT('',(0.00131591501271642,-0.007,0.0149421674357942));
#2878=CARTESIAN_POINT('',(0.,-0.007,9.18485099360515E-19));
#2879=CARTESIAN_POINT('',(0.,-0.007,9.18485099360515E-19));
#2880=CARTESIAN_POINT('',(-0.00131591501271641,-0.007,0.0149421674357942));
#2881=CARTESIAN_POINT('',(-0.00204202277718821,-0.007,0.0148603547392868));
#2882=CARTESIAN_POINT('',(-0.00131591501271641,-0.007,0.0149421674357942));
#2883=CARTESIAN_POINT('',(-0.00131591501271641,0.,0.0149421674357942));
#2884=CARTESIAN_POINT('',(0.,0.,9.18485099360515E-19));
#2885=CARTESIAN_POINT('',(-0.00204202277718821,0.,0.0148603547392868));
#2886=CARTESIAN_POINT('',(-0.00204202277718821,-0.007,0.0148603547392868));
#2887=CARTESIAN_POINT('',(0.,-0.007,9.18485099360515E-19));
#2888=CARTESIAN_POINT('',(-0.0128914735525575,-0.007,0.0076687619368259));
#2889=CARTESIAN_POINT('',(-0.0128914735525575,-0.007,0.0076687619368259));
#2890=CARTESIAN_POINT('',(-0.0128914735525575,0.,0.0076687619368259));
#2891=CARTESIAN_POINT('',(0.,-0.007,9.18485099360515E-19));
#2892=CARTESIAN_POINT('',(-0.012502716508154,-0.007,0.00828746522868931));
#2893=CARTESIAN_POINT('',(-0.012502716508154,-0.007,0.00828746522868931));
#2894=CARTESIAN_POINT('',(-0.012502716508154,0.,0.00828746522868931));
#2895=CARTESIAN_POINT('',(0.,0.,9.18485099360515E-19));
#2896=CARTESIAN_POINT('',(0.,-0.007,9.18485099360515E-19));
#2897=CARTESIAN_POINT('',(-0.010861797327071,-0.007,0.0103451127990773));
#2898=CARTESIAN_POINT('',(-0.010861797327071,-0.007,0.0103451127990773));
#2899=CARTESIAN_POINT('',(-0.010861797327071,0.,0.0103451127990773));
#2900=CARTESIAN_POINT('',(0.,-0.007,9.18485099360515E-19));
#2901=CARTESIAN_POINT('',(-0.0103451127990773,-0.007,0.010861797327071));
#2902=CARTESIAN_POINT('',(-0.0103451127990773,-0.007,0.010861797327071));
#2903=CARTESIAN_POINT('',(-0.0103451127990773,0.,0.010861797327071));
#2904=CARTESIAN_POINT('',(0.,0.,9.18485099360515E-19));
#2905=CARTESIAN_POINT('',(0.,-0.007,9.18485099360515E-19));
#2906=CARTESIAN_POINT('',(-0.00828746522868932,-0.007,0.012502716508154));
#2907=CARTESIAN_POINT('',(-0.00828746522868932,-0.007,0.012502716508154));
#2908=CARTESIAN_POINT('',(-0.00828746522868932,0.,0.012502716508154));
#2909=CARTESIAN_POINT('',(0.,-0.007,9.18485099360515E-19));
#2910=CARTESIAN_POINT('',(-0.00766876193682589,-0.007,0.0128914735525575));
#2911=CARTESIAN_POINT('',(-0.00766876193682589,-0.007,0.0128914735525575));
#2912=CARTESIAN_POINT('',(-0.00766876193682589,0.,0.0128914735525575));
#2913=CARTESIAN_POINT('',(0.,0.,9.18485099360515E-19));
#2914=CARTESIAN_POINT('',(0.,-0.007,9.18485099360515E-19));
#2915=CARTESIAN_POINT('',(0.,-0.007,9.18485099360515E-19));
#2916=CARTESIAN_POINT('',(-0.00460786732910088,-0.007,0.0142747174640132));
#2917=CARTESIAN_POINT('',(-0.00529756501830008,-0.007,0.0140333818047142));
#2918=CARTESIAN_POINT('',(-0.00460786732910088,-0.007,0.0142747174640132));
#2919=CARTESIAN_POINT('',(-0.00460786732910088,0.,0.0142747174640132));
#2920=CARTESIAN_POINT('',(0.,0.,9.18485099360515E-19));
#2921=CARTESIAN_POINT('',(-0.00529756501830008,0.,0.0140333818047142));
#2922=CARTESIAN_POINT('',(-0.00529756501830008,-0.007,0.0140333818047142));
#2923=CARTESIAN_POINT('',(0.,-0.007,9.18485099360515E-19));
#2924=CARTESIAN_POINT('',(0.,-0.007,9.18485099360515E-19));
#2925=CARTESIAN_POINT('',(-0.0140333818047142,-0.007,0.00529756501830008));
#2926=CARTESIAN_POINT('',(-0.0142747174640132,-0.007,0.00460786732910088));
#2927=CARTESIAN_POINT('',(-0.0140333818047142,-0.007,0.00529756501830008));
#2928=CARTESIAN_POINT('',(-0.0140333818047142,0.,0.00529756501830008));
#2929=CARTESIAN_POINT('',(0.,0.,9.18485099360515E-19));
#2930=CARTESIAN_POINT('',(-0.0142747174640132,0.,0.00460786732910088));
#2931=CARTESIAN_POINT('',(-0.0142747174640132,-0.007,0.00460786732910088));
#2932=CARTESIAN_POINT('',(0.,-0.007,9.18485099360515E-19));
#2933=CARTESIAN_POINT('',(0.,-0.007,9.18485099360515E-19));
#2934=CARTESIAN_POINT('',(-0.0148603547392868,-0.007,0.00204202277718821));
#2935=CARTESIAN_POINT('',(-0.0149421674357942,-0.007,0.00131591501271642));
#2936=CARTESIAN_POINT('',(-0.0148603547392868,-0.007,0.00204202277718821));
#2937=CARTESIAN_POINT('',(-0.0148603547392868,0.,0.00204202277718821));
#2938=CARTESIAN_POINT('',(0.,0.,9.18485099360515E-19));
#2939=CARTESIAN_POINT('',(-0.0149421674357942,0.,0.00131591501271642));
#2940=CARTESIAN_POINT('',(-0.0149421674357942,-0.007,0.00131591501271642));
#2941=CARTESIAN_POINT('',(0.,-0.007,9.18485099360515E-19));
#2942=CARTESIAN_POINT('',(0.,-0.007,9.18485099360515E-19));
#2943=CARTESIAN_POINT('',(-0.0149421674357942,-0.007,-0.00131591501271641));
#2944=CARTESIAN_POINT('',(-0.0148603547392868,-0.007,-0.00204202277718821));
#2945=CARTESIAN_POINT('',(-0.0149421674357942,-0.007,-0.00131591501271641));
#2946=CARTESIAN_POINT('',(-0.0149421674357942,0.,-0.00131591501271641));
#2947=CARTESIAN_POINT('',(0.,0.,9.18485099360515E-19));
#2948=CARTESIAN_POINT('',(-0.0148603547392868,0.,-0.00204202277718821));
#2949=CARTESIAN_POINT('',(-0.0148603547392868,-0.007,-0.00204202277718821));
#2950=CARTESIAN_POINT('',(0.,-0.007,9.18485099360515E-19));
#2951=CARTESIAN_POINT('',(0.,-0.007,9.18485099360515E-19));
#2952=CARTESIAN_POINT('',(-0.0142747174640132,-0.007,-0.00460786732910088));
#2953=CARTESIAN_POINT('',(-0.0140333818047142,-0.007,-0.00529756501830008));
#2954=CARTESIAN_POINT('',(-0.0142747174640132,-0.007,-0.00460786732910088));
#2955=CARTESIAN_POINT('',(-0.0142747174640132,0.,-0.00460786732910088));
#2956=CARTESIAN_POINT('',(0.,0.,9.18485099360515E-19));
#2957=CARTESIAN_POINT('',(-0.0140333818047142,0.,-0.00529756501830008));
#2958=CARTESIAN_POINT('',(-0.0140333818047142,-0.007,-0.00529756501830008));
#2959=CARTESIAN_POINT('',(0.,-0.007,9.18485099360515E-19));
#2960=CARTESIAN_POINT('',(0.0142747174640132,-0.007,-0.00460786732910087));
#2961=CARTESIAN_POINT('',(0.0142747174640132,-0.007,-0.00460786732910087));
#2962=CARTESIAN_POINT('',(0.0142747174640132,0.,-0.00460786732910087));
#2963=CARTESIAN_POINT('',(0.,-0.007,9.18485099360515E-19));
#2964=CARTESIAN_POINT('',(0.0140333818047142,-0.007,-0.00529756501830009));
#2965=CARTESIAN_POINT('',(0.0140333818047142,-0.007,-0.00529756501830009));
#2966=CARTESIAN_POINT('',(0.0140333818047142,0.,-0.00529756501830009));
#2967=CARTESIAN_POINT('',(0.,0.,9.18485099360515E-19));
#2968=CARTESIAN_POINT('',(0.,-0.007,9.18485099360515E-19));
#2969=CARTESIAN_POINT('',(0.0128914735525575,-0.007,-0.0076687619368259));
#2970=CARTESIAN_POINT('',(0.0128914735525575,-0.007,-0.0076687619368259));
#2971=CARTESIAN_POINT('',(0.0128914735525575,0.,-0.0076687619368259));
#2972=CARTESIAN_POINT('',(0.,-0.007,9.18485099360515E-19));
#2973=CARTESIAN_POINT('',(0.012502716508154,-0.007,-0.00828746522868932));
#2974=CARTESIAN_POINT('',(0.012502716508154,-0.007,-0.00828746522868932));
#2975=CARTESIAN_POINT('',(0.012502716508154,0.,-0.00828746522868932));
#2976=CARTESIAN_POINT('',(0.,0.,9.18485099360515E-19));
#2977=CARTESIAN_POINT('',(0.,-0.007,9.18485099360515E-19));
#2978=CARTESIAN_POINT('',(0.010861797327071,-0.007,-0.0103451127990773));
#2979=CARTESIAN_POINT('',(0.010861797327071,-0.007,-0.0103451127990773));
#2980=CARTESIAN_POINT('',(0.010861797327071,0.,-0.0103451127990773));
#2981=CARTESIAN_POINT('',(0.,-0.007,9.18485099360515E-19));
#2982=CARTESIAN_POINT('',(0.0103451127990773,-0.007,-0.010861797327071));
#2983=CARTESIAN_POINT('',(0.0103451127990773,-0.007,-0.010861797327071));
#2984=CARTESIAN_POINT('',(0.0103451127990773,0.,-0.010861797327071));
#2985=CARTESIAN_POINT('',(0.,0.,9.18485099360515E-19));
#2986=CARTESIAN_POINT('',(0.,-0.007,9.18485099360515E-19));
#2987=CARTESIAN_POINT('',(0.00828746522868931,-0.007,-0.012502716508154));
#2988=CARTESIAN_POINT('',(0.00828746522868931,-0.007,-0.012502716508154));
#2989=CARTESIAN_POINT('',(0.00828746522868931,0.,-0.012502716508154));
#2990=CARTESIAN_POINT('',(0.,-0.007,9.18485099360515E-19));
#2991=CARTESIAN_POINT('',(0.00766876193682589,-0.007,-0.0128914735525575));
#2992=CARTESIAN_POINT('',(0.00766876193682589,-0.007,-0.0128914735525575));
#2993=CARTESIAN_POINT('',(0.00766876193682589,0.,-0.0128914735525575));
#2994=CARTESIAN_POINT('',(0.,0.,9.18485099360515E-19));
#2995=CARTESIAN_POINT('',(0.,-0.007,9.18485099360515E-19));
#2996=CARTESIAN_POINT('',(0.00529756501830008,-0.007,-0.0140333818047142));
#2997=CARTESIAN_POINT('',(0.00529756501830008,-0.007,-0.0140333818047142));
#2998=CARTESIAN_POINT('',(0.00529756501830008,0.,-0.0140333818047142));
#2999=CARTESIAN_POINT('',(0.,-0.007,9.18485099360515E-19));
#3000=CARTESIAN_POINT('',(0.00460786732910089,-0.007,-0.0142747174640132));
#3001=CARTESIAN_POINT('',(0.00460786732910089,-0.007,-0.0142747174640132));
#3002=CARTESIAN_POINT('',(0.00460786732910089,0.,-0.0142747174640132));
#3003=CARTESIAN_POINT('',(0.,0.,9.18485099360515E-19));
#3004=CARTESIAN_POINT('',(0.,-0.007,9.18485099360515E-19));
#3005=CARTESIAN_POINT('',(0.00204202277718822,-0.007,-0.0148603547392868));
#3006=CARTESIAN_POINT('',(0.00204202277718822,-0.007,-0.0148603547392868));
#3007=CARTESIAN_POINT('',(0.00204202277718822,0.,-0.0148603547392868));
#3008=CARTESIAN_POINT('',(0.,-0.007,9.18485099360515E-19));
#3009=CARTESIAN_POINT('',(0.00131591501271641,-0.007,-0.0149421674357942));
#3010=CARTESIAN_POINT('',(0.00131591501271641,-0.007,-0.0149421674357942));
#3011=CARTESIAN_POINT('',(0.00131591501271641,0.,-0.0149421674357942));
#3012=CARTESIAN_POINT('',(0.,0.,9.18485099360515E-19));
#3013=CARTESIAN_POINT('',(0.,-0.007,9.18485099360515E-19));
#3014=CARTESIAN_POINT('',(-0.00131591501271642,-0.007,-0.0149421674357942));
#3015=CARTESIAN_POINT('',(-0.00131591501271642,-0.007,-0.0149421674357942));
#3016=CARTESIAN_POINT('',(-0.00131591501271642,0.,-0.0149421674357942));
#3017=CARTESIAN_POINT('',(0.,-0.007,9.18485099360515E-19));
#3018=CARTESIAN_POINT('',(-0.0020420227771882,-0.007,-0.0148603547392868));
#3019=CARTESIAN_POINT('',(-0.0020420227771882,-0.007,-0.0148603547392868));
#3020=CARTESIAN_POINT('',(-0.0020420227771882,0.,-0.0148603547392868));
#3021=CARTESIAN_POINT('',(0.,0.,9.18485099360515E-19));
#3022=CARTESIAN_POINT('',(0.,-0.007,9.18485099360515E-19));
#3023=CARTESIAN_POINT('',(-0.00460786732910087,-0.007,-0.0142747174640132));
#3024=CARTESIAN_POINT('',(-0.00460786732910087,-0.007,-0.0142747174640132));
#3025=CARTESIAN_POINT('',(-0.00460786732910087,0.,-0.0142747174640132));
#3026=CARTESIAN_POINT('',(0.,-0.007,9.18485099360515E-19));
#3027=CARTESIAN_POINT('',(-0.00529756501830007,-0.007,-0.0140333818047142));
#3028=CARTESIAN_POINT('',(-0.00529756501830007,-0.007,-0.0140333818047142));
#3029=CARTESIAN_POINT('',(-0.00529756501830007,0.,-0.0140333818047142));
#3030=CARTESIAN_POINT('',(0.,0.,9.18485099360515E-19));
#3031=CARTESIAN_POINT('',(0.,-0.007,9.18485099360515E-19));
#3032=CARTESIAN_POINT('',(-0.00766876193682588,-0.007,-0.0128914735525575));
#3033=CARTESIAN_POINT('',(-0.00766876193682588,-0.007,-0.0128914735525575));
#3034=CARTESIAN_POINT('',(-0.00766876193682588,0.,-0.0128914735525575));
#3035=CARTESIAN_POINT('',(0.,-0.007,9.18485099360515E-19));
#3036=CARTESIAN_POINT('',(-0.00828746522868932,-0.007,-0.012502716508154));
#3037=CARTESIAN_POINT('',(-0.00828746522868932,-0.007,-0.012502716508154));
#3038=CARTESIAN_POINT('',(-0.00828746522868932,0.,-0.012502716508154));
#3039=CARTESIAN_POINT('',(0.,0.,9.18485099360515E-19));
#3040=CARTESIAN_POINT('',(0.,-0.007,9.18485099360515E-19));
#3041=CARTESIAN_POINT('',(0.,-0.007,9.18485099360515E-19));
#3042=CARTESIAN_POINT('',(-0.0128914735525575,-0.007,-0.00766876193682589));
#3043=CARTESIAN_POINT('',(-0.012502716508154,-0.007,-0.00828746522868932));
#3044=CARTESIAN_POINT('',(-0.0128914735525575,-0.007,-0.00766876193682589));
#3045=CARTESIAN_POINT('',(-0.0128914735525575,0.,-0.00766876193682589));
#3046=CARTESIAN_POINT('',(0.,0.,9.18485099360515E-19));
#3047=CARTESIAN_POINT('',(-0.012502716508154,0.,-0.00828746522868932));
#3048=CARTESIAN_POINT('',(-0.012502716508154,-0.007,-0.00828746522868932));
#3049=CARTESIAN_POINT('',(0.,-0.007,9.18485099360515E-19));
#3050=CARTESIAN_POINT('',(0.,-0.007,9.18485099360515E-19));
#3051=CARTESIAN_POINT('',(-0.010861797327071,-0.007,-0.0103451127990773));
#3052=CARTESIAN_POINT('',(-0.0103451127990773,-0.007,-0.010861797327071));
#3053=CARTESIAN_POINT('',(-0.010861797327071,-0.007,-0.0103451127990773));
#3054=CARTESIAN_POINT('',(-0.010861797327071,0.,-0.0103451127990773));
#3055=CARTESIAN_POINT('',(0.,0.,9.18485099360515E-19));
#3056=CARTESIAN_POINT('',(-0.0103451127990773,0.,-0.010861797327071));
#3057=CARTESIAN_POINT('',(-0.0103451127990773,-0.007,-0.010861797327071));
#3058=CARTESIAN_POINT('',(0.,-0.007,6.79678973526781E-19));
#3059=CARTESIAN_POINT('',(0.,-0.007,6.79678973526781E-19));
#3060=CARTESIAN_POINT('',(0.,-0.007,-0.0111));
#3061=CARTESIAN_POINT('',(0.,0.,6.79678973526781E-19));
#3062=CARTESIAN_POINT('',(0.,0.,-0.0111));
#3063=CARTESIAN_POINT('',(0.,-0.007,9.18485099360515E-19));
#3064=CARTESIAN_POINT('',(0.,-0.007,9.18485099360515E-19));
#3065=CARTESIAN_POINT('',(0.0148603547392868,-0.007,-0.0020420227771882));
#3066=CARTESIAN_POINT('',(0.0149421674357942,-0.007,-0.00131591501271641));
#3067=CARTESIAN_POINT('',(0.0148603547392868,-0.007,-0.0020420227771882));
#3068=CARTESIAN_POINT('',(0.0148603547392868,0.,-0.0020420227771882));
#3069=CARTESIAN_POINT('',(0.,0.,9.18485099360515E-19));
#3070=CARTESIAN_POINT('',(0.0149421674357942,0.,-0.00131591501271641));
#3071=CARTESIAN_POINT('',(0.0149421674357942,-0.007,-0.00131591501271641));
#3072=CARTESIAN_POINT('',(0.,-0.007,0.));
#3073=CARTESIAN_POINT('',(0.0125366291950415,-0.007,0.00232280615334837));
#3074=CARTESIAN_POINT('',(0.0127222143787214,-0.007,0.00235738832813753));
#3075=CARTESIAN_POINT('',(0.0129336024324895,-0.007,0.0023967786419481));
#3076=CARTESIAN_POINT('',(0.0129451321020486,-0.007,0.00239823452408391));
#3077=CARTESIAN_POINT('',(0.0129598669895936,-0.007,0.00240028319835227));
#3078=CARTESIAN_POINT('',(0.0129775638139398,-0.007,0.00240225687779116));
#3079=CARTESIAN_POINT('',(0.0130013330057372,-0.007,0.00240449487723278));
#3080=CARTESIAN_POINT('',(0.0130301370496778,-0.007,0.00240660083807659));
#3081=CARTESIAN_POINT('',(0.0130643124554369,-0.007,0.00240842305588948));
#3082=CARTESIAN_POINT('',(0.0131037535251497,-0.007,0.00240973230265229));
#3083=CARTESIAN_POINT('',(0.0131484823431476,-0.007,0.00241032316919327));
#3084=CARTESIAN_POINT('',(0.0131984744989953,-0.007,0.00240998330347523));
#3085=CARTESIAN_POINT('',(0.0132537112170518,-0.007,0.00240850283179561));
#3086=CARTESIAN_POINT('',(0.0133141639497775,-0.007,0.00240567179152453));
#3087=CARTESIAN_POINT('',(0.0133797988774468,-0.007,0.00240128109579635));
#3088=CARTESIAN_POINT('',(0.0134505756205496,-0.007,0.00239512246977735));
#3089=CARTESIAN_POINT('',(0.0135264476326945,-0.007,0.00238698868400775));
#3090=CARTESIAN_POINT('',(0.013607362118442,-0.007,0.00237667370187165));
#3091=CARTESIAN_POINT('',(0.013693260092605,-0.007,0.00236397285166352));
#3092=CARTESIAN_POINT('',(0.0137840764063265,-0.007,0.0023486829877713));
#3093=CARTESIAN_POINT('',(0.0138797397837858,-0.007,0.00233060266578892));
#3094=CARTESIAN_POINT('',(0.0139801728783137,-0.007,0.00230953226637144));
#3095=CARTESIAN_POINT('',(0.0140852922625804,-0.007,0.00228527431149672));
#3096=CARTESIAN_POINT('',(0.014195008697627,-0.007,0.0022576330306098));
#3097=CARTESIAN_POINT('',(0.0143092263424538,-0.007,0.00222641682240909));
#3098=CARTESIAN_POINT('',(0.0144278460747868,-0.007,0.00219142952867629));
#3099=CARTESIAN_POINT('',(0.01455075297902,-0.007,0.00215250484117581));
#3100=CARTESIAN_POINT('',(0.0146778648201396,-0.007,0.00210937461127047));
#3101=CARTESIAN_POINT('',(0.014781581672239,-0.007,0.00207202906323893));
#3102=CARTESIAN_POINT('',(0.014843011614264,-0.007,0.00204867569031865));
#3103=CARTESIAN_POINT('',(0.0148603547392868,-0.007,0.00204202277718821));
#3104=CARTESIAN_POINT('',(0.0130143870276867,-0.007,0.00240542462400449));
#3105=CARTESIAN_POINT('',(0.0129735648827376,-0.007,0.00296113152406207));
#3106=CARTESIAN_POINT('',(0.0127692321768074,-0.007,0.00347951820558185));
#3107=CARTESIAN_POINT('',(0.012302940432229,-0.007,0.00334666352073589));
#3108=CARTESIAN_POINT('',(0.0124851515483729,-0.007,0.00339602845128638));
#3109=CARTESIAN_POINT('',(0.0126926964205056,-0.007,0.0034522568440198));
#3110=CARTESIAN_POINT('',(0.0127037159774204,-0.007,0.00345594767567922));
#3111=CARTESIAN_POINT('',(0.0127178805388222,-0.007,0.00346049511204643));
#3112=CARTESIAN_POINT('',(0.0127346811740336,-0.007,0.00346639525263461));
#3113=CARTESIAN_POINT('',(0.0127570675074242,-0.007,0.00347469195062422));
#3114=CARTESIAN_POINT('',(0.0127839327964497,-0.007,0.00348529215175355));
#3115=CARTESIAN_POINT('',(0.0128155144037648,-0.007,0.00349847854307025));
#3116=CARTESIAN_POINT('',(0.0128516176405736,-0.007,0.00351441179129834));
#3117=CARTESIAN_POINT('',(0.0128921732804719,-0.007,0.00353328654573904));
#3118=CARTESIAN_POINT('',(0.0129370671943215,-0.007,0.00355528353767602));
#3119=CARTESIAN_POINT('',(0.0129861914050675,-0.007,0.00358058371033611));
#3120=CARTESIAN_POINT('',(0.0130394290928945,-0.007,0.00360936384719901));
#3121=CARTESIAN_POINT('',(0.0130966590678917,-0.007,0.00364179765519241));
#3122=CARTESIAN_POINT('',(0.0131577545823139,-0.007,0.00367805526344461));
#3123=CARTESIAN_POINT('',(0.0132225837858187,-0.007,0.00371830318352499));
#3124=CARTESIAN_POINT('',(0.0132910097154214,-0.007,0.00376270414092747));
#3125=CARTESIAN_POINT('',(0.0133628904235798,-0.007,0.00381141694577334));
#3126=CARTESIAN_POINT('',(0.0134380790716245,-0.007,0.00386459635890509));
#3127=CARTESIAN_POINT('',(0.0135164240388075,-0.007,0.00392239295004152));
#3128=CARTESIAN_POINT('',(0.0135977690266003,-0.007,0.00398495301053585));
#3129=CARTESIAN_POINT('',(0.0136819531870733,-0.007,0.00405241826417632));
#3130=CARTESIAN_POINT('',(0.0137688111770423,-0.007,0.00412492637480506));
#3131=CARTESIAN_POINT('',(0.0138581735140612,-0.007,0.0042026083853785));
#3132=CARTESIAN_POINT('',(0.0139498657821858,-0.007,0.00428559802080168));
#3133=CARTESIAN_POINT('',(0.0140437122875934,-0.007,0.00437399525960449));
#3134=CARTESIAN_POINT('',(0.0141395225937636,-0.007,0.0044680060149258));
#3135=CARTESIAN_POINT('',(0.0142167646225627,-0.007,0.00454665424665534));
#3136=CARTESIAN_POINT('',(0.0142619784391206,-0.007,0.0045943483615566));
#3137=CARTESIAN_POINT('',(0.0142747174640132,-0.007,0.00460786732910088));
#3138=CARTESIAN_POINT('',(0.011705436732277,-0.007,0.00505423099063165));
#3139=CARTESIAN_POINT('',(0.0118786736501016,-0.007,0.00512924270649846));
#3140=CARTESIAN_POINT('',(0.0120759965946039,-0.007,0.00521468369005366));
#3141=CARTESIAN_POINT('',(0.0120869132270228,-0.007,0.00521866866302323));
#3142=CARTESIAN_POINT('',(0.0121008228072616,-0.007,0.00522394479368865));
#3143=CARTESIAN_POINT('',(0.0121176367502816,-0.007,0.00522980690274491));
#3144=CARTESIAN_POINT('',(0.012140311997089,-0.007,0.00523727793362614));
#3145=CARTESIAN_POINT('',(0.0121679252431365,-0.007,0.00524574059639412));
#3146=CARTESIAN_POINT('',(0.0122008383185117,-0.007,0.00525512187060984));
#3147=CARTESIAN_POINT('',(0.0122389991834486,-0.007,0.00526517475549156));
#3148=CARTESIAN_POINT('',(0.012282475076419,-0.007,0.00527570390613038));
#3149=CARTESIAN_POINT('',(0.0123312894517821,-0.007,0.0052864968627652));
#3150=CARTESIAN_POINT('',(0.0123854707059336,-0.007,0.00529734483569216));
#3151=CARTESIAN_POINT('',(0.0124450377281607,-0.007,0.0053080367740577));
#3152=CARTESIAN_POINT('',(0.0125100040728737,-0.007,0.00531836130764352));
#3153=CARTESIAN_POINT('',(0.0125803767184716,-0.007,0.00532810639821454));
#3154=CARTESIAN_POINT('',(0.0126561563984711,-0.007,0.00533705965443968));
#3155=CARTESIAN_POINT('',(0.0127373374885848,-0.007,0.00534500845738066));
#3156=CARTESIAN_POINT('',(0.0128239080262465,-0.007,0.00535174014144002));
#3157=CARTESIAN_POINT('',(0.0129158497001685,-0.007,0.00535704215730582));
#3158=CARTESIAN_POINT('',(0.0130131378471609,-0.007,0.00536070225084161));
#3159=CARTESIAN_POINT('',(0.0131157414792801,-0.007,0.00536250859632317));
#3160=CARTESIAN_POINT('',(0.0132236232038877,-0.007,0.00536225010258729));
#3161=CARTESIAN_POINT('',(0.0133367395824784,-0.007,0.00535971604991911));
#3162=CARTESIAN_POINT('',(0.0134550398122871,-0.007,0.00535469831423291));
#3163=CARTESIAN_POINT('',(0.0135784709055521,-0.007,0.00534698359862549));
#3164=CARTESIAN_POINT('',(0.0137069578349054,-0.007,0.00533638419342794));
#3165=CARTESIAN_POINT('',(0.0138404800958221,-0.007,0.00532262037403727));
#3166=CARTESIAN_POINT('',(0.0139499067161245,-0.007,0.00530929032766175));
#3167=CARTESIAN_POINT('',(0.0140149930956017,-0.007,0.00530019192063047));
#3168=CARTESIAN_POINT('',(0.0140333818047142,-0.007,0.00529756501830008));
#3169=CARTESIAN_POINT('',(0.0121528318393338,-0.007,0.00524108916286124));
#3170=CARTESIAN_POINT('',(0.011989376772381,-0.007,0.00577377954889922));
#3171=CARTESIAN_POINT('',(0.0116748152254757,-0.007,0.00623370088945477));
#3172=CARTESIAN_POINT('',(0.0112497773370187,-0.007,0.00600041747443462));
#3173=CARTESIAN_POINT('',(0.0114164353096064,-0.007,0.00608909051085277));
#3174=CARTESIAN_POINT('',(0.0116062646040128,-0.007,0.0061900922191705));
#3175=CARTESIAN_POINT('',(0.011616186590321,-0.007,0.00619614259607091));
#3176=CARTESIAN_POINT('',(0.0116289841168079,-0.007,0.00620372793014637));
#3177=CARTESIAN_POINT('',(0.0116440506202238,-0.007,0.0062132186349299));
#3178=CARTESIAN_POINT('',(0.0116640294925123,-0.007,0.00622628874519284));
#3179=CARTESIAN_POINT('',(0.0116878624459966,-0.007,0.00624260126635353));
#3180=CARTESIAN_POINT('',(0.0117157179883684,-0.007,0.00626248461606471));
#3181=CARTESIAN_POINT('',(0.0117473705603768,-0.007,0.00628605211046756));
#3182=CARTESIAN_POINT('',(0.0117827093577236,-0.007,0.00631347811427474));
#3183=CARTESIAN_POINT('',(0.0118215828962326,-0.007,0.0063449134313369));
#3184=CARTESIAN_POINT('',(0.0118638456424032,-0.007,0.00638051044110132));
#3185=CARTESIAN_POINT('',(0.0119093443673117,-0.007,0.00642041549986231));
#3186=CARTESIAN_POINT('',(0.0119579222661035,-0.007,0.0064647709920601));
#3187=CARTESIAN_POINT('',(0.0120094179115715,-0.007,0.00651371457730389));
#3188=CARTESIAN_POINT('',(0.0120636657068268,-0.007,0.00656737925290904));
#3189=CARTESIAN_POINT('',(0.0121204959130036,-0.007,0.00662589318737034));
#3190=CARTESIAN_POINT('',(0.0121797348029048,-0.007,0.0066893796228081));
#3191=CARTESIAN_POINT('',(0.0122412047818854,-0.007,0.0067579567652095));
#3192=CARTESIAN_POINT('',(0.0123047245257319,-0.007,0.00683173767040571));
#3193=CARTESIAN_POINT('',(0.0123701091017576,-0.007,0.00691083018222573));
#3194=CARTESIAN_POINT('',(0.0124371701583167,-0.007,0.00699533667911503));
#3195=CARTESIAN_POINT('',(0.012505715864637,-0.007,0.00708535458107603));
#3196=CARTESIAN_POINT('',(0.01257555182775,-0.007,0.00718097393215244));
#3197=CARTESIAN_POINT('',(0.0126464782480929,-0.007,0.00728228629328795));
#3198=CARTESIAN_POINT('',(0.0127183015895379,-0.007,0.00738935004078844));
#3199=CARTESIAN_POINT('',(0.012790790370222,-0.007,0.00750232354900813));
#3200=CARTESIAN_POINT('',(0.0128485949021132,-0.007,0.00759618787375404));
#3201=CARTESIAN_POINT('',(0.0128820621748998,-0.007,0.0076527472183063));
#3202=CARTESIAN_POINT('',(0.0128914735525575,-0.007,0.00766876193682589));
#3203=CARTESIAN_POINT('',(0.0102872847941089,-0.007,0.007532215581414));
#3204=CARTESIAN_POINT('',(0.0104394866236441,-0.007,0.00764389543770326));
#3205=CARTESIAN_POINT('',(0.0106128498624945,-0.007,0.00777110272331715));
#3206=CARTESIAN_POINT('',(0.0106226060522397,-0.007,0.00777741696393598));
#3207=CARTESIAN_POINT('',(0.0106349928407379,-0.007,0.00778565598377571));
#3208=CARTESIAN_POINT('',(0.0106500807811198,-0.007,0.00779511257182321));
#3209=CARTESIAN_POINT('',(0.0106705250513787,-0.007,0.00780744200545937));
#3210=CARTESIAN_POINT('',(0.0106955628560734,-0.007,0.00782183701690331));
#3211=CARTESIAN_POINT('',(0.0107255632020322,-0.007,0.0078383069312599));
#3212=CARTESIAN_POINT('',(0.0107605303170794,-0.007,0.00785659936063538));
#3213=CARTESIAN_POINT('',(0.0108005732222094,-0.007,0.0078765388197931));
#3214=CARTESIAN_POINT('',(0.010845762060476,-0.007,0.00789792339486764));
#3215=CARTESIAN_POINT('',(0.0108961709763981,-0.007,0.00792055584974144));
#3216=CARTESIAN_POINT('',(0.0109518653489019,-0.007,0.00794423462830829));
#3217=CARTESIAN_POINT('',(0.0110129054268589,-0.007,0.00796875667598264));
#3218=CARTESIAN_POINT('',(0.011079345196651,-0.007,0.00799391682361048));
#3219=CARTESIAN_POINT('',(0.0111512326349215,-0.007,0.00801950816817769));
#3220=CARTESIAN_POINT('',(0.0112286095705605,-0.007,0.00804532217002498));
#3221=CARTESIAN_POINT('',(0.0113115116634755,-0.007,0.00807114883360402));
#3222=CARTESIAN_POINT('',(0.0113999683581525,-0.007,0.00809677686401305));
#3223=CARTESIAN_POINT('',(0.0114940028407478,-0.007,0.00812199384069392));
#3224=CARTESIAN_POINT('',(0.0115936320359085,-0.007,0.00814658635336941));
#3225=CARTESIAN_POINT('',(0.0116988664607103,-0.007,0.00817034028272768));
#3226=CARTESIAN_POINT('',(0.0118097106552897,-0.007,0.0081930405262603));
#3227=CARTESIAN_POINT('',(0.011926161402579,-0.007,0.00821447287330815));
#3228=CARTESIAN_POINT('',(0.0120482145063564,-0.007,0.00823441758388051));
#3229=CARTESIAN_POINT('',(0.0121758385896774,-0.007,0.00825267495942177));
#3230=CARTESIAN_POINT('',(0.0123090759066883,-0.007,0.00826896772592272));
#3231=CARTESIAN_POINT('',(0.0124187251875259,-0.007,0.00828032160538991));
#3232=CARTESIAN_POINT('',(0.0124842043016112,-0.007,0.00828593439636782));
#3233=CARTESIAN_POINT('',(0.012502716508154,-0.007,0.00828746522868931));
#3234=CARTESIAN_POINT('',(0.0106818829167503,-0.007,0.00781394360620969));
#3235=CARTESIAN_POINT('',(0.0104039912473797,-0.007,0.00829690615795079));
#3236=CARTESIAN_POINT('',(0.00999497428895585,-0.007,0.00867529978106238));
#3237=CARTESIAN_POINT('',(0.00963250343115106,-0.007,0.00835328544040386));
#3238=CARTESIAN_POINT('',(0.00977525133353395,-0.007,0.0084768201463773));
#3239=CARTESIAN_POINT('',(0.00993784621673449,-0.007,0.0086175305228779));
#3240=CARTESIAN_POINT('',(0.00994617310261197,-0.007,0.00862563705385733));
#3241=CARTESIAN_POINT('',(0.00995696187276809,-0.007,0.00863587992531691));
#3242=CARTESIAN_POINT('',(0.00996953874699487,-0.007,0.00864848529072821));
#3243=CARTESIAN_POINT('',(0.0099861083341002,-0.007,0.00866567342335986));
#3244=CARTESIAN_POINT('',(0.010005713868238,-0.007,0.00868688028662576));
#3245=CARTESIAN_POINT('',(0.0100284465524572,-0.007,0.00871246356055128));
#3246=CARTESIAN_POINT('',(0.010054061267535,-0.007,0.00874248352855024));
#3247=CARTESIAN_POINT('',(0.0100824111874696,-0.007,0.00877708552737197));
#3248=CARTESIAN_POINT('',(0.0101133150690954,-0.007,0.00881638287149937));
#3249=CARTESIAN_POINT('',(0.0101465971201237,-0.007,0.00886049173565835));
#3250=CARTESIAN_POINT('',(0.0101820753860606,-0.007,0.00890952071004215));
#3251=CARTESIAN_POINT('',(0.0102195653099579,-0.007,0.00896357371685313));
#3252=CARTESIAN_POINT('',(0.0102588788797809,-0.007,0.00902274904335378));
#3253=CARTESIAN_POINT('',(0.0102998250558134,-0.007,0.00908713950356469));
#3254=CARTESIAN_POINT('',(0.0103422098347245,-0.007,0.00915683228207799));
#3255=CARTESIAN_POINT('',(0.0103858364210686,-0.007,0.00923190887313853));
#3256=CARTESIAN_POINT('',(0.0104305053695628,-0.007,0.00931244500053636));
#3257=CARTESIAN_POINT('',(0.0104760147448811,-0.007,0.00939851053712359));
#3258=CARTESIAN_POINT('',(0.0105221602534756,-0.007,0.00949016947146508));
#3259=CARTESIAN_POINT('',(0.0105687354847222,-0.007,0.00958747970298077));
#3260=CARTESIAN_POINT('',(0.0106155317394569,-0.007,0.00969049352278769));
#3261=CARTESIAN_POINT('',(0.0106623394618642,-0.007,0.00979925546083246));
#3262=CARTESIAN_POINT('',(0.0107089434875463,-0.007,0.00991381032284937));
#3263=CARTESIAN_POINT('',(0.0107551421427806,-0.007,0.0100341719556886));
#3264=CARTESIAN_POINT('',(0.0108006745078282,-0.007,0.0101604432533682));
#3265=CARTESIAN_POINT('',(0.0108361429822119,-0.007,0.0102648169219445));
#3266=CARTESIAN_POINT('',(0.0108561855224224,-0.007,0.0103274053744406));
#3267=CARTESIAN_POINT('',(0.010861797327071,-0.007,0.0103451127990773));
#3268=CARTESIAN_POINT('',(0.00835328544040386,-0.007,0.00963250343115106));
#3269=CARTESIAN_POINT('',(0.00847682014637731,-0.007,0.00977525133353395));
#3270=CARTESIAN_POINT('',(0.0086175305228779,-0.007,0.00993784621673449));
#3271=CARTESIAN_POINT('',(0.00862563705385733,-0.007,0.00994617310261197));
#3272=CARTESIAN_POINT('',(0.00863587992531691,-0.007,0.00995696187276809));
#3273=CARTESIAN_POINT('',(0.00864848529072821,-0.007,0.00996953874699487));
#3274=CARTESIAN_POINT('',(0.00866567342335987,-0.007,0.0099861083341002));
#3275=CARTESIAN_POINT('',(0.00868688028662576,-0.007,0.010005713868238));
#3276=CARTESIAN_POINT('',(0.00871246356055128,-0.007,0.0100284465524572));
#3277=CARTESIAN_POINT('',(0.00874248352855024,-0.007,0.010054061267535));
#3278=CARTESIAN_POINT('',(0.00877708552737197,-0.007,0.0100824111874696));
#3279=CARTESIAN_POINT('',(0.00881638287149937,-0.007,0.0101133150690954));
#3280=CARTESIAN_POINT('',(0.00886049173565835,-0.007,0.0101465971201237));
#3281=CARTESIAN_POINT('',(0.00890952071004215,-0.007,0.0101820753860606));
#3282=CARTESIAN_POINT('',(0.00896357371685313,-0.007,0.0102195653099579));
#3283=CARTESIAN_POINT('',(0.00902274904335378,-0.007,0.0102588788797809));
#3284=CARTESIAN_POINT('',(0.00908713950356469,-0.007,0.0102998250558134));
#3285=CARTESIAN_POINT('',(0.00915683228207799,-0.007,0.0103422098347245));
#3286=CARTESIAN_POINT('',(0.00923190887313853,-0.007,0.0103858364210686));
#3287=CARTESIAN_POINT('',(0.00931244500053636,-0.007,0.0104305053695628));
#3288=CARTESIAN_POINT('',(0.00939851053712359,-0.007,0.0104760147448811));
#3289=CARTESIAN_POINT('',(0.00949016947146508,-0.007,0.0105221602534756));
#3290=CARTESIAN_POINT('',(0.00958747970298077,-0.007,0.0105687354847222));
#3291=CARTESIAN_POINT('',(0.00969049352278769,-0.007,0.0106155317394569));
#3292=CARTESIAN_POINT('',(0.00979925546083246,-0.007,0.0106623394618642));
#3293=CARTESIAN_POINT('',(0.00991381032284938,-0.007,0.0107089434875463));
#3294=CARTESIAN_POINT('',(0.0100341719556886,-0.007,0.0107551421427806));
#3295=CARTESIAN_POINT('',(0.0101604432533682,-0.007,0.0108006745078282));
#3296=CARTESIAN_POINT('',(0.0102648169219445,-0.007,0.0108361429822119));
#3297=CARTESIAN_POINT('',(0.0103274053744406,-0.007,0.0108561855224224));
#3298=CARTESIAN_POINT('',(0.0103451127990773,-0.007,0.010861797327071));
#3299=CARTESIAN_POINT('',(0.00867529978106233,-0.007,0.00999497428895581));
#3300=CARTESIAN_POINT('',(0.00829690615795078,-0.007,0.0104039912473797));
#3301=CARTESIAN_POINT('',(0.00781394360620973,-0.007,0.0106818829167504));
#3302=CARTESIAN_POINT('',(0.00753221558141401,-0.007,0.0102872847941089));
#3303=CARTESIAN_POINT('',(0.00764389543770326,-0.007,0.0104394866236441));
#3304=CARTESIAN_POINT('',(0.00777110272331716,-0.007,0.0106128498624945));
#3305=CARTESIAN_POINT('',(0.00777741696393598,-0.007,0.0106226060522397));
#3306=CARTESIAN_POINT('',(0.00778565598377571,-0.007,0.0106349928407379));
#3307=CARTESIAN_POINT('',(0.00779511257182322,-0.007,0.0106500807811198));
#3308=CARTESIAN_POINT('',(0.00780744200545937,-0.007,0.0106705250513787));
#3309=CARTESIAN_POINT('',(0.00782183701690331,-0.007,0.0106955628560734));
#3310=CARTESIAN_POINT('',(0.0078383069312599,-0.007,0.0107255632020322));
#3311=CARTESIAN_POINT('',(0.00785659936063538,-0.007,0.0107605303170794));
#3312=CARTESIAN_POINT('',(0.0078765388197931,-0.007,0.0108005732222094));
#3313=CARTESIAN_POINT('',(0.00789792339486764,-0.007,0.010845762060476));
#3314=CARTESIAN_POINT('',(0.00792055584974144,-0.007,0.0108961709763981));
#3315=CARTESIAN_POINT('',(0.00794423462830829,-0.007,0.0109518653489019));
#3316=CARTESIAN_POINT('',(0.00796875667598264,-0.007,0.0110129054268589));
#3317=CARTESIAN_POINT('',(0.00799391682361048,-0.007,0.011079345196651));
#3318=CARTESIAN_POINT('',(0.00801950816817769,-0.007,0.0111512326349215));
#3319=CARTESIAN_POINT('',(0.00804532217002498,-0.007,0.0112286095705605));
#3320=CARTESIAN_POINT('',(0.00807114883360402,-0.007,0.0113115116634755));
#3321=CARTESIAN_POINT('',(0.00809677686401305,-0.007,0.0113999683581525));
#3322=CARTESIAN_POINT('',(0.00812199384069392,-0.007,0.0114940028407478));
#3323=CARTESIAN_POINT('',(0.00814658635336941,-0.007,0.0115936320359085));
#3324=CARTESIAN_POINT('',(0.00817034028272768,-0.007,0.0116988664607103));
#3325=CARTESIAN_POINT('',(0.0081930405262603,-0.007,0.0118097106552897));
#3326=CARTESIAN_POINT('',(0.00821447287330815,-0.007,0.011926161402579));
#3327=CARTESIAN_POINT('',(0.00823441758388051,-0.007,0.0120482145063564));
#3328=CARTESIAN_POINT('',(0.00825267495942177,-0.007,0.0121758385896774));
#3329=CARTESIAN_POINT('',(0.00826896772592272,-0.007,0.0123090759066883));
#3330=CARTESIAN_POINT('',(0.00828032160538991,-0.007,0.0124187251875259));
#3331=CARTESIAN_POINT('',(0.00828593439636782,-0.007,0.0124842043016112));
#3332=CARTESIAN_POINT('',(0.00828746522868932,-0.007,0.012502716508154));
#3333=CARTESIAN_POINT('',(0.00600041747443462,-0.007,0.0112497773370187));
#3334=CARTESIAN_POINT('',(0.00608909051085276,-0.007,0.0114164353096064));
#3335=CARTESIAN_POINT('',(0.0061900922191705,-0.007,0.0116062646040128));
#3336=CARTESIAN_POINT('',(0.00619614259607091,-0.007,0.011616186590321));
#3337=CARTESIAN_POINT('',(0.00620372793014637,-0.007,0.0116289841168079));
#3338=CARTESIAN_POINT('',(0.0062132186349299,-0.007,0.0116440506202238));
#3339=CARTESIAN_POINT('',(0.00622628874519283,-0.007,0.0116640294925123));
#3340=CARTESIAN_POINT('',(0.00624260126635353,-0.007,0.0116878624459966));
#3341=CARTESIAN_POINT('',(0.00626248461606471,-0.007,0.0117157179883684));
#3342=CARTESIAN_POINT('',(0.00628605211046756,-0.007,0.0117473705603768));
#3343=CARTESIAN_POINT('',(0.00631347811427473,-0.007,0.0117827093577236));
#3344=CARTESIAN_POINT('',(0.0063449134313369,-0.007,0.0118215828962326));
#3345=CARTESIAN_POINT('',(0.00638051044110131,-0.007,0.0118638456424032));
#3346=CARTESIAN_POINT('',(0.00642041549986231,-0.007,0.0119093443673117));
#3347=CARTESIAN_POINT('',(0.0064647709920601,-0.007,0.0119579222661035));
#3348=CARTESIAN_POINT('',(0.00651371457730389,-0.007,0.0120094179115715));
#3349=CARTESIAN_POINT('',(0.00656737925290904,-0.007,0.0120636657068268));
#3350=CARTESIAN_POINT('',(0.00662589318737034,-0.007,0.0121204959130036));
#3351=CARTESIAN_POINT('',(0.0066893796228081,-0.007,0.0121797348029048));
#3352=CARTESIAN_POINT('',(0.0067579567652095,-0.007,0.0122412047818854));
#3353=CARTESIAN_POINT('',(0.00683173767040571,-0.007,0.0123047245257319));
#3354=CARTESIAN_POINT('',(0.00691083018222573,-0.007,0.0123701091017576));
#3355=CARTESIAN_POINT('',(0.00699533667911503,-0.007,0.0124371701583167));
#3356=CARTESIAN_POINT('',(0.00708535458107603,-0.007,0.012505715864637));
#3357=CARTESIAN_POINT('',(0.00718097393215244,-0.007,0.01257555182775));
#3358=CARTESIAN_POINT('',(0.00728228629328795,-0.007,0.0126464782480929));
#3359=CARTESIAN_POINT('',(0.00738935004078844,-0.007,0.0127183015895379));
#3360=CARTESIAN_POINT('',(0.00750232354900813,-0.007,0.012790790370222));
#3361=CARTESIAN_POINT('',(0.00759618787375404,-0.007,0.0128485949021132));
#3362=CARTESIAN_POINT('',(0.0076527472183063,-0.007,0.0128820621748998));
#3363=CARTESIAN_POINT('',(0.00766876193682589,-0.007,0.0128914735525575));
#3364=CARTESIAN_POINT('',(0.00623370088945473,-0.007,0.0116748152254757));
#3365=CARTESIAN_POINT('',(0.00577377954889921,-0.007,0.011989376772381));
#3366=CARTESIAN_POINT('',(0.00524108916286126,-0.007,0.0121528318393339));
#3367=CARTESIAN_POINT('',(0.00505423099063165,-0.007,0.011705436732277));
#3368=CARTESIAN_POINT('',(0.00512924270649846,-0.007,0.0118786736501016));
#3369=CARTESIAN_POINT('',(0.00521468369005366,-0.007,0.0120759965946039));
#3370=CARTESIAN_POINT('',(0.00521866866302322,-0.007,0.0120869132270228));
#3371=CARTESIAN_POINT('',(0.00522394479368865,-0.007,0.0121008228072616));
#3372=CARTESIAN_POINT('',(0.00522980690274491,-0.007,0.0121176367502816));
#3373=CARTESIAN_POINT('',(0.00523727793362614,-0.007,0.012140311997089));
#3374=CARTESIAN_POINT('',(0.00524574059639411,-0.007,0.0121679252431365));
#3375=CARTESIAN_POINT('',(0.00525512187060984,-0.007,0.0122008383185117));
#3376=CARTESIAN_POINT('',(0.00526517475549156,-0.007,0.0122389991834486));
#3377=CARTESIAN_POINT('',(0.00527570390613038,-0.007,0.012282475076419));
#3378=CARTESIAN_POINT('',(0.0052864968627652,-0.007,0.0123312894517821));
#3379=CARTESIAN_POINT('',(0.00529734483569216,-0.007,0.0123854707059336));
#3380=CARTESIAN_POINT('',(0.00530803677405769,-0.007,0.0124450377281607));
#3381=CARTESIAN_POINT('',(0.00531836130764352,-0.007,0.0125100040728737));
#3382=CARTESIAN_POINT('',(0.00532810639821453,-0.007,0.0125803767184716));
#3383=CARTESIAN_POINT('',(0.00533705965443968,-0.007,0.0126561563984711));
#3384=CARTESIAN_POINT('',(0.00534500845738065,-0.007,0.0127373374885848));
#3385=CARTESIAN_POINT('',(0.00535174014144002,-0.007,0.0128239080262465));
#3386=CARTESIAN_POINT('',(0.00535704215730582,-0.007,0.0129158497001685));
#3387=CARTESIAN_POINT('',(0.00536070225084161,-0.007,0.0130131378471609));
#3388=CARTESIAN_POINT('',(0.00536250859632316,-0.007,0.0131157414792801));
#3389=CARTESIAN_POINT('',(0.00536225010258729,-0.007,0.0132236232038877));
#3390=CARTESIAN_POINT('',(0.00535971604991911,-0.007,0.0133367395824784));
#3391=CARTESIAN_POINT('',(0.00535469831423291,-0.007,0.0134550398122871));
#3392=CARTESIAN_POINT('',(0.00534698359862549,-0.007,0.0135784709055522));
#3393=CARTESIAN_POINT('',(0.00533638419342794,-0.007,0.0137069578349055));
#3394=CARTESIAN_POINT('',(0.00532262037403727,-0.007,0.0138404800958221));
#3395=CARTESIAN_POINT('',(0.00530929032766174,-0.007,0.0139499067161245));
#3396=CARTESIAN_POINT('',(0.00530019192063047,-0.007,0.0140149930956017));
#3397=CARTESIAN_POINT('',(0.00529756501830008,-0.007,0.0140333818047142));
#3398=CARTESIAN_POINT('',(0.00334666352073589,-0.007,0.012302940432229));
#3399=CARTESIAN_POINT('',(0.00339602845128638,-0.007,0.0124851515483729));
#3400=CARTESIAN_POINT('',(0.0034522568440198,-0.007,0.0126926964205056));
#3401=CARTESIAN_POINT('',(0.00345594767567922,-0.007,0.0127037159774204));
#3402=CARTESIAN_POINT('',(0.00346049511204643,-0.007,0.0127178805388222));
#3403=CARTESIAN_POINT('',(0.00346639525263461,-0.007,0.0127346811740336));
#3404=CARTESIAN_POINT('',(0.00347469195062422,-0.007,0.0127570675074242));
#3405=CARTESIAN_POINT('',(0.00348529215175355,-0.007,0.0127839327964497));
#3406=CARTESIAN_POINT('',(0.00349847854307025,-0.007,0.0128155144037648));
#3407=CARTESIAN_POINT('',(0.00351441179129834,-0.007,0.0128516176405736));
#3408=CARTESIAN_POINT('',(0.00353328654573904,-0.007,0.0128921732804719));
#3409=CARTESIAN_POINT('',(0.00355528353767602,-0.007,0.0129370671943215));
#3410=CARTESIAN_POINT('',(0.00358058371033611,-0.007,0.0129861914050675));
#3411=CARTESIAN_POINT('',(0.00360936384719901,-0.007,0.0130394290928945));
#3412=CARTESIAN_POINT('',(0.00364179765519241,-0.007,0.0130966590678917));
#3413=CARTESIAN_POINT('',(0.00367805526344461,-0.007,0.0131577545823139));
#3414=CARTESIAN_POINT('',(0.00371830318352499,-0.007,0.0132225837858187));
#3415=CARTESIAN_POINT('',(0.00376270414092747,-0.007,0.0132910097154214));
#3416=CARTESIAN_POINT('',(0.00381141694577334,-0.007,0.0133628904235798));
#3417=CARTESIAN_POINT('',(0.00386459635890509,-0.007,0.0134380790716245));
#3418=CARTESIAN_POINT('',(0.00392239295004152,-0.007,0.0135164240388075));
#3419=CARTESIAN_POINT('',(0.00398495301053585,-0.007,0.0135977690266003));
#3420=CARTESIAN_POINT('',(0.00405241826417632,-0.007,0.0136819531870733));
#3421=CARTESIAN_POINT('',(0.00412492637480506,-0.007,0.0137688111770423));
#3422=CARTESIAN_POINT('',(0.0042026083853785,-0.007,0.0138581735140612));
#3423=CARTESIAN_POINT('',(0.00428559802080168,-0.007,0.0139498657821858));
#3424=CARTESIAN_POINT('',(0.00437399525960449,-0.007,0.0140437122875934));
#3425=CARTESIAN_POINT('',(0.0044680060149258,-0.007,0.0141395225937636));
#3426=CARTESIAN_POINT('',(0.00454665424665534,-0.007,0.0142167646225627));
#3427=CARTESIAN_POINT('',(0.00459434836155661,-0.007,0.0142619784391206));
#3428=CARTESIAN_POINT('',(0.00460786732910088,-0.007,0.0142747174640132));
#3429=CARTESIAN_POINT('',(0.00347951820558183,-0.007,0.0127692321768074));
#3430=CARTESIAN_POINT('',(0.00296113152406206,-0.007,0.0129735648827376));
#3431=CARTESIAN_POINT('',(0.0024054246240045,-0.007,0.0130143870276868));
#3432=CARTESIAN_POINT('',(0.00232280615334837,-0.007,0.0125366291950415));
#3433=CARTESIAN_POINT('',(0.00235738832813753,-0.007,0.0127222143787214));
#3434=CARTESIAN_POINT('',(0.0023967786419481,-0.007,0.0129336024324895));
#3435=CARTESIAN_POINT('',(0.00239823452408391,-0.007,0.0129451321020486));
#3436=CARTESIAN_POINT('',(0.00240028319835227,-0.007,0.0129598669895936));
#3437=CARTESIAN_POINT('',(0.00240225687779116,-0.007,0.0129775638139398));
#3438=CARTESIAN_POINT('',(0.00240449487723278,-0.007,0.0130013330057372));
#3439=CARTESIAN_POINT('',(0.00240660083807659,-0.007,0.0130301370496778));
#3440=CARTESIAN_POINT('',(0.00240842305588948,-0.007,0.0130643124554369));
#3441=CARTESIAN_POINT('',(0.00240973230265229,-0.007,0.0131037535251497));
#3442=CARTESIAN_POINT('',(0.00241032316919327,-0.007,0.0131484823431476));
#3443=CARTESIAN_POINT('',(0.00240998330347523,-0.007,0.0131984744989953));
#3444=CARTESIAN_POINT('',(0.00240850283179561,-0.007,0.0132537112170518));
#3445=CARTESIAN_POINT('',(0.00240567179152453,-0.007,0.0133141639497775));
#3446=CARTESIAN_POINT('',(0.00240128109579635,-0.007,0.0133797988774468));
#3447=CARTESIAN_POINT('',(0.00239512246977735,-0.007,0.0134505756205496));
#3448=CARTESIAN_POINT('',(0.00238698868400775,-0.007,0.0135264476326945));
#3449=CARTESIAN_POINT('',(0.00237667370187165,-0.007,0.013607362118442));
#3450=CARTESIAN_POINT('',(0.00236397285166352,-0.007,0.013693260092605));
#3451=CARTESIAN_POINT('',(0.0023486829877713,-0.007,0.0137840764063265));
#3452=CARTESIAN_POINT('',(0.00233060266578892,-0.007,0.0138797397837858));
#3453=CARTESIAN_POINT('',(0.00230953226637144,-0.007,0.0139801728783137));
#3454=CARTESIAN_POINT('',(0.00228527431149672,-0.007,0.0140852922625804));
#3455=CARTESIAN_POINT('',(0.0022576330306098,-0.007,0.014195008697627));
#3456=CARTESIAN_POINT('',(0.00222641682240909,-0.007,0.0143092263424538));
#3457=CARTESIAN_POINT('',(0.00219142952867629,-0.007,0.0144278460747868));
#3458=CARTESIAN_POINT('',(0.00215250484117581,-0.007,0.01455075297902));
#3459=CARTESIAN_POINT('',(0.00210937461127047,-0.007,0.0146778648201396));
#3460=CARTESIAN_POINT('',(0.00207202906323893,-0.007,0.014781581672239));
#3461=CARTESIAN_POINT('',(0.00204867569031865,-0.007,0.014843011614264));
#3462=CARTESIAN_POINT('',(0.00204202277718821,-0.007,0.0148603547392868));
#3463=CARTESIAN_POINT('',(0.000525093883657613,-0.007,0.0127391827215621));
#3464=CARTESIAN_POINT('',(0.000532675344592629,-0.007,0.0129278101550513));
#3465=CARTESIAN_POINT('',(0.000541310895340773,-0.007,0.0131426634383896));
#3466=CARTESIAN_POINT('',(0.000542457108048238,-0.007,0.0131542279993136));
#3467=CARTESIAN_POINT('',(0.000543738619259281,-0.007,0.0131690493253756));
#3468=CARTESIAN_POINT('',(0.000545752337966188,-0.007,0.0131867416383798));
#3469=CARTESIAN_POINT('',(0.000548859592601269,-0.007,0.013210412888639));
#3470=CARTESIAN_POINT('',(0.000553215935352041,-0.007,0.0132389633754342));
#3471=CARTESIAN_POINT('',(0.000559044147552045,-0.007,0.0132726874140286));
#3472=CARTESIAN_POINT('',(0.000566544190007778,-0.007,0.0133114309485903));
#3473=CARTESIAN_POINT('',(0.000575921236080244,-0.007,0.0133551698019099));
#3474=CARTESIAN_POINT('',(0.000587376881864877,-0.007,0.013403832922799));
#3475=CARTESIAN_POINT('',(0.000601111561119151,-0.007,0.0134573553050688));
#3476=CARTESIAN_POINT('',(0.000617323619846259,-0.007,0.0135156623958455));
#3477=CARTESIAN_POINT('',(0.000636209377070698,-0.007,0.0135786746971302));
#3478=CARTESIAN_POINT('',(0.00065796290045494,-0.007,0.0136463064963008));
#3479=CARTESIAN_POINT('',(0.000682775866237043,-0.007,0.0137184663010882));
#3480=CARTESIAN_POINT('',(0.000710837397174311,-0.007,0.0137950567922846));
#3481=CARTESIAN_POINT('',(0.000742333907986351,-0.007,0.0138759749198456));
#3482=CARTESIAN_POINT('',(0.000777448954016138,-0.007,0.0139611119641808));
#3483=CARTESIAN_POINT('',(0.000816363068675657,-0.007,0.0140503536109057));
#3484=CARTESIAN_POINT('',(0.000859253655183044,-0.007,0.0141435800331106));
#3485=CARTESIAN_POINT('',(0.000906294676046794,-0.007,0.0142406659521689));
#3486=CARTESIAN_POINT('',(0.000957657135908839,-0.007,0.0143414808034823));
#3487=CARTESIAN_POINT('',(0.00101350650559733,-0.007,0.0144458885136842));
#3488=CARTESIAN_POINT('',(0.00107401196845353,-0.007,0.0145537487963931));
#3489=CARTESIAN_POINT('',(0.00113931009189035,-0.007,0.0146649126101133));
#3490=CARTESIAN_POINT('',(0.00120964400248674,-0.007,0.0147792401129494));
#3491=CARTESIAN_POINT('',(0.00126913239045458,-0.007,0.0148720464007976));
#3492=CARTESIAN_POINT('',(0.00130556969363043,-0.007,0.0149267395515683));
#3493=CARTESIAN_POINT('',(0.00131591501271642,-0.007,0.0149421674357942));
#3494=CARTESIAN_POINT('',(0.000550857949678346,-0.007,0.0132233465071238));
#3495=CARTESIAN_POINT('',(-2.54619547853458E-18,-0.007,0.0133072042769845));
#3496=CARTESIAN_POINT('',(-0.000550857949678354,-0.007,0.0132233465071239));
#3497=CARTESIAN_POINT('',(-0.000525093883657612,-0.007,0.0127391827215621));
#3498=CARTESIAN_POINT('',(-0.000532675344592628,-0.007,0.0129278101550513));
#3499=CARTESIAN_POINT('',(-0.000541310895340771,-0.007,0.0131426634383896));
#3500=CARTESIAN_POINT('',(-0.000542457108048237,-0.007,0.0131542279993136));
#3501=CARTESIAN_POINT('',(-0.000543738619259279,-0.007,0.0131690493253756));
#3502=CARTESIAN_POINT('',(-0.000545752337966186,-0.007,0.0131867416383798));
#3503=CARTESIAN_POINT('',(-0.000548859592601267,-0.007,0.013210412888639));
#3504=CARTESIAN_POINT('',(-0.00055321593535204,-0.007,0.0132389633754342));
#3505=CARTESIAN_POINT('',(-0.000559044147552044,-0.007,0.0132726874140286));
#3506=CARTESIAN_POINT('',(-0.000566544190007776,-0.007,0.0133114309485903));
#3507=CARTESIAN_POINT('',(-0.000575921236080242,-0.007,0.0133551698019099));
#3508=CARTESIAN_POINT('',(-0.000587376881864876,-0.007,0.013403832922799));
#3509=CARTESIAN_POINT('',(-0.000601111561119149,-0.007,0.0134573553050688));
#3510=CARTESIAN_POINT('',(-0.000617323619846258,-0.007,0.0135156623958455));
#3511=CARTESIAN_POINT('',(-0.000636209377070696,-0.007,0.0135786746971302));
#3512=CARTESIAN_POINT('',(-0.000657962900454938,-0.007,0.0136463064963008));
#3513=CARTESIAN_POINT('',(-0.000682775866237042,-0.007,0.0137184663010882));
#3514=CARTESIAN_POINT('',(-0.000710837397174309,-0.007,0.0137950567922846));
#3515=CARTESIAN_POINT('',(-0.000742333907986349,-0.007,0.0138759749198456));
#3516=CARTESIAN_POINT('',(-0.000777448954016137,-0.007,0.0139611119641808));
#3517=CARTESIAN_POINT('',(-0.000816363068675655,-0.007,0.0140503536109057));
#3518=CARTESIAN_POINT('',(-0.000859253655183042,-0.007,0.0141435800331106));
#3519=CARTESIAN_POINT('',(-0.000906294676046792,-0.007,0.0142406659521689));
#3520=CARTESIAN_POINT('',(-0.000957657135908838,-0.007,0.0143414808034823));
#3521=CARTESIAN_POINT('',(-0.00101350650559733,-0.007,0.0144458885136842));
#3522=CARTESIAN_POINT('',(-0.00107401196845353,-0.007,0.0145537487963931));
#3523=CARTESIAN_POINT('',(-0.00113931009189035,-0.007,0.0146649126101133));
#3524=CARTESIAN_POINT('',(-0.00120964400248674,-0.007,0.0147792401129494));
#3525=CARTESIAN_POINT('',(-0.00126913239045457,-0.007,0.0148720464007976));
#3526=CARTESIAN_POINT('',(-0.00130556969363043,-0.007,0.0149267395515683));
#3527=CARTESIAN_POINT('',(-0.00131591501271641,-0.007,0.0149421674357942));
#3528=CARTESIAN_POINT('',(-0.00232280615334837,-0.007,0.0125366291950415));
#3529=CARTESIAN_POINT('',(-0.00235738832813753,-0.007,0.0127222143787214));
#3530=CARTESIAN_POINT('',(-0.0023967786419481,-0.007,0.0129336024324895));
#3531=CARTESIAN_POINT('',(-0.00239823452408391,-0.007,0.0129451321020486));
#3532=CARTESIAN_POINT('',(-0.00240028319835227,-0.007,0.0129598669895936));
#3533=CARTESIAN_POINT('',(-0.00240225687779116,-0.007,0.0129775638139398));
#3534=CARTESIAN_POINT('',(-0.00240449487723277,-0.007,0.0130013330057372));
#3535=CARTESIAN_POINT('',(-0.00240660083807659,-0.007,0.0130301370496778));
#3536=CARTESIAN_POINT('',(-0.00240842305588948,-0.007,0.0130643124554369));
#3537=CARTESIAN_POINT('',(-0.00240973230265229,-0.007,0.0131037535251497));
#3538=CARTESIAN_POINT('',(-0.00241032316919327,-0.007,0.0131484823431476));
#3539=CARTESIAN_POINT('',(-0.00240998330347523,-0.007,0.0131984744989953));
#3540=CARTESIAN_POINT('',(-0.00240850283179561,-0.007,0.0132537112170518));
#3541=CARTESIAN_POINT('',(-0.00240567179152453,-0.007,0.0133141639497775));
#3542=CARTESIAN_POINT('',(-0.00240128109579635,-0.007,0.0133797988774468));
#3543=CARTESIAN_POINT('',(-0.00239512246977735,-0.007,0.0134505756205496));
#3544=CARTESIAN_POINT('',(-0.00238698868400775,-0.007,0.0135264476326945));
#3545=CARTESIAN_POINT('',(-0.00237667370187165,-0.007,0.013607362118442));
#3546=CARTESIAN_POINT('',(-0.00236397285166352,-0.007,0.013693260092605));
#3547=CARTESIAN_POINT('',(-0.0023486829877713,-0.007,0.0137840764063265));
#3548=CARTESIAN_POINT('',(-0.00233060266578891,-0.007,0.0138797397837858));
#3549=CARTESIAN_POINT('',(-0.00230953226637143,-0.007,0.0139801728783137));
#3550=CARTESIAN_POINT('',(-0.00228527431149672,-0.007,0.0140852922625804));
#3551=CARTESIAN_POINT('',(-0.0022576330306098,-0.007,0.014195008697627));
#3552=CARTESIAN_POINT('',(-0.00222641682240909,-0.007,0.0143092263424538));
#3553=CARTESIAN_POINT('',(-0.00219142952867629,-0.007,0.0144278460747868));
#3554=CARTESIAN_POINT('',(-0.00215250484117581,-0.007,0.01455075297902));
#3555=CARTESIAN_POINT('',(-0.00210937461127047,-0.007,0.0146778648201396));
#3556=CARTESIAN_POINT('',(-0.00207202906323893,-0.007,0.014781581672239));
#3557=CARTESIAN_POINT('',(-0.00204867569031865,-0.007,0.014843011614264));
#3558=CARTESIAN_POINT('',(-0.00204202277718821,-0.007,0.0148603547392868));
#3559=CARTESIAN_POINT('',(-0.00240542462400449,-0.007,0.0130143870276867));
#3560=CARTESIAN_POINT('',(-0.00296113152406207,-0.007,0.0129735648827376));
#3561=CARTESIAN_POINT('',(-0.00347951820558185,-0.007,0.0127692321768074));
#3562=CARTESIAN_POINT('',(-0.00334666352073589,-0.007,0.012302940432229));
#3563=CARTESIAN_POINT('',(-0.00339602845128638,-0.007,0.0124851515483729));
#3564=CARTESIAN_POINT('',(-0.0034522568440198,-0.007,0.0126926964205056));
#3565=CARTESIAN_POINT('',(-0.00345594767567922,-0.007,0.0127037159774204));
#3566=CARTESIAN_POINT('',(-0.00346049511204642,-0.007,0.0127178805388222));
#3567=CARTESIAN_POINT('',(-0.00346639525263461,-0.007,0.0127346811740336));
#3568=CARTESIAN_POINT('',(-0.00347469195062422,-0.007,0.0127570675074242));
#3569=CARTESIAN_POINT('',(-0.00348529215175355,-0.007,0.0127839327964497));
#3570=CARTESIAN_POINT('',(-0.00349847854307024,-0.007,0.0128155144037648));
#3571=CARTESIAN_POINT('',(-0.00351441179129834,-0.007,0.0128516176405736));
#3572=CARTESIAN_POINT('',(-0.00353328654573904,-0.007,0.0128921732804719));
#3573=CARTESIAN_POINT('',(-0.00355528353767602,-0.007,0.0129370671943215));
#3574=CARTESIAN_POINT('',(-0.00358058371033611,-0.007,0.0129861914050675));
#3575=CARTESIAN_POINT('',(-0.003609363847199,-0.007,0.0130394290928945));
#3576=CARTESIAN_POINT('',(-0.00364179765519241,-0.007,0.0130966590678917));
#3577=CARTESIAN_POINT('',(-0.00367805526344461,-0.007,0.0131577545823139));
#3578=CARTESIAN_POINT('',(-0.00371830318352499,-0.007,0.0132225837858187));
#3579=CARTESIAN_POINT('',(-0.00376270414092747,-0.007,0.0132910097154214));
#3580=CARTESIAN_POINT('',(-0.00381141694577334,-0.007,0.0133628904235798));
#3581=CARTESIAN_POINT('',(-0.00386459635890509,-0.007,0.0134380790716245));
#3582=CARTESIAN_POINT('',(-0.00392239295004152,-0.007,0.0135164240388075));
#3583=CARTESIAN_POINT('',(-0.00398495301053585,-0.007,0.0135977690266003));
#3584=CARTESIAN_POINT('',(-0.00405241826417632,-0.007,0.0136819531870733));
#3585=CARTESIAN_POINT('',(-0.00412492637480506,-0.007,0.0137688111770423));
#3586=CARTESIAN_POINT('',(-0.0042026083853785,-0.007,0.0138581735140612));
#3587=CARTESIAN_POINT('',(-0.00428559802080168,-0.007,0.0139498657821858));
#3588=CARTESIAN_POINT('',(-0.00437399525960448,-0.007,0.0140437122875934));
#3589=CARTESIAN_POINT('',(-0.0044680060149258,-0.007,0.0141395225937636));
#3590=CARTESIAN_POINT('',(-0.00454665424665534,-0.007,0.0142167646225627));
#3591=CARTESIAN_POINT('',(-0.0045943483615566,-0.007,0.0142619784391206));
#3592=CARTESIAN_POINT('',(-0.00460786732910088,-0.007,0.0142747174640132));
#3593=CARTESIAN_POINT('',(-0.00505423099063165,-0.007,0.011705436732277));
#3594=CARTESIAN_POINT('',(-0.00512924270649846,-0.007,0.0118786736501016));
#3595=CARTESIAN_POINT('',(-0.00521468369005366,-0.007,0.0120759965946039));
#3596=CARTESIAN_POINT('',(-0.00521866866302323,-0.007,0.0120869132270228));
#3597=CARTESIAN_POINT('',(-0.00522394479368865,-0.007,0.0121008228072616));
#3598=CARTESIAN_POINT('',(-0.00522980690274491,-0.007,0.0121176367502816));
#3599=CARTESIAN_POINT('',(-0.00523727793362614,-0.007,0.012140311997089));
#3600=CARTESIAN_POINT('',(-0.00524574059639412,-0.007,0.0121679252431365));
#3601=CARTESIAN_POINT('',(-0.00525512187060984,-0.007,0.0122008383185117));
#3602=CARTESIAN_POINT('',(-0.00526517475549156,-0.007,0.0122389991834486));
#3603=CARTESIAN_POINT('',(-0.00527570390613038,-0.007,0.012282475076419));
#3604=CARTESIAN_POINT('',(-0.0052864968627652,-0.007,0.0123312894517821));
#3605=CARTESIAN_POINT('',(-0.00529734483569216,-0.007,0.0123854707059336));
#3606=CARTESIAN_POINT('',(-0.00530803677405769,-0.007,0.0124450377281607));
#3607=CARTESIAN_POINT('',(-0.00531836130764352,-0.007,0.0125100040728737));
#3608=CARTESIAN_POINT('',(-0.00532810639821453,-0.007,0.0125803767184716));
#3609=CARTESIAN_POINT('',(-0.00533705965443968,-0.007,0.0126561563984711));
#3610=CARTESIAN_POINT('',(-0.00534500845738066,-0.007,0.0127373374885848));
#3611=CARTESIAN_POINT('',(-0.00535174014144002,-0.007,0.0128239080262465));
#3612=CARTESIAN_POINT('',(-0.00535704215730582,-0.007,0.0129158497001685));
#3613=CARTESIAN_POINT('',(-0.00536070225084161,-0.007,0.0130131378471609));
#3614=CARTESIAN_POINT('',(-0.00536250859632317,-0.007,0.0131157414792801));
#3615=CARTESIAN_POINT('',(-0.00536225010258729,-0.007,0.0132236232038877));
#3616=CARTESIAN_POINT('',(-0.00535971604991911,-0.007,0.0133367395824784));
#3617=CARTESIAN_POINT('',(-0.00535469831423291,-0.007,0.0134550398122871));
#3618=CARTESIAN_POINT('',(-0.00534698359862549,-0.007,0.0135784709055521));
#3619=CARTESIAN_POINT('',(-0.00533638419342794,-0.007,0.0137069578349054));
#3620=CARTESIAN_POINT('',(-0.00532262037403727,-0.007,0.0138404800958221));
#3621=CARTESIAN_POINT('',(-0.00530929032766174,-0.007,0.0139499067161245));
#3622=CARTESIAN_POINT('',(-0.00530019192063047,-0.007,0.0140149930956017));
#3623=CARTESIAN_POINT('',(-0.00529756501830008,-0.007,0.0140333818047142));
#3624=CARTESIAN_POINT('',(-0.00524108916286124,-0.007,0.0121528318393338));
#3625=CARTESIAN_POINT('',(-0.00577377954889922,-0.007,0.011989376772381));
#3626=CARTESIAN_POINT('',(-0.00623370088945477,-0.007,0.0116748152254757));
#3627=CARTESIAN_POINT('',(-0.00600041747443462,-0.007,0.0112497773370187));
#3628=CARTESIAN_POINT('',(-0.00608909051085276,-0.007,0.0114164353096064));
#3629=CARTESIAN_POINT('',(-0.0061900922191705,-0.007,0.0116062646040128));
#3630=CARTESIAN_POINT('',(-0.00619614259607091,-0.007,0.011616186590321));
#3631=CARTESIAN_POINT('',(-0.00620372793014637,-0.007,0.0116289841168079));
#3632=CARTESIAN_POINT('',(-0.0062132186349299,-0.007,0.0116440506202238));
#3633=CARTESIAN_POINT('',(-0.00622628874519284,-0.007,0.0116640294925123));
#3634=CARTESIAN_POINT('',(-0.00624260126635353,-0.007,0.0116878624459966));
#3635=CARTESIAN_POINT('',(-0.00626248461606471,-0.007,0.0117157179883684));
#3636=CARTESIAN_POINT('',(-0.00628605211046756,-0.007,0.0117473705603768));
#3637=CARTESIAN_POINT('',(-0.00631347811427474,-0.007,0.0117827093577236));
#3638=CARTESIAN_POINT('',(-0.0063449134313369,-0.007,0.0118215828962326));
#3639=CARTESIAN_POINT('',(-0.00638051044110132,-0.007,0.0118638456424032));
#3640=CARTESIAN_POINT('',(-0.00642041549986231,-0.007,0.0119093443673117));
#3641=CARTESIAN_POINT('',(-0.0064647709920601,-0.007,0.0119579222661035));
#3642=CARTESIAN_POINT('',(-0.00651371457730389,-0.007,0.0120094179115715));
#3643=CARTESIAN_POINT('',(-0.00656737925290904,-0.007,0.0120636657068268));
#3644=CARTESIAN_POINT('',(-0.00662589318737034,-0.007,0.0121204959130036));
#3645=CARTESIAN_POINT('',(-0.0066893796228081,-0.007,0.0121797348029048));
#3646=CARTESIAN_POINT('',(-0.0067579567652095,-0.007,0.0122412047818854));
#3647=CARTESIAN_POINT('',(-0.00683173767040571,-0.007,0.0123047245257319));
#3648=CARTESIAN_POINT('',(-0.00691083018222573,-0.007,0.0123701091017576));
#3649=CARTESIAN_POINT('',(-0.00699533667911503,-0.007,0.0124371701583167));
#3650=CARTESIAN_POINT('',(-0.00708535458107603,-0.007,0.012505715864637));
#3651=CARTESIAN_POINT('',(-0.00718097393215244,-0.007,0.01257555182775));
#3652=CARTESIAN_POINT('',(-0.00728228629328795,-0.007,0.0126464782480929));
#3653=CARTESIAN_POINT('',(-0.00738935004078844,-0.007,0.0127183015895379));
#3654=CARTESIAN_POINT('',(-0.00750232354900813,-0.007,0.012790790370222));
#3655=CARTESIAN_POINT('',(-0.00759618787375404,-0.007,0.0128485949021132));
#3656=CARTESIAN_POINT('',(-0.0076527472183063,-0.007,0.0128820621748998));
#3657=CARTESIAN_POINT('',(-0.00766876193682589,-0.007,0.0128914735525575));
#3658=CARTESIAN_POINT('',(-0.00753221558141401,-0.007,0.0102872847941089));
#3659=CARTESIAN_POINT('',(-0.00764389543770326,-0.007,0.0104394866236441));
#3660=CARTESIAN_POINT('',(-0.00777110272331716,-0.007,0.0106128498624945));
#3661=CARTESIAN_POINT('',(-0.00777741696393598,-0.007,0.0106226060522397));
#3662=CARTESIAN_POINT('',(-0.00778565598377571,-0.007,0.0106349928407379));
#3663=CARTESIAN_POINT('',(-0.00779511257182322,-0.007,0.0106500807811198));
#3664=CARTESIAN_POINT('',(-0.00780744200545937,-0.007,0.0106705250513787));
#3665=CARTESIAN_POINT('',(-0.00782183701690331,-0.007,0.0106955628560734));
#3666=CARTESIAN_POINT('',(-0.0078383069312599,-0.007,0.0107255632020322));
#3667=CARTESIAN_POINT('',(-0.00785659936063538,-0.007,0.0107605303170794));
#3668=CARTESIAN_POINT('',(-0.0078765388197931,-0.007,0.0108005732222094));
#3669=CARTESIAN_POINT('',(-0.00789792339486764,-0.007,0.010845762060476));
#3670=CARTESIAN_POINT('',(-0.00792055584974144,-0.007,0.0108961709763981));
#3671=CARTESIAN_POINT('',(-0.00794423462830829,-0.007,0.0109518653489019));
#3672=CARTESIAN_POINT('',(-0.00796875667598264,-0.007,0.0110129054268589));
#3673=CARTESIAN_POINT('',(-0.00799391682361049,-0.007,0.011079345196651));
#3674=CARTESIAN_POINT('',(-0.00801950816817769,-0.007,0.0111512326349215));
#3675=CARTESIAN_POINT('',(-0.00804532217002498,-0.007,0.0112286095705605));
#3676=CARTESIAN_POINT('',(-0.00807114883360403,-0.007,0.0113115116634755));
#3677=CARTESIAN_POINT('',(-0.00809677686401305,-0.007,0.0113999683581525));
#3678=CARTESIAN_POINT('',(-0.00812199384069392,-0.007,0.0114940028407478));
#3679=CARTESIAN_POINT('',(-0.00814658635336941,-0.007,0.0115936320359085));
#3680=CARTESIAN_POINT('',(-0.00817034028272768,-0.007,0.0116988664607103));
#3681=CARTESIAN_POINT('',(-0.00819304052626031,-0.007,0.0118097106552897));
#3682=CARTESIAN_POINT('',(-0.00821447287330815,-0.007,0.011926161402579));
#3683=CARTESIAN_POINT('',(-0.00823441758388051,-0.007,0.0120482145063564));
#3684=CARTESIAN_POINT('',(-0.00825267495942177,-0.007,0.0121758385896774));
#3685=CARTESIAN_POINT('',(-0.00826896772592272,-0.007,0.0123090759066883));
#3686=CARTESIAN_POINT('',(-0.00828032160538991,-0.007,0.0124187251875259));
#3687=CARTESIAN_POINT('',(-0.00828593439636782,-0.007,0.0124842043016112));
#3688=CARTESIAN_POINT('',(-0.00828746522868932,-0.007,0.012502716508154));
#3689=CARTESIAN_POINT('',(-0.0078139436062097,-0.007,0.0106818829167503));
#3690=CARTESIAN_POINT('',(-0.00829690615795079,-0.007,0.0104039912473797));
#3691=CARTESIAN_POINT('',(-0.00867529978106238,-0.007,0.00999497428895585));
#3692=CARTESIAN_POINT('',(-0.00835328544040386,-0.007,0.00963250343115106));
#3693=CARTESIAN_POINT('',(-0.00847682014637731,-0.007,0.00977525133353394));
#3694=CARTESIAN_POINT('',(-0.0086175305228779,-0.007,0.00993784621673449));
#3695=CARTESIAN_POINT('',(-0.00862563705385733,-0.007,0.00994617310261197));
#3696=CARTESIAN_POINT('',(-0.00863587992531691,-0.007,0.00995696187276809));
#3697=CARTESIAN_POINT('',(-0.00864848529072821,-0.007,0.00996953874699487));
#3698=CARTESIAN_POINT('',(-0.00866567342335987,-0.007,0.0099861083341002));
#3699=CARTESIAN_POINT('',(-0.00868688028662576,-0.007,0.010005713868238));
#3700=CARTESIAN_POINT('',(-0.00871246356055128,-0.007,0.0100284465524572));
#3701=CARTESIAN_POINT('',(-0.00874248352855024,-0.007,0.010054061267535));
#3702=CARTESIAN_POINT('',(-0.00877708552737198,-0.007,0.0100824111874696));
#3703=CARTESIAN_POINT('',(-0.00881638287149937,-0.007,0.0101133150690954));
#3704=CARTESIAN_POINT('',(-0.00886049173565836,-0.007,0.0101465971201237));
#3705=CARTESIAN_POINT('',(-0.00890952071004216,-0.007,0.0101820753860606));
#3706=CARTESIAN_POINT('',(-0.00896357371685313,-0.007,0.0102195653099579));
#3707=CARTESIAN_POINT('',(-0.00902274904335378,-0.007,0.0102588788797809));
#3708=CARTESIAN_POINT('',(-0.00908713950356469,-0.007,0.0102998250558134));
#3709=CARTESIAN_POINT('',(-0.00915683228207799,-0.007,0.0103422098347245));
#3710=CARTESIAN_POINT('',(-0.00923190887313853,-0.007,0.0103858364210686));
#3711=CARTESIAN_POINT('',(-0.00931244500053637,-0.007,0.0104305053695628));
#3712=CARTESIAN_POINT('',(-0.00939851053712359,-0.007,0.0104760147448811));
#3713=CARTESIAN_POINT('',(-0.00949016947146508,-0.007,0.0105221602534756));
#3714=CARTESIAN_POINT('',(-0.00958747970298078,-0.007,0.0105687354847222));
#3715=CARTESIAN_POINT('',(-0.00969049352278769,-0.007,0.0106155317394569));
#3716=CARTESIAN_POINT('',(-0.00979925546083246,-0.007,0.0106623394618642));
#3717=CARTESIAN_POINT('',(-0.00991381032284938,-0.007,0.0107089434875463));
#3718=CARTESIAN_POINT('',(-0.0100341719556886,-0.007,0.0107551421427806));
#3719=CARTESIAN_POINT('',(-0.0101604432533683,-0.007,0.0108006745078282));
#3720=CARTESIAN_POINT('',(-0.0102648169219445,-0.007,0.0108361429822119));
#3721=CARTESIAN_POINT('',(-0.0103274053744406,-0.007,0.0108561855224224));
#3722=CARTESIAN_POINT('',(-0.0103451127990773,-0.007,0.010861797327071));
#3723=CARTESIAN_POINT('',(-0.00963250343115106,-0.007,0.00835328544040385));
#3724=CARTESIAN_POINT('',(-0.00977525133353395,-0.007,0.0084768201463773));
#3725=CARTESIAN_POINT('',(-0.00993784621673449,-0.007,0.00861753052287789));
#3726=CARTESIAN_POINT('',(-0.00994617310261198,-0.007,0.00862563705385732));
#3727=CARTESIAN_POINT('',(-0.00995696187276809,-0.007,0.00863587992531691));
#3728=CARTESIAN_POINT('',(-0.00996953874699487,-0.007,0.00864848529072821));
#3729=CARTESIAN_POINT('',(-0.0099861083341002,-0.007,0.00866567342335986));
#3730=CARTESIAN_POINT('',(-0.010005713868238,-0.007,0.00868688028662575));
#3731=CARTESIAN_POINT('',(-0.0100284465524572,-0.007,0.00871246356055128));
#3732=CARTESIAN_POINT('',(-0.010054061267535,-0.007,0.00874248352855024));
#3733=CARTESIAN_POINT('',(-0.0100824111874696,-0.007,0.00877708552737197));
#3734=CARTESIAN_POINT('',(-0.0101133150690954,-0.007,0.00881638287149937));
#3735=CARTESIAN_POINT('',(-0.0101465971201237,-0.007,0.00886049173565835));
#3736=CARTESIAN_POINT('',(-0.0101820753860606,-0.007,0.00890952071004215));
#3737=CARTESIAN_POINT('',(-0.0102195653099579,-0.007,0.00896357371685312));
#3738=CARTESIAN_POINT('',(-0.0102588788797809,-0.007,0.00902274904335378));
#3739=CARTESIAN_POINT('',(-0.0102998250558134,-0.007,0.00908713950356468));
#3740=CARTESIAN_POINT('',(-0.0103422098347245,-0.007,0.00915683228207799));
#3741=CARTESIAN_POINT('',(-0.0103858364210686,-0.007,0.00923190887313852));
#3742=CARTESIAN_POINT('',(-0.0104305053695629,-0.007,0.00931244500053636));
#3743=CARTESIAN_POINT('',(-0.0104760147448811,-0.007,0.00939851053712359));
#3744=CARTESIAN_POINT('',(-0.0105221602534756,-0.007,0.00949016947146507));
#3745=CARTESIAN_POINT('',(-0.0105687354847222,-0.007,0.00958747970298077));
#3746=CARTESIAN_POINT('',(-0.0106155317394569,-0.007,0.00969049352278769));
#3747=CARTESIAN_POINT('',(-0.0106623394618642,-0.007,0.00979925546083245));
#3748=CARTESIAN_POINT('',(-0.0107089434875464,-0.007,0.00991381032284937));
#3749=CARTESIAN_POINT('',(-0.0107551421427806,-0.007,0.0100341719556886));
#3750=CARTESIAN_POINT('',(-0.0108006745078282,-0.007,0.0101604432533682));
#3751=CARTESIAN_POINT('',(-0.0108361429822119,-0.007,0.0102648169219445));
#3752=CARTESIAN_POINT('',(-0.0108561855224224,-0.007,0.0103274053744406));
#3753=CARTESIAN_POINT('',(-0.010861797327071,-0.007,0.0103451127990773));
#3754=CARTESIAN_POINT('',(-0.00999497428895581,-0.007,0.00867529978106233));
#3755=CARTESIAN_POINT('',(-0.0104039912473797,-0.007,0.00829690615795078));
#3756=CARTESIAN_POINT('',(-0.0106818829167504,-0.007,0.00781394360620972));
#3757=CARTESIAN_POINT('',(-0.0102872847941089,-0.007,0.007532215581414));
#3758=CARTESIAN_POINT('',(-0.0104394866236441,-0.007,0.00764389543770325));
#3759=CARTESIAN_POINT('',(-0.0106128498624945,-0.007,0.00777110272331715));
#3760=CARTESIAN_POINT('',(-0.0106226060522397,-0.007,0.00777741696393597));
#3761=CARTESIAN_POINT('',(-0.0106349928407379,-0.007,0.0077856559837757));
#3762=CARTESIAN_POINT('',(-0.0106500807811198,-0.007,0.00779511257182321));
#3763=CARTESIAN_POINT('',(-0.0106705250513787,-0.007,0.00780744200545936));
#3764=CARTESIAN_POINT('',(-0.0106955628560734,-0.007,0.0078218370169033));
#3765=CARTESIAN_POINT('',(-0.0107255632020322,-0.007,0.0078383069312599));
#3766=CARTESIAN_POINT('',(-0.0107605303170794,-0.007,0.00785659936063538));
#3767=CARTESIAN_POINT('',(-0.0108005732222094,-0.007,0.00787653881979309));
#3768=CARTESIAN_POINT('',(-0.010845762060476,-0.007,0.00789792339486764));
#3769=CARTESIAN_POINT('',(-0.0108961709763981,-0.007,0.00792055584974144));
#3770=CARTESIAN_POINT('',(-0.0109518653489019,-0.007,0.00794423462830829));
#3771=CARTESIAN_POINT('',(-0.0110129054268589,-0.007,0.00796875667598264));
#3772=CARTESIAN_POINT('',(-0.011079345196651,-0.007,0.00799391682361048));
#3773=CARTESIAN_POINT('',(-0.0111512326349215,-0.007,0.00801950816817768));
#3774=CARTESIAN_POINT('',(-0.0112286095705605,-0.007,0.00804532217002497));
#3775=CARTESIAN_POINT('',(-0.0113115116634755,-0.007,0.00807114883360402));
#3776=CARTESIAN_POINT('',(-0.0113999683581525,-0.007,0.00809677686401305));
#3777=CARTESIAN_POINT('',(-0.0114940028407478,-0.007,0.00812199384069391));
#3778=CARTESIAN_POINT('',(-0.0115936320359085,-0.007,0.00814658635336941));
#3779=CARTESIAN_POINT('',(-0.0116988664607103,-0.007,0.00817034028272767));
#3780=CARTESIAN_POINT('',(-0.0118097106552897,-0.007,0.0081930405262603));
#3781=CARTESIAN_POINT('',(-0.011926161402579,-0.007,0.00821447287330814));
#3782=CARTESIAN_POINT('',(-0.0120482145063564,-0.007,0.0082344175838805));
#3783=CARTESIAN_POINT('',(-0.0121758385896774,-0.007,0.00825267495942177));
#3784=CARTESIAN_POINT('',(-0.0123090759066883,-0.007,0.00826896772592271));
#3785=CARTESIAN_POINT('',(-0.012418725187526,-0.007,0.0082803216053899));
#3786=CARTESIAN_POINT('',(-0.0124842043016112,-0.007,0.00828593439636781));
#3787=CARTESIAN_POINT('',(-0.012502716508154,-0.007,0.00828746522868931));
#3788=CARTESIAN_POINT('',(-0.0112497773370187,-0.007,0.00600041747443462));
#3789=CARTESIAN_POINT('',(-0.0114164353096064,-0.007,0.00608909051085277));
#3790=CARTESIAN_POINT('',(-0.0116062646040128,-0.007,0.00619009221917051));
#3791=CARTESIAN_POINT('',(-0.011616186590321,-0.007,0.00619614259607091));
#3792=CARTESIAN_POINT('',(-0.0116289841168079,-0.007,0.00620372793014637));
#3793=CARTESIAN_POINT('',(-0.0116440506202238,-0.007,0.0062132186349299));
#3794=CARTESIAN_POINT('',(-0.0116640294925123,-0.007,0.00622628874519284));
#3795=CARTESIAN_POINT('',(-0.0116878624459966,-0.007,0.00624260126635353));
#3796=CARTESIAN_POINT('',(-0.0117157179883683,-0.007,0.00626248461606472));
#3797=CARTESIAN_POINT('',(-0.0117473705603768,-0.007,0.00628605211046757));
#3798=CARTESIAN_POINT('',(-0.0117827093577236,-0.007,0.00631347811427474));
#3799=CARTESIAN_POINT('',(-0.0118215828962326,-0.007,0.0063449134313369));
#3800=CARTESIAN_POINT('',(-0.0118638456424032,-0.007,0.00638051044110132));
#3801=CARTESIAN_POINT('',(-0.0119093443673117,-0.007,0.00642041549986231));
#3802=CARTESIAN_POINT('',(-0.0119579222661035,-0.007,0.0064647709920601));
#3803=CARTESIAN_POINT('',(-0.0120094179115715,-0.007,0.00651371457730389));
#3804=CARTESIAN_POINT('',(-0.0120636657068267,-0.007,0.00656737925290904));
#3805=CARTESIAN_POINT('',(-0.0121204959130036,-0.007,0.00662589318737034));
#3806=CARTESIAN_POINT('',(-0.0121797348029048,-0.007,0.0066893796228081));
#3807=CARTESIAN_POINT('',(-0.0122412047818854,-0.007,0.0067579567652095));
#3808=CARTESIAN_POINT('',(-0.0123047245257319,-0.007,0.00683173767040571));
#3809=CARTESIAN_POINT('',(-0.0123701091017576,-0.007,0.00691083018222573));
#3810=CARTESIAN_POINT('',(-0.0124371701583167,-0.007,0.00699533667911503));
#3811=CARTESIAN_POINT('',(-0.012505715864637,-0.007,0.00708535458107603));
#3812=CARTESIAN_POINT('',(-0.01257555182775,-0.007,0.00718097393215244));
#3813=CARTESIAN_POINT('',(-0.0126464782480929,-0.007,0.00728228629328795));
#3814=CARTESIAN_POINT('',(-0.0127183015895379,-0.007,0.00738935004078844));
#3815=CARTESIAN_POINT('',(-0.012790790370222,-0.007,0.00750232354900813));
#3816=CARTESIAN_POINT('',(-0.0128485949021132,-0.007,0.00759618787375405));
#3817=CARTESIAN_POINT('',(-0.0128820621748998,-0.007,0.0076527472183063));
#3818=CARTESIAN_POINT('',(-0.0128914735525575,-0.007,0.0076687619368259));
#3819=CARTESIAN_POINT('',(-0.0116748152254757,-0.007,0.00623370088945474));
#3820=CARTESIAN_POINT('',(-0.011989376772381,-0.007,0.00577377954889922));
#3821=CARTESIAN_POINT('',(-0.0121528318393339,-0.007,0.00524108916286126));
#3822=CARTESIAN_POINT('',(-0.0117054367322769,-0.007,0.00505423099063166));
#3823=CARTESIAN_POINT('',(-0.0118786736501016,-0.007,0.00512924270649846));
#3824=CARTESIAN_POINT('',(-0.0120759965946039,-0.007,0.00521468369005367));
#3825=CARTESIAN_POINT('',(-0.0120869132270228,-0.007,0.00521866866302323));
#3826=CARTESIAN_POINT('',(-0.0121008228072616,-0.007,0.00522394479368866));
#3827=CARTESIAN_POINT('',(-0.0121176367502816,-0.007,0.00522980690274491));
#3828=CARTESIAN_POINT('',(-0.012140311997089,-0.007,0.00523727793362614));
#3829=CARTESIAN_POINT('',(-0.0121679252431365,-0.007,0.00524574059639412));
#3830=CARTESIAN_POINT('',(-0.0122008383185117,-0.007,0.00525512187060984));
#3831=CARTESIAN_POINT('',(-0.0122389991834486,-0.007,0.00526517475549157));
#3832=CARTESIAN_POINT('',(-0.012282475076419,-0.007,0.00527570390613038));
#3833=CARTESIAN_POINT('',(-0.0123312894517821,-0.007,0.0052864968627652));
#3834=CARTESIAN_POINT('',(-0.0123854707059336,-0.007,0.00529734483569217));
#3835=CARTESIAN_POINT('',(-0.0124450377281607,-0.007,0.0053080367740577));
#3836=CARTESIAN_POINT('',(-0.0125100040728737,-0.007,0.00531836130764352));
#3837=CARTESIAN_POINT('',(-0.0125803767184716,-0.007,0.00532810639821454));
#3838=CARTESIAN_POINT('',(-0.0126561563984711,-0.007,0.00533705965443968));
#3839=CARTESIAN_POINT('',(-0.0127373374885848,-0.007,0.00534500845738066));
#3840=CARTESIAN_POINT('',(-0.0128239080262465,-0.007,0.00535174014144002));
#3841=CARTESIAN_POINT('',(-0.0129158497001685,-0.007,0.00535704215730582));
#3842=CARTESIAN_POINT('',(-0.0130131378471609,-0.007,0.00536070225084161));
#3843=CARTESIAN_POINT('',(-0.0131157414792801,-0.007,0.00536250859632317));
#3844=CARTESIAN_POINT('',(-0.0132236232038877,-0.007,0.00536225010258729));
#3845=CARTESIAN_POINT('',(-0.0133367395824784,-0.007,0.00535971604991911));
#3846=CARTESIAN_POINT('',(-0.0134550398122871,-0.007,0.00535469831423291));
#3847=CARTESIAN_POINT('',(-0.0135784709055521,-0.007,0.00534698359862549));
#3848=CARTESIAN_POINT('',(-0.0137069578349054,-0.007,0.00533638419342794));
#3849=CARTESIAN_POINT('',(-0.0138404800958221,-0.007,0.00532262037403727));
#3850=CARTESIAN_POINT('',(-0.0139499067161245,-0.007,0.00530929032766175));
#3851=CARTESIAN_POINT('',(-0.0140149930956017,-0.007,0.00530019192063047));
#3852=CARTESIAN_POINT('',(-0.0140333818047142,-0.007,0.00529756501830008));
#3853=CARTESIAN_POINT('',(-0.012302940432229,-0.007,0.00334666352073589));
#3854=CARTESIAN_POINT('',(-0.0124851515483729,-0.007,0.00339602845128638));
#3855=CARTESIAN_POINT('',(-0.0126926964205056,-0.007,0.0034522568440198));
#3856=CARTESIAN_POINT('',(-0.0127037159774204,-0.007,0.00345594767567922));
#3857=CARTESIAN_POINT('',(-0.0127178805388222,-0.007,0.00346049511204643));
#3858=CARTESIAN_POINT('',(-0.0127346811740336,-0.007,0.00346639525263461));
#3859=CARTESIAN_POINT('',(-0.0127570675074242,-0.007,0.00347469195062422));
#3860=CARTESIAN_POINT('',(-0.0127839327964497,-0.007,0.00348529215175355));
#3861=CARTESIAN_POINT('',(-0.0128155144037648,-0.007,0.00349847854307025));
#3862=CARTESIAN_POINT('',(-0.0128516176405736,-0.007,0.00351441179129834));
#3863=CARTESIAN_POINT('',(-0.0128921732804719,-0.007,0.00353328654573904));
#3864=CARTESIAN_POINT('',(-0.0129370671943215,-0.007,0.00355528353767602));
#3865=CARTESIAN_POINT('',(-0.0129861914050675,-0.007,0.00358058371033611));
#3866=CARTESIAN_POINT('',(-0.0130394290928945,-0.007,0.00360936384719901));
#3867=CARTESIAN_POINT('',(-0.0130966590678917,-0.007,0.00364179765519242));
#3868=CARTESIAN_POINT('',(-0.0131577545823139,-0.007,0.00367805526344461));
#3869=CARTESIAN_POINT('',(-0.0132225837858187,-0.007,0.00371830318352499));
#3870=CARTESIAN_POINT('',(-0.0132910097154214,-0.007,0.00376270414092747));
#3871=CARTESIAN_POINT('',(-0.0133628904235798,-0.007,0.00381141694577334));
#3872=CARTESIAN_POINT('',(-0.0134380790716245,-0.007,0.00386459635890509));
#3873=CARTESIAN_POINT('',(-0.0135164240388075,-0.007,0.00392239295004152));
#3874=CARTESIAN_POINT('',(-0.0135977690266003,-0.007,0.00398495301053585));
#3875=CARTESIAN_POINT('',(-0.0136819531870733,-0.007,0.00405241826417633));
#3876=CARTESIAN_POINT('',(-0.0137688111770423,-0.007,0.00412492637480506));
#3877=CARTESIAN_POINT('',(-0.0138581735140612,-0.007,0.00420260838537851));
#3878=CARTESIAN_POINT('',(-0.0139498657821858,-0.007,0.00428559802080168));
#3879=CARTESIAN_POINT('',(-0.0140437122875934,-0.007,0.00437399525960449));
#3880=CARTESIAN_POINT('',(-0.0141395225937636,-0.007,0.0044680060149258));
#3881=CARTESIAN_POINT('',(-0.0142167646225627,-0.007,0.00454665424665534));
#3882=CARTESIAN_POINT('',(-0.0142619784391206,-0.007,0.00459434836155661));
#3883=CARTESIAN_POINT('',(-0.0142747174640132,-0.007,0.00460786732910088));
#3884=CARTESIAN_POINT('',(-0.0127692321768074,-0.007,0.00347951820558183));
#3885=CARTESIAN_POINT('',(-0.0129735648827376,-0.007,0.00296113152406206));
#3886=CARTESIAN_POINT('',(-0.0130143870276868,-0.007,0.0024054246240045));
#3887=CARTESIAN_POINT('',(-0.0125366291950415,-0.007,0.00232280615334837));
#3888=CARTESIAN_POINT('',(-0.0127222143787214,-0.007,0.00235738832813753));
#3889=CARTESIAN_POINT('',(-0.0129336024324895,-0.007,0.0023967786419481));
#3890=CARTESIAN_POINT('',(-0.0129451321020486,-0.007,0.00239823452408391));
#3891=CARTESIAN_POINT('',(-0.0129598669895936,-0.007,0.00240028319835227));
#3892=CARTESIAN_POINT('',(-0.0129775638139398,-0.007,0.00240225687779117));
#3893=CARTESIAN_POINT('',(-0.0130013330057372,-0.007,0.00240449487723278));
#3894=CARTESIAN_POINT('',(-0.0130301370496778,-0.007,0.00240660083807659));
#3895=CARTESIAN_POINT('',(-0.0130643124554369,-0.007,0.00240842305588948));
#3896=CARTESIAN_POINT('',(-0.0131037535251497,-0.007,0.00240973230265229));
#3897=CARTESIAN_POINT('',(-0.0131484823431476,-0.007,0.00241032316919327));
#3898=CARTESIAN_POINT('',(-0.0131984744989953,-0.007,0.00240998330347523));
#3899=CARTESIAN_POINT('',(-0.0132537112170518,-0.007,0.00240850283179561));
#3900=CARTESIAN_POINT('',(-0.0133141639497775,-0.007,0.00240567179152453));
#3901=CARTESIAN_POINT('',(-0.0133797988774468,-0.007,0.00240128109579635));
#3902=CARTESIAN_POINT('',(-0.0134505756205496,-0.007,0.00239512246977735));
#3903=CARTESIAN_POINT('',(-0.0135264476326945,-0.007,0.00238698868400775));
#3904=CARTESIAN_POINT('',(-0.013607362118442,-0.007,0.00237667370187165));
#3905=CARTESIAN_POINT('',(-0.013693260092605,-0.007,0.00236397285166353));
#3906=CARTESIAN_POINT('',(-0.0137840764063265,-0.007,0.0023486829877713));
#3907=CARTESIAN_POINT('',(-0.0138797397837858,-0.007,0.00233060266578892));
#3908=CARTESIAN_POINT('',(-0.0139801728783137,-0.007,0.00230953226637144));
#3909=CARTESIAN_POINT('',(-0.0140852922625804,-0.007,0.00228527431149672));
#3910=CARTESIAN_POINT('',(-0.014195008697627,-0.007,0.00225763303060981));
#3911=CARTESIAN_POINT('',(-0.0143092263424538,-0.007,0.00222641682240909));
#3912=CARTESIAN_POINT('',(-0.0144278460747868,-0.007,0.00219142952867629));
#3913=CARTESIAN_POINT('',(-0.01455075297902,-0.007,0.00215250484117581));
#3914=CARTESIAN_POINT('',(-0.0146778648201396,-0.007,0.00210937461127048));
#3915=CARTESIAN_POINT('',(-0.014781581672239,-0.007,0.00207202906323893));
#3916=CARTESIAN_POINT('',(-0.014843011614264,-0.007,0.00204867569031865));
#3917=CARTESIAN_POINT('',(-0.0148603547392868,-0.007,0.00204202277718821));
#3918=CARTESIAN_POINT('',(-0.0127391827215621,-0.007,0.000525093883657614));
#3919=CARTESIAN_POINT('',(-0.0129278101550513,-0.007,0.00053267534459263));
#3920=CARTESIAN_POINT('',(-0.0131426634383896,-0.007,0.000541310895340774));
#3921=CARTESIAN_POINT('',(-0.0131542279993136,-0.007,0.000542457108048239));
#3922=CARTESIAN_POINT('',(-0.0131690493253756,-0.007,0.000543738619259282));
#3923=CARTESIAN_POINT('',(-0.0131867416383798,-0.007,0.000545752337966189));
#3924=CARTESIAN_POINT('',(-0.013210412888639,-0.007,0.000548859592601269));
#3925=CARTESIAN_POINT('',(-0.0132389633754342,-0.007,0.000553215935352042));
#3926=CARTESIAN_POINT('',(-0.0132726874140286,-0.007,0.000559044147552046));
#3927=CARTESIAN_POINT('',(-0.0133114309485903,-0.007,0.000566544190007778));
#3928=CARTESIAN_POINT('',(-0.0133551698019099,-0.007,0.000575921236080244));
#3929=CARTESIAN_POINT('',(-0.013403832922799,-0.007,0.000587376881864878));
#3930=CARTESIAN_POINT('',(-0.0134573553050688,-0.007,0.000601111561119151));
#3931=CARTESIAN_POINT('',(-0.0135156623958455,-0.007,0.00061732361984626));
#3932=CARTESIAN_POINT('',(-0.0135786746971302,-0.007,0.000636209377070699));
#3933=CARTESIAN_POINT('',(-0.0136463064963008,-0.007,0.00065796290045494));
#3934=CARTESIAN_POINT('',(-0.0137184663010882,-0.007,0.000682775866237044));
#3935=CARTESIAN_POINT('',(-0.0137950567922846,-0.007,0.000710837397174312));
#3936=CARTESIAN_POINT('',(-0.0138759749198456,-0.007,0.000742333907986352));
#3937=CARTESIAN_POINT('',(-0.0139611119641808,-0.007,0.000777448954016139));
#3938=CARTESIAN_POINT('',(-0.0140503536109057,-0.007,0.000816363068675658));
#3939=CARTESIAN_POINT('',(-0.0141435800331106,-0.007,0.000859253655183044));
#3940=CARTESIAN_POINT('',(-0.0142406659521689,-0.007,0.000906294676046795));
#3941=CARTESIAN_POINT('',(-0.0143414808034823,-0.007,0.00095765713590884));
#3942=CARTESIAN_POINT('',(-0.0144458885136842,-0.007,0.00101350650559733));
#3943=CARTESIAN_POINT('',(-0.0145537487963931,-0.007,0.00107401196845354));
#3944=CARTESIAN_POINT('',(-0.0146649126101133,-0.007,0.00113931009189035));
#3945=CARTESIAN_POINT('',(-0.0147792401129494,-0.007,0.00120964400248674));
#3946=CARTESIAN_POINT('',(-0.0148720464007976,-0.007,0.00126913239045458));
#3947=CARTESIAN_POINT('',(-0.0149267395515683,-0.007,0.00130556969363043));
#3948=CARTESIAN_POINT('',(-0.0149421674357942,-0.007,0.00131591501271642));
#3949=CARTESIAN_POINT('',(-0.0132233465071238,-0.007,0.000550857949678346));
#3950=CARTESIAN_POINT('',(-0.0133072042769845,-0.007,-1.73136422236413E-18));
#3951=CARTESIAN_POINT('',(-0.0132233465071239,-0.007,-0.000550857949678353));
#3952=CARTESIAN_POINT('',(-0.0127391827215621,-0.007,-0.000525093883657611));
#3953=CARTESIAN_POINT('',(-0.0129278101550513,-0.007,-0.000532675344592627));
#3954=CARTESIAN_POINT('',(-0.0131426634383896,-0.007,-0.00054131089534077));
#3955=CARTESIAN_POINT('',(-0.0131542279993136,-0.007,-0.000542457108048236));
#3956=CARTESIAN_POINT('',(-0.0131690493253756,-0.007,-0.000543738619259278));
#3957=CARTESIAN_POINT('',(-0.0131867416383798,-0.007,-0.000545752337966185));
#3958=CARTESIAN_POINT('',(-0.013210412888639,-0.007,-0.000548859592601266));
#3959=CARTESIAN_POINT('',(-0.0132389633754342,-0.007,-0.000553215935352039));
#3960=CARTESIAN_POINT('',(-0.0132726874140286,-0.007,-0.000559044147552043));
#3961=CARTESIAN_POINT('',(-0.0133114309485903,-0.007,-0.000566544190007775));
#3962=CARTESIAN_POINT('',(-0.0133551698019099,-0.007,-0.000575921236080241));
#3963=CARTESIAN_POINT('',(-0.013403832922799,-0.007,-0.000587376881864875));
#3964=CARTESIAN_POINT('',(-0.0134573553050688,-0.007,-0.000601111561119148));
#3965=CARTESIAN_POINT('',(-0.0135156623958455,-0.007,-0.000617323619846257));
#3966=CARTESIAN_POINT('',(-0.0135786746971302,-0.007,-0.000636209377070695));
#3967=CARTESIAN_POINT('',(-0.0136463064963008,-0.007,-0.000657962900454937));
#3968=CARTESIAN_POINT('',(-0.0137184663010882,-0.007,-0.000682775866237041));
#3969=CARTESIAN_POINT('',(-0.0137950567922846,-0.007,-0.000710837397174309));
#3970=CARTESIAN_POINT('',(-0.0138759749198456,-0.007,-0.000742333907986348));
#3971=CARTESIAN_POINT('',(-0.0139611119641808,-0.007,-0.000777448954016136));
#3972=CARTESIAN_POINT('',(-0.0140503536109057,-0.007,-0.000816363068675654));
#3973=CARTESIAN_POINT('',(-0.0141435800331106,-0.007,-0.000859253655183041));
#3974=CARTESIAN_POINT('',(-0.0142406659521689,-0.007,-0.000906294676046791));
#3975=CARTESIAN_POINT('',(-0.0143414808034823,-0.007,-0.000957657135908837));
#3976=CARTESIAN_POINT('',(-0.0144458885136842,-0.007,-0.00101350650559733));
#3977=CARTESIAN_POINT('',(-0.0145537487963931,-0.007,-0.00107401196845353));
#3978=CARTESIAN_POINT('',(-0.0146649126101133,-0.007,-0.00113931009189035));
#3979=CARTESIAN_POINT('',(-0.0147792401129494,-0.007,-0.00120964400248674));
#3980=CARTESIAN_POINT('',(-0.0148720464007976,-0.007,-0.00126913239045457));
#3981=CARTESIAN_POINT('',(-0.0149267395515683,-0.007,-0.00130556969363042));
#3982=CARTESIAN_POINT('',(-0.0149421674357942,-0.007,-0.00131591501271641));
#3983=CARTESIAN_POINT('',(-0.0125366291950415,-0.007,-0.00232280615334837));
#3984=CARTESIAN_POINT('',(-0.0127222143787214,-0.007,-0.00235738832813753));
#3985=CARTESIAN_POINT('',(-0.0129336024324895,-0.007,-0.00239677864194809));
#3986=CARTESIAN_POINT('',(-0.0129451321020486,-0.007,-0.00239823452408391));
#3987=CARTESIAN_POINT('',(-0.0129598669895936,-0.007,-0.00240028319835227));
#3988=CARTESIAN_POINT('',(-0.0129775638139398,-0.007,-0.00240225687779116));
#3989=CARTESIAN_POINT('',(-0.0130013330057372,-0.007,-0.00240449487723277));
#3990=CARTESIAN_POINT('',(-0.0130301370496778,-0.007,-0.00240660083807659));
#3991=CARTESIAN_POINT('',(-0.0130643124554369,-0.007,-0.00240842305588948));
#3992=CARTESIAN_POINT('',(-0.0131037535251497,-0.007,-0.00240973230265229));
#3993=CARTESIAN_POINT('',(-0.0131484823431476,-0.007,-0.00241032316919327));
#3994=CARTESIAN_POINT('',(-0.0131984744989953,-0.007,-0.00240998330347523));
#3995=CARTESIAN_POINT('',(-0.0132537112170518,-0.007,-0.00240850283179561));
#3996=CARTESIAN_POINT('',(-0.0133141639497775,-0.007,-0.00240567179152453));
#3997=CARTESIAN_POINT('',(-0.0133797988774468,-0.007,-0.00240128109579635));
#3998=CARTESIAN_POINT('',(-0.0134505756205496,-0.007,-0.00239512246977734));
#3999=CARTESIAN_POINT('',(-0.0135264476326945,-0.007,-0.00238698868400775));
#4000=CARTESIAN_POINT('',(-0.013607362118442,-0.007,-0.00237667370187165));
#4001=CARTESIAN_POINT('',(-0.013693260092605,-0.007,-0.00236397285166352));
#4002=CARTESIAN_POINT('',(-0.0137840764063265,-0.007,-0.0023486829877713));
#4003=CARTESIAN_POINT('',(-0.0138797397837858,-0.007,-0.00233060266578891));
#4004=CARTESIAN_POINT('',(-0.0139801728783137,-0.007,-0.00230953226637143));
#4005=CARTESIAN_POINT('',(-0.0140852922625804,-0.007,-0.00228527431149672));
#4006=CARTESIAN_POINT('',(-0.014195008697627,-0.007,-0.0022576330306098));
#4007=CARTESIAN_POINT('',(-0.0143092263424538,-0.007,-0.00222641682240909));
#4008=CARTESIAN_POINT('',(-0.0144278460747868,-0.007,-0.00219142952867629));
#4009=CARTESIAN_POINT('',(-0.01455075297902,-0.007,-0.00215250484117581));
#4010=CARTESIAN_POINT('',(-0.0146778648201396,-0.007,-0.00210937461127047));
#4011=CARTESIAN_POINT('',(-0.014781581672239,-0.007,-0.00207202906323893));
#4012=CARTESIAN_POINT('',(-0.014843011614264,-0.007,-0.00204867569031865));
#4013=CARTESIAN_POINT('',(-0.0148603547392868,-0.007,-0.00204202277718821));
#4014=CARTESIAN_POINT('',(-0.0130143870276867,-0.007,-0.00240542462400449));
#4015=CARTESIAN_POINT('',(-0.0129735648827376,-0.007,-0.00296113152406207));
#4016=CARTESIAN_POINT('',(-0.0127692321768074,-0.007,-0.00347951820558185));
#4017=CARTESIAN_POINT('',(-0.012302940432229,-0.007,-0.00334666352073589));
#4018=CARTESIAN_POINT('',(-0.0124851515483729,-0.007,-0.00339602845128638));
#4019=CARTESIAN_POINT('',(-0.0126926964205056,-0.007,-0.0034522568440198));
#4020=CARTESIAN_POINT('',(-0.0127037159774204,-0.007,-0.00345594767567922));
#4021=CARTESIAN_POINT('',(-0.0127178805388222,-0.007,-0.00346049511204642));
#4022=CARTESIAN_POINT('',(-0.0127346811740336,-0.007,-0.00346639525263461));
#4023=CARTESIAN_POINT('',(-0.0127570675074242,-0.007,-0.00347469195062421));
#4024=CARTESIAN_POINT('',(-0.0127839327964497,-0.007,-0.00348529215175355));
#4025=CARTESIAN_POINT('',(-0.0128155144037648,-0.007,-0.00349847854307024));
#4026=CARTESIAN_POINT('',(-0.0128516176405736,-0.007,-0.00351441179129834));
#4027=CARTESIAN_POINT('',(-0.0128921732804719,-0.007,-0.00353328654573904));
#4028=CARTESIAN_POINT('',(-0.0129370671943215,-0.007,-0.00355528353767602));
#4029=CARTESIAN_POINT('',(-0.0129861914050675,-0.007,-0.00358058371033611));
#4030=CARTESIAN_POINT('',(-0.0130394290928945,-0.007,-0.003609363847199));
#4031=CARTESIAN_POINT('',(-0.0130966590678917,-0.007,-0.00364179765519241));
#4032=CARTESIAN_POINT('',(-0.0131577545823139,-0.007,-0.00367805526344461));
#4033=CARTESIAN_POINT('',(-0.0132225837858187,-0.007,-0.00371830318352499));
#4034=CARTESIAN_POINT('',(-0.0132910097154214,-0.007,-0.00376270414092747));
#4035=CARTESIAN_POINT('',(-0.0133628904235798,-0.007,-0.00381141694577333));
#4036=CARTESIAN_POINT('',(-0.0134380790716245,-0.007,-0.00386459635890509));
#4037=CARTESIAN_POINT('',(-0.0135164240388075,-0.007,-0.00392239295004152));
#4038=CARTESIAN_POINT('',(-0.0135977690266003,-0.007,-0.00398495301053585));
#4039=CARTESIAN_POINT('',(-0.0136819531870733,-0.007,-0.00405241826417632));
#4040=CARTESIAN_POINT('',(-0.0137688111770423,-0.007,-0.00412492637480506));
#4041=CARTESIAN_POINT('',(-0.0138581735140612,-0.007,-0.0042026083853785));
#4042=CARTESIAN_POINT('',(-0.0139498657821858,-0.007,-0.00428559802080168));
#4043=CARTESIAN_POINT('',(-0.0140437122875934,-0.007,-0.00437399525960448));
#4044=CARTESIAN_POINT('',(-0.0141395225937636,-0.007,-0.00446800601492579));
#4045=CARTESIAN_POINT('',(-0.0142167646225627,-0.007,-0.00454665424665533));
#4046=CARTESIAN_POINT('',(-0.0142619784391206,-0.007,-0.0045943483615566));
#4047=CARTESIAN_POINT('',(-0.0142747174640132,-0.007,-0.00460786732910088));
#4048=CARTESIAN_POINT('',(-0.011705436732277,-0.007,-0.00505423099063165));
#4049=CARTESIAN_POINT('',(-0.0118786736501016,-0.007,-0.00512924270649846));
#4050=CARTESIAN_POINT('',(-0.0120759965946039,-0.007,-0.00521468369005366));
#4051=CARTESIAN_POINT('',(-0.0120869132270228,-0.007,-0.00521866866302323));
#4052=CARTESIAN_POINT('',(-0.0121008228072616,-0.007,-0.00522394479368865));
#4053=CARTESIAN_POINT('',(-0.0121176367502816,-0.007,-0.00522980690274491));
#4054=CARTESIAN_POINT('',(-0.012140311997089,-0.007,-0.00523727793362614));
#4055=CARTESIAN_POINT('',(-0.0121679252431365,-0.007,-0.00524574059639412));
#4056=CARTESIAN_POINT('',(-0.0122008383185117,-0.007,-0.00525512187060984));
#4057=CARTESIAN_POINT('',(-0.0122389991834486,-0.007,-0.00526517475549156));
#4058=CARTESIAN_POINT('',(-0.012282475076419,-0.007,-0.00527570390613038));
#4059=CARTESIAN_POINT('',(-0.0123312894517821,-0.007,-0.0052864968627652));
#4060=CARTESIAN_POINT('',(-0.0123854707059336,-0.007,-0.00529734483569216));
#4061=CARTESIAN_POINT('',(-0.0124450377281607,-0.007,-0.00530803677405769));
#4062=CARTESIAN_POINT('',(-0.0125100040728737,-0.007,-0.00531836130764352));
#4063=CARTESIAN_POINT('',(-0.0125803767184716,-0.007,-0.00532810639821453));
#4064=CARTESIAN_POINT('',(-0.0126561563984711,-0.007,-0.00533705965443968));
#4065=CARTESIAN_POINT('',(-0.0127373374885848,-0.007,-0.00534500845738066));
#4066=CARTESIAN_POINT('',(-0.0128239080262465,-0.007,-0.00535174014144002));
#4067=CARTESIAN_POINT('',(-0.0129158497001685,-0.007,-0.00535704215730582));
#4068=CARTESIAN_POINT('',(-0.0130131378471609,-0.007,-0.00536070225084161));
#4069=CARTESIAN_POINT('',(-0.0131157414792801,-0.007,-0.00536250859632317));
#4070=CARTESIAN_POINT('',(-0.0132236232038877,-0.007,-0.00536225010258729));
#4071=CARTESIAN_POINT('',(-0.0133367395824784,-0.007,-0.00535971604991911));
#4072=CARTESIAN_POINT('',(-0.0134550398122871,-0.007,-0.00535469831423291));
#4073=CARTESIAN_POINT('',(-0.0135784709055522,-0.007,-0.00534698359862549));
#4074=CARTESIAN_POINT('',(-0.0137069578349055,-0.007,-0.00533638419342794));
#4075=CARTESIAN_POINT('',(-0.0138404800958221,-0.007,-0.00532262037403727));
#4076=CARTESIAN_POINT('',(-0.0139499067161245,-0.007,-0.00530929032766174));
#4077=CARTESIAN_POINT('',(-0.0140149930956017,-0.007,-0.00530019192063047));
#4078=CARTESIAN_POINT('',(-0.0140333818047142,-0.007,-0.00529756501830008));
#4079=CARTESIAN_POINT('',(-0.0121528318393338,-0.007,-0.00524108916286124));
#4080=CARTESIAN_POINT('',(-0.011989376772381,-0.007,-0.00577377954889922));
#4081=CARTESIAN_POINT('',(-0.0116748152254757,-0.007,-0.00623370088945477));
#4082=CARTESIAN_POINT('',(-0.0112497773370187,-0.007,-0.00600041747443462));
#4083=CARTESIAN_POINT('',(-0.0114164353096064,-0.007,-0.00608909051085276));
#4084=CARTESIAN_POINT('',(-0.0116062646040128,-0.007,-0.0061900922191705));
#4085=CARTESIAN_POINT('',(-0.011616186590321,-0.007,-0.00619614259607091));
#4086=CARTESIAN_POINT('',(-0.0116289841168079,-0.007,-0.00620372793014637));
#4087=CARTESIAN_POINT('',(-0.0116440506202238,-0.007,-0.0062132186349299));
#4088=CARTESIAN_POINT('',(-0.0116640294925123,-0.007,-0.00622628874519284));
#4089=CARTESIAN_POINT('',(-0.0116878624459966,-0.007,-0.00624260126635353));
#4090=CARTESIAN_POINT('',(-0.0117157179883684,-0.007,-0.00626248461606471));
#4091=CARTESIAN_POINT('',(-0.0117473705603768,-0.007,-0.00628605211046756));
#4092=CARTESIAN_POINT('',(-0.0117827093577236,-0.007,-0.00631347811427474));
#4093=CARTESIAN_POINT('',(-0.0118215828962326,-0.007,-0.0063449134313369));
#4094=CARTESIAN_POINT('',(-0.0118638456424032,-0.007,-0.00638051044110132));
#4095=CARTESIAN_POINT('',(-0.0119093443673117,-0.007,-0.00642041549986231));
#4096=CARTESIAN_POINT('',(-0.0119579222661035,-0.007,-0.0064647709920601));
#4097=CARTESIAN_POINT('',(-0.0120094179115715,-0.007,-0.00651371457730389));
#4098=CARTESIAN_POINT('',(-0.0120636657068268,-0.007,-0.00656737925290904));
#4099=CARTESIAN_POINT('',(-0.0121204959130036,-0.007,-0.00662589318737034));
#4100=CARTESIAN_POINT('',(-0.0121797348029048,-0.007,-0.0066893796228081));
#4101=CARTESIAN_POINT('',(-0.0122412047818854,-0.007,-0.0067579567652095));
#4102=CARTESIAN_POINT('',(-0.0123047245257319,-0.007,-0.00683173767040571));
#4103=CARTESIAN_POINT('',(-0.0123701091017576,-0.007,-0.00691083018222573));
#4104=CARTESIAN_POINT('',(-0.0124371701583167,-0.007,-0.00699533667911503));
#4105=CARTESIAN_POINT('',(-0.012505715864637,-0.007,-0.00708535458107603));
#4106=CARTESIAN_POINT('',(-0.01257555182775,-0.007,-0.00718097393215244));
#4107=CARTESIAN_POINT('',(-0.0126464782480929,-0.007,-0.00728228629328795));
#4108=CARTESIAN_POINT('',(-0.0127183015895379,-0.007,-0.00738935004078844));
#4109=CARTESIAN_POINT('',(-0.012790790370222,-0.007,-0.00750232354900813));
#4110=CARTESIAN_POINT('',(-0.0128485949021132,-0.007,-0.00759618787375404));
#4111=CARTESIAN_POINT('',(-0.0128820621748998,-0.007,-0.0076527472183063));
#4112=CARTESIAN_POINT('',(-0.0128914735525575,-0.007,-0.00766876193682589));
#4113=CARTESIAN_POINT('',(-0.0102872847941089,-0.007,-0.00753221558141401));
#4114=CARTESIAN_POINT('',(-0.0104394866236441,-0.007,-0.00764389543770326));
#4115=CARTESIAN_POINT('',(-0.0106128498624945,-0.007,-0.00777110272331716));
#4116=CARTESIAN_POINT('',(-0.0106226060522397,-0.007,-0.00777741696393598));
#4117=CARTESIAN_POINT('',(-0.0106349928407379,-0.007,-0.00778565598377571));
#4118=CARTESIAN_POINT('',(-0.0106500807811198,-0.007,-0.00779511257182322));
#4119=CARTESIAN_POINT('',(-0.0106705250513787,-0.007,-0.00780744200545937));
#4120=CARTESIAN_POINT('',(-0.0106955628560734,-0.007,-0.00782183701690331));
#4121=CARTESIAN_POINT('',(-0.0107255632020322,-0.007,-0.00783830693125991));
#4122=CARTESIAN_POINT('',(-0.0107605303170794,-0.007,-0.00785659936063539));
#4123=CARTESIAN_POINT('',(-0.0108005732222094,-0.007,-0.0078765388197931));
#4124=CARTESIAN_POINT('',(-0.010845762060476,-0.007,-0.00789792339486764));
#4125=CARTESIAN_POINT('',(-0.0108961709763981,-0.007,-0.00792055584974145));
#4126=CARTESIAN_POINT('',(-0.0109518653489019,-0.007,-0.0079442346283083));
#4127=CARTESIAN_POINT('',(-0.0110129054268589,-0.007,-0.00796875667598264));
#4128=CARTESIAN_POINT('',(-0.011079345196651,-0.007,-0.00799391682361049));
#4129=CARTESIAN_POINT('',(-0.0111512326349215,-0.007,-0.00801950816817769));
#4130=CARTESIAN_POINT('',(-0.0112286095705605,-0.007,-0.00804532217002498));
#4131=CARTESIAN_POINT('',(-0.0113115116634755,-0.007,-0.00807114883360403));
#4132=CARTESIAN_POINT('',(-0.0113999683581525,-0.007,-0.00809677686401306));
#4133=CARTESIAN_POINT('',(-0.0114940028407478,-0.007,-0.00812199384069392));
#4134=CARTESIAN_POINT('',(-0.0115936320359085,-0.007,-0.00814658635336942));
#4135=CARTESIAN_POINT('',(-0.0116988664607103,-0.007,-0.00817034028272768));
#4136=CARTESIAN_POINT('',(-0.0118097106552897,-0.007,-0.00819304052626031));
#4137=CARTESIAN_POINT('',(-0.011926161402579,-0.007,-0.00821447287330815));
#4138=CARTESIAN_POINT('',(-0.0120482145063564,-0.007,-0.00823441758388051));
#4139=CARTESIAN_POINT('',(-0.0121758385896774,-0.007,-0.00825267495942178));
#4140=CARTESIAN_POINT('',(-0.0123090759066883,-0.007,-0.00826896772592272));
#4141=CARTESIAN_POINT('',(-0.0124187251875259,-0.007,-0.00828032160538991));
#4142=CARTESIAN_POINT('',(-0.0124842043016112,-0.007,-0.00828593439636782));
#4143=CARTESIAN_POINT('',(-0.012502716508154,-0.007,-0.00828746522868932));
#4144=CARTESIAN_POINT('',(-0.0106818829167503,-0.007,-0.0078139436062097));
#4145=CARTESIAN_POINT('',(-0.0104039912473797,-0.007,-0.00829690615795079));
#4146=CARTESIAN_POINT('',(-0.00999497428895585,-0.007,-0.00867529978106238));
#4147=CARTESIAN_POINT('',(-0.00963250343115106,-0.007,-0.00835328544040386));
#4148=CARTESIAN_POINT('',(-0.00977525133353395,-0.007,-0.00847682014637731));
#4149=CARTESIAN_POINT('',(-0.00993784621673449,-0.007,-0.0086175305228779));
#4150=CARTESIAN_POINT('',(-0.00994617310261197,-0.007,-0.00862563705385733));
#4151=CARTESIAN_POINT('',(-0.00995696187276809,-0.007,-0.00863587992531692));
#4152=CARTESIAN_POINT('',(-0.00996953874699487,-0.007,-0.00864848529072821));
#4153=CARTESIAN_POINT('',(-0.0099861083341002,-0.007,-0.00866567342335987));
#4154=CARTESIAN_POINT('',(-0.010005713868238,-0.007,-0.00868688028662576));
#4155=CARTESIAN_POINT('',(-0.0100284465524572,-0.007,-0.00871246356055129));
#4156=CARTESIAN_POINT('',(-0.010054061267535,-0.007,-0.00874248352855024));
#4157=CARTESIAN_POINT('',(-0.0100824111874696,-0.007,-0.00877708552737198));
#4158=CARTESIAN_POINT('',(-0.0101133150690954,-0.007,-0.00881638287149937));
#4159=CARTESIAN_POINT('',(-0.0101465971201237,-0.007,-0.00886049173565836));
#4160=CARTESIAN_POINT('',(-0.0101820753860606,-0.007,-0.00890952071004216));
#4161=CARTESIAN_POINT('',(-0.0102195653099579,-0.007,-0.00896357371685313));
#4162=CARTESIAN_POINT('',(-0.0102588788797809,-0.007,-0.00902274904335379));
#4163=CARTESIAN_POINT('',(-0.0102998250558134,-0.007,-0.00908713950356469));
#4164=CARTESIAN_POINT('',(-0.0103422098347245,-0.007,-0.00915683228207799));
#4165=CARTESIAN_POINT('',(-0.0103858364210686,-0.007,-0.00923190887313853));
#4166=CARTESIAN_POINT('',(-0.0104305053695628,-0.007,-0.00931244500053637));
#4167=CARTESIAN_POINT('',(-0.0104760147448811,-0.007,-0.0093985105371236));
#4168=CARTESIAN_POINT('',(-0.0105221602534756,-0.007,-0.00949016947146508));
#4169=CARTESIAN_POINT('',(-0.0105687354847222,-0.007,-0.00958747970298078));
#4170=CARTESIAN_POINT('',(-0.0106155317394569,-0.007,-0.00969049352278769));
#4171=CARTESIAN_POINT('',(-0.0106623394618642,-0.007,-0.00979925546083246));
#4172=CARTESIAN_POINT('',(-0.0107089434875463,-0.007,-0.00991381032284938));
#4173=CARTESIAN_POINT('',(-0.0107551421427806,-0.007,-0.0100341719556886));
#4174=CARTESIAN_POINT('',(-0.0108006745078282,-0.007,-0.0101604432533683));
#4175=CARTESIAN_POINT('',(-0.0108361429822119,-0.007,-0.0102648169219445));
#4176=CARTESIAN_POINT('',(-0.0108561855224224,-0.007,-0.0103274053744406));
#4177=CARTESIAN_POINT('',(-0.010861797327071,-0.007,-0.0103451127990773));
#4178=CARTESIAN_POINT('',(-0.00835328544040386,-0.007,-0.00963250343115106));
#4179=CARTESIAN_POINT('',(-0.00847682014637731,-0.007,-0.00977525133353395));
#4180=CARTESIAN_POINT('',(-0.0086175305228779,-0.007,-0.00993784621673449));
#4181=CARTESIAN_POINT('',(-0.00862563705385733,-0.007,-0.00994617310261197));
#4182=CARTESIAN_POINT('',(-0.00863587992531691,-0.007,-0.00995696187276809));
#4183=CARTESIAN_POINT('',(-0.00864848529072821,-0.007,-0.00996953874699487));
#4184=CARTESIAN_POINT('',(-0.00866567342335987,-0.007,-0.0099861083341002));
#4185=CARTESIAN_POINT('',(-0.00868688028662576,-0.007,-0.010005713868238));
#4186=CARTESIAN_POINT('',(-0.00871246356055128,-0.007,-0.0100284465524572));
#4187=CARTESIAN_POINT('',(-0.00874248352855024,-0.007,-0.010054061267535));
#4188=CARTESIAN_POINT('',(-0.00877708552737197,-0.007,-0.0100824111874696));
#4189=CARTESIAN_POINT('',(-0.00881638287149937,-0.007,-0.0101133150690954));
#4190=CARTESIAN_POINT('',(-0.00886049173565836,-0.007,-0.0101465971201237));
#4191=CARTESIAN_POINT('',(-0.00890952071004215,-0.007,-0.0101820753860606));
#4192=CARTESIAN_POINT('',(-0.00896357371685313,-0.007,-0.0102195653099579));
#4193=CARTESIAN_POINT('',(-0.00902274904335378,-0.007,-0.0102588788797809));
#4194=CARTESIAN_POINT('',(-0.00908713950356469,-0.007,-0.0102998250558134));
#4195=CARTESIAN_POINT('',(-0.00915683228207799,-0.007,-0.0103422098347245));
#4196=CARTESIAN_POINT('',(-0.00923190887313853,-0.007,-0.0103858364210686));
#4197=CARTESIAN_POINT('',(-0.00931244500053637,-0.007,-0.0104305053695628));
#4198=CARTESIAN_POINT('',(-0.00939851053712359,-0.007,-0.0104760147448811));
#4199=CARTESIAN_POINT('',(-0.00949016947146508,-0.007,-0.0105221602534756));
#4200=CARTESIAN_POINT('',(-0.00958747970298077,-0.007,-0.0105687354847222));
#4201=CARTESIAN_POINT('',(-0.00969049352278769,-0.007,-0.0106155317394569));
#4202=CARTESIAN_POINT('',(-0.00979925546083246,-0.007,-0.0106623394618642));
#4203=CARTESIAN_POINT('',(-0.00991381032284938,-0.007,-0.0107089434875463));
#4204=CARTESIAN_POINT('',(-0.0100341719556886,-0.007,-0.0107551421427806));
#4205=CARTESIAN_POINT('',(-0.0101604432533683,-0.007,-0.0108006745078282));
#4206=CARTESIAN_POINT('',(-0.0102648169219445,-0.007,-0.0108361429822119));
#4207=CARTESIAN_POINT('',(-0.0103274053744406,-0.007,-0.0108561855224224));
#4208=CARTESIAN_POINT('',(-0.0103451127990773,-0.007,-0.010861797327071));
#4209=CARTESIAN_POINT('',(-0.00867529978106233,-0.007,-0.00999497428895581));
#4210=CARTESIAN_POINT('',(-0.00829690615795078,-0.007,-0.0104039912473797));
#4211=CARTESIAN_POINT('',(-0.00781394360620973,-0.007,-0.0106818829167504));
#4212=CARTESIAN_POINT('',(-0.00753221558141401,-0.007,-0.0102872847941089));
#4213=CARTESIAN_POINT('',(-0.00764389543770326,-0.007,-0.0104394866236441));
#4214=CARTESIAN_POINT('',(-0.00777110272331716,-0.007,-0.0106128498624945));
#4215=CARTESIAN_POINT('',(-0.00777741696393598,-0.007,-0.0106226060522397));
#4216=CARTESIAN_POINT('',(-0.00778565598377571,-0.007,-0.0106349928407379));
#4217=CARTESIAN_POINT('',(-0.00779511257182322,-0.007,-0.0106500807811198));
#4218=CARTESIAN_POINT('',(-0.00780744200545937,-0.007,-0.0106705250513787));
#4219=CARTESIAN_POINT('',(-0.00782183701690331,-0.007,-0.0106955628560734));
#4220=CARTESIAN_POINT('',(-0.0078383069312599,-0.007,-0.0107255632020322));
#4221=CARTESIAN_POINT('',(-0.00785659936063538,-0.007,-0.0107605303170794));
#4222=CARTESIAN_POINT('',(-0.0078765388197931,-0.007,-0.0108005732222094));
#4223=CARTESIAN_POINT('',(-0.00789792339486764,-0.007,-0.010845762060476));
#4224=CARTESIAN_POINT('',(-0.00792055584974144,-0.007,-0.0108961709763981));
#4225=CARTESIAN_POINT('',(-0.00794423462830829,-0.007,-0.0109518653489019));
#4226=CARTESIAN_POINT('',(-0.00796875667598264,-0.007,-0.0110129054268589));
#4227=CARTESIAN_POINT('',(-0.00799391682361049,-0.007,-0.011079345196651));
#4228=CARTESIAN_POINT('',(-0.00801950816817769,-0.007,-0.0111512326349215));
#4229=CARTESIAN_POINT('',(-0.00804532217002498,-0.007,-0.0112286095705605));
#4230=CARTESIAN_POINT('',(-0.00807114883360402,-0.007,-0.0113115116634755));
#4231=CARTESIAN_POINT('',(-0.00809677686401305,-0.007,-0.0113999683581525));
#4232=CARTESIAN_POINT('',(-0.00812199384069392,-0.007,-0.0114940028407478));
#4233=CARTESIAN_POINT('',(-0.00814658635336941,-0.007,-0.0115936320359085));
#4234=CARTESIAN_POINT('',(-0.00817034028272768,-0.007,-0.0116988664607103));
#4235=CARTESIAN_POINT('',(-0.00819304052626031,-0.007,-0.0118097106552897));
#4236=CARTESIAN_POINT('',(-0.00821447287330815,-0.007,-0.011926161402579));
#4237=CARTESIAN_POINT('',(-0.00823441758388051,-0.007,-0.0120482145063564));
#4238=CARTESIAN_POINT('',(-0.00825267495942177,-0.007,-0.0121758385896774));
#4239=CARTESIAN_POINT('',(-0.00826896772592272,-0.007,-0.0123090759066883));
#4240=CARTESIAN_POINT('',(-0.00828032160538991,-0.007,-0.0124187251875259));
#4241=CARTESIAN_POINT('',(-0.00828593439636782,-0.007,-0.0124842043016112));
#4242=CARTESIAN_POINT('',(-0.00828746522868932,-0.007,-0.012502716508154));
#4243=CARTESIAN_POINT('',(-0.00600041747443461,-0.007,-0.0112497773370187));
#4244=CARTESIAN_POINT('',(-0.00608909051085276,-0.007,-0.0114164353096064));
#4245=CARTESIAN_POINT('',(-0.0061900922191705,-0.007,-0.0116062646040128));
#4246=CARTESIAN_POINT('',(-0.0061961425960709,-0.007,-0.011616186590321));
#4247=CARTESIAN_POINT('',(-0.00620372793014636,-0.007,-0.0116289841168079));
#4248=CARTESIAN_POINT('',(-0.00621321863492989,-0.007,-0.0116440506202238));
#4249=CARTESIAN_POINT('',(-0.00622628874519283,-0.007,-0.0116640294925123));
#4250=CARTESIAN_POINT('',(-0.00624260126635352,-0.007,-0.0116878624459966));
#4251=CARTESIAN_POINT('',(-0.00626248461606471,-0.007,-0.0117157179883684));
#4252=CARTESIAN_POINT('',(-0.00628605211046756,-0.007,-0.0117473705603768));
#4253=CARTESIAN_POINT('',(-0.00631347811427473,-0.007,-0.0117827093577236));
#4254=CARTESIAN_POINT('',(-0.00634491343133689,-0.007,-0.0118215828962326));
#4255=CARTESIAN_POINT('',(-0.00638051044110131,-0.007,-0.0118638456424032));
#4256=CARTESIAN_POINT('',(-0.0064204154998623,-0.007,-0.0119093443673117));
#4257=CARTESIAN_POINT('',(-0.00646477099206009,-0.007,-0.0119579222661035));
#4258=CARTESIAN_POINT('',(-0.00651371457730388,-0.007,-0.0120094179115715));
#4259=CARTESIAN_POINT('',(-0.00656737925290903,-0.007,-0.0120636657068268));
#4260=CARTESIAN_POINT('',(-0.00662589318737033,-0.007,-0.0121204959130036));
#4261=CARTESIAN_POINT('',(-0.00668937962280809,-0.007,-0.0121797348029048));
#4262=CARTESIAN_POINT('',(-0.00675795676520949,-0.007,-0.0122412047818854));
#4263=CARTESIAN_POINT('',(-0.0068317376704057,-0.007,-0.0123047245257319));
#4264=CARTESIAN_POINT('',(-0.00691083018222572,-0.007,-0.0123701091017576));
#4265=CARTESIAN_POINT('',(-0.00699533667911502,-0.007,-0.0124371701583167));
#4266=CARTESIAN_POINT('',(-0.00708535458107602,-0.007,-0.012505715864637));
#4267=CARTESIAN_POINT('',(-0.00718097393215243,-0.007,-0.0125755518277501));
#4268=CARTESIAN_POINT('',(-0.00728228629328794,-0.007,-0.0126464782480929));
#4269=CARTESIAN_POINT('',(-0.00738935004078843,-0.007,-0.0127183015895379));
#4270=CARTESIAN_POINT('',(-0.00750232354900812,-0.007,-0.012790790370222));
#4271=CARTESIAN_POINT('',(-0.00759618787375403,-0.007,-0.0128485949021132));
#4272=CARTESIAN_POINT('',(-0.00765274721830629,-0.007,-0.0128820621748998));
#4273=CARTESIAN_POINT('',(-0.00766876193682588,-0.007,-0.0128914735525575));
#4274=CARTESIAN_POINT('',(-0.00623370088945473,-0.007,-0.0116748152254757));
#4275=CARTESIAN_POINT('',(-0.0057737795488992,-0.007,-0.011989376772381));
#4276=CARTESIAN_POINT('',(-0.00524108916286125,-0.007,-0.0121528318393339));
#4277=CARTESIAN_POINT('',(-0.00505423099063164,-0.007,-0.011705436732277));
#4278=CARTESIAN_POINT('',(-0.00512924270649845,-0.007,-0.0118786736501016));
#4279=CARTESIAN_POINT('',(-0.00521468369005365,-0.007,-0.0120759965946039));
#4280=CARTESIAN_POINT('',(-0.00521866866302322,-0.007,-0.0120869132270228));
#4281=CARTESIAN_POINT('',(-0.00522394479368865,-0.007,-0.0121008228072616));
#4282=CARTESIAN_POINT('',(-0.0052298069027449,-0.007,-0.0121176367502816));
#4283=CARTESIAN_POINT('',(-0.00523727793362613,-0.007,-0.012140311997089));
#4284=CARTESIAN_POINT('',(-0.00524574059639411,-0.007,-0.0121679252431365));
#4285=CARTESIAN_POINT('',(-0.00525512187060983,-0.007,-0.0122008383185117));
#4286=CARTESIAN_POINT('',(-0.00526517475549156,-0.007,-0.0122389991834486));
#4287=CARTESIAN_POINT('',(-0.00527570390613037,-0.007,-0.012282475076419));
#4288=CARTESIAN_POINT('',(-0.00528649686276519,-0.007,-0.0123312894517821));
#4289=CARTESIAN_POINT('',(-0.00529734483569215,-0.007,-0.0123854707059336));
#4290=CARTESIAN_POINT('',(-0.00530803677405769,-0.007,-0.0124450377281607));
#4291=CARTESIAN_POINT('',(-0.00531836130764351,-0.007,-0.0125100040728737));
#4292=CARTESIAN_POINT('',(-0.00532810639821453,-0.007,-0.0125803767184716));
#4293=CARTESIAN_POINT('',(-0.00533705965443967,-0.007,-0.0126561563984711));
#4294=CARTESIAN_POINT('',(-0.00534500845738065,-0.007,-0.0127373374885848));
#4295=CARTESIAN_POINT('',(-0.00535174014144001,-0.007,-0.0128239080262465));
#4296=CARTESIAN_POINT('',(-0.00535704215730581,-0.007,-0.0129158497001685));
#4297=CARTESIAN_POINT('',(-0.0053607022508416,-0.007,-0.0130131378471609));
#4298=CARTESIAN_POINT('',(-0.00536250859632316,-0.007,-0.0131157414792801));
#4299=CARTESIAN_POINT('',(-0.00536225010258728,-0.007,-0.0132236232038877));
#4300=CARTESIAN_POINT('',(-0.0053597160499191,-0.007,-0.0133367395824784));
#4301=CARTESIAN_POINT('',(-0.0053546983142329,-0.007,-0.0134550398122871));
#4302=CARTESIAN_POINT('',(-0.00534698359862548,-0.007,-0.0135784709055522));
#4303=CARTESIAN_POINT('',(-0.00533638419342793,-0.007,-0.0137069578349055));
#4304=CARTESIAN_POINT('',(-0.00532262037403726,-0.007,-0.0138404800958221));
#4305=CARTESIAN_POINT('',(-0.00530929032766173,-0.007,-0.0139499067161245));
#4306=CARTESIAN_POINT('',(-0.00530019192063046,-0.007,-0.0140149930956017));
#4307=CARTESIAN_POINT('',(-0.00529756501830007,-0.007,-0.0140333818047142));
#4308=CARTESIAN_POINT('',(-0.00334666352073588,-0.007,-0.012302940432229));
#4309=CARTESIAN_POINT('',(-0.00339602845128637,-0.007,-0.0124851515483729));
#4310=CARTESIAN_POINT('',(-0.00345225684401979,-0.007,-0.0126926964205056));
#4311=CARTESIAN_POINT('',(-0.00345594767567921,-0.007,-0.0127037159774204));
#4312=CARTESIAN_POINT('',(-0.00346049511204642,-0.007,-0.0127178805388222));
#4313=CARTESIAN_POINT('',(-0.0034663952526346,-0.007,-0.0127346811740336));
#4314=CARTESIAN_POINT('',(-0.00347469195062421,-0.007,-0.0127570675074242));
#4315=CARTESIAN_POINT('',(-0.00348529215175354,-0.007,-0.0127839327964497));
#4316=CARTESIAN_POINT('',(-0.00349847854307024,-0.007,-0.0128155144037648));
#4317=CARTESIAN_POINT('',(-0.00351441179129833,-0.007,-0.0128516176405736));
#4318=CARTESIAN_POINT('',(-0.00353328654573903,-0.007,-0.0128921732804719));
#4319=CARTESIAN_POINT('',(-0.00355528353767601,-0.007,-0.0129370671943215));
#4320=CARTESIAN_POINT('',(-0.0035805837103361,-0.007,-0.0129861914050675));
#4321=CARTESIAN_POINT('',(-0.003609363847199,-0.007,-0.0130394290928945));
#4322=CARTESIAN_POINT('',(-0.0036417976551924,-0.007,-0.0130966590678917));
#4323=CARTESIAN_POINT('',(-0.0036780552634446,-0.007,-0.013157754582314));
#4324=CARTESIAN_POINT('',(-0.00371830318352498,-0.007,-0.0132225837858187));
#4325=CARTESIAN_POINT('',(-0.00376270414092746,-0.007,-0.0132910097154214));
#4326=CARTESIAN_POINT('',(-0.00381141694577333,-0.007,-0.0133628904235798));
#4327=CARTESIAN_POINT('',(-0.00386459635890508,-0.007,-0.0134380790716245));
#4328=CARTESIAN_POINT('',(-0.00392239295004151,-0.007,-0.0135164240388075));
#4329=CARTESIAN_POINT('',(-0.00398495301053584,-0.007,-0.0135977690266003));
#4330=CARTESIAN_POINT('',(-0.00405241826417631,-0.007,-0.0136819531870733));
#4331=CARTESIAN_POINT('',(-0.00412492637480505,-0.007,-0.0137688111770423));
#4332=CARTESIAN_POINT('',(-0.00420260838537849,-0.007,-0.0138581735140612));
#4333=CARTESIAN_POINT('',(-0.00428559802080167,-0.007,-0.0139498657821858));
#4334=CARTESIAN_POINT('',(-0.00437399525960448,-0.007,-0.0140437122875934));
#4335=CARTESIAN_POINT('',(-0.00446800601492578,-0.007,-0.0141395225937636));
#4336=CARTESIAN_POINT('',(-0.00454665424665533,-0.007,-0.0142167646225627));
#4337=CARTESIAN_POINT('',(-0.00459434836155659,-0.007,-0.0142619784391206));
#4338=CARTESIAN_POINT('',(-0.00460786732910087,-0.007,-0.0142747174640132));
#4339=CARTESIAN_POINT('',(-0.00347951820558182,-0.007,-0.0127692321768074));
#4340=CARTESIAN_POINT('',(-0.00296113152406205,-0.007,-0.0129735648827376));
#4341=CARTESIAN_POINT('',(-0.00240542462400449,-0.007,-0.0130143870276868));
#4342=CARTESIAN_POINT('',(-0.00232280615334836,-0.007,-0.0125366291950415));
#4343=CARTESIAN_POINT('',(-0.00235738832813752,-0.007,-0.0127222143787214));
#4344=CARTESIAN_POINT('',(-0.00239677864194809,-0.007,-0.0129336024324895));
#4345=CARTESIAN_POINT('',(-0.0023982345240839,-0.007,-0.0129451321020486));
#4346=CARTESIAN_POINT('',(-0.00240028319835226,-0.007,-0.0129598669895936));
#4347=CARTESIAN_POINT('',(-0.00240225687779115,-0.007,-0.0129775638139398));
#4348=CARTESIAN_POINT('',(-0.00240449487723277,-0.007,-0.0130013330057372));
#4349=CARTESIAN_POINT('',(-0.00240660083807658,-0.007,-0.0130301370496778));
#4350=CARTESIAN_POINT('',(-0.00240842305588947,-0.007,-0.0130643124554369));
#4351=CARTESIAN_POINT('',(-0.00240973230265228,-0.007,-0.0131037535251498));
#4352=CARTESIAN_POINT('',(-0.00241032316919326,-0.007,-0.0131484823431476));
#4353=CARTESIAN_POINT('',(-0.00240998330347522,-0.007,-0.0131984744989953));
#4354=CARTESIAN_POINT('',(-0.0024085028317956,-0.007,-0.0132537112170518));
#4355=CARTESIAN_POINT('',(-0.00240567179152452,-0.007,-0.0133141639497775));
#4356=CARTESIAN_POINT('',(-0.00240128109579634,-0.007,-0.0133797988774468));
#4357=CARTESIAN_POINT('',(-0.00239512246977734,-0.007,-0.0134505756205496));
#4358=CARTESIAN_POINT('',(-0.00238698868400775,-0.007,-0.0135264476326945));
#4359=CARTESIAN_POINT('',(-0.00237667370187164,-0.007,-0.013607362118442));
#4360=CARTESIAN_POINT('',(-0.00236397285166351,-0.007,-0.013693260092605));
#4361=CARTESIAN_POINT('',(-0.00234868298777129,-0.007,-0.0137840764063265));
#4362=CARTESIAN_POINT('',(-0.00233060266578891,-0.007,-0.0138797397837858));
#4363=CARTESIAN_POINT('',(-0.00230953226637143,-0.007,-0.0139801728783137));
#4364=CARTESIAN_POINT('',(-0.00228527431149671,-0.007,-0.0140852922625804));
#4365=CARTESIAN_POINT('',(-0.00225763303060979,-0.007,-0.014195008697627));
#4366=CARTESIAN_POINT('',(-0.00222641682240909,-0.007,-0.0143092263424538));
#4367=CARTESIAN_POINT('',(-0.00219142952867628,-0.007,-0.0144278460747868));
#4368=CARTESIAN_POINT('',(-0.0021525048411758,-0.007,-0.01455075297902));
#4369=CARTESIAN_POINT('',(-0.00210937461127046,-0.007,-0.0146778648201396));
#4370=CARTESIAN_POINT('',(-0.00207202906323891,-0.007,-0.014781581672239));
#4371=CARTESIAN_POINT('',(-0.00204867569031864,-0.007,-0.014843011614264));
#4372=CARTESIAN_POINT('',(-0.0020420227771882,-0.007,-0.0148603547392868));
#4373=CARTESIAN_POINT('',(-0.000525093883657615,-0.007,-0.0127391827215621));
#4374=CARTESIAN_POINT('',(-0.000532675344592631,-0.007,-0.0129278101550513));
#4375=CARTESIAN_POINT('',(-0.000541310895340774,-0.007,-0.0131426634383896));
#4376=CARTESIAN_POINT('',(-0.00054245710804824,-0.007,-0.0131542279993136));
#4377=CARTESIAN_POINT('',(-0.000543738619259282,-0.007,-0.0131690493253756));
#4378=CARTESIAN_POINT('',(-0.000545752337966189,-0.007,-0.0131867416383798));
#4379=CARTESIAN_POINT('',(-0.00054885959260127,-0.007,-0.013210412888639));
#4380=CARTESIAN_POINT('',(-0.000553215935352043,-0.007,-0.0132389633754342));
#4381=CARTESIAN_POINT('',(-0.000559044147552047,-0.007,-0.0132726874140286));
#4382=CARTESIAN_POINT('',(-0.000566544190007779,-0.007,-0.0133114309485903));
#4383=CARTESIAN_POINT('',(-0.000575921236080245,-0.007,-0.0133551698019099));
#4384=CARTESIAN_POINT('',(-0.000587376881864879,-0.007,-0.013403832922799));
#4385=CARTESIAN_POINT('',(-0.000601111561119152,-0.007,-0.0134573553050688));
#4386=CARTESIAN_POINT('',(-0.000617323619846261,-0.007,-0.0135156623958455));
#4387=CARTESIAN_POINT('',(-0.0006362093770707,-0.007,-0.0135786746971302));
#4388=CARTESIAN_POINT('',(-0.000657962900454941,-0.007,-0.0136463064963008));
#4389=CARTESIAN_POINT('',(-0.000682775866237045,-0.007,-0.0137184663010882));
#4390=CARTESIAN_POINT('',(-0.000710837397174313,-0.007,-0.0137950567922846));
#4391=CARTESIAN_POINT('',(-0.000742333907986352,-0.007,-0.0138759749198456));
#4392=CARTESIAN_POINT('',(-0.00077744895401614,-0.007,-0.0139611119641808));
#4393=CARTESIAN_POINT('',(-0.000816363068675658,-0.007,-0.0140503536109057));
#4394=CARTESIAN_POINT('',(-0.000859253655183045,-0.007,-0.0141435800331106));
#4395=CARTESIAN_POINT('',(-0.000906294676046796,-0.007,-0.0142406659521689));
#4396=CARTESIAN_POINT('',(-0.000957657135908841,-0.007,-0.0143414808034823));
#4397=CARTESIAN_POINT('',(-0.00101350650559734,-0.007,-0.0144458885136842));
#4398=CARTESIAN_POINT('',(-0.00107401196845354,-0.007,-0.0145537487963931));
#4399=CARTESIAN_POINT('',(-0.00113931009189035,-0.007,-0.0146649126101133));
#4400=CARTESIAN_POINT('',(-0.00120964400248674,-0.007,-0.0147792401129494));
#4401=CARTESIAN_POINT('',(-0.00126913239045458,-0.007,-0.0148720464007976));
#4402=CARTESIAN_POINT('',(-0.00130556969363043,-0.007,-0.0149267395515683));
#4403=CARTESIAN_POINT('',(-0.00131591501271642,-0.007,-0.0149421674357942));
#4404=CARTESIAN_POINT('',(-0.000550857949678347,-0.007,-0.0132233465071238));
#4405=CARTESIAN_POINT('',(9.16532966193673E-19,-0.007,-0.0133072042769845));
#4406=CARTESIAN_POINT('',(0.000550857949678352,-0.007,-0.0132233465071239));
#4407=CARTESIAN_POINT('',(0.00052509388365761,-0.007,-0.0127391827215621));
#4408=CARTESIAN_POINT('',(0.000532675344592626,-0.007,-0.0129278101550513));
#4409=CARTESIAN_POINT('',(0.000541310895340769,-0.007,-0.0131426634383896));
#4410=CARTESIAN_POINT('',(0.000542457108048235,-0.007,-0.0131542279993136));
#4411=CARTESIAN_POINT('',(0.000543738619259278,-0.007,-0.0131690493253756));
#4412=CARTESIAN_POINT('',(0.000545752337966185,-0.007,-0.0131867416383798));
#4413=CARTESIAN_POINT('',(0.000548859592601265,-0.007,-0.013210412888639));
#4414=CARTESIAN_POINT('',(0.000553215935352038,-0.007,-0.0132389633754342));
#4415=CARTESIAN_POINT('',(0.000559044147552042,-0.007,-0.0132726874140286));
#4416=CARTESIAN_POINT('',(0.000566544190007774,-0.007,-0.0133114309485903));
#4417=CARTESIAN_POINT('',(0.00057592123608024,-0.007,-0.0133551698019099));
#4418=CARTESIAN_POINT('',(0.000587376881864874,-0.007,-0.013403832922799));
#4419=CARTESIAN_POINT('',(0.000601111561119147,-0.007,-0.0134573553050688));
#4420=CARTESIAN_POINT('',(0.000617323619846256,-0.007,-0.0135156623958455));
#4421=CARTESIAN_POINT('',(0.000636209377070695,-0.007,-0.0135786746971302));
#4422=CARTESIAN_POINT('',(0.000657962900454936,-0.007,-0.0136463064963008));
#4423=CARTESIAN_POINT('',(0.00068277586623704,-0.007,-0.0137184663010882));
#4424=CARTESIAN_POINT('',(0.000710837397174308,-0.007,-0.0137950567922846));
#4425=CARTESIAN_POINT('',(0.000742333907986347,-0.007,-0.0138759749198456));
#4426=CARTESIAN_POINT('',(0.000777448954016135,-0.007,-0.0139611119641808));
#4427=CARTESIAN_POINT('',(0.000816363068675653,-0.007,-0.0140503536109057));
#4428=CARTESIAN_POINT('',(0.00085925365518304,-0.007,-0.0141435800331106));
#4429=CARTESIAN_POINT('',(0.00090629467604679,-0.007,-0.0142406659521689));
#4430=CARTESIAN_POINT('',(0.000957657135908836,-0.007,-0.0143414808034823));
#4431=CARTESIAN_POINT('',(0.00101350650559733,-0.007,-0.0144458885136842));
#4432=CARTESIAN_POINT('',(0.00107401196845353,-0.007,-0.0145537487963931));
#4433=CARTESIAN_POINT('',(0.00113931009189035,-0.007,-0.0146649126101133));
#4434=CARTESIAN_POINT('',(0.00120964400248674,-0.007,-0.0147792401129494));
#4435=CARTESIAN_POINT('',(0.00126913239045457,-0.007,-0.0148720464007976));
#4436=CARTESIAN_POINT('',(0.00130556969363042,-0.007,-0.0149267395515683));
#4437=CARTESIAN_POINT('',(0.00131591501271641,-0.007,-0.0149421674357942));
#4438=CARTESIAN_POINT('',(0.00232280615334838,-0.007,-0.0125366291950415));
#4439=CARTESIAN_POINT('',(0.00235738832813754,-0.007,-0.0127222143787214));
#4440=CARTESIAN_POINT('',(0.0023967786419481,-0.007,-0.0129336024324895));
#4441=CARTESIAN_POINT('',(0.00239823452408392,-0.007,-0.0129451321020486));
#4442=CARTESIAN_POINT('',(0.00240028319835228,-0.007,-0.0129598669895936));
#4443=CARTESIAN_POINT('',(0.00240225687779117,-0.007,-0.0129775638139398));
#4444=CARTESIAN_POINT('',(0.00240449487723278,-0.007,-0.0130013330057372));
#4445=CARTESIAN_POINT('',(0.0024066008380766,-0.007,-0.0130301370496778));
#4446=CARTESIAN_POINT('',(0.00240842305588949,-0.007,-0.0130643124554369));
#4447=CARTESIAN_POINT('',(0.0024097323026523,-0.007,-0.0131037535251497));
#4448=CARTESIAN_POINT('',(0.00241032316919328,-0.007,-0.0131484823431476));
#4449=CARTESIAN_POINT('',(0.00240998330347524,-0.007,-0.0131984744989953));
#4450=CARTESIAN_POINT('',(0.00240850283179562,-0.007,-0.0132537112170518));
#4451=CARTESIAN_POINT('',(0.00240567179152454,-0.007,-0.0133141639497775));
#4452=CARTESIAN_POINT('',(0.00240128109579636,-0.007,-0.0133797988774468));
#4453=CARTESIAN_POINT('',(0.00239512246977736,-0.007,-0.0134505756205496));
#4454=CARTESIAN_POINT('',(0.00238698868400776,-0.007,-0.0135264476326945));
#4455=CARTESIAN_POINT('',(0.00237667370187166,-0.007,-0.013607362118442));
#4456=CARTESIAN_POINT('',(0.00236397285166354,-0.007,-0.013693260092605));
#4457=CARTESIAN_POINT('',(0.00234868298777131,-0.007,-0.0137840764063265));
#4458=CARTESIAN_POINT('',(0.00233060266578893,-0.007,-0.0138797397837858));
#4459=CARTESIAN_POINT('',(0.00230953226637145,-0.007,-0.0139801728783137));
#4460=CARTESIAN_POINT('',(0.00228527431149673,-0.007,-0.0140852922625804));
#4461=CARTESIAN_POINT('',(0.00225763303060981,-0.007,-0.014195008697627));
#4462=CARTESIAN_POINT('',(0.0022264168224091,-0.007,-0.0143092263424538));
#4463=CARTESIAN_POINT('',(0.0021914295286763,-0.007,-0.0144278460747868));
#4464=CARTESIAN_POINT('',(0.00215250484117582,-0.007,-0.01455075297902));
#4465=CARTESIAN_POINT('',(0.00210937461127048,-0.007,-0.0146778648201396));
#4466=CARTESIAN_POINT('',(0.00207202906323894,-0.007,-0.014781581672239));
#4467=CARTESIAN_POINT('',(0.00204867569031866,-0.007,-0.014843011614264));
#4468=CARTESIAN_POINT('',(0.00204202277718822,-0.007,-0.0148603547392868));
#4469=CARTESIAN_POINT('',(0.0024054246240045,-0.007,-0.0130143870276867));
#4470=CARTESIAN_POINT('',(0.00296113152406208,-0.007,-0.0129735648827376));
#4471=CARTESIAN_POINT('',(0.00347951820558186,-0.007,-0.0127692321768074));
#4472=CARTESIAN_POINT('',(0.0033466635207359,-0.007,-0.012302940432229));
#4473=CARTESIAN_POINT('',(0.00339602845128639,-0.007,-0.0124851515483729));
#4474=CARTESIAN_POINT('',(0.00345225684401981,-0.007,-0.0126926964205056));
#4475=CARTESIAN_POINT('',(0.00345594767567923,-0.007,-0.0127037159774204));
#4476=CARTESIAN_POINT('',(0.00346049511204643,-0.007,-0.0127178805388222));
#4477=CARTESIAN_POINT('',(0.00346639525263462,-0.007,-0.0127346811740336));
#4478=CARTESIAN_POINT('',(0.00347469195062422,-0.007,-0.0127570675074242));
#4479=CARTESIAN_POINT('',(0.00348529215175356,-0.007,-0.0127839327964497));
#4480=CARTESIAN_POINT('',(0.00349847854307025,-0.007,-0.0128155144037648));
#4481=CARTESIAN_POINT('',(0.00351441179129835,-0.007,-0.0128516176405736));
#4482=CARTESIAN_POINT('',(0.00353328654573905,-0.007,-0.0128921732804719));
#4483=CARTESIAN_POINT('',(0.00355528353767603,-0.007,-0.0129370671943215));
#4484=CARTESIAN_POINT('',(0.00358058371033612,-0.007,-0.0129861914050675));
#4485=CARTESIAN_POINT('',(0.00360936384719901,-0.007,-0.0130394290928945));
#4486=CARTESIAN_POINT('',(0.00364179765519242,-0.007,-0.0130966590678917));
#4487=CARTESIAN_POINT('',(0.00367805526344462,-0.007,-0.0131577545823139));
#4488=CARTESIAN_POINT('',(0.003718303183525,-0.007,-0.0132225837858187));
#4489=CARTESIAN_POINT('',(0.00376270414092748,-0.007,-0.0132910097154214));
#4490=CARTESIAN_POINT('',(0.00381141694577335,-0.007,-0.0133628904235798));
#4491=CARTESIAN_POINT('',(0.0038645963589051,-0.007,-0.0134380790716245));
#4492=CARTESIAN_POINT('',(0.00392239295004153,-0.007,-0.0135164240388075));
#4493=CARTESIAN_POINT('',(0.00398495301053586,-0.007,-0.0135977690266003));
#4494=CARTESIAN_POINT('',(0.00405241826417633,-0.007,-0.0136819531870733));
#4495=CARTESIAN_POINT('',(0.00412492637480507,-0.007,-0.0137688111770423));
#4496=CARTESIAN_POINT('',(0.00420260838537851,-0.007,-0.0138581735140612));
#4497=CARTESIAN_POINT('',(0.00428559802080169,-0.007,-0.0139498657821857));
#4498=CARTESIAN_POINT('',(0.0043739952596045,-0.007,-0.0140437122875934));
#4499=CARTESIAN_POINT('',(0.00446800601492581,-0.007,-0.0141395225937636));
#4500=CARTESIAN_POINT('',(0.00454665424665535,-0.007,-0.0142167646225627));
#4501=CARTESIAN_POINT('',(0.00459434836155661,-0.007,-0.0142619784391206));
#4502=CARTESIAN_POINT('',(0.00460786732910089,-0.007,-0.0142747174640132));
#4503=CARTESIAN_POINT('',(0.00505423099063165,-0.007,-0.011705436732277));
#4504=CARTESIAN_POINT('',(0.00512924270649846,-0.007,-0.0118786736501016));
#4505=CARTESIAN_POINT('',(0.00521468369005366,-0.007,-0.0120759965946039));
#4506=CARTESIAN_POINT('',(0.00521866866302322,-0.007,-0.0120869132270228));
#4507=CARTESIAN_POINT('',(0.00522394479368865,-0.007,-0.0121008228072616));
#4508=CARTESIAN_POINT('',(0.00522980690274491,-0.007,-0.0121176367502816));
#4509=CARTESIAN_POINT('',(0.00523727793362614,-0.007,-0.012140311997089));
#4510=CARTESIAN_POINT('',(0.00524574059639411,-0.007,-0.0121679252431365));
#4511=CARTESIAN_POINT('',(0.00525512187060984,-0.007,-0.0122008383185117));
#4512=CARTESIAN_POINT('',(0.00526517475549156,-0.007,-0.0122389991834486));
#4513=CARTESIAN_POINT('',(0.00527570390613038,-0.007,-0.012282475076419));
#4514=CARTESIAN_POINT('',(0.0052864968627652,-0.007,-0.0123312894517821));
#4515=CARTESIAN_POINT('',(0.00529734483569216,-0.007,-0.0123854707059336));
#4516=CARTESIAN_POINT('',(0.00530803677405769,-0.007,-0.0124450377281607));
#4517=CARTESIAN_POINT('',(0.00531836130764352,-0.007,-0.0125100040728737));
#4518=CARTESIAN_POINT('',(0.00532810639821453,-0.007,-0.0125803767184716));
#4519=CARTESIAN_POINT('',(0.00533705965443968,-0.007,-0.0126561563984711));
#4520=CARTESIAN_POINT('',(0.00534500845738065,-0.007,-0.0127373374885848));
#4521=CARTESIAN_POINT('',(0.00535174014144002,-0.007,-0.0128239080262465));
#4522=CARTESIAN_POINT('',(0.00535704215730582,-0.007,-0.0129158497001685));
#4523=CARTESIAN_POINT('',(0.00536070225084161,-0.007,-0.0130131378471609));
#4524=CARTESIAN_POINT('',(0.00536250859632316,-0.007,-0.0131157414792801));
#4525=CARTESIAN_POINT('',(0.00536225010258729,-0.007,-0.0132236232038877));
#4526=CARTESIAN_POINT('',(0.00535971604991911,-0.007,-0.0133367395824784));
#4527=CARTESIAN_POINT('',(0.00535469831423291,-0.007,-0.0134550398122871));
#4528=CARTESIAN_POINT('',(0.00534698359862549,-0.007,-0.0135784709055522));
#4529=CARTESIAN_POINT('',(0.00533638419342794,-0.007,-0.0137069578349055));
#4530=CARTESIAN_POINT('',(0.00532262037403727,-0.007,-0.0138404800958221));
#4531=CARTESIAN_POINT('',(0.00530929032766174,-0.007,-0.0139499067161245));
#4532=CARTESIAN_POINT('',(0.00530019192063047,-0.007,-0.0140149930956017));
#4533=CARTESIAN_POINT('',(0.00529756501830008,-0.007,-0.0140333818047142));
#4534=CARTESIAN_POINT('',(0.00524108916286124,-0.007,-0.0121528318393338));
#4535=CARTESIAN_POINT('',(0.00577377954889922,-0.007,-0.011989376772381));
#4536=CARTESIAN_POINT('',(0.00623370088945477,-0.007,-0.0116748152254757));
#4537=CARTESIAN_POINT('',(0.00600041747443462,-0.007,-0.0112497773370187));
#4538=CARTESIAN_POINT('',(0.00608909051085276,-0.007,-0.0114164353096064));
#4539=CARTESIAN_POINT('',(0.0061900922191705,-0.007,-0.0116062646040128));
#4540=CARTESIAN_POINT('',(0.00619614259607091,-0.007,-0.011616186590321));
#4541=CARTESIAN_POINT('',(0.00620372793014637,-0.007,-0.0116289841168079));
#4542=CARTESIAN_POINT('',(0.0062132186349299,-0.007,-0.0116440506202238));
#4543=CARTESIAN_POINT('',(0.00622628874519283,-0.007,-0.0116640294925123));
#4544=CARTESIAN_POINT('',(0.00624260126635353,-0.007,-0.0116878624459966));
#4545=CARTESIAN_POINT('',(0.00626248461606471,-0.007,-0.0117157179883684));
#4546=CARTESIAN_POINT('',(0.00628605211046756,-0.007,-0.0117473705603768));
#4547=CARTESIAN_POINT('',(0.00631347811427473,-0.007,-0.0117827093577236));
#4548=CARTESIAN_POINT('',(0.0063449134313369,-0.007,-0.0118215828962326));
#4549=CARTESIAN_POINT('',(0.00638051044110131,-0.007,-0.0118638456424032));
#4550=CARTESIAN_POINT('',(0.00642041549986231,-0.007,-0.0119093443673117));
#4551=CARTESIAN_POINT('',(0.0064647709920601,-0.007,-0.0119579222661035));
#4552=CARTESIAN_POINT('',(0.00651371457730389,-0.007,-0.0120094179115715));
#4553=CARTESIAN_POINT('',(0.00656737925290904,-0.007,-0.0120636657068268));
#4554=CARTESIAN_POINT('',(0.00662589318737034,-0.007,-0.0121204959130036));
#4555=CARTESIAN_POINT('',(0.0066893796228081,-0.007,-0.0121797348029048));
#4556=CARTESIAN_POINT('',(0.0067579567652095,-0.007,-0.0122412047818854));
#4557=CARTESIAN_POINT('',(0.00683173767040571,-0.007,-0.0123047245257319));
#4558=CARTESIAN_POINT('',(0.00691083018222573,-0.007,-0.0123701091017576));
#4559=CARTESIAN_POINT('',(0.00699533667911503,-0.007,-0.0124371701583167));
#4560=CARTESIAN_POINT('',(0.00708535458107603,-0.007,-0.012505715864637));
#4561=CARTESIAN_POINT('',(0.00718097393215244,-0.007,-0.01257555182775));
#4562=CARTESIAN_POINT('',(0.00728228629328795,-0.007,-0.0126464782480929));
#4563=CARTESIAN_POINT('',(0.00738935004078844,-0.007,-0.0127183015895379));
#4564=CARTESIAN_POINT('',(0.00750232354900813,-0.007,-0.012790790370222));
#4565=CARTESIAN_POINT('',(0.00759618787375404,-0.007,-0.0128485949021132));
#4566=CARTESIAN_POINT('',(0.0076527472183063,-0.007,-0.0128820621748998));
#4567=CARTESIAN_POINT('',(0.00766876193682589,-0.007,-0.0128914735525575));
#4568=CARTESIAN_POINT('',(0.007532215581414,-0.007,-0.0102872847941089));
#4569=CARTESIAN_POINT('',(0.00764389543770326,-0.007,-0.0104394866236441));
#4570=CARTESIAN_POINT('',(0.00777110272331715,-0.007,-0.0106128498624945));
#4571=CARTESIAN_POINT('',(0.00777741696393598,-0.007,-0.0106226060522397));
#4572=CARTESIAN_POINT('',(0.0077856559837757,-0.007,-0.0106349928407379));
#4573=CARTESIAN_POINT('',(0.00779511257182321,-0.007,-0.0106500807811198));
#4574=CARTESIAN_POINT('',(0.00780744200545937,-0.007,-0.0106705250513787));
#4575=CARTESIAN_POINT('',(0.00782183701690331,-0.007,-0.0106955628560734));
#4576=CARTESIAN_POINT('',(0.0078383069312599,-0.007,-0.0107255632020322));
#4577=CARTESIAN_POINT('',(0.00785659936063538,-0.007,-0.0107605303170794));
#4578=CARTESIAN_POINT('',(0.0078765388197931,-0.007,-0.0108005732222094));
#4579=CARTESIAN_POINT('',(0.00789792339486764,-0.007,-0.010845762060476));
#4580=CARTESIAN_POINT('',(0.00792055584974144,-0.007,-0.0108961709763981));
#4581=CARTESIAN_POINT('',(0.00794423462830829,-0.007,-0.0109518653489019));
#4582=CARTESIAN_POINT('',(0.00796875667598264,-0.007,-0.0110129054268589));
#4583=CARTESIAN_POINT('',(0.00799391682361048,-0.007,-0.011079345196651));
#4584=CARTESIAN_POINT('',(0.00801950816817769,-0.007,-0.0111512326349215));
#4585=CARTESIAN_POINT('',(0.00804532217002498,-0.007,-0.0112286095705605));
#4586=CARTESIAN_POINT('',(0.00807114883360402,-0.007,-0.0113115116634755));
#4587=CARTESIAN_POINT('',(0.00809677686401305,-0.007,-0.0113999683581525));
#4588=CARTESIAN_POINT('',(0.00812199384069391,-0.007,-0.0114940028407478));
#4589=CARTESIAN_POINT('',(0.00814658635336941,-0.007,-0.0115936320359085));
#4590=CARTESIAN_POINT('',(0.00817034028272767,-0.007,-0.0116988664607103));
#4591=CARTESIAN_POINT('',(0.0081930405262603,-0.007,-0.0118097106552897));
#4592=CARTESIAN_POINT('',(0.00821447287330815,-0.007,-0.011926161402579));
#4593=CARTESIAN_POINT('',(0.00823441758388051,-0.007,-0.0120482145063564));
#4594=CARTESIAN_POINT('',(0.00825267495942177,-0.007,-0.0121758385896774));
#4595=CARTESIAN_POINT('',(0.00826896772592271,-0.007,-0.0123090759066883));
#4596=CARTESIAN_POINT('',(0.0082803216053899,-0.007,-0.012418725187526));
#4597=CARTESIAN_POINT('',(0.00828593439636781,-0.007,-0.0124842043016112));
#4598=CARTESIAN_POINT('',(0.00828746522868931,-0.007,-0.012502716508154));
#4599=CARTESIAN_POINT('',(0.00781394360620969,-0.007,-0.0106818829167503));
#4600=CARTESIAN_POINT('',(0.00829690615795079,-0.007,-0.0104039912473797));
#4601=CARTESIAN_POINT('',(0.00867529978106238,-0.007,-0.00999497428895585));
#4602=CARTESIAN_POINT('',(0.00835328544040385,-0.007,-0.00963250343115106));
#4603=CARTESIAN_POINT('',(0.0084768201463773,-0.007,-0.00977525133353395));
#4604=CARTESIAN_POINT('',(0.0086175305228779,-0.007,-0.00993784621673449));
#4605=CARTESIAN_POINT('',(0.00862563705385732,-0.007,-0.00994617310261197));
#4606=CARTESIAN_POINT('',(0.00863587992531691,-0.007,-0.00995696187276809));
#4607=CARTESIAN_POINT('',(0.00864848529072821,-0.007,-0.00996953874699487));
#4608=CARTESIAN_POINT('',(0.00866567342335986,-0.007,-0.0099861083341002));
#4609=CARTESIAN_POINT('',(0.00868688028662575,-0.007,-0.010005713868238));
#4610=CARTESIAN_POINT('',(0.00871246356055128,-0.007,-0.0100284465524572));
#4611=CARTESIAN_POINT('',(0.00874248352855024,-0.007,-0.010054061267535));
#4612=CARTESIAN_POINT('',(0.00877708552737197,-0.007,-0.0100824111874696));
#4613=CARTESIAN_POINT('',(0.00881638287149937,-0.007,-0.0101133150690954));
#4614=CARTESIAN_POINT('',(0.00886049173565835,-0.007,-0.0101465971201237));
#4615=CARTESIAN_POINT('',(0.00890952071004215,-0.007,-0.0101820753860606));
#4616=CARTESIAN_POINT('',(0.00896357371685313,-0.007,-0.0102195653099579));
#4617=CARTESIAN_POINT('',(0.00902274904335378,-0.007,-0.0102588788797809));
#4618=CARTESIAN_POINT('',(0.00908713950356468,-0.007,-0.0102998250558134));
#4619=CARTESIAN_POINT('',(0.00915683228207799,-0.007,-0.0103422098347245));
#4620=CARTESIAN_POINT('',(0.00923190887313853,-0.007,-0.0103858364210686));
#4621=CARTESIAN_POINT('',(0.00931244500053636,-0.007,-0.0104305053695628));
#4622=CARTESIAN_POINT('',(0.00939851053712359,-0.007,-0.0104760147448811));
#4623=CARTESIAN_POINT('',(0.00949016947146507,-0.007,-0.0105221602534756));
#4624=CARTESIAN_POINT('',(0.00958747970298077,-0.007,-0.0105687354847222));
#4625=CARTESIAN_POINT('',(0.00969049352278769,-0.007,-0.0106155317394569));
#4626=CARTESIAN_POINT('',(0.00979925546083246,-0.007,-0.0106623394618642));
#4627=CARTESIAN_POINT('',(0.00991381032284937,-0.007,-0.0107089434875463));
#4628=CARTESIAN_POINT('',(0.0100341719556886,-0.007,-0.0107551421427806));
#4629=CARTESIAN_POINT('',(0.0101604432533682,-0.007,-0.0108006745078282));
#4630=CARTESIAN_POINT('',(0.0102648169219445,-0.007,-0.0108361429822119));
#4631=CARTESIAN_POINT('',(0.0103274053744406,-0.007,-0.0108561855224224));
#4632=CARTESIAN_POINT('',(0.0103451127990773,-0.007,-0.010861797327071));
#4633=CARTESIAN_POINT('',(0.00963250343115106,-0.007,-0.00835328544040386));
#4634=CARTESIAN_POINT('',(0.00977525133353395,-0.007,-0.00847682014637731));
#4635=CARTESIAN_POINT('',(0.00993784621673449,-0.007,-0.0086175305228779));
#4636=CARTESIAN_POINT('',(0.00994617310261197,-0.007,-0.00862563705385733));
#4637=CARTESIAN_POINT('',(0.00995696187276809,-0.007,-0.00863587992531691));
#4638=CARTESIAN_POINT('',(0.00996953874699487,-0.007,-0.00864848529072821));
#4639=CARTESIAN_POINT('',(0.0099861083341002,-0.007,-0.00866567342335987));
#4640=CARTESIAN_POINT('',(0.010005713868238,-0.007,-0.00868688028662576));
#4641=CARTESIAN_POINT('',(0.0100284465524572,-0.007,-0.00871246356055128));
#4642=CARTESIAN_POINT('',(0.010054061267535,-0.007,-0.00874248352855024));
#4643=CARTESIAN_POINT('',(0.0100824111874696,-0.007,-0.00877708552737197));
#4644=CARTESIAN_POINT('',(0.0101133150690954,-0.007,-0.00881638287149937));
#4645=CARTESIAN_POINT('',(0.0101465971201237,-0.007,-0.00886049173565836));
#4646=CARTESIAN_POINT('',(0.0101820753860606,-0.007,-0.00890952071004215));
#4647=CARTESIAN_POINT('',(0.0102195653099579,-0.007,-0.00896357371685313));
#4648=CARTESIAN_POINT('',(0.0102588788797809,-0.007,-0.00902274904335378));
#4649=CARTESIAN_POINT('',(0.0102998250558134,-0.007,-0.00908713950356469));
#4650=CARTESIAN_POINT('',(0.0103422098347245,-0.007,-0.00915683228207799));
#4651=CARTESIAN_POINT('',(0.0103858364210686,-0.007,-0.00923190887313853));
#4652=CARTESIAN_POINT('',(0.0104305053695628,-0.007,-0.00931244500053637));
#4653=CARTESIAN_POINT('',(0.0104760147448811,-0.007,-0.00939851053712359));
#4654=CARTESIAN_POINT('',(0.0105221602534756,-0.007,-0.00949016947146508));
#4655=CARTESIAN_POINT('',(0.0105687354847222,-0.007,-0.00958747970298077));
#4656=CARTESIAN_POINT('',(0.0106155317394569,-0.007,-0.00969049352278769));
#4657=CARTESIAN_POINT('',(0.0106623394618642,-0.007,-0.00979925546083246));
#4658=CARTESIAN_POINT('',(0.0107089434875463,-0.007,-0.00991381032284938));
#4659=CARTESIAN_POINT('',(0.0107551421427806,-0.007,-0.0100341719556886));
#4660=CARTESIAN_POINT('',(0.0108006745078282,-0.007,-0.0101604432533683));
#4661=CARTESIAN_POINT('',(0.0108361429822119,-0.007,-0.0102648169219445));
#4662=CARTESIAN_POINT('',(0.0108561855224224,-0.007,-0.0103274053744406));
#4663=CARTESIAN_POINT('',(0.010861797327071,-0.007,-0.0103451127990773));
#4664=CARTESIAN_POINT('',(0.00999497428895581,-0.007,-0.00867529978106233));
#4665=CARTESIAN_POINT('',(0.0104039912473797,-0.007,-0.00829690615795078));
#4666=CARTESIAN_POINT('',(0.0106818829167504,-0.007,-0.00781394360620973));
#4667=CARTESIAN_POINT('',(0.0102872847941089,-0.007,-0.00753221558141401));
#4668=CARTESIAN_POINT('',(0.0104394866236441,-0.007,-0.00764389543770326));
#4669=CARTESIAN_POINT('',(0.0106128498624945,-0.007,-0.00777110272331716));
#4670=CARTESIAN_POINT('',(0.0106226060522397,-0.007,-0.00777741696393598));
#4671=CARTESIAN_POINT('',(0.0106349928407379,-0.007,-0.00778565598377571));
#4672=CARTESIAN_POINT('',(0.0106500807811198,-0.007,-0.00779511257182322));
#4673=CARTESIAN_POINT('',(0.0106705250513787,-0.007,-0.00780744200545937));
#4674=CARTESIAN_POINT('',(0.0106955628560734,-0.007,-0.00782183701690331));
#4675=CARTESIAN_POINT('',(0.0107255632020322,-0.007,-0.0078383069312599));
#4676=CARTESIAN_POINT('',(0.0107605303170794,-0.007,-0.00785659936063538));
#4677=CARTESIAN_POINT('',(0.0108005732222094,-0.007,-0.0078765388197931));
#4678=CARTESIAN_POINT('',(0.010845762060476,-0.007,-0.00789792339486764));
#4679=CARTESIAN_POINT('',(0.0108961709763981,-0.007,-0.00792055584974144));
#4680=CARTESIAN_POINT('',(0.0109518653489019,-0.007,-0.00794423462830829));
#4681=CARTESIAN_POINT('',(0.0110129054268589,-0.007,-0.00796875667598264));
#4682=CARTESIAN_POINT('',(0.011079345196651,-0.007,-0.00799391682361049));
#4683=CARTESIAN_POINT('',(0.0111512326349215,-0.007,-0.00801950816817769));
#4684=CARTESIAN_POINT('',(0.0112286095705605,-0.007,-0.00804532217002498));
#4685=CARTESIAN_POINT('',(0.0113115116634755,-0.007,-0.00807114883360402));
#4686=CARTESIAN_POINT('',(0.0113999683581525,-0.007,-0.00809677686401305));
#4687=CARTESIAN_POINT('',(0.0114940028407478,-0.007,-0.00812199384069392));
#4688=CARTESIAN_POINT('',(0.0115936320359085,-0.007,-0.00814658635336941));
#4689=CARTESIAN_POINT('',(0.0116988664607103,-0.007,-0.00817034028272768));
#4690=CARTESIAN_POINT('',(0.0118097106552897,-0.007,-0.00819304052626031));
#4691=CARTESIAN_POINT('',(0.011926161402579,-0.007,-0.00821447287330815));
#4692=CARTESIAN_POINT('',(0.0120482145063564,-0.007,-0.00823441758388051));
#4693=CARTESIAN_POINT('',(0.0121758385896774,-0.007,-0.00825267495942177));
#4694=CARTESIAN_POINT('',(0.0123090759066883,-0.007,-0.00826896772592272));
#4695=CARTESIAN_POINT('',(0.0124187251875259,-0.007,-0.00828032160538991));
#4696=CARTESIAN_POINT('',(0.0124842043016112,-0.007,-0.00828593439636782));
#4697=CARTESIAN_POINT('',(0.012502716508154,-0.007,-0.00828746522868932));
#4698=CARTESIAN_POINT('',(0.0112497773370187,-0.007,-0.00600041747443462));
#4699=CARTESIAN_POINT('',(0.0114164353096064,-0.007,-0.00608909051085277));
#4700=CARTESIAN_POINT('',(0.0116062646040128,-0.007,-0.00619009221917051));
#4701=CARTESIAN_POINT('',(0.011616186590321,-0.007,-0.00619614259607091));
#4702=CARTESIAN_POINT('',(0.0116289841168079,-0.007,-0.00620372793014637));
#4703=CARTESIAN_POINT('',(0.0116440506202238,-0.007,-0.0062132186349299));
#4704=CARTESIAN_POINT('',(0.0116640294925123,-0.007,-0.00622628874519284));
#4705=CARTESIAN_POINT('',(0.0116878624459966,-0.007,-0.00624260126635353));
#4706=CARTESIAN_POINT('',(0.0117157179883683,-0.007,-0.00626248461606472));
#4707=CARTESIAN_POINT('',(0.0117473705603768,-0.007,-0.00628605211046757));
#4708=CARTESIAN_POINT('',(0.0117827093577236,-0.007,-0.00631347811427474));
#4709=CARTESIAN_POINT('',(0.0118215828962326,-0.007,-0.0063449134313369));
#4710=CARTESIAN_POINT('',(0.0118638456424032,-0.007,-0.00638051044110132));
#4711=CARTESIAN_POINT('',(0.0119093443673117,-0.007,-0.00642041549986231));
#4712=CARTESIAN_POINT('',(0.0119579222661035,-0.007,-0.0064647709920601));
#4713=CARTESIAN_POINT('',(0.0120094179115715,-0.007,-0.00651371457730389));
#4714=CARTESIAN_POINT('',(0.0120636657068267,-0.007,-0.00656737925290904));
#4715=CARTESIAN_POINT('',(0.0121204959130036,-0.007,-0.00662589318737034));
#4716=CARTESIAN_POINT('',(0.0121797348029048,-0.007,-0.0066893796228081));
#4717=CARTESIAN_POINT('',(0.0122412047818854,-0.007,-0.0067579567652095));
#4718=CARTESIAN_POINT('',(0.0123047245257319,-0.007,-0.00683173767040572));
#4719=CARTESIAN_POINT('',(0.0123701091017576,-0.007,-0.00691083018222573));
#4720=CARTESIAN_POINT('',(0.0124371701583167,-0.007,-0.00699533667911503));
#4721=CARTESIAN_POINT('',(0.012505715864637,-0.007,-0.00708535458107604));
#4722=CARTESIAN_POINT('',(0.01257555182775,-0.007,-0.00718097393215244));
#4723=CARTESIAN_POINT('',(0.0126464782480929,-0.007,-0.00728228629328795));
#4724=CARTESIAN_POINT('',(0.0127183015895379,-0.007,-0.00738935004078845));
#4725=CARTESIAN_POINT('',(0.012790790370222,-0.007,-0.00750232354900813));
#4726=CARTESIAN_POINT('',(0.0128485949021132,-0.007,-0.00759618787375405));
#4727=CARTESIAN_POINT('',(0.0128820621748998,-0.007,-0.0076527472183063));
#4728=CARTESIAN_POINT('',(0.0128914735525575,-0.007,-0.0076687619368259));
#4729=CARTESIAN_POINT('',(0.0116748152254757,-0.007,-0.00623370088945474));
#4730=CARTESIAN_POINT('',(0.011989376772381,-0.007,-0.00577377954889922));
#4731=CARTESIAN_POINT('',(0.0121528318393339,-0.007,-0.00524108916286126));
#4732=CARTESIAN_POINT('',(0.0117054367322769,-0.007,-0.00505423099063166));
#4733=CARTESIAN_POINT('',(0.0118786736501016,-0.007,-0.00512924270649847));
#4734=CARTESIAN_POINT('',(0.0120759965946039,-0.007,-0.00521468369005367));
#4735=CARTESIAN_POINT('',(0.0120869132270228,-0.007,-0.00521866866302323));
#4736=CARTESIAN_POINT('',(0.0121008228072616,-0.007,-0.00522394479368866));
#4737=CARTESIAN_POINT('',(0.0121176367502816,-0.007,-0.00522980690274492));
#4738=CARTESIAN_POINT('',(0.012140311997089,-0.007,-0.00523727793362615));
#4739=CARTESIAN_POINT('',(0.0121679252431365,-0.007,-0.00524574059639412));
#4740=CARTESIAN_POINT('',(0.0122008383185117,-0.007,-0.00525512187060984));
#4741=CARTESIAN_POINT('',(0.0122389991834486,-0.007,-0.00526517475549157));
#4742=CARTESIAN_POINT('',(0.012282475076419,-0.007,-0.00527570390613038));
#4743=CARTESIAN_POINT('',(0.0123312894517821,-0.007,-0.0052864968627652));
#4744=CARTESIAN_POINT('',(0.0123854707059336,-0.007,-0.00529734483569217));
#4745=CARTESIAN_POINT('',(0.0124450377281607,-0.007,-0.0053080367740577));
#4746=CARTESIAN_POINT('',(0.0125100040728737,-0.007,-0.00531836130764352));
#4747=CARTESIAN_POINT('',(0.0125803767184716,-0.007,-0.00532810639821454));
#4748=CARTESIAN_POINT('',(0.0126561563984711,-0.007,-0.00533705965443968));
#4749=CARTESIAN_POINT('',(0.0127373374885848,-0.007,-0.00534500845738066));
#4750=CARTESIAN_POINT('',(0.0128239080262465,-0.007,-0.00535174014144002));
#4751=CARTESIAN_POINT('',(0.0129158497001685,-0.007,-0.00535704215730582));
#4752=CARTESIAN_POINT('',(0.0130131378471609,-0.007,-0.00536070225084161));
#4753=CARTESIAN_POINT('',(0.0131157414792801,-0.007,-0.00536250859632317));
#4754=CARTESIAN_POINT('',(0.0132236232038877,-0.007,-0.00536225010258729));
#4755=CARTESIAN_POINT('',(0.0133367395824784,-0.007,-0.00535971604991912));
#4756=CARTESIAN_POINT('',(0.0134550398122871,-0.007,-0.00535469831423291));
#4757=CARTESIAN_POINT('',(0.0135784709055521,-0.007,-0.00534698359862549));
#4758=CARTESIAN_POINT('',(0.0137069578349054,-0.007,-0.00533638419342794));
#4759=CARTESIAN_POINT('',(0.0138404800958221,-0.007,-0.00532262037403727));
#4760=CARTESIAN_POINT('',(0.0139499067161245,-0.007,-0.00530929032766175));
#4761=CARTESIAN_POINT('',(0.0140149930956017,-0.007,-0.00530019192063047));
#4762=CARTESIAN_POINT('',(0.0140333818047142,-0.007,-0.00529756501830009));
#4763=CARTESIAN_POINT('',(0.012302940432229,-0.007,-0.00334666352073588));
#4764=CARTESIAN_POINT('',(0.0124851515483729,-0.007,-0.00339602845128637));
#4765=CARTESIAN_POINT('',(0.0126926964205056,-0.007,-0.00345225684401979));
#4766=CARTESIAN_POINT('',(0.0127037159774204,-0.007,-0.00345594767567921));
#4767=CARTESIAN_POINT('',(0.0127178805388222,-0.007,-0.00346049511204642));
#4768=CARTESIAN_POINT('',(0.0127346811740336,-0.007,-0.0034663952526346));
#4769=CARTESIAN_POINT('',(0.0127570675074242,-0.007,-0.00347469195062421));
#4770=CARTESIAN_POINT('',(0.0127839327964497,-0.007,-0.00348529215175354));
#4771=CARTESIAN_POINT('',(0.0128155144037648,-0.007,-0.00349847854307024));
#4772=CARTESIAN_POINT('',(0.0128516176405736,-0.007,-0.00351441179129833));
#4773=CARTESIAN_POINT('',(0.0128921732804719,-0.007,-0.00353328654573903));
#4774=CARTESIAN_POINT('',(0.0129370671943215,-0.007,-0.00355528353767601));
#4775=CARTESIAN_POINT('',(0.0129861914050675,-0.007,-0.0035805837103361));
#4776=CARTESIAN_POINT('',(0.0130394290928945,-0.007,-0.003609363847199));
#4777=CARTESIAN_POINT('',(0.0130966590678917,-0.007,-0.00364179765519241));
#4778=CARTESIAN_POINT('',(0.013157754582314,-0.007,-0.0036780552634446));
#4779=CARTESIAN_POINT('',(0.0132225837858187,-0.007,-0.00371830318352498));
#4780=CARTESIAN_POINT('',(0.0132910097154214,-0.007,-0.00376270414092746));
#4781=CARTESIAN_POINT('',(0.0133628904235798,-0.007,-0.00381141694577333));
#4782=CARTESIAN_POINT('',(0.0134380790716245,-0.007,-0.00386459635890508));
#4783=CARTESIAN_POINT('',(0.0135164240388075,-0.007,-0.00392239295004151));
#4784=CARTESIAN_POINT('',(0.0135977690266003,-0.007,-0.00398495301053584));
#4785=CARTESIAN_POINT('',(0.0136819531870733,-0.007,-0.00405241826417631));
#4786=CARTESIAN_POINT('',(0.0137688111770423,-0.007,-0.00412492637480505));
#4787=CARTESIAN_POINT('',(0.0138581735140612,-0.007,-0.0042026083853785));
#4788=CARTESIAN_POINT('',(0.0139498657821858,-0.007,-0.00428559802080167));
#4789=CARTESIAN_POINT('',(0.0140437122875934,-0.007,-0.00437399525960448));
#4790=CARTESIAN_POINT('',(0.0141395225937636,-0.007,-0.00446800601492578));
#4791=CARTESIAN_POINT('',(0.0142167646225627,-0.007,-0.00454665424665533));
#4792=CARTESIAN_POINT('',(0.0142619784391206,-0.007,-0.0045943483615566));
#4793=CARTESIAN_POINT('',(0.0142747174640132,-0.007,-0.00460786732910087));
#4794=CARTESIAN_POINT('',(0.0127692321768074,-0.007,-0.00347951820558183));
#4795=CARTESIAN_POINT('',(0.0129735648827376,-0.007,-0.00296113152406205));
#4796=CARTESIAN_POINT('',(0.0130143870276868,-0.007,-0.00240542462400449));
#4797=CARTESIAN_POINT('',(0.0125366291950415,-0.007,-0.00232280615334836));
#4798=CARTESIAN_POINT('',(0.0127222143787214,-0.007,-0.00235738832813752));
#4799=CARTESIAN_POINT('',(0.0129336024324895,-0.007,-0.00239677864194809));
#4800=CARTESIAN_POINT('',(0.0129451321020486,-0.007,-0.0023982345240839));
#4801=CARTESIAN_POINT('',(0.0129598669895936,-0.007,-0.00240028319835226));
#4802=CARTESIAN_POINT('',(0.0129775638139398,-0.007,-0.00240225687779116));
#4803=CARTESIAN_POINT('',(0.0130013330057372,-0.007,-0.00240449487723277));
#4804=CARTESIAN_POINT('',(0.0130301370496778,-0.007,-0.00240660083807658));
#4805=CARTESIAN_POINT('',(0.0130643124554369,-0.007,-0.00240842305588947));
#4806=CARTESIAN_POINT('',(0.0131037535251498,-0.007,-0.00240973230265228));
#4807=CARTESIAN_POINT('',(0.0131484823431476,-0.007,-0.00241032316919326));
#4808=CARTESIAN_POINT('',(0.0131984744989953,-0.007,-0.00240998330347522));
#4809=CARTESIAN_POINT('',(0.0132537112170518,-0.007,-0.0024085028317956));
#4810=CARTESIAN_POINT('',(0.0133141639497775,-0.007,-0.00240567179152453));
#4811=CARTESIAN_POINT('',(0.0133797988774468,-0.007,-0.00240128109579634));
#4812=CARTESIAN_POINT('',(0.0134505756205496,-0.007,-0.00239512246977734));
#4813=CARTESIAN_POINT('',(0.0135264476326945,-0.007,-0.00238698868400775));
#4814=CARTESIAN_POINT('',(0.013607362118442,-0.007,-0.00237667370187164));
#4815=CARTESIAN_POINT('',(0.013693260092605,-0.007,-0.00236397285166352));
#4816=CARTESIAN_POINT('',(0.0137840764063265,-0.007,-0.00234868298777129));
#4817=CARTESIAN_POINT('',(0.0138797397837858,-0.007,-0.00233060266578891));
#4818=CARTESIAN_POINT('',(0.0139801728783137,-0.007,-0.00230953226637143));
#4819=CARTESIAN_POINT('',(0.0140852922625804,-0.007,-0.00228527431149671));
#4820=CARTESIAN_POINT('',(0.014195008697627,-0.007,-0.0022576330306098));
#4821=CARTESIAN_POINT('',(0.0143092263424538,-0.007,-0.00222641682240909));
#4822=CARTESIAN_POINT('',(0.0144278460747868,-0.007,-0.00219142952867628));
#4823=CARTESIAN_POINT('',(0.01455075297902,-0.007,-0.0021525048411758));
#4824=CARTESIAN_POINT('',(0.0146778648201396,-0.007,-0.00210937461127046));
#4825=CARTESIAN_POINT('',(0.014781581672239,-0.007,-0.00207202906323891));
#4826=CARTESIAN_POINT('',(0.014843011614264,-0.007,-0.00204867569031864));
#4827=CARTESIAN_POINT('',(0.0148603547392868,-0.007,-0.0020420227771882));
#4828=CARTESIAN_POINT('',(0.0127391827215621,-0.007,-0.000525093883657613));
#4829=CARTESIAN_POINT('',(0.0129278101550513,-0.007,-0.000532675344592629));
#4830=CARTESIAN_POINT('',(0.0131426634383896,-0.007,-0.000541310895340772));
#4831=CARTESIAN_POINT('',(0.0131542279993136,-0.007,-0.000542457108048237));
#4832=CARTESIAN_POINT('',(0.0131690493253756,-0.007,-0.00054373861925928));
#4833=CARTESIAN_POINT('',(0.0131867416383798,-0.007,-0.000545752337966187));
#4834=CARTESIAN_POINT('',(0.013210412888639,-0.007,-0.000548859592601268));
#4835=CARTESIAN_POINT('',(0.0132389633754342,-0.007,-0.000553215935352041));
#4836=CARTESIAN_POINT('',(0.0132726874140286,-0.007,-0.000559044147552044));
#4837=CARTESIAN_POINT('',(0.0133114309485903,-0.007,-0.000566544190007777));
#4838=CARTESIAN_POINT('',(0.0133551698019099,-0.007,-0.000575921236080243));
#4839=CARTESIAN_POINT('',(0.013403832922799,-0.007,-0.000587376881864876));
#4840=CARTESIAN_POINT('',(0.0134573553050688,-0.007,-0.00060111156111915));
#4841=CARTESIAN_POINT('',(0.0135156623958455,-0.007,-0.000617323619846259));
#4842=CARTESIAN_POINT('',(0.0135786746971302,-0.007,-0.000636209377070697));
#4843=CARTESIAN_POINT('',(0.0136463064963008,-0.007,-0.000657962900454939));
#4844=CARTESIAN_POINT('',(0.0137184663010882,-0.007,-0.000682775866237043));
#4845=CARTESIAN_POINT('',(0.0137950567922846,-0.007,-0.00071083739717431));
#4846=CARTESIAN_POINT('',(0.0138759749198456,-0.007,-0.00074233390798635));
#4847=CARTESIAN_POINT('',(0.0139611119641808,-0.007,-0.000777448954016138));
#4848=CARTESIAN_POINT('',(0.0140503536109057,-0.007,-0.000816363068675656));
#4849=CARTESIAN_POINT('',(0.0141435800331106,-0.007,-0.000859253655183043));
#4850=CARTESIAN_POINT('',(0.0142406659521689,-0.007,-0.000906294676046793));
#4851=CARTESIAN_POINT('',(0.0143414808034823,-0.007,-0.000957657135908839));
#4852=CARTESIAN_POINT('',(0.0144458885136842,-0.007,-0.00101350650559733));
#4853=CARTESIAN_POINT('',(0.0145537487963931,-0.007,-0.00107401196845353));
#4854=CARTESIAN_POINT('',(0.0146649126101133,-0.007,-0.00113931009189035));
#4855=CARTESIAN_POINT('',(0.0147792401129494,-0.007,-0.00120964400248674));
#4856=CARTESIAN_POINT('',(0.0148720464007976,-0.007,-0.00126913239045457));
#4857=CARTESIAN_POINT('',(0.0149267395515683,-0.007,-0.00130556969363043));
#4858=CARTESIAN_POINT('',(0.0149421674357942,-0.007,-0.00131591501271641));
#4859=CARTESIAN_POINT('',(0.0132233465071238,-0.007,-0.000550857949678345));
#4860=CARTESIAN_POINT('',(0.0133072042769845,-0.007,3.36102673470503E-18));
#4861=CARTESIAN_POINT('',(0.0132233465071239,-0.007,0.000550857949678355));
#4862=CARTESIAN_POINT('',(0.0127391827215621,-0.007,0.000525093883657613));
#4863=CARTESIAN_POINT('',(0.0129278101550513,-0.007,0.000532675344592629));
#4864=CARTESIAN_POINT('',(0.0131426634383896,-0.007,0.000541310895340772));
#4865=CARTESIAN_POINT('',(0.0131542279993136,-0.007,0.000542457108048237));
#4866=CARTESIAN_POINT('',(0.0131690493253756,-0.007,0.00054373861925928));
#4867=CARTESIAN_POINT('',(0.0131867416383798,-0.007,0.000545752337966187));
#4868=CARTESIAN_POINT('',(0.013210412888639,-0.007,0.000548859592601268));
#4869=CARTESIAN_POINT('',(0.0132389633754342,-0.007,0.000553215935352041));
#4870=CARTESIAN_POINT('',(0.0132726874140286,-0.007,0.000559044147552044));
#4871=CARTESIAN_POINT('',(0.0133114309485903,-0.007,0.000566544190007777));
#4872=CARTESIAN_POINT('',(0.0133551698019099,-0.007,0.000575921236080243));
#4873=CARTESIAN_POINT('',(0.013403832922799,-0.007,0.000587376881864876));
#4874=CARTESIAN_POINT('',(0.0134573553050688,-0.007,0.00060111156111915));
#4875=CARTESIAN_POINT('',(0.0135156623958455,-0.007,0.000617323619846259));
#4876=CARTESIAN_POINT('',(0.0135786746971302,-0.007,0.000636209377070697));
#4877=CARTESIAN_POINT('',(0.0136463064963008,-0.007,0.000657962900454939));
#4878=CARTESIAN_POINT('',(0.0137184663010882,-0.007,0.000682775866237043));
#4879=CARTESIAN_POINT('',(0.0137950567922846,-0.007,0.00071083739717431));
#4880=CARTESIAN_POINT('',(0.0138759749198456,-0.007,0.00074233390798635));
#4881=CARTESIAN_POINT('',(0.0139611119641808,-0.007,0.000777448954016138));
#4882=CARTESIAN_POINT('',(0.0140503536109057,-0.007,0.000816363068675656));
#4883=CARTESIAN_POINT('',(0.0141435800331106,-0.007,0.000859253655183043));
#4884=CARTESIAN_POINT('',(0.0142406659521689,-0.007,0.000906294676046793));
#4885=CARTESIAN_POINT('',(0.0143414808034823,-0.007,0.000957657135908839));
#4886=CARTESIAN_POINT('',(0.0144458885136842,-0.007,0.00101350650559733));
#4887=CARTESIAN_POINT('',(0.0145537487963931,-0.007,0.00107401196845353));
#4888=CARTESIAN_POINT('',(0.0146649126101133,-0.007,0.00113931009189035));
#4889=CARTESIAN_POINT('',(0.0147792401129494,-0.007,0.00120964400248674));
#4890=CARTESIAN_POINT('',(0.0148720464007976,-0.007,0.00126913239045457));
#4891=CARTESIAN_POINT('',(0.0149267395515683,-0.007,0.00130556969363043));
#4892=CARTESIAN_POINT('',(0.0149421674357942,-0.007,0.00131591501271641));
#4893=CARTESIAN_POINT('',(0.,0.,0.));
#4894=CARTESIAN_POINT('',(0.0129735648827376,0.,0.00296113152406207));
#4895=CARTESIAN_POINT('',(0.0130143870276867,0.,0.0024054246240045));
#4896=CARTESIAN_POINT('',(0.0127692321768074,0.,0.00347951820558185));
#4897=CARTESIAN_POINT('',(0.0125366291950415,0.,0.00232280615334837));
#4898=CARTESIAN_POINT('',(0.0127222143787214,0.,0.00235738832813753));
#4899=CARTESIAN_POINT('',(0.0129336024324895,0.,0.0023967786419481));
#4900=CARTESIAN_POINT('',(0.0129451321020486,0.,0.00239823452408391));
#4901=CARTESIAN_POINT('',(0.0129598669895936,0.,0.00240028319835227));
#4902=CARTESIAN_POINT('',(0.0129775638139398,0.,0.00240225687779116));
#4903=CARTESIAN_POINT('',(0.0130013330057372,0.,0.00240449487723278));
#4904=CARTESIAN_POINT('',(0.0130301370496778,0.,0.00240660083807659));
#4905=CARTESIAN_POINT('',(0.0130643124554369,0.,0.00240842305588948));
#4906=CARTESIAN_POINT('',(0.0131037535251497,0.,0.00240973230265229));
#4907=CARTESIAN_POINT('',(0.0131484823431476,0.,0.00241032316919327));
#4908=CARTESIAN_POINT('',(0.0131984744989953,0.,0.00240998330347523));
#4909=CARTESIAN_POINT('',(0.0132537112170518,0.,0.00240850283179561));
#4910=CARTESIAN_POINT('',(0.0133141639497775,0.,0.00240567179152453));
#4911=CARTESIAN_POINT('',(0.0133797988774468,0.,0.00240128109579635));
#4912=CARTESIAN_POINT('',(0.0134505756205496,0.,0.00239512246977735));
#4913=CARTESIAN_POINT('',(0.0135264476326945,0.,0.00238698868400775));
#4914=CARTESIAN_POINT('',(0.013607362118442,0.,0.00237667370187165));
#4915=CARTESIAN_POINT('',(0.013693260092605,0.,0.00236397285166352));
#4916=CARTESIAN_POINT('',(0.0137840764063265,0.,0.0023486829877713));
#4917=CARTESIAN_POINT('',(0.0138797397837858,0.,0.00233060266578892));
#4918=CARTESIAN_POINT('',(0.0139801728783137,0.,0.00230953226637144));
#4919=CARTESIAN_POINT('',(0.0140852922625804,0.,0.00228527431149672));
#4920=CARTESIAN_POINT('',(0.014195008697627,0.,0.0022576330306098));
#4921=CARTESIAN_POINT('',(0.0143092263424538,0.,0.00222641682240909));
#4922=CARTESIAN_POINT('',(0.0144278460747868,0.,0.00219142952867629));
#4923=CARTESIAN_POINT('',(0.01455075297902,0.,0.00215250484117581));
#4924=CARTESIAN_POINT('',(0.0146778648201396,0.,0.00210937461127047));
#4925=CARTESIAN_POINT('',(0.014781581672239,0.,0.00207202906323893));
#4926=CARTESIAN_POINT('',(0.014843011614264,0.,0.00204867569031865));
#4927=CARTESIAN_POINT('',(0.0148603547392868,0.,0.00204202277718821));
#4928=CARTESIAN_POINT('',(0.0127391827215621,0.,0.000525093883657613));
#4929=CARTESIAN_POINT('',(0.0129278101550513,0.,0.000532675344592629));
#4930=CARTESIAN_POINT('',(0.0131426634383896,0.,0.000541310895340772));
#4931=CARTESIAN_POINT('',(0.0131542279993136,0.,0.000542457108048237));
#4932=CARTESIAN_POINT('',(0.0131690493253756,0.,0.00054373861925928));
#4933=CARTESIAN_POINT('',(0.0131867416383798,0.,0.000545752337966187));
#4934=CARTESIAN_POINT('',(0.013210412888639,0.,0.000548859592601268));
#4935=CARTESIAN_POINT('',(0.0132389633754342,0.,0.000553215935352041));
#4936=CARTESIAN_POINT('',(0.0132726874140286,0.,0.000559044147552044));
#4937=CARTESIAN_POINT('',(0.0133114309485903,0.,0.000566544190007777));
#4938=CARTESIAN_POINT('',(0.0133551698019099,0.,0.000575921236080243));
#4939=CARTESIAN_POINT('',(0.013403832922799,0.,0.000587376881864876));
#4940=CARTESIAN_POINT('',(0.0134573553050688,0.,0.00060111156111915));
#4941=CARTESIAN_POINT('',(0.0135156623958455,0.,0.000617323619846259));
#4942=CARTESIAN_POINT('',(0.0135786746971302,0.,0.000636209377070697));
#4943=CARTESIAN_POINT('',(0.0136463064963008,0.,0.000657962900454939));
#4944=CARTESIAN_POINT('',(0.0137184663010882,0.,0.000682775866237043));
#4945=CARTESIAN_POINT('',(0.0137950567922846,0.,0.00071083739717431));
#4946=CARTESIAN_POINT('',(0.0138759749198456,0.,0.00074233390798635));
#4947=CARTESIAN_POINT('',(0.0139611119641808,0.,0.000777448954016138));
#4948=CARTESIAN_POINT('',(0.0140503536109057,0.,0.000816363068675656));
#4949=CARTESIAN_POINT('',(0.0141435800331106,0.,0.000859253655183043));
#4950=CARTESIAN_POINT('',(0.0142406659521689,0.,0.000906294676046793));
#4951=CARTESIAN_POINT('',(0.0143414808034823,0.,0.000957657135908839));
#4952=CARTESIAN_POINT('',(0.0144458885136842,0.,0.00101350650559733));
#4953=CARTESIAN_POINT('',(0.0145537487963931,0.,0.00107401196845353));
#4954=CARTESIAN_POINT('',(0.0146649126101133,0.,0.00113931009189035));
#4955=CARTESIAN_POINT('',(0.0147792401129494,0.,0.00120964400248674));
#4956=CARTESIAN_POINT('',(0.0148720464007976,0.,0.00126913239045457));
#4957=CARTESIAN_POINT('',(0.0149267395515683,0.,0.00130556969363043));
#4958=CARTESIAN_POINT('',(0.0149421674357942,0.,0.00131591501271641));
#4959=CARTESIAN_POINT('',(0.0132233465071239,0.,0.000550857949678355));
#4960=CARTESIAN_POINT('',(0.0133072042769845,0.,3.36102673470503E-18));
#4961=CARTESIAN_POINT('',(0.0132233465071238,0.,-0.000550857949678336));
#4962=CARTESIAN_POINT('',(0.0127391827215621,0.,-0.000525093883657613));
#4963=CARTESIAN_POINT('',(0.0129278101550513,0.,-0.000532675344592629));
#4964=CARTESIAN_POINT('',(0.0131426634383896,0.,-0.000541310895340772));
#4965=CARTESIAN_POINT('',(0.0131542279993136,0.,-0.000542457108048237));
#4966=CARTESIAN_POINT('',(0.0131690493253756,0.,-0.00054373861925928));
#4967=CARTESIAN_POINT('',(0.0131867416383798,0.,-0.000545752337966187));
#4968=CARTESIAN_POINT('',(0.013210412888639,0.,-0.000548859592601268));
#4969=CARTESIAN_POINT('',(0.0132389633754342,0.,-0.000553215935352041));
#4970=CARTESIAN_POINT('',(0.0132726874140286,0.,-0.000559044147552044));
#4971=CARTESIAN_POINT('',(0.0133114309485903,0.,-0.000566544190007777));
#4972=CARTESIAN_POINT('',(0.0133551698019099,0.,-0.000575921236080243));
#4973=CARTESIAN_POINT('',(0.013403832922799,0.,-0.000587376881864876));
#4974=CARTESIAN_POINT('',(0.0134573553050688,0.,-0.00060111156111915));
#4975=CARTESIAN_POINT('',(0.0135156623958455,0.,-0.000617323619846259));
#4976=CARTESIAN_POINT('',(0.0135786746971302,0.,-0.000636209377070697));
#4977=CARTESIAN_POINT('',(0.0136463064963008,0.,-0.000657962900454939));
#4978=CARTESIAN_POINT('',(0.0137184663010882,0.,-0.000682775866237043));
#4979=CARTESIAN_POINT('',(0.0137950567922846,0.,-0.00071083739717431));
#4980=CARTESIAN_POINT('',(0.0138759749198456,0.,-0.00074233390798635));
#4981=CARTESIAN_POINT('',(0.0139611119641808,0.,-0.000777448954016138));
#4982=CARTESIAN_POINT('',(0.0140503536109057,0.,-0.000816363068675656));
#4983=CARTESIAN_POINT('',(0.0141435800331106,0.,-0.000859253655183043));
#4984=CARTESIAN_POINT('',(0.0142406659521689,0.,-0.000906294676046793));
#4985=CARTESIAN_POINT('',(0.0143414808034823,0.,-0.000957657135908839));
#4986=CARTESIAN_POINT('',(0.0144458885136842,0.,-0.00101350650559733));
#4987=CARTESIAN_POINT('',(0.0145537487963931,0.,-0.00107401196845353));
#4988=CARTESIAN_POINT('',(0.0146649126101133,0.,-0.00113931009189035));
#4989=CARTESIAN_POINT('',(0.0147792401129494,0.,-0.00120964400248674));
#4990=CARTESIAN_POINT('',(0.0148720464007976,0.,-0.00126913239045457));
#4991=CARTESIAN_POINT('',(0.0149267395515683,0.,-0.00130556969363043));
#4992=CARTESIAN_POINT('',(0.0149421674357942,0.,-0.00131591501271641));
#4993=CARTESIAN_POINT('',(0.0125366291950415,0.,-0.00232280615334836));
#4994=CARTESIAN_POINT('',(0.0127222143787214,0.,-0.00235738832813752));
#4995=CARTESIAN_POINT('',(0.0129336024324895,0.,-0.00239677864194809));
#4996=CARTESIAN_POINT('',(0.0129451321020486,0.,-0.0023982345240839));
#4997=CARTESIAN_POINT('',(0.0129598669895936,0.,-0.00240028319835226));
#4998=CARTESIAN_POINT('',(0.0129775638139398,0.,-0.00240225687779116));
#4999=CARTESIAN_POINT('',(0.0130013330057372,0.,-0.00240449487723277));
#5000=CARTESIAN_POINT('',(0.0130301370496778,0.,-0.00240660083807658));
#5001=CARTESIAN_POINT('',(0.0130643124554369,0.,-0.00240842305588947));
#5002=CARTESIAN_POINT('',(0.0131037535251498,0.,-0.00240973230265228));
#5003=CARTESIAN_POINT('',(0.0131484823431476,0.,-0.00241032316919326));
#5004=CARTESIAN_POINT('',(0.0131984744989953,0.,-0.00240998330347522));
#5005=CARTESIAN_POINT('',(0.0132537112170518,0.,-0.0024085028317956));
#5006=CARTESIAN_POINT('',(0.0133141639497775,0.,-0.00240567179152453));
#5007=CARTESIAN_POINT('',(0.0133797988774468,0.,-0.00240128109579634));
#5008=CARTESIAN_POINT('',(0.0134505756205496,0.,-0.00239512246977734));
#5009=CARTESIAN_POINT('',(0.0135264476326945,0.,-0.00238698868400775));
#5010=CARTESIAN_POINT('',(0.013607362118442,0.,-0.00237667370187164));
#5011=CARTESIAN_POINT('',(0.013693260092605,0.,-0.00236397285166352));
#5012=CARTESIAN_POINT('',(0.0137840764063265,0.,-0.00234868298777129));
#5013=CARTESIAN_POINT('',(0.0138797397837858,0.,-0.00233060266578891));
#5014=CARTESIAN_POINT('',(0.0139801728783137,0.,-0.00230953226637143));
#5015=CARTESIAN_POINT('',(0.0140852922625804,0.,-0.00228527431149671));
#5016=CARTESIAN_POINT('',(0.014195008697627,0.,-0.0022576330306098));
#5017=CARTESIAN_POINT('',(0.0143092263424538,0.,-0.00222641682240909));
#5018=CARTESIAN_POINT('',(0.0144278460747868,0.,-0.00219142952867628));
#5019=CARTESIAN_POINT('',(0.01455075297902,0.,-0.0021525048411758));
#5020=CARTESIAN_POINT('',(0.0146778648201396,0.,-0.00210937461127046));
#5021=CARTESIAN_POINT('',(0.014781581672239,0.,-0.00207202906323891));
#5022=CARTESIAN_POINT('',(0.014843011614264,0.,-0.00204867569031864));
#5023=CARTESIAN_POINT('',(0.0148603547392868,0.,-0.0020420227771882));
#5024=CARTESIAN_POINT('',(0.0130143870276868,0.,-0.00240542462400449));
#5025=CARTESIAN_POINT('',(0.0129735648827376,0.,-0.00296113152406205));
#5026=CARTESIAN_POINT('',(0.0127692321768074,0.,-0.00347951820558182));
#5027=CARTESIAN_POINT('',(0.012302940432229,0.,-0.00334666352073588));
#5028=CARTESIAN_POINT('',(0.0124851515483729,0.,-0.00339602845128637));
#5029=CARTESIAN_POINT('',(0.0126926964205056,0.,-0.00345225684401979));
#5030=CARTESIAN_POINT('',(0.0127037159774204,0.,-0.00345594767567921));
#5031=CARTESIAN_POINT('',(0.0127178805388222,0.,-0.00346049511204642));
#5032=CARTESIAN_POINT('',(0.0127346811740336,0.,-0.0034663952526346));
#5033=CARTESIAN_POINT('',(0.0127570675074242,0.,-0.00347469195062421));
#5034=CARTESIAN_POINT('',(0.0127839327964497,0.,-0.00348529215175354));
#5035=CARTESIAN_POINT('',(0.0128155144037648,0.,-0.00349847854307024));
#5036=CARTESIAN_POINT('',(0.0128516176405736,0.,-0.00351441179129833));
#5037=CARTESIAN_POINT('',(0.0128921732804719,0.,-0.00353328654573903));
#5038=CARTESIAN_POINT('',(0.0129370671943215,0.,-0.00355528353767601));
#5039=CARTESIAN_POINT('',(0.0129861914050675,0.,-0.0035805837103361));
#5040=CARTESIAN_POINT('',(0.0130394290928945,0.,-0.003609363847199));
#5041=CARTESIAN_POINT('',(0.0130966590678917,0.,-0.00364179765519241));
#5042=CARTESIAN_POINT('',(0.013157754582314,0.,-0.0036780552634446));
#5043=CARTESIAN_POINT('',(0.0132225837858187,0.,-0.00371830318352498));
#5044=CARTESIAN_POINT('',(0.0132910097154214,0.,-0.00376270414092746));
#5045=CARTESIAN_POINT('',(0.0133628904235798,0.,-0.00381141694577333));
#5046=CARTESIAN_POINT('',(0.0134380790716245,0.,-0.00386459635890508));
#5047=CARTESIAN_POINT('',(0.0135164240388075,0.,-0.00392239295004151));
#5048=CARTESIAN_POINT('',(0.0135977690266003,0.,-0.00398495301053584));
#5049=CARTESIAN_POINT('',(0.0136819531870733,0.,-0.00405241826417631));
#5050=CARTESIAN_POINT('',(0.0137688111770423,0.,-0.00412492637480505));
#5051=CARTESIAN_POINT('',(0.0138581735140612,0.,-0.0042026083853785));
#5052=CARTESIAN_POINT('',(0.0139498657821858,0.,-0.00428559802080167));
#5053=CARTESIAN_POINT('',(0.0140437122875934,0.,-0.00437399525960448));
#5054=CARTESIAN_POINT('',(0.0141395225937636,0.,-0.00446800601492578));
#5055=CARTESIAN_POINT('',(0.0142167646225627,0.,-0.00454665424665533));
#5056=CARTESIAN_POINT('',(0.0142619784391206,0.,-0.0045943483615566));
#5057=CARTESIAN_POINT('',(0.0142747174640132,0.,-0.00460786732910087));
#5058=CARTESIAN_POINT('',(0.0117054367322769,0.,-0.00505423099063166));
#5059=CARTESIAN_POINT('',(0.0118786736501016,0.,-0.00512924270649847));
#5060=CARTESIAN_POINT('',(0.0120759965946039,0.,-0.00521468369005367));
#5061=CARTESIAN_POINT('',(0.0120869132270228,0.,-0.00521866866302323));
#5062=CARTESIAN_POINT('',(0.0121008228072616,0.,-0.00522394479368866));
#5063=CARTESIAN_POINT('',(0.0121176367502816,0.,-0.00522980690274492));
#5064=CARTESIAN_POINT('',(0.012140311997089,0.,-0.00523727793362615));
#5065=CARTESIAN_POINT('',(0.0121679252431365,0.,-0.00524574059639412));
#5066=CARTESIAN_POINT('',(0.0122008383185117,0.,-0.00525512187060984));
#5067=CARTESIAN_POINT('',(0.0122389991834486,0.,-0.00526517475549157));
#5068=CARTESIAN_POINT('',(0.012282475076419,0.,-0.00527570390613038));
#5069=CARTESIAN_POINT('',(0.0123312894517821,0.,-0.0052864968627652));
#5070=CARTESIAN_POINT('',(0.0123854707059336,0.,-0.00529734483569217));
#5071=CARTESIAN_POINT('',(0.0124450377281607,0.,-0.0053080367740577));
#5072=CARTESIAN_POINT('',(0.0125100040728737,0.,-0.00531836130764352));
#5073=CARTESIAN_POINT('',(0.0125803767184716,0.,-0.00532810639821454));
#5074=CARTESIAN_POINT('',(0.0126561563984711,0.,-0.00533705965443968));
#5075=CARTESIAN_POINT('',(0.0127373374885848,0.,-0.00534500845738066));
#5076=CARTESIAN_POINT('',(0.0128239080262465,0.,-0.00535174014144002));
#5077=CARTESIAN_POINT('',(0.0129158497001685,0.,-0.00535704215730582));
#5078=CARTESIAN_POINT('',(0.0130131378471609,0.,-0.00536070225084161));
#5079=CARTESIAN_POINT('',(0.0131157414792801,0.,-0.00536250859632317));
#5080=CARTESIAN_POINT('',(0.0132236232038877,0.,-0.00536225010258729));
#5081=CARTESIAN_POINT('',(0.0133367395824784,0.,-0.00535971604991912));
#5082=CARTESIAN_POINT('',(0.0134550398122871,0.,-0.00535469831423291));
#5083=CARTESIAN_POINT('',(0.0135784709055521,0.,-0.00534698359862549));
#5084=CARTESIAN_POINT('',(0.0137069578349054,0.,-0.00533638419342794));
#5085=CARTESIAN_POINT('',(0.0138404800958221,0.,-0.00532262037403727));
#5086=CARTESIAN_POINT('',(0.0139499067161245,0.,-0.00530929032766175));
#5087=CARTESIAN_POINT('',(0.0140149930956017,0.,-0.00530019192063047));
#5088=CARTESIAN_POINT('',(0.0140333818047142,0.,-0.00529756501830009));
#5089=CARTESIAN_POINT('',(0.0121528318393339,0.,-0.00524108916286126));
#5090=CARTESIAN_POINT('',(0.011989376772381,0.,-0.00577377954889922));
#5091=CARTESIAN_POINT('',(0.0116748152254757,0.,-0.00623370088945473));
#5092=CARTESIAN_POINT('',(0.0112497773370187,0.,-0.00600041747443462));
#5093=CARTESIAN_POINT('',(0.0114164353096064,0.,-0.00608909051085277));
#5094=CARTESIAN_POINT('',(0.0116062646040128,0.,-0.00619009221917051));
#5095=CARTESIAN_POINT('',(0.011616186590321,0.,-0.00619614259607091));
#5096=CARTESIAN_POINT('',(0.0116289841168079,0.,-0.00620372793014637));
#5097=CARTESIAN_POINT('',(0.0116440506202238,0.,-0.0062132186349299));
#5098=CARTESIAN_POINT('',(0.0116640294925123,0.,-0.00622628874519284));
#5099=CARTESIAN_POINT('',(0.0116878624459966,0.,-0.00624260126635353));
#5100=CARTESIAN_POINT('',(0.0117157179883683,0.,-0.00626248461606472));
#5101=CARTESIAN_POINT('',(0.0117473705603768,0.,-0.00628605211046757));
#5102=CARTESIAN_POINT('',(0.0117827093577236,0.,-0.00631347811427474));
#5103=CARTESIAN_POINT('',(0.0118215828962326,0.,-0.0063449134313369));
#5104=CARTESIAN_POINT('',(0.0118638456424032,0.,-0.00638051044110132));
#5105=CARTESIAN_POINT('',(0.0119093443673117,0.,-0.00642041549986231));
#5106=CARTESIAN_POINT('',(0.0119579222661035,0.,-0.0064647709920601));
#5107=CARTESIAN_POINT('',(0.0120094179115715,0.,-0.00651371457730389));
#5108=CARTESIAN_POINT('',(0.0120636657068267,0.,-0.00656737925290904));
#5109=CARTESIAN_POINT('',(0.0121204959130036,0.,-0.00662589318737034));
#5110=CARTESIAN_POINT('',(0.0121797348029048,0.,-0.0066893796228081));
#5111=CARTESIAN_POINT('',(0.0122412047818854,0.,-0.0067579567652095));
#5112=CARTESIAN_POINT('',(0.0123047245257319,0.,-0.00683173767040572));
#5113=CARTESIAN_POINT('',(0.0123701091017576,0.,-0.00691083018222573));
#5114=CARTESIAN_POINT('',(0.0124371701583167,0.,-0.00699533667911503));
#5115=CARTESIAN_POINT('',(0.012505715864637,0.,-0.00708535458107604));
#5116=CARTESIAN_POINT('',(0.01257555182775,0.,-0.00718097393215244));
#5117=CARTESIAN_POINT('',(0.0126464782480929,0.,-0.00728228629328795));
#5118=CARTESIAN_POINT('',(0.0127183015895379,0.,-0.00738935004078845));
#5119=CARTESIAN_POINT('',(0.012790790370222,0.,-0.00750232354900813));
#5120=CARTESIAN_POINT('',(0.0128485949021132,0.,-0.00759618787375405));
#5121=CARTESIAN_POINT('',(0.0128820621748998,0.,-0.0076527472183063));
#5122=CARTESIAN_POINT('',(0.0128914735525575,0.,-0.0076687619368259));
#5123=CARTESIAN_POINT('',(0.0102872847941089,0.,-0.00753221558141401));
#5124=CARTESIAN_POINT('',(0.0104394866236441,0.,-0.00764389543770326));
#5125=CARTESIAN_POINT('',(0.0106128498624945,0.,-0.00777110272331716));
#5126=CARTESIAN_POINT('',(0.0106226060522397,0.,-0.00777741696393598));
#5127=CARTESIAN_POINT('',(0.0106349928407379,0.,-0.00778565598377571));
#5128=CARTESIAN_POINT('',(0.0106500807811198,0.,-0.00779511257182322));
#5129=CARTESIAN_POINT('',(0.0106705250513787,0.,-0.00780744200545937));
#5130=CARTESIAN_POINT('',(0.0106955628560734,0.,-0.00782183701690331));
#5131=CARTESIAN_POINT('',(0.0107255632020322,0.,-0.0078383069312599));
#5132=CARTESIAN_POINT('',(0.0107605303170794,0.,-0.00785659936063538));
#5133=CARTESIAN_POINT('',(0.0108005732222094,0.,-0.0078765388197931));
#5134=CARTESIAN_POINT('',(0.010845762060476,0.,-0.00789792339486764));
#5135=CARTESIAN_POINT('',(0.0108961709763981,0.,-0.00792055584974144));
#5136=CARTESIAN_POINT('',(0.0109518653489019,0.,-0.00794423462830829));
#5137=CARTESIAN_POINT('',(0.0110129054268589,0.,-0.00796875667598264));
#5138=CARTESIAN_POINT('',(0.011079345196651,0.,-0.00799391682361049));
#5139=CARTESIAN_POINT('',(0.0111512326349215,0.,-0.00801950816817769));
#5140=CARTESIAN_POINT('',(0.0112286095705605,0.,-0.00804532217002498));
#5141=CARTESIAN_POINT('',(0.0113115116634755,0.,-0.00807114883360402));
#5142=CARTESIAN_POINT('',(0.0113999683581525,0.,-0.00809677686401305));
#5143=CARTESIAN_POINT('',(0.0114940028407478,0.,-0.00812199384069392));
#5144=CARTESIAN_POINT('',(0.0115936320359085,0.,-0.00814658635336941));
#5145=CARTESIAN_POINT('',(0.0116988664607103,0.,-0.00817034028272768));
#5146=CARTESIAN_POINT('',(0.0118097106552897,0.,-0.00819304052626031));
#5147=CARTESIAN_POINT('',(0.011926161402579,0.,-0.00821447287330815));
#5148=CARTESIAN_POINT('',(0.0120482145063564,0.,-0.00823441758388051));
#5149=CARTESIAN_POINT('',(0.0121758385896774,0.,-0.00825267495942177));
#5150=CARTESIAN_POINT('',(0.0123090759066883,0.,-0.00826896772592272));
#5151=CARTESIAN_POINT('',(0.0124187251875259,0.,-0.00828032160538991));
#5152=CARTESIAN_POINT('',(0.0124842043016112,0.,-0.00828593439636782));
#5153=CARTESIAN_POINT('',(0.012502716508154,0.,-0.00828746522868932));
#5154=CARTESIAN_POINT('',(0.0106818829167504,0.,-0.00781394360620973));
#5155=CARTESIAN_POINT('',(0.0104039912473797,0.,-0.00829690615795078));
#5156=CARTESIAN_POINT('',(0.00999497428895581,0.,-0.00867529978106233));
#5157=CARTESIAN_POINT('',(0.00963250343115106,0.,-0.00835328544040386));
#5158=CARTESIAN_POINT('',(0.00977525133353395,0.,-0.00847682014637731));
#5159=CARTESIAN_POINT('',(0.00993784621673449,0.,-0.0086175305228779));
#5160=CARTESIAN_POINT('',(0.00994617310261197,0.,-0.00862563705385733));
#5161=CARTESIAN_POINT('',(0.00995696187276809,0.,-0.00863587992531691));
#5162=CARTESIAN_POINT('',(0.00996953874699487,0.,-0.00864848529072821));
#5163=CARTESIAN_POINT('',(0.0099861083341002,0.,-0.00866567342335987));
#5164=CARTESIAN_POINT('',(0.010005713868238,0.,-0.00868688028662576));
#5165=CARTESIAN_POINT('',(0.0100284465524572,0.,-0.00871246356055128));
#5166=CARTESIAN_POINT('',(0.010054061267535,0.,-0.00874248352855024));
#5167=CARTESIAN_POINT('',(0.0100824111874696,0.,-0.00877708552737197));
#5168=CARTESIAN_POINT('',(0.0101133150690954,0.,-0.00881638287149937));
#5169=CARTESIAN_POINT('',(0.0101465971201237,0.,-0.00886049173565836));
#5170=CARTESIAN_POINT('',(0.0101820753860606,0.,-0.00890952071004215));
#5171=CARTESIAN_POINT('',(0.0102195653099579,0.,-0.00896357371685313));
#5172=CARTESIAN_POINT('',(0.0102588788797809,0.,-0.00902274904335378));
#5173=CARTESIAN_POINT('',(0.0102998250558134,0.,-0.00908713950356469));
#5174=CARTESIAN_POINT('',(0.0103422098347245,0.,-0.00915683228207799));
#5175=CARTESIAN_POINT('',(0.0103858364210686,0.,-0.00923190887313853));
#5176=CARTESIAN_POINT('',(0.0104305053695628,0.,-0.00931244500053637));
#5177=CARTESIAN_POINT('',(0.0104760147448811,0.,-0.00939851053712359));
#5178=CARTESIAN_POINT('',(0.0105221602534756,0.,-0.00949016947146508));
#5179=CARTESIAN_POINT('',(0.0105687354847222,0.,-0.00958747970298077));
#5180=CARTESIAN_POINT('',(0.0106155317394569,0.,-0.00969049352278769));
#5181=CARTESIAN_POINT('',(0.0106623394618642,0.,-0.00979925546083246));
#5182=CARTESIAN_POINT('',(0.0107089434875463,0.,-0.00991381032284938));
#5183=CARTESIAN_POINT('',(0.0107551421427806,0.,-0.0100341719556886));
#5184=CARTESIAN_POINT('',(0.0108006745078282,0.,-0.0101604432533683));
#5185=CARTESIAN_POINT('',(0.0108361429822119,0.,-0.0102648169219445));
#5186=CARTESIAN_POINT('',(0.0108561855224224,0.,-0.0103274053744406));
#5187=CARTESIAN_POINT('',(0.010861797327071,0.,-0.0103451127990773));
#5188=CARTESIAN_POINT('',(0.00835328544040385,0.,-0.00963250343115106));
#5189=CARTESIAN_POINT('',(0.0084768201463773,0.,-0.00977525133353395));
#5190=CARTESIAN_POINT('',(0.0086175305228779,0.,-0.00993784621673449));
#5191=CARTESIAN_POINT('',(0.00862563705385732,0.,-0.00994617310261197));
#5192=CARTESIAN_POINT('',(0.00863587992531691,0.,-0.00995696187276809));
#5193=CARTESIAN_POINT('',(0.00864848529072821,0.,-0.00996953874699487));
#5194=CARTESIAN_POINT('',(0.00866567342335986,0.,-0.0099861083341002));
#5195=CARTESIAN_POINT('',(0.00868688028662575,0.,-0.010005713868238));
#5196=CARTESIAN_POINT('',(0.00871246356055128,0.,-0.0100284465524572));
#5197=CARTESIAN_POINT('',(0.00874248352855024,0.,-0.010054061267535));
#5198=CARTESIAN_POINT('',(0.00877708552737197,0.,-0.0100824111874696));
#5199=CARTESIAN_POINT('',(0.00881638287149937,0.,-0.0101133150690954));
#5200=CARTESIAN_POINT('',(0.00886049173565835,0.,-0.0101465971201237));
#5201=CARTESIAN_POINT('',(0.00890952071004215,0.,-0.0101820753860606));
#5202=CARTESIAN_POINT('',(0.00896357371685313,0.,-0.0102195653099579));
#5203=CARTESIAN_POINT('',(0.00902274904335378,0.,-0.0102588788797809));
#5204=CARTESIAN_POINT('',(0.00908713950356468,0.,-0.0102998250558134));
#5205=CARTESIAN_POINT('',(0.00915683228207799,0.,-0.0103422098347245));
#5206=CARTESIAN_POINT('',(0.00923190887313853,0.,-0.0103858364210686));
#5207=CARTESIAN_POINT('',(0.00931244500053636,0.,-0.0104305053695628));
#5208=CARTESIAN_POINT('',(0.00939851053712359,0.,-0.0104760147448811));
#5209=CARTESIAN_POINT('',(0.00949016947146507,0.,-0.0105221602534756));
#5210=CARTESIAN_POINT('',(0.00958747970298077,0.,-0.0105687354847222));
#5211=CARTESIAN_POINT('',(0.00969049352278769,0.,-0.0106155317394569));
#5212=CARTESIAN_POINT('',(0.00979925546083246,0.,-0.0106623394618642));
#5213=CARTESIAN_POINT('',(0.00991381032284937,0.,-0.0107089434875463));
#5214=CARTESIAN_POINT('',(0.0100341719556886,0.,-0.0107551421427806));
#5215=CARTESIAN_POINT('',(0.0101604432533682,0.,-0.0108006745078282));
#5216=CARTESIAN_POINT('',(0.0102648169219445,0.,-0.0108361429822119));
#5217=CARTESIAN_POINT('',(0.0103274053744406,0.,-0.0108561855224224));
#5218=CARTESIAN_POINT('',(0.0103451127990773,0.,-0.010861797327071));
#5219=CARTESIAN_POINT('',(0.00867529978106238,0.,-0.00999497428895585));
#5220=CARTESIAN_POINT('',(0.00829690615795079,0.,-0.0104039912473797));
#5221=CARTESIAN_POINT('',(0.0078139436062097,0.,-0.0106818829167503));
#5222=CARTESIAN_POINT('',(0.007532215581414,0.,-0.0102872847941089));
#5223=CARTESIAN_POINT('',(0.00764389543770326,0.,-0.0104394866236441));
#5224=CARTESIAN_POINT('',(0.00777110272331715,0.,-0.0106128498624945));
#5225=CARTESIAN_POINT('',(0.00777741696393598,0.,-0.0106226060522397));
#5226=CARTESIAN_POINT('',(0.0077856559837757,0.,-0.0106349928407379));
#5227=CARTESIAN_POINT('',(0.00779511257182321,0.,-0.0106500807811198));
#5228=CARTESIAN_POINT('',(0.00780744200545937,0.,-0.0106705250513787));
#5229=CARTESIAN_POINT('',(0.00782183701690331,0.,-0.0106955628560734));
#5230=CARTESIAN_POINT('',(0.0078383069312599,0.,-0.0107255632020322));
#5231=CARTESIAN_POINT('',(0.00785659936063538,0.,-0.0107605303170794));
#5232=CARTESIAN_POINT('',(0.0078765388197931,0.,-0.0108005732222094));
#5233=CARTESIAN_POINT('',(0.00789792339486764,0.,-0.010845762060476));
#5234=CARTESIAN_POINT('',(0.00792055584974144,0.,-0.0108961709763981));
#5235=CARTESIAN_POINT('',(0.00794423462830829,0.,-0.0109518653489019));
#5236=CARTESIAN_POINT('',(0.00796875667598264,0.,-0.0110129054268589));
#5237=CARTESIAN_POINT('',(0.00799391682361048,0.,-0.011079345196651));
#5238=CARTESIAN_POINT('',(0.00801950816817769,0.,-0.0111512326349215));
#5239=CARTESIAN_POINT('',(0.00804532217002498,0.,-0.0112286095705605));
#5240=CARTESIAN_POINT('',(0.00807114883360402,0.,-0.0113115116634755));
#5241=CARTESIAN_POINT('',(0.00809677686401305,0.,-0.0113999683581525));
#5242=CARTESIAN_POINT('',(0.00812199384069391,0.,-0.0114940028407478));
#5243=CARTESIAN_POINT('',(0.00814658635336941,0.,-0.0115936320359085));
#5244=CARTESIAN_POINT('',(0.00817034028272767,0.,-0.0116988664607103));
#5245=CARTESIAN_POINT('',(0.0081930405262603,0.,-0.0118097106552897));
#5246=CARTESIAN_POINT('',(0.00821447287330815,0.,-0.011926161402579));
#5247=CARTESIAN_POINT('',(0.00823441758388051,0.,-0.0120482145063564));
#5248=CARTESIAN_POINT('',(0.00825267495942177,0.,-0.0121758385896774));
#5249=CARTESIAN_POINT('',(0.00826896772592271,0.,-0.0123090759066883));
#5250=CARTESIAN_POINT('',(0.0082803216053899,0.,-0.012418725187526));
#5251=CARTESIAN_POINT('',(0.00828593439636781,0.,-0.0124842043016112));
#5252=CARTESIAN_POINT('',(0.00828746522868931,0.,-0.012502716508154));
#5253=CARTESIAN_POINT('',(0.00600041747443462,0.,-0.0112497773370187));
#5254=CARTESIAN_POINT('',(0.00608909051085276,0.,-0.0114164353096064));
#5255=CARTESIAN_POINT('',(0.0061900922191705,0.,-0.0116062646040128));
#5256=CARTESIAN_POINT('',(0.00619614259607091,0.,-0.011616186590321));
#5257=CARTESIAN_POINT('',(0.00620372793014637,0.,-0.0116289841168079));
#5258=CARTESIAN_POINT('',(0.0062132186349299,0.,-0.0116440506202238));
#5259=CARTESIAN_POINT('',(0.00622628874519283,0.,-0.0116640294925123));
#5260=CARTESIAN_POINT('',(0.00624260126635353,0.,-0.0116878624459966));
#5261=CARTESIAN_POINT('',(0.00626248461606471,0.,-0.0117157179883684));
#5262=CARTESIAN_POINT('',(0.00628605211046756,0.,-0.0117473705603768));
#5263=CARTESIAN_POINT('',(0.00631347811427473,0.,-0.0117827093577236));
#5264=CARTESIAN_POINT('',(0.0063449134313369,0.,-0.0118215828962326));
#5265=CARTESIAN_POINT('',(0.00638051044110131,0.,-0.0118638456424032));
#5266=CARTESIAN_POINT('',(0.00642041549986231,0.,-0.0119093443673117));
#5267=CARTESIAN_POINT('',(0.0064647709920601,0.,-0.0119579222661035));
#5268=CARTESIAN_POINT('',(0.00651371457730389,0.,-0.0120094179115715));
#5269=CARTESIAN_POINT('',(0.00656737925290904,0.,-0.0120636657068268));
#5270=CARTESIAN_POINT('',(0.00662589318737034,0.,-0.0121204959130036));
#5271=CARTESIAN_POINT('',(0.0066893796228081,0.,-0.0121797348029048));
#5272=CARTESIAN_POINT('',(0.0067579567652095,0.,-0.0122412047818854));
#5273=CARTESIAN_POINT('',(0.00683173767040571,0.,-0.0123047245257319));
#5274=CARTESIAN_POINT('',(0.00691083018222573,0.,-0.0123701091017576));
#5275=CARTESIAN_POINT('',(0.00699533667911503,0.,-0.0124371701583167));
#5276=CARTESIAN_POINT('',(0.00708535458107603,0.,-0.012505715864637));
#5277=CARTESIAN_POINT('',(0.00718097393215244,0.,-0.01257555182775));
#5278=CARTESIAN_POINT('',(0.00728228629328795,0.,-0.0126464782480929));
#5279=CARTESIAN_POINT('',(0.00738935004078844,0.,-0.0127183015895379));
#5280=CARTESIAN_POINT('',(0.00750232354900813,0.,-0.012790790370222));
#5281=CARTESIAN_POINT('',(0.00759618787375404,0.,-0.0128485949021132));
#5282=CARTESIAN_POINT('',(0.0076527472183063,0.,-0.0128820621748998));
#5283=CARTESIAN_POINT('',(0.00766876193682589,0.,-0.0128914735525575));
#5284=CARTESIAN_POINT('',(0.00623370088945477,0.,-0.0116748152254757));
#5285=CARTESIAN_POINT('',(0.00577377954889922,0.,-0.011989376772381));
#5286=CARTESIAN_POINT('',(0.00524108916286125,0.,-0.0121528318393338));
#5287=CARTESIAN_POINT('',(0.00505423099063165,0.,-0.011705436732277));
#5288=CARTESIAN_POINT('',(0.00512924270649846,0.,-0.0118786736501016));
#5289=CARTESIAN_POINT('',(0.00521468369005366,0.,-0.0120759965946039));
#5290=CARTESIAN_POINT('',(0.00521866866302322,0.,-0.0120869132270228));
#5291=CARTESIAN_POINT('',(0.00522394479368865,0.,-0.0121008228072616));
#5292=CARTESIAN_POINT('',(0.00522980690274491,0.,-0.0121176367502816));
#5293=CARTESIAN_POINT('',(0.00523727793362614,0.,-0.012140311997089));
#5294=CARTESIAN_POINT('',(0.00524574059639411,0.,-0.0121679252431365));
#5295=CARTESIAN_POINT('',(0.00525512187060984,0.,-0.0122008383185117));
#5296=CARTESIAN_POINT('',(0.00526517475549156,0.,-0.0122389991834486));
#5297=CARTESIAN_POINT('',(0.00527570390613038,0.,-0.012282475076419));
#5298=CARTESIAN_POINT('',(0.0052864968627652,0.,-0.0123312894517821));
#5299=CARTESIAN_POINT('',(0.00529734483569216,0.,-0.0123854707059336));
#5300=CARTESIAN_POINT('',(0.00530803677405769,0.,-0.0124450377281607));
#5301=CARTESIAN_POINT('',(0.00531836130764352,0.,-0.0125100040728737));
#5302=CARTESIAN_POINT('',(0.00532810639821453,0.,-0.0125803767184716));
#5303=CARTESIAN_POINT('',(0.00533705965443968,0.,-0.0126561563984711));
#5304=CARTESIAN_POINT('',(0.00534500845738065,0.,-0.0127373374885848));
#5305=CARTESIAN_POINT('',(0.00535174014144002,0.,-0.0128239080262465));
#5306=CARTESIAN_POINT('',(0.00535704215730582,0.,-0.0129158497001685));
#5307=CARTESIAN_POINT('',(0.00536070225084161,0.,-0.0130131378471609));
#5308=CARTESIAN_POINT('',(0.00536250859632316,0.,-0.0131157414792801));
#5309=CARTESIAN_POINT('',(0.00536225010258729,0.,-0.0132236232038877));
#5310=CARTESIAN_POINT('',(0.00535971604991911,0.,-0.0133367395824784));
#5311=CARTESIAN_POINT('',(0.00535469831423291,0.,-0.0134550398122871));
#5312=CARTESIAN_POINT('',(0.00534698359862549,0.,-0.0135784709055522));
#5313=CARTESIAN_POINT('',(0.00533638419342794,0.,-0.0137069578349055));
#5314=CARTESIAN_POINT('',(0.00532262037403727,0.,-0.0138404800958221));
#5315=CARTESIAN_POINT('',(0.00530929032766174,0.,-0.0139499067161245));
#5316=CARTESIAN_POINT('',(0.00530019192063047,0.,-0.0140149930956017));
#5317=CARTESIAN_POINT('',(0.00529756501830008,0.,-0.0140333818047142));
#5318=CARTESIAN_POINT('',(0.0033466635207359,0.,-0.012302940432229));
#5319=CARTESIAN_POINT('',(0.00339602845128639,0.,-0.0124851515483729));
#5320=CARTESIAN_POINT('',(0.00345225684401981,0.,-0.0126926964205056));
#5321=CARTESIAN_POINT('',(0.00345594767567923,0.,-0.0127037159774204));
#5322=CARTESIAN_POINT('',(0.00346049511204643,0.,-0.0127178805388222));
#5323=CARTESIAN_POINT('',(0.00346639525263462,0.,-0.0127346811740336));
#5324=CARTESIAN_POINT('',(0.00347469195062422,0.,-0.0127570675074242));
#5325=CARTESIAN_POINT('',(0.00348529215175356,0.,-0.0127839327964497));
#5326=CARTESIAN_POINT('',(0.00349847854307025,0.,-0.0128155144037648));
#5327=CARTESIAN_POINT('',(0.00351441179129835,0.,-0.0128516176405736));
#5328=CARTESIAN_POINT('',(0.00353328654573905,0.,-0.0128921732804719));
#5329=CARTESIAN_POINT('',(0.00355528353767603,0.,-0.0129370671943215));
#5330=CARTESIAN_POINT('',(0.00358058371033612,0.,-0.0129861914050675));
#5331=CARTESIAN_POINT('',(0.00360936384719901,0.,-0.0130394290928945));
#5332=CARTESIAN_POINT('',(0.00364179765519242,0.,-0.0130966590678917));
#5333=CARTESIAN_POINT('',(0.00367805526344462,0.,-0.0131577545823139));
#5334=CARTESIAN_POINT('',(0.003718303183525,0.,-0.0132225837858187));
#5335=CARTESIAN_POINT('',(0.00376270414092748,0.,-0.0132910097154214));
#5336=CARTESIAN_POINT('',(0.00381141694577335,0.,-0.0133628904235798));
#5337=CARTESIAN_POINT('',(0.0038645963589051,0.,-0.0134380790716245));
#5338=CARTESIAN_POINT('',(0.00392239295004153,0.,-0.0135164240388075));
#5339=CARTESIAN_POINT('',(0.00398495301053586,0.,-0.0135977690266003));
#5340=CARTESIAN_POINT('',(0.00405241826417633,0.,-0.0136819531870733));
#5341=CARTESIAN_POINT('',(0.00412492637480507,0.,-0.0137688111770423));
#5342=CARTESIAN_POINT('',(0.00420260838537851,0.,-0.0138581735140612));
#5343=CARTESIAN_POINT('',(0.00428559802080169,0.,-0.0139498657821857));
#5344=CARTESIAN_POINT('',(0.0043739952596045,0.,-0.0140437122875934));
#5345=CARTESIAN_POINT('',(0.00446800601492581,0.,-0.0141395225937636));
#5346=CARTESIAN_POINT('',(0.00454665424665535,0.,-0.0142167646225627));
#5347=CARTESIAN_POINT('',(0.00459434836155661,0.,-0.0142619784391206));
#5348=CARTESIAN_POINT('',(0.00460786732910089,0.,-0.0142747174640132));
#5349=CARTESIAN_POINT('',(0.00347951820558186,0.,-0.0127692321768074));
#5350=CARTESIAN_POINT('',(0.00296113152406208,0.,-0.0129735648827376));
#5351=CARTESIAN_POINT('',(0.00240542462400451,0.,-0.0130143870276867));
#5352=CARTESIAN_POINT('',(0.00232280615334838,0.,-0.0125366291950415));
#5353=CARTESIAN_POINT('',(0.00235738832813754,0.,-0.0127222143787214));
#5354=CARTESIAN_POINT('',(0.0023967786419481,0.,-0.0129336024324895));
#5355=CARTESIAN_POINT('',(0.00239823452408392,0.,-0.0129451321020486));
#5356=CARTESIAN_POINT('',(0.00240028319835228,0.,-0.0129598669895936));
#5357=CARTESIAN_POINT('',(0.00240225687779117,0.,-0.0129775638139398));
#5358=CARTESIAN_POINT('',(0.00240449487723278,0.,-0.0130013330057372));
#5359=CARTESIAN_POINT('',(0.0024066008380766,0.,-0.0130301370496778));
#5360=CARTESIAN_POINT('',(0.00240842305588949,0.,-0.0130643124554369));
#5361=CARTESIAN_POINT('',(0.0024097323026523,0.,-0.0131037535251497));
#5362=CARTESIAN_POINT('',(0.00241032316919328,0.,-0.0131484823431476));
#5363=CARTESIAN_POINT('',(0.00240998330347524,0.,-0.0131984744989953));
#5364=CARTESIAN_POINT('',(0.00240850283179562,0.,-0.0132537112170518));
#5365=CARTESIAN_POINT('',(0.00240567179152454,0.,-0.0133141639497775));
#5366=CARTESIAN_POINT('',(0.00240128109579636,0.,-0.0133797988774468));
#5367=CARTESIAN_POINT('',(0.00239512246977736,0.,-0.0134505756205496));
#5368=CARTESIAN_POINT('',(0.00238698868400776,0.,-0.0135264476326945));
#5369=CARTESIAN_POINT('',(0.00237667370187166,0.,-0.013607362118442));
#5370=CARTESIAN_POINT('',(0.00236397285166354,0.,-0.013693260092605));
#5371=CARTESIAN_POINT('',(0.00234868298777131,0.,-0.0137840764063265));
#5372=CARTESIAN_POINT('',(0.00233060266578893,0.,-0.0138797397837858));
#5373=CARTESIAN_POINT('',(0.00230953226637145,0.,-0.0139801728783137));
#5374=CARTESIAN_POINT('',(0.00228527431149673,0.,-0.0140852922625804));
#5375=CARTESIAN_POINT('',(0.00225763303060981,0.,-0.014195008697627));
#5376=CARTESIAN_POINT('',(0.0022264168224091,0.,-0.0143092263424538));
#5377=CARTESIAN_POINT('',(0.0021914295286763,0.,-0.0144278460747868));
#5378=CARTESIAN_POINT('',(0.00215250484117582,0.,-0.01455075297902));
#5379=CARTESIAN_POINT('',(0.00210937461127048,0.,-0.0146778648201396));
#5380=CARTESIAN_POINT('',(0.00207202906323894,0.,-0.014781581672239));
#5381=CARTESIAN_POINT('',(0.00204867569031866,0.,-0.014843011614264));
#5382=CARTESIAN_POINT('',(0.00204202277718822,0.,-0.0148603547392868));
#5383=CARTESIAN_POINT('',(0.00052509388365761,0.,-0.0127391827215621));
#5384=CARTESIAN_POINT('',(0.000532675344592626,0.,-0.0129278101550513));
#5385=CARTESIAN_POINT('',(0.000541310895340769,0.,-0.0131426634383896));
#5386=CARTESIAN_POINT('',(0.000542457108048235,0.,-0.0131542279993136));
#5387=CARTESIAN_POINT('',(0.000543738619259278,0.,-0.0131690493253756));
#5388=CARTESIAN_POINT('',(0.000545752337966185,0.,-0.0131867416383798));
#5389=CARTESIAN_POINT('',(0.000548859592601265,0.,-0.013210412888639));
#5390=CARTESIAN_POINT('',(0.000553215935352038,0.,-0.0132389633754342));
#5391=CARTESIAN_POINT('',(0.000559044147552042,0.,-0.0132726874140286));
#5392=CARTESIAN_POINT('',(0.000566544190007774,0.,-0.0133114309485903));
#5393=CARTESIAN_POINT('',(0.00057592123608024,0.,-0.0133551698019099));
#5394=CARTESIAN_POINT('',(0.000587376881864874,0.,-0.013403832922799));
#5395=CARTESIAN_POINT('',(0.000601111561119147,0.,-0.0134573553050688));
#5396=CARTESIAN_POINT('',(0.000617323619846256,0.,-0.0135156623958455));
#5397=CARTESIAN_POINT('',(0.000636209377070695,0.,-0.0135786746971302));
#5398=CARTESIAN_POINT('',(0.000657962900454936,0.,-0.0136463064963008));
#5399=CARTESIAN_POINT('',(0.00068277586623704,0.,-0.0137184663010882));
#5400=CARTESIAN_POINT('',(0.000710837397174308,0.,-0.0137950567922846));
#5401=CARTESIAN_POINT('',(0.000742333907986347,0.,-0.0138759749198456));
#5402=CARTESIAN_POINT('',(0.000777448954016135,0.,-0.0139611119641808));
#5403=CARTESIAN_POINT('',(0.000816363068675653,0.,-0.0140503536109057));
#5404=CARTESIAN_POINT('',(0.00085925365518304,0.,-0.0141435800331106));
#5405=CARTESIAN_POINT('',(0.00090629467604679,0.,-0.0142406659521689));
#5406=CARTESIAN_POINT('',(0.000957657135908836,0.,-0.0143414808034823));
#5407=CARTESIAN_POINT('',(0.00101350650559733,0.,-0.0144458885136842));
#5408=CARTESIAN_POINT('',(0.00107401196845353,0.,-0.0145537487963931));
#5409=CARTESIAN_POINT('',(0.00113931009189035,0.,-0.0146649126101133));
#5410=CARTESIAN_POINT('',(0.00120964400248674,0.,-0.0147792401129494));
#5411=CARTESIAN_POINT('',(0.00126913239045457,0.,-0.0148720464007976));
#5412=CARTESIAN_POINT('',(0.00130556969363042,0.,-0.0149267395515683));
#5413=CARTESIAN_POINT('',(0.00131591501271641,0.,-0.0149421674357942));
#5414=CARTESIAN_POINT('',(0.000550857949678352,0.,-0.0132233465071239));
#5415=CARTESIAN_POINT('',(9.16532966193673E-19,0.,-0.0133072042769845));
#5416=CARTESIAN_POINT('',(-0.000550857949678339,0.,-0.0132233465071238));
#5417=CARTESIAN_POINT('',(-0.000525093883657615,0.,-0.0127391827215621));
#5418=CARTESIAN_POINT('',(-0.000532675344592631,0.,-0.0129278101550513));
#5419=CARTESIAN_POINT('',(-0.000541310895340774,0.,-0.0131426634383896));
#5420=CARTESIAN_POINT('',(-0.00054245710804824,0.,-0.0131542279993136));
#5421=CARTESIAN_POINT('',(-0.000543738619259282,0.,-0.0131690493253756));
#5422=CARTESIAN_POINT('',(-0.000545752337966189,0.,-0.0131867416383798));
#5423=CARTESIAN_POINT('',(-0.00054885959260127,0.,-0.013210412888639));
#5424=CARTESIAN_POINT('',(-0.000553215935352043,0.,-0.0132389633754342));
#5425=CARTESIAN_POINT('',(-0.000559044147552047,0.,-0.0132726874140286));
#5426=CARTESIAN_POINT('',(-0.000566544190007779,0.,-0.0133114309485903));
#5427=CARTESIAN_POINT('',(-0.000575921236080245,0.,-0.0133551698019099));
#5428=CARTESIAN_POINT('',(-0.000587376881864879,0.,-0.013403832922799));
#5429=CARTESIAN_POINT('',(-0.000601111561119152,0.,-0.0134573553050688));
#5430=CARTESIAN_POINT('',(-0.000617323619846261,0.,-0.0135156623958455));
#5431=CARTESIAN_POINT('',(-0.0006362093770707,0.,-0.0135786746971302));
#5432=CARTESIAN_POINT('',(-0.000657962900454941,0.,-0.0136463064963008));
#5433=CARTESIAN_POINT('',(-0.000682775866237045,0.,-0.0137184663010882));
#5434=CARTESIAN_POINT('',(-0.000710837397174313,0.,-0.0137950567922846));
#5435=CARTESIAN_POINT('',(-0.000742333907986352,0.,-0.0138759749198456));
#5436=CARTESIAN_POINT('',(-0.00077744895401614,0.,-0.0139611119641808));
#5437=CARTESIAN_POINT('',(-0.000816363068675658,0.,-0.0140503536109057));
#5438=CARTESIAN_POINT('',(-0.000859253655183045,0.,-0.0141435800331106));
#5439=CARTESIAN_POINT('',(-0.000906294676046796,0.,-0.0142406659521689));
#5440=CARTESIAN_POINT('',(-0.000957657135908841,0.,-0.0143414808034823));
#5441=CARTESIAN_POINT('',(-0.00101350650559734,0.,-0.0144458885136842));
#5442=CARTESIAN_POINT('',(-0.00107401196845354,0.,-0.0145537487963931));
#5443=CARTESIAN_POINT('',(-0.00113931009189035,0.,-0.0146649126101133));
#5444=CARTESIAN_POINT('',(-0.00120964400248674,0.,-0.0147792401129494));
#5445=CARTESIAN_POINT('',(-0.00126913239045458,0.,-0.0148720464007976));
#5446=CARTESIAN_POINT('',(-0.00130556969363043,0.,-0.0149267395515683));
#5447=CARTESIAN_POINT('',(-0.00131591501271642,0.,-0.0149421674357942));
#5448=CARTESIAN_POINT('',(-0.00232280615334836,0.,-0.0125366291950415));
#5449=CARTESIAN_POINT('',(-0.00235738832813752,0.,-0.0127222143787214));
#5450=CARTESIAN_POINT('',(-0.00239677864194809,0.,-0.0129336024324895));
#5451=CARTESIAN_POINT('',(-0.0023982345240839,0.,-0.0129451321020486));
#5452=CARTESIAN_POINT('',(-0.00240028319835226,0.,-0.0129598669895936));
#5453=CARTESIAN_POINT('',(-0.00240225687779115,0.,-0.0129775638139398));
#5454=CARTESIAN_POINT('',(-0.00240449487723277,0.,-0.0130013330057372));
#5455=CARTESIAN_POINT('',(-0.00240660083807658,0.,-0.0130301370496778));
#5456=CARTESIAN_POINT('',(-0.00240842305588947,0.,-0.0130643124554369));
#5457=CARTESIAN_POINT('',(-0.00240973230265228,0.,-0.0131037535251498));
#5458=CARTESIAN_POINT('',(-0.00241032316919326,0.,-0.0131484823431476));
#5459=CARTESIAN_POINT('',(-0.00240998330347522,0.,-0.0131984744989953));
#5460=CARTESIAN_POINT('',(-0.0024085028317956,0.,-0.0132537112170518));
#5461=CARTESIAN_POINT('',(-0.00240567179152452,0.,-0.0133141639497775));
#5462=CARTESIAN_POINT('',(-0.00240128109579634,0.,-0.0133797988774468));
#5463=CARTESIAN_POINT('',(-0.00239512246977734,0.,-0.0134505756205496));
#5464=CARTESIAN_POINT('',(-0.00238698868400775,0.,-0.0135264476326945));
#5465=CARTESIAN_POINT('',(-0.00237667370187164,0.,-0.013607362118442));
#5466=CARTESIAN_POINT('',(-0.00236397285166351,0.,-0.013693260092605));
#5467=CARTESIAN_POINT('',(-0.00234868298777129,0.,-0.0137840764063265));
#5468=CARTESIAN_POINT('',(-0.00233060266578891,0.,-0.0138797397837858));
#5469=CARTESIAN_POINT('',(-0.00230953226637143,0.,-0.0139801728783137));
#5470=CARTESIAN_POINT('',(-0.00228527431149671,0.,-0.0140852922625804));
#5471=CARTESIAN_POINT('',(-0.00225763303060979,0.,-0.014195008697627));
#5472=CARTESIAN_POINT('',(-0.00222641682240909,0.,-0.0143092263424538));
#5473=CARTESIAN_POINT('',(-0.00219142952867628,0.,-0.0144278460747868));
#5474=CARTESIAN_POINT('',(-0.0021525048411758,0.,-0.01455075297902));
#5475=CARTESIAN_POINT('',(-0.00210937461127046,0.,-0.0146778648201396));
#5476=CARTESIAN_POINT('',(-0.00207202906323891,0.,-0.014781581672239));
#5477=CARTESIAN_POINT('',(-0.00204867569031864,0.,-0.014843011614264));
#5478=CARTESIAN_POINT('',(-0.0020420227771882,0.,-0.0148603547392868));
#5479=CARTESIAN_POINT('',(-0.00240542462400449,0.,-0.0130143870276868));
#5480=CARTESIAN_POINT('',(-0.00296113152406205,0.,-0.0129735648827376));
#5481=CARTESIAN_POINT('',(-0.00347951820558182,0.,-0.0127692321768074));
#5482=CARTESIAN_POINT('',(-0.00334666352073588,0.,-0.012302940432229));
#5483=CARTESIAN_POINT('',(-0.00339602845128637,0.,-0.0124851515483729));
#5484=CARTESIAN_POINT('',(-0.00345225684401979,0.,-0.0126926964205056));
#5485=CARTESIAN_POINT('',(-0.00345594767567921,0.,-0.0127037159774204));
#5486=CARTESIAN_POINT('',(-0.00346049511204642,0.,-0.0127178805388222));
#5487=CARTESIAN_POINT('',(-0.0034663952526346,0.,-0.0127346811740336));
#5488=CARTESIAN_POINT('',(-0.00347469195062421,0.,-0.0127570675074242));
#5489=CARTESIAN_POINT('',(-0.00348529215175354,0.,-0.0127839327964497));
#5490=CARTESIAN_POINT('',(-0.00349847854307024,0.,-0.0128155144037648));
#5491=CARTESIAN_POINT('',(-0.00351441179129833,0.,-0.0128516176405736));
#5492=CARTESIAN_POINT('',(-0.00353328654573903,0.,-0.0128921732804719));
#5493=CARTESIAN_POINT('',(-0.00355528353767601,0.,-0.0129370671943215));
#5494=CARTESIAN_POINT('',(-0.0035805837103361,0.,-0.0129861914050675));
#5495=CARTESIAN_POINT('',(-0.003609363847199,0.,-0.0130394290928945));
#5496=CARTESIAN_POINT('',(-0.0036417976551924,0.,-0.0130966590678917));
#5497=CARTESIAN_POINT('',(-0.0036780552634446,0.,-0.013157754582314));
#5498=CARTESIAN_POINT('',(-0.00371830318352498,0.,-0.0132225837858187));
#5499=CARTESIAN_POINT('',(-0.00376270414092746,0.,-0.0132910097154214));
#5500=CARTESIAN_POINT('',(-0.00381141694577333,0.,-0.0133628904235798));
#5501=CARTESIAN_POINT('',(-0.00386459635890508,0.,-0.0134380790716245));
#5502=CARTESIAN_POINT('',(-0.00392239295004151,0.,-0.0135164240388075));
#5503=CARTESIAN_POINT('',(-0.00398495301053584,0.,-0.0135977690266003));
#5504=CARTESIAN_POINT('',(-0.00405241826417631,0.,-0.0136819531870733));
#5505=CARTESIAN_POINT('',(-0.00412492637480505,0.,-0.0137688111770423));
#5506=CARTESIAN_POINT('',(-0.00420260838537849,0.,-0.0138581735140612));
#5507=CARTESIAN_POINT('',(-0.00428559802080167,0.,-0.0139498657821858));
#5508=CARTESIAN_POINT('',(-0.00437399525960448,0.,-0.0140437122875934));
#5509=CARTESIAN_POINT('',(-0.00446800601492578,0.,-0.0141395225937636));
#5510=CARTESIAN_POINT('',(-0.00454665424665533,0.,-0.0142167646225627));
#5511=CARTESIAN_POINT('',(-0.00459434836155659,0.,-0.0142619784391206));
#5512=CARTESIAN_POINT('',(-0.00460786732910087,0.,-0.0142747174640132));
#5513=CARTESIAN_POINT('',(-0.00505423099063164,0.,-0.011705436732277));
#5514=CARTESIAN_POINT('',(-0.00512924270649845,0.,-0.0118786736501016));
#5515=CARTESIAN_POINT('',(-0.00521468369005365,0.,-0.0120759965946039));
#5516=CARTESIAN_POINT('',(-0.00521866866302322,0.,-0.0120869132270228));
#5517=CARTESIAN_POINT('',(-0.00522394479368865,0.,-0.0121008228072616));
#5518=CARTESIAN_POINT('',(-0.0052298069027449,0.,-0.0121176367502816));
#5519=CARTESIAN_POINT('',(-0.00523727793362613,0.,-0.012140311997089));
#5520=CARTESIAN_POINT('',(-0.00524574059639411,0.,-0.0121679252431365));
#5521=CARTESIAN_POINT('',(-0.00525512187060983,0.,-0.0122008383185117));
#5522=CARTESIAN_POINT('',(-0.00526517475549156,0.,-0.0122389991834486));
#5523=CARTESIAN_POINT('',(-0.00527570390613037,0.,-0.012282475076419));
#5524=CARTESIAN_POINT('',(-0.00528649686276519,0.,-0.0123312894517821));
#5525=CARTESIAN_POINT('',(-0.00529734483569215,0.,-0.0123854707059336));
#5526=CARTESIAN_POINT('',(-0.00530803677405769,0.,-0.0124450377281607));
#5527=CARTESIAN_POINT('',(-0.00531836130764351,0.,-0.0125100040728737));
#5528=CARTESIAN_POINT('',(-0.00532810639821453,0.,-0.0125803767184716));
#5529=CARTESIAN_POINT('',(-0.00533705965443967,0.,-0.0126561563984711));
#5530=CARTESIAN_POINT('',(-0.00534500845738065,0.,-0.0127373374885848));
#5531=CARTESIAN_POINT('',(-0.00535174014144001,0.,-0.0128239080262465));
#5532=CARTESIAN_POINT('',(-0.00535704215730581,0.,-0.0129158497001685));
#5533=CARTESIAN_POINT('',(-0.0053607022508416,0.,-0.0130131378471609));
#5534=CARTESIAN_POINT('',(-0.00536250859632316,0.,-0.0131157414792801));
#5535=CARTESIAN_POINT('',(-0.00536225010258728,0.,-0.0132236232038877));
#5536=CARTESIAN_POINT('',(-0.0053597160499191,0.,-0.0133367395824784));
#5537=CARTESIAN_POINT('',(-0.0053546983142329,0.,-0.0134550398122871));
#5538=CARTESIAN_POINT('',(-0.00534698359862548,0.,-0.0135784709055522));
#5539=CARTESIAN_POINT('',(-0.00533638419342793,0.,-0.0137069578349055));
#5540=CARTESIAN_POINT('',(-0.00532262037403726,0.,-0.0138404800958221));
#5541=CARTESIAN_POINT('',(-0.00530929032766173,0.,-0.0139499067161245));
#5542=CARTESIAN_POINT('',(-0.00530019192063046,0.,-0.0140149930956017));
#5543=CARTESIAN_POINT('',(-0.00529756501830007,0.,-0.0140333818047142));
#5544=CARTESIAN_POINT('',(-0.00524108916286125,0.,-0.0121528318393339));
#5545=CARTESIAN_POINT('',(-0.0057737795488992,0.,-0.011989376772381));
#5546=CARTESIAN_POINT('',(-0.00623370088945472,0.,-0.0116748152254757));
#5547=CARTESIAN_POINT('',(-0.00600041747443461,0.,-0.0112497773370187));
#5548=CARTESIAN_POINT('',(-0.00608909051085276,0.,-0.0114164353096064));
#5549=CARTESIAN_POINT('',(-0.0061900922191705,0.,-0.0116062646040128));
#5550=CARTESIAN_POINT('',(-0.0061961425960709,0.,-0.011616186590321));
#5551=CARTESIAN_POINT('',(-0.00620372793014636,0.,-0.0116289841168079));
#5552=CARTESIAN_POINT('',(-0.00621321863492989,0.,-0.0116440506202238));
#5553=CARTESIAN_POINT('',(-0.00622628874519283,0.,-0.0116640294925123));
#5554=CARTESIAN_POINT('',(-0.00624260126635352,0.,-0.0116878624459966));
#5555=CARTESIAN_POINT('',(-0.00626248461606471,0.,-0.0117157179883684));
#5556=CARTESIAN_POINT('',(-0.00628605211046756,0.,-0.0117473705603768));
#5557=CARTESIAN_POINT('',(-0.00631347811427473,0.,-0.0117827093577236));
#5558=CARTESIAN_POINT('',(-0.00634491343133689,0.,-0.0118215828962326));
#5559=CARTESIAN_POINT('',(-0.00638051044110131,0.,-0.0118638456424032));
#5560=CARTESIAN_POINT('',(-0.0064204154998623,0.,-0.0119093443673117));
#5561=CARTESIAN_POINT('',(-0.00646477099206009,0.,-0.0119579222661035));
#5562=CARTESIAN_POINT('',(-0.00651371457730388,0.,-0.0120094179115715));
#5563=CARTESIAN_POINT('',(-0.00656737925290903,0.,-0.0120636657068268));
#5564=CARTESIAN_POINT('',(-0.00662589318737033,0.,-0.0121204959130036));
#5565=CARTESIAN_POINT('',(-0.00668937962280809,0.,-0.0121797348029048));
#5566=CARTESIAN_POINT('',(-0.00675795676520949,0.,-0.0122412047818854));
#5567=CARTESIAN_POINT('',(-0.0068317376704057,0.,-0.0123047245257319));
#5568=CARTESIAN_POINT('',(-0.00691083018222572,0.,-0.0123701091017576));
#5569=CARTESIAN_POINT('',(-0.00699533667911502,0.,-0.0124371701583167));
#5570=CARTESIAN_POINT('',(-0.00708535458107602,0.,-0.012505715864637));
#5571=CARTESIAN_POINT('',(-0.00718097393215243,0.,-0.0125755518277501));
#5572=CARTESIAN_POINT('',(-0.00728228629328794,0.,-0.0126464782480929));
#5573=CARTESIAN_POINT('',(-0.00738935004078843,0.,-0.0127183015895379));
#5574=CARTESIAN_POINT('',(-0.00750232354900812,0.,-0.012790790370222));
#5575=CARTESIAN_POINT('',(-0.00759618787375403,0.,-0.0128485949021132));
#5576=CARTESIAN_POINT('',(-0.00765274721830629,0.,-0.0128820621748998));
#5577=CARTESIAN_POINT('',(-0.00766876193682588,0.,-0.0128914735525575));
#5578=CARTESIAN_POINT('',(-0.00753221558141401,0.,-0.0102872847941089));
#5579=CARTESIAN_POINT('',(-0.00764389543770326,0.,-0.0104394866236441));
#5580=CARTESIAN_POINT('',(-0.00777110272331716,0.,-0.0106128498624945));
#5581=CARTESIAN_POINT('',(-0.00777741696393598,0.,-0.0106226060522397));
#5582=CARTESIAN_POINT('',(-0.00778565598377571,0.,-0.0106349928407379));
#5583=CARTESIAN_POINT('',(-0.00779511257182322,0.,-0.0106500807811198));
#5584=CARTESIAN_POINT('',(-0.00780744200545937,0.,-0.0106705250513787));
#5585=CARTESIAN_POINT('',(-0.00782183701690331,0.,-0.0106955628560734));
#5586=CARTESIAN_POINT('',(-0.0078383069312599,0.,-0.0107255632020322));
#5587=CARTESIAN_POINT('',(-0.00785659936063538,0.,-0.0107605303170794));
#5588=CARTESIAN_POINT('',(-0.0078765388197931,0.,-0.0108005732222094));
#5589=CARTESIAN_POINT('',(-0.00789792339486764,0.,-0.010845762060476));
#5590=CARTESIAN_POINT('',(-0.00792055584974144,0.,-0.0108961709763981));
#5591=CARTESIAN_POINT('',(-0.00794423462830829,0.,-0.0109518653489019));
#5592=CARTESIAN_POINT('',(-0.00796875667598264,0.,-0.0110129054268589));
#5593=CARTESIAN_POINT('',(-0.00799391682361049,0.,-0.011079345196651));
#5594=CARTESIAN_POINT('',(-0.00801950816817769,0.,-0.0111512326349215));
#5595=CARTESIAN_POINT('',(-0.00804532217002498,0.,-0.0112286095705605));
#5596=CARTESIAN_POINT('',(-0.00807114883360402,0.,-0.0113115116634755));
#5597=CARTESIAN_POINT('',(-0.00809677686401305,0.,-0.0113999683581525));
#5598=CARTESIAN_POINT('',(-0.00812199384069392,0.,-0.0114940028407478));
#5599=CARTESIAN_POINT('',(-0.00814658635336941,0.,-0.0115936320359085));
#5600=CARTESIAN_POINT('',(-0.00817034028272768,0.,-0.0116988664607103));
#5601=CARTESIAN_POINT('',(-0.00819304052626031,0.,-0.0118097106552897));
#5602=CARTESIAN_POINT('',(-0.00821447287330815,0.,-0.011926161402579));
#5603=CARTESIAN_POINT('',(-0.00823441758388051,0.,-0.0120482145063564));
#5604=CARTESIAN_POINT('',(-0.00825267495942177,0.,-0.0121758385896774));
#5605=CARTESIAN_POINT('',(-0.00826896772592272,0.,-0.0123090759066883));
#5606=CARTESIAN_POINT('',(-0.00828032160538991,0.,-0.0124187251875259));
#5607=CARTESIAN_POINT('',(-0.00828593439636782,0.,-0.0124842043016112));
#5608=CARTESIAN_POINT('',(-0.00828746522868932,0.,-0.012502716508154));
#5609=CARTESIAN_POINT('',(-0.00781394360620973,0.,-0.0106818829167504));
#5610=CARTESIAN_POINT('',(-0.00829690615795078,0.,-0.0104039912473797));
#5611=CARTESIAN_POINT('',(-0.00867529978106233,0.,-0.00999497428895581));
#5612=CARTESIAN_POINT('',(-0.00835328544040386,0.,-0.00963250343115106));
#5613=CARTESIAN_POINT('',(-0.00847682014637731,0.,-0.00977525133353395));
#5614=CARTESIAN_POINT('',(-0.0086175305228779,0.,-0.00993784621673449));
#5615=CARTESIAN_POINT('',(-0.00862563705385733,0.,-0.00994617310261197));
#5616=CARTESIAN_POINT('',(-0.00863587992531691,0.,-0.00995696187276809));
#5617=CARTESIAN_POINT('',(-0.00864848529072821,0.,-0.00996953874699487));
#5618=CARTESIAN_POINT('',(-0.00866567342335987,0.,-0.0099861083341002));
#5619=CARTESIAN_POINT('',(-0.00868688028662576,0.,-0.010005713868238));
#5620=CARTESIAN_POINT('',(-0.00871246356055128,0.,-0.0100284465524572));
#5621=CARTESIAN_POINT('',(-0.00874248352855024,0.,-0.010054061267535));
#5622=CARTESIAN_POINT('',(-0.00877708552737197,0.,-0.0100824111874696));
#5623=CARTESIAN_POINT('',(-0.00881638287149937,0.,-0.0101133150690954));
#5624=CARTESIAN_POINT('',(-0.00886049173565836,0.,-0.0101465971201237));
#5625=CARTESIAN_POINT('',(-0.00890952071004215,0.,-0.0101820753860606));
#5626=CARTESIAN_POINT('',(-0.00896357371685313,0.,-0.0102195653099579));
#5627=CARTESIAN_POINT('',(-0.00902274904335378,0.,-0.0102588788797809));
#5628=CARTESIAN_POINT('',(-0.00908713950356469,0.,-0.0102998250558134));
#5629=CARTESIAN_POINT('',(-0.00915683228207799,0.,-0.0103422098347245));
#5630=CARTESIAN_POINT('',(-0.00923190887313853,0.,-0.0103858364210686));
#5631=CARTESIAN_POINT('',(-0.00931244500053637,0.,-0.0104305053695628));
#5632=CARTESIAN_POINT('',(-0.00939851053712359,0.,-0.0104760147448811));
#5633=CARTESIAN_POINT('',(-0.00949016947146508,0.,-0.0105221602534756));
#5634=CARTESIAN_POINT('',(-0.00958747970298077,0.,-0.0105687354847222));
#5635=CARTESIAN_POINT('',(-0.00969049352278769,0.,-0.0106155317394569));
#5636=CARTESIAN_POINT('',(-0.00979925546083246,0.,-0.0106623394618642));
#5637=CARTESIAN_POINT('',(-0.00991381032284938,0.,-0.0107089434875463));
#5638=CARTESIAN_POINT('',(-0.0100341719556886,0.,-0.0107551421427806));
#5639=CARTESIAN_POINT('',(-0.0101604432533683,0.,-0.0108006745078282));
#5640=CARTESIAN_POINT('',(-0.0102648169219445,0.,-0.0108361429822119));
#5641=CARTESIAN_POINT('',(-0.0103274053744406,0.,-0.0108561855224224));
#5642=CARTESIAN_POINT('',(-0.0103451127990773,0.,-0.010861797327071));
#5643=CARTESIAN_POINT('',(-0.00963250343115106,0.,-0.00835328544040386));
#5644=CARTESIAN_POINT('',(-0.00977525133353395,0.,-0.00847682014637731));
#5645=CARTESIAN_POINT('',(-0.00993784621673449,0.,-0.0086175305228779));
#5646=CARTESIAN_POINT('',(-0.00994617310261197,0.,-0.00862563705385733));
#5647=CARTESIAN_POINT('',(-0.00995696187276809,0.,-0.00863587992531692));
#5648=CARTESIAN_POINT('',(-0.00996953874699487,0.,-0.00864848529072821));
#5649=CARTESIAN_POINT('',(-0.0099861083341002,0.,-0.00866567342335987));
#5650=CARTESIAN_POINT('',(-0.010005713868238,0.,-0.00868688028662576));
#5651=CARTESIAN_POINT('',(-0.0100284465524572,0.,-0.00871246356055129));
#5652=CARTESIAN_POINT('',(-0.010054061267535,0.,-0.00874248352855024));
#5653=CARTESIAN_POINT('',(-0.0100824111874696,0.,-0.00877708552737198));
#5654=CARTESIAN_POINT('',(-0.0101133150690954,0.,-0.00881638287149937));
#5655=CARTESIAN_POINT('',(-0.0101465971201237,0.,-0.00886049173565836));
#5656=CARTESIAN_POINT('',(-0.0101820753860606,0.,-0.00890952071004216));
#5657=CARTESIAN_POINT('',(-0.0102195653099579,0.,-0.00896357371685313));
#5658=CARTESIAN_POINT('',(-0.0102588788797809,0.,-0.00902274904335379));
#5659=CARTESIAN_POINT('',(-0.0102998250558134,0.,-0.00908713950356469));
#5660=CARTESIAN_POINT('',(-0.0103422098347245,0.,-0.00915683228207799));
#5661=CARTESIAN_POINT('',(-0.0103858364210686,0.,-0.00923190887313853));
#5662=CARTESIAN_POINT('',(-0.0104305053695628,0.,-0.00931244500053637));
#5663=CARTESIAN_POINT('',(-0.0104760147448811,0.,-0.0093985105371236));
#5664=CARTESIAN_POINT('',(-0.0105221602534756,0.,-0.00949016947146508));
#5665=CARTESIAN_POINT('',(-0.0105687354847222,0.,-0.00958747970298078));
#5666=CARTESIAN_POINT('',(-0.0106155317394569,0.,-0.00969049352278769));
#5667=CARTESIAN_POINT('',(-0.0106623394618642,0.,-0.00979925546083246));
#5668=CARTESIAN_POINT('',(-0.0107089434875463,0.,-0.00991381032284938));
#5669=CARTESIAN_POINT('',(-0.0107551421427806,0.,-0.0100341719556886));
#5670=CARTESIAN_POINT('',(-0.0108006745078282,0.,-0.0101604432533683));
#5671=CARTESIAN_POINT('',(-0.0108361429822119,0.,-0.0102648169219445));
#5672=CARTESIAN_POINT('',(-0.0108561855224224,0.,-0.0103274053744406));
#5673=CARTESIAN_POINT('',(-0.010861797327071,0.,-0.0103451127990773));
#5674=CARTESIAN_POINT('',(-0.00999497428895585,0.,-0.00867529978106238));
#5675=CARTESIAN_POINT('',(-0.0104039912473797,0.,-0.00829690615795079));
#5676=CARTESIAN_POINT('',(-0.0106818829167503,0.,-0.00781394360620971));
#5677=CARTESIAN_POINT('',(-0.0102872847941089,0.,-0.00753221558141401));
#5678=CARTESIAN_POINT('',(-0.0104394866236441,0.,-0.00764389543770326));
#5679=CARTESIAN_POINT('',(-0.0106128498624945,0.,-0.00777110272331716));
#5680=CARTESIAN_POINT('',(-0.0106226060522397,0.,-0.00777741696393598));
#5681=CARTESIAN_POINT('',(-0.0106349928407379,0.,-0.00778565598377571));
#5682=CARTESIAN_POINT('',(-0.0106500807811198,0.,-0.00779511257182322));
#5683=CARTESIAN_POINT('',(-0.0106705250513787,0.,-0.00780744200545937));
#5684=CARTESIAN_POINT('',(-0.0106955628560734,0.,-0.00782183701690331));
#5685=CARTESIAN_POINT('',(-0.0107255632020322,0.,-0.00783830693125991));
#5686=CARTESIAN_POINT('',(-0.0107605303170794,0.,-0.00785659936063539));
#5687=CARTESIAN_POINT('',(-0.0108005732222094,0.,-0.0078765388197931));
#5688=CARTESIAN_POINT('',(-0.010845762060476,0.,-0.00789792339486764));
#5689=CARTESIAN_POINT('',(-0.0108961709763981,0.,-0.00792055584974145));
#5690=CARTESIAN_POINT('',(-0.0109518653489019,0.,-0.0079442346283083));
#5691=CARTESIAN_POINT('',(-0.0110129054268589,0.,-0.00796875667598264));
#5692=CARTESIAN_POINT('',(-0.011079345196651,0.,-0.00799391682361049));
#5693=CARTESIAN_POINT('',(-0.0111512326349215,0.,-0.00801950816817769));
#5694=CARTESIAN_POINT('',(-0.0112286095705605,0.,-0.00804532217002498));
#5695=CARTESIAN_POINT('',(-0.0113115116634755,0.,-0.00807114883360403));
#5696=CARTESIAN_POINT('',(-0.0113999683581525,0.,-0.00809677686401306));
#5697=CARTESIAN_POINT('',(-0.0114940028407478,0.,-0.00812199384069392));
#5698=CARTESIAN_POINT('',(-0.0115936320359085,0.,-0.00814658635336942));
#5699=CARTESIAN_POINT('',(-0.0116988664607103,0.,-0.00817034028272768));
#5700=CARTESIAN_POINT('',(-0.0118097106552897,0.,-0.00819304052626031));
#5701=CARTESIAN_POINT('',(-0.011926161402579,0.,-0.00821447287330815));
#5702=CARTESIAN_POINT('',(-0.0120482145063564,0.,-0.00823441758388051));
#5703=CARTESIAN_POINT('',(-0.0121758385896774,0.,-0.00825267495942178));
#5704=CARTESIAN_POINT('',(-0.0123090759066883,0.,-0.00826896772592272));
#5705=CARTESIAN_POINT('',(-0.0124187251875259,0.,-0.00828032160538991));
#5706=CARTESIAN_POINT('',(-0.0124842043016112,0.,-0.00828593439636782));
#5707=CARTESIAN_POINT('',(-0.012502716508154,0.,-0.00828746522868932));
#5708=CARTESIAN_POINT('',(-0.0112497773370187,0.,-0.00600041747443462));
#5709=CARTESIAN_POINT('',(-0.0114164353096064,0.,-0.00608909051085276));
#5710=CARTESIAN_POINT('',(-0.0116062646040128,0.,-0.0061900922191705));
#5711=CARTESIAN_POINT('',(-0.011616186590321,0.,-0.00619614259607091));
#5712=CARTESIAN_POINT('',(-0.0116289841168079,0.,-0.00620372793014637));
#5713=CARTESIAN_POINT('',(-0.0116440506202238,0.,-0.0062132186349299));
#5714=CARTESIAN_POINT('',(-0.0116640294925123,0.,-0.00622628874519284));
#5715=CARTESIAN_POINT('',(-0.0116878624459966,0.,-0.00624260126635353));
#5716=CARTESIAN_POINT('',(-0.0117157179883684,0.,-0.00626248461606471));
#5717=CARTESIAN_POINT('',(-0.0117473705603768,0.,-0.00628605211046756));
#5718=CARTESIAN_POINT('',(-0.0117827093577236,0.,-0.00631347811427474));
#5719=CARTESIAN_POINT('',(-0.0118215828962326,0.,-0.0063449134313369));
#5720=CARTESIAN_POINT('',(-0.0118638456424032,0.,-0.00638051044110132));
#5721=CARTESIAN_POINT('',(-0.0119093443673117,0.,-0.00642041549986231));
#5722=CARTESIAN_POINT('',(-0.0119579222661035,0.,-0.0064647709920601));
#5723=CARTESIAN_POINT('',(-0.0120094179115715,0.,-0.00651371457730389));
#5724=CARTESIAN_POINT('',(-0.0120636657068268,0.,-0.00656737925290904));
#5725=CARTESIAN_POINT('',(-0.0121204959130036,0.,-0.00662589318737034));
#5726=CARTESIAN_POINT('',(-0.0121797348029048,0.,-0.0066893796228081));
#5727=CARTESIAN_POINT('',(-0.0122412047818854,0.,-0.0067579567652095));
#5728=CARTESIAN_POINT('',(-0.0123047245257319,0.,-0.00683173767040571));
#5729=CARTESIAN_POINT('',(-0.0123701091017576,0.,-0.00691083018222573));
#5730=CARTESIAN_POINT('',(-0.0124371701583167,0.,-0.00699533667911503));
#5731=CARTESIAN_POINT('',(-0.012505715864637,0.,-0.00708535458107603));
#5732=CARTESIAN_POINT('',(-0.01257555182775,0.,-0.00718097393215244));
#5733=CARTESIAN_POINT('',(-0.0126464782480929,0.,-0.00728228629328795));
#5734=CARTESIAN_POINT('',(-0.0127183015895379,0.,-0.00738935004078844));
#5735=CARTESIAN_POINT('',(-0.012790790370222,0.,-0.00750232354900813));
#5736=CARTESIAN_POINT('',(-0.0128485949021132,0.,-0.00759618787375404));
#5737=CARTESIAN_POINT('',(-0.0128820621748998,0.,-0.0076527472183063));
#5738=CARTESIAN_POINT('',(-0.0128914735525575,0.,-0.00766876193682589));
#5739=CARTESIAN_POINT('',(-0.0116748152254757,0.,-0.00623370088945477));
#5740=CARTESIAN_POINT('',(-0.011989376772381,0.,-0.00577377954889922));
#5741=CARTESIAN_POINT('',(-0.0121528318393338,0.,-0.00524108916286125));
#5742=CARTESIAN_POINT('',(-0.011705436732277,0.,-0.00505423099063165));
#5743=CARTESIAN_POINT('',(-0.0118786736501016,0.,-0.00512924270649846));
#5744=CARTESIAN_POINT('',(-0.0120759965946039,0.,-0.00521468369005366));
#5745=CARTESIAN_POINT('',(-0.0120869132270228,0.,-0.00521866866302323));
#5746=CARTESIAN_POINT('',(-0.0121008228072616,0.,-0.00522394479368865));
#5747=CARTESIAN_POINT('',(-0.0121176367502816,0.,-0.00522980690274491));
#5748=CARTESIAN_POINT('',(-0.012140311997089,0.,-0.00523727793362614));
#5749=CARTESIAN_POINT('',(-0.0121679252431365,0.,-0.00524574059639412));
#5750=CARTESIAN_POINT('',(-0.0122008383185117,0.,-0.00525512187060984));
#5751=CARTESIAN_POINT('',(-0.0122389991834486,0.,-0.00526517475549156));
#5752=CARTESIAN_POINT('',(-0.012282475076419,0.,-0.00527570390613038));
#5753=CARTESIAN_POINT('',(-0.0123312894517821,0.,-0.0052864968627652));
#5754=CARTESIAN_POINT('',(-0.0123854707059336,0.,-0.00529734483569216));
#5755=CARTESIAN_POINT('',(-0.0124450377281607,0.,-0.00530803677405769));
#5756=CARTESIAN_POINT('',(-0.0125100040728737,0.,-0.00531836130764352));
#5757=CARTESIAN_POINT('',(-0.0125803767184716,0.,-0.00532810639821453));
#5758=CARTESIAN_POINT('',(-0.0126561563984711,0.,-0.00533705965443968));
#5759=CARTESIAN_POINT('',(-0.0127373374885848,0.,-0.00534500845738066));
#5760=CARTESIAN_POINT('',(-0.0128239080262465,0.,-0.00535174014144002));
#5761=CARTESIAN_POINT('',(-0.0129158497001685,0.,-0.00535704215730582));
#5762=CARTESIAN_POINT('',(-0.0130131378471609,0.,-0.00536070225084161));
#5763=CARTESIAN_POINT('',(-0.0131157414792801,0.,-0.00536250859632317));
#5764=CARTESIAN_POINT('',(-0.0132236232038877,0.,-0.00536225010258729));
#5765=CARTESIAN_POINT('',(-0.0133367395824784,0.,-0.00535971604991911));
#5766=CARTESIAN_POINT('',(-0.0134550398122871,0.,-0.00535469831423291));
#5767=CARTESIAN_POINT('',(-0.0135784709055522,0.,-0.00534698359862549));
#5768=CARTESIAN_POINT('',(-0.0137069578349055,0.,-0.00533638419342794));
#5769=CARTESIAN_POINT('',(-0.0138404800958221,0.,-0.00532262037403727));
#5770=CARTESIAN_POINT('',(-0.0139499067161245,0.,-0.00530929032766174));
#5771=CARTESIAN_POINT('',(-0.0140149930956017,0.,-0.00530019192063047));
#5772=CARTESIAN_POINT('',(-0.0140333818047142,0.,-0.00529756501830008));
#5773=CARTESIAN_POINT('',(-0.012302940432229,0.,-0.00334666352073589));
#5774=CARTESIAN_POINT('',(-0.0124851515483729,0.,-0.00339602845128638));
#5775=CARTESIAN_POINT('',(-0.0126926964205056,0.,-0.0034522568440198));
#5776=CARTESIAN_POINT('',(-0.0127037159774204,0.,-0.00345594767567922));
#5777=CARTESIAN_POINT('',(-0.0127178805388222,0.,-0.00346049511204642));
#5778=CARTESIAN_POINT('',(-0.0127346811740336,0.,-0.00346639525263461));
#5779=CARTESIAN_POINT('',(-0.0127570675074242,0.,-0.00347469195062421));
#5780=CARTESIAN_POINT('',(-0.0127839327964497,0.,-0.00348529215175355));
#5781=CARTESIAN_POINT('',(-0.0128155144037648,0.,-0.00349847854307024));
#5782=CARTESIAN_POINT('',(-0.0128516176405736,0.,-0.00351441179129834));
#5783=CARTESIAN_POINT('',(-0.0128921732804719,0.,-0.00353328654573904));
#5784=CARTESIAN_POINT('',(-0.0129370671943215,0.,-0.00355528353767602));
#5785=CARTESIAN_POINT('',(-0.0129861914050675,0.,-0.00358058371033611));
#5786=CARTESIAN_POINT('',(-0.0130394290928945,0.,-0.003609363847199));
#5787=CARTESIAN_POINT('',(-0.0130966590678917,0.,-0.00364179765519241));
#5788=CARTESIAN_POINT('',(-0.0131577545823139,0.,-0.00367805526344461));
#5789=CARTESIAN_POINT('',(-0.0132225837858187,0.,-0.00371830318352499));
#5790=CARTESIAN_POINT('',(-0.0132910097154214,0.,-0.00376270414092747));
#5791=CARTESIAN_POINT('',(-0.0133628904235798,0.,-0.00381141694577333));
#5792=CARTESIAN_POINT('',(-0.0134380790716245,0.,-0.00386459635890509));
#5793=CARTESIAN_POINT('',(-0.0135164240388075,0.,-0.00392239295004152));
#5794=CARTESIAN_POINT('',(-0.0135977690266003,0.,-0.00398495301053585));
#5795=CARTESIAN_POINT('',(-0.0136819531870733,0.,-0.00405241826417632));
#5796=CARTESIAN_POINT('',(-0.0137688111770423,0.,-0.00412492637480506));
#5797=CARTESIAN_POINT('',(-0.0138581735140612,0.,-0.0042026083853785));
#5798=CARTESIAN_POINT('',(-0.0139498657821858,0.,-0.00428559802080168));
#5799=CARTESIAN_POINT('',(-0.0140437122875934,0.,-0.00437399525960448));
#5800=CARTESIAN_POINT('',(-0.0141395225937636,0.,-0.00446800601492579));
#5801=CARTESIAN_POINT('',(-0.0142167646225627,0.,-0.00454665424665533));
#5802=CARTESIAN_POINT('',(-0.0142619784391206,0.,-0.0045943483615566));
#5803=CARTESIAN_POINT('',(-0.0142747174640132,0.,-0.00460786732910088));
#5804=CARTESIAN_POINT('',(-0.0127692321768074,0.,-0.00347951820558185));
#5805=CARTESIAN_POINT('',(-0.0129735648827376,0.,-0.00296113152406207));
#5806=CARTESIAN_POINT('',(-0.0130143870276867,0.,-0.0024054246240045));
#5807=CARTESIAN_POINT('',(-0.0125366291950415,0.,-0.00232280615334837));
#5808=CARTESIAN_POINT('',(-0.0127222143787214,0.,-0.00235738832813753));
#5809=CARTESIAN_POINT('',(-0.0129336024324895,0.,-0.00239677864194809));
#5810=CARTESIAN_POINT('',(-0.0129451321020486,0.,-0.00239823452408391));
#5811=CARTESIAN_POINT('',(-0.0129598669895936,0.,-0.00240028319835227));
#5812=CARTESIAN_POINT('',(-0.0129775638139398,0.,-0.00240225687779116));
#5813=CARTESIAN_POINT('',(-0.0130013330057372,0.,-0.00240449487723277));
#5814=CARTESIAN_POINT('',(-0.0130301370496778,0.,-0.00240660083807659));
#5815=CARTESIAN_POINT('',(-0.0130643124554369,0.,-0.00240842305588948));
#5816=CARTESIAN_POINT('',(-0.0131037535251497,0.,-0.00240973230265229));
#5817=CARTESIAN_POINT('',(-0.0131484823431476,0.,-0.00241032316919327));
#5818=CARTESIAN_POINT('',(-0.0131984744989953,0.,-0.00240998330347523));
#5819=CARTESIAN_POINT('',(-0.0132537112170518,0.,-0.00240850283179561));
#5820=CARTESIAN_POINT('',(-0.0133141639497775,0.,-0.00240567179152453));
#5821=CARTESIAN_POINT('',(-0.0133797988774468,0.,-0.00240128109579635));
#5822=CARTESIAN_POINT('',(-0.0134505756205496,0.,-0.00239512246977734));
#5823=CARTESIAN_POINT('',(-0.0135264476326945,0.,-0.00238698868400775));
#5824=CARTESIAN_POINT('',(-0.013607362118442,0.,-0.00237667370187165));
#5825=CARTESIAN_POINT('',(-0.013693260092605,0.,-0.00236397285166352));
#5826=CARTESIAN_POINT('',(-0.0137840764063265,0.,-0.0023486829877713));
#5827=CARTESIAN_POINT('',(-0.0138797397837858,0.,-0.00233060266578891));
#5828=CARTESIAN_POINT('',(-0.0139801728783137,0.,-0.00230953226637143));
#5829=CARTESIAN_POINT('',(-0.0140852922625804,0.,-0.00228527431149672));
#5830=CARTESIAN_POINT('',(-0.014195008697627,0.,-0.0022576330306098));
#5831=CARTESIAN_POINT('',(-0.0143092263424538,0.,-0.00222641682240909));
#5832=CARTESIAN_POINT('',(-0.0144278460747868,0.,-0.00219142952867629));
#5833=CARTESIAN_POINT('',(-0.01455075297902,0.,-0.00215250484117581));
#5834=CARTESIAN_POINT('',(-0.0146778648201396,0.,-0.00210937461127047));
#5835=CARTESIAN_POINT('',(-0.014781581672239,0.,-0.00207202906323893));
#5836=CARTESIAN_POINT('',(-0.014843011614264,0.,-0.00204867569031865));
#5837=CARTESIAN_POINT('',(-0.0148603547392868,0.,-0.00204202277718821));
#5838=CARTESIAN_POINT('',(-0.0127391827215621,0.,-0.000525093883657611));
#5839=CARTESIAN_POINT('',(-0.0129278101550513,0.,-0.000532675344592627));
#5840=CARTESIAN_POINT('',(-0.0131426634383896,0.,-0.00054131089534077));
#5841=CARTESIAN_POINT('',(-0.0131542279993136,0.,-0.000542457108048236));
#5842=CARTESIAN_POINT('',(-0.0131690493253756,0.,-0.000543738619259278));
#5843=CARTESIAN_POINT('',(-0.0131867416383798,0.,-0.000545752337966185));
#5844=CARTESIAN_POINT('',(-0.013210412888639,0.,-0.000548859592601266));
#5845=CARTESIAN_POINT('',(-0.0132389633754342,0.,-0.000553215935352039));
#5846=CARTESIAN_POINT('',(-0.0132726874140286,0.,-0.000559044147552043));
#5847=CARTESIAN_POINT('',(-0.0133114309485903,0.,-0.000566544190007775));
#5848=CARTESIAN_POINT('',(-0.0133551698019099,0.,-0.000575921236080241));
#5849=CARTESIAN_POINT('',(-0.013403832922799,0.,-0.000587376881864875));
#5850=CARTESIAN_POINT('',(-0.0134573553050688,0.,-0.000601111561119148));
#5851=CARTESIAN_POINT('',(-0.0135156623958455,0.,-0.000617323619846257));
#5852=CARTESIAN_POINT('',(-0.0135786746971302,0.,-0.000636209377070695));
#5853=CARTESIAN_POINT('',(-0.0136463064963008,0.,-0.000657962900454937));
#5854=CARTESIAN_POINT('',(-0.0137184663010882,0.,-0.000682775866237041));
#5855=CARTESIAN_POINT('',(-0.0137950567922846,0.,-0.000710837397174309));
#5856=CARTESIAN_POINT('',(-0.0138759749198456,0.,-0.000742333907986348));
#5857=CARTESIAN_POINT('',(-0.0139611119641808,0.,-0.000777448954016136));
#5858=CARTESIAN_POINT('',(-0.0140503536109057,0.,-0.000816363068675654));
#5859=CARTESIAN_POINT('',(-0.0141435800331106,0.,-0.000859253655183041));
#5860=CARTESIAN_POINT('',(-0.0142406659521689,0.,-0.000906294676046791));
#5861=CARTESIAN_POINT('',(-0.0143414808034823,0.,-0.000957657135908837));
#5862=CARTESIAN_POINT('',(-0.0144458885136842,0.,-0.00101350650559733));
#5863=CARTESIAN_POINT('',(-0.0145537487963931,0.,-0.00107401196845353));
#5864=CARTESIAN_POINT('',(-0.0146649126101133,0.,-0.00113931009189035));
#5865=CARTESIAN_POINT('',(-0.0147792401129494,0.,-0.00120964400248674));
#5866=CARTESIAN_POINT('',(-0.0148720464007976,0.,-0.00126913239045457));
#5867=CARTESIAN_POINT('',(-0.0149267395515683,0.,-0.00130556969363042));
#5868=CARTESIAN_POINT('',(-0.0149421674357942,0.,-0.00131591501271641));
#5869=CARTESIAN_POINT('',(-0.0132233465071239,0.,-0.000550857949678353));
#5870=CARTESIAN_POINT('',(-0.0133072042769845,0.,-1.73136422236413E-18));
#5871=CARTESIAN_POINT('',(-0.0132233465071238,0.,0.000550857949678338));
#5872=CARTESIAN_POINT('',(-0.0127391827215621,0.,0.000525093883657614));
#5873=CARTESIAN_POINT('',(-0.0129278101550513,0.,0.00053267534459263));
#5874=CARTESIAN_POINT('',(-0.0131426634383896,0.,0.000541310895340774));
#5875=CARTESIAN_POINT('',(-0.0131542279993136,0.,0.000542457108048239));
#5876=CARTESIAN_POINT('',(-0.0131690493253756,0.,0.000543738619259282));
#5877=CARTESIAN_POINT('',(-0.0131867416383798,0.,0.000545752337966189));
#5878=CARTESIAN_POINT('',(-0.013210412888639,0.,0.000548859592601269));
#5879=CARTESIAN_POINT('',(-0.0132389633754342,0.,0.000553215935352042));
#5880=CARTESIAN_POINT('',(-0.0132726874140286,0.,0.000559044147552046));
#5881=CARTESIAN_POINT('',(-0.0133114309485903,0.,0.000566544190007778));
#5882=CARTESIAN_POINT('',(-0.0133551698019099,0.,0.000575921236080244));
#5883=CARTESIAN_POINT('',(-0.013403832922799,0.,0.000587376881864878));
#5884=CARTESIAN_POINT('',(-0.0134573553050688,0.,0.000601111561119151));
#5885=CARTESIAN_POINT('',(-0.0135156623958455,0.,0.00061732361984626));
#5886=CARTESIAN_POINT('',(-0.0135786746971302,0.,0.000636209377070699));
#5887=CARTESIAN_POINT('',(-0.0136463064963008,0.,0.00065796290045494));
#5888=CARTESIAN_POINT('',(-0.0137184663010882,0.,0.000682775866237044));
#5889=CARTESIAN_POINT('',(-0.0137950567922846,0.,0.000710837397174312));
#5890=CARTESIAN_POINT('',(-0.0138759749198456,0.,0.000742333907986352));
#5891=CARTESIAN_POINT('',(-0.0139611119641808,0.,0.000777448954016139));
#5892=CARTESIAN_POINT('',(-0.0140503536109057,0.,0.000816363068675658));
#5893=CARTESIAN_POINT('',(-0.0141435800331106,0.,0.000859253655183044));
#5894=CARTESIAN_POINT('',(-0.0142406659521689,0.,0.000906294676046795));
#5895=CARTESIAN_POINT('',(-0.0143414808034823,0.,0.00095765713590884));
#5896=CARTESIAN_POINT('',(-0.0144458885136842,0.,0.00101350650559733));
#5897=CARTESIAN_POINT('',(-0.0145537487963931,0.,0.00107401196845354));
#5898=CARTESIAN_POINT('',(-0.0146649126101133,0.,0.00113931009189035));
#5899=CARTESIAN_POINT('',(-0.0147792401129494,0.,0.00120964400248674));
#5900=CARTESIAN_POINT('',(-0.0148720464007976,0.,0.00126913239045458));
#5901=CARTESIAN_POINT('',(-0.0149267395515683,0.,0.00130556969363043));
#5902=CARTESIAN_POINT('',(-0.0149421674357942,0.,0.00131591501271642));
#5903=CARTESIAN_POINT('',(-0.0125366291950415,0.,0.00232280615334837));
#5904=CARTESIAN_POINT('',(-0.0127222143787214,0.,0.00235738832813753));
#5905=CARTESIAN_POINT('',(-0.0129336024324895,0.,0.0023967786419481));
#5906=CARTESIAN_POINT('',(-0.0129451321020486,0.,0.00239823452408391));
#5907=CARTESIAN_POINT('',(-0.0129598669895936,0.,0.00240028319835227));
#5908=CARTESIAN_POINT('',(-0.0129775638139398,0.,0.00240225687779117));
#5909=CARTESIAN_POINT('',(-0.0130013330057372,0.,0.00240449487723278));
#5910=CARTESIAN_POINT('',(-0.0130301370496778,0.,0.00240660083807659));
#5911=CARTESIAN_POINT('',(-0.0130643124554369,0.,0.00240842305588948));
#5912=CARTESIAN_POINT('',(-0.0131037535251497,0.,0.00240973230265229));
#5913=CARTESIAN_POINT('',(-0.0131484823431476,0.,0.00241032316919327));
#5914=CARTESIAN_POINT('',(-0.0131984744989953,0.,0.00240998330347523));
#5915=CARTESIAN_POINT('',(-0.0132537112170518,0.,0.00240850283179561));
#5916=CARTESIAN_POINT('',(-0.0133141639497775,0.,0.00240567179152453));
#5917=CARTESIAN_POINT('',(-0.0133797988774468,0.,0.00240128109579635));
#5918=CARTESIAN_POINT('',(-0.0134505756205496,0.,0.00239512246977735));
#5919=CARTESIAN_POINT('',(-0.0135264476326945,0.,0.00238698868400775));
#5920=CARTESIAN_POINT('',(-0.013607362118442,0.,0.00237667370187165));
#5921=CARTESIAN_POINT('',(-0.013693260092605,0.,0.00236397285166353));
#5922=CARTESIAN_POINT('',(-0.0137840764063265,0.,0.0023486829877713));
#5923=CARTESIAN_POINT('',(-0.0138797397837858,0.,0.00233060266578892));
#5924=CARTESIAN_POINT('',(-0.0139801728783137,0.,0.00230953226637144));
#5925=CARTESIAN_POINT('',(-0.0140852922625804,0.,0.00228527431149672));
#5926=CARTESIAN_POINT('',(-0.014195008697627,0.,0.00225763303060981));
#5927=CARTESIAN_POINT('',(-0.0143092263424538,0.,0.00222641682240909));
#5928=CARTESIAN_POINT('',(-0.0144278460747868,0.,0.00219142952867629));
#5929=CARTESIAN_POINT('',(-0.01455075297902,0.,0.00215250484117581));
#5930=CARTESIAN_POINT('',(-0.0146778648201396,0.,0.00210937461127048));
#5931=CARTESIAN_POINT('',(-0.014781581672239,0.,0.00207202906323893));
#5932=CARTESIAN_POINT('',(-0.014843011614264,0.,0.00204867569031865));
#5933=CARTESIAN_POINT('',(-0.0148603547392868,0.,0.00204202277718821));
#5934=CARTESIAN_POINT('',(-0.0130143870276868,0.,0.0024054246240045));
#5935=CARTESIAN_POINT('',(-0.0129735648827376,0.,0.00296113152406206));
#5936=CARTESIAN_POINT('',(-0.0127692321768074,0.,0.00347951820558183));
#5937=CARTESIAN_POINT('',(-0.012302940432229,0.,0.00334666352073589));
#5938=CARTESIAN_POINT('',(-0.0124851515483729,0.,0.00339602845128638));
#5939=CARTESIAN_POINT('',(-0.0126926964205056,0.,0.0034522568440198));
#5940=CARTESIAN_POINT('',(-0.0127037159774204,0.,0.00345594767567922));
#5941=CARTESIAN_POINT('',(-0.0127178805388222,0.,0.00346049511204643));
#5942=CARTESIAN_POINT('',(-0.0127346811740336,0.,0.00346639525263461));
#5943=CARTESIAN_POINT('',(-0.0127570675074242,0.,0.00347469195062422));
#5944=CARTESIAN_POINT('',(-0.0127839327964497,0.,0.00348529215175355));
#5945=CARTESIAN_POINT('',(-0.0128155144037648,0.,0.00349847854307025));
#5946=CARTESIAN_POINT('',(-0.0128516176405736,0.,0.00351441179129834));
#5947=CARTESIAN_POINT('',(-0.0128921732804719,0.,0.00353328654573904));
#5948=CARTESIAN_POINT('',(-0.0129370671943215,0.,0.00355528353767602));
#5949=CARTESIAN_POINT('',(-0.0129861914050675,0.,0.00358058371033611));
#5950=CARTESIAN_POINT('',(-0.0130394290928945,0.,0.00360936384719901));
#5951=CARTESIAN_POINT('',(-0.0130966590678917,0.,0.00364179765519242));
#5952=CARTESIAN_POINT('',(-0.0131577545823139,0.,0.00367805526344461));
#5953=CARTESIAN_POINT('',(-0.0132225837858187,0.,0.00371830318352499));
#5954=CARTESIAN_POINT('',(-0.0132910097154214,0.,0.00376270414092747));
#5955=CARTESIAN_POINT('',(-0.0133628904235798,0.,0.00381141694577334));
#5956=CARTESIAN_POINT('',(-0.0134380790716245,0.,0.00386459635890509));
#5957=CARTESIAN_POINT('',(-0.0135164240388075,0.,0.00392239295004152));
#5958=CARTESIAN_POINT('',(-0.0135977690266003,0.,0.00398495301053585));
#5959=CARTESIAN_POINT('',(-0.0136819531870733,0.,0.00405241826417633));
#5960=CARTESIAN_POINT('',(-0.0137688111770423,0.,0.00412492637480506));
#5961=CARTESIAN_POINT('',(-0.0138581735140612,0.,0.00420260838537851));
#5962=CARTESIAN_POINT('',(-0.0139498657821858,0.,0.00428559802080168));
#5963=CARTESIAN_POINT('',(-0.0140437122875934,0.,0.00437399525960449));
#5964=CARTESIAN_POINT('',(-0.0141395225937636,0.,0.0044680060149258));
#5965=CARTESIAN_POINT('',(-0.0142167646225627,0.,0.00454665424665534));
#5966=CARTESIAN_POINT('',(-0.0142619784391206,0.,0.00459434836155661));
#5967=CARTESIAN_POINT('',(-0.0142747174640132,0.,0.00460786732910088));
#5968=CARTESIAN_POINT('',(-0.0117054367322769,0.,0.00505423099063166));
#5969=CARTESIAN_POINT('',(-0.0118786736501016,0.,0.00512924270649846));
#5970=CARTESIAN_POINT('',(-0.0120759965946039,0.,0.00521468369005367));
#5971=CARTESIAN_POINT('',(-0.0120869132270228,0.,0.00521866866302323));
#5972=CARTESIAN_POINT('',(-0.0121008228072616,0.,0.00522394479368866));
#5973=CARTESIAN_POINT('',(-0.0121176367502816,0.,0.00522980690274491));
#5974=CARTESIAN_POINT('',(-0.012140311997089,0.,0.00523727793362614));
#5975=CARTESIAN_POINT('',(-0.0121679252431365,0.,0.00524574059639412));
#5976=CARTESIAN_POINT('',(-0.0122008383185117,0.,0.00525512187060984));
#5977=CARTESIAN_POINT('',(-0.0122389991834486,0.,0.00526517475549157));
#5978=CARTESIAN_POINT('',(-0.012282475076419,0.,0.00527570390613038));
#5979=CARTESIAN_POINT('',(-0.0123312894517821,0.,0.0052864968627652));
#5980=CARTESIAN_POINT('',(-0.0123854707059336,0.,0.00529734483569217));
#5981=CARTESIAN_POINT('',(-0.0124450377281607,0.,0.0053080367740577));
#5982=CARTESIAN_POINT('',(-0.0125100040728737,0.,0.00531836130764352));
#5983=CARTESIAN_POINT('',(-0.0125803767184716,0.,0.00532810639821454));
#5984=CARTESIAN_POINT('',(-0.0126561563984711,0.,0.00533705965443968));
#5985=CARTESIAN_POINT('',(-0.0127373374885848,0.,0.00534500845738066));
#5986=CARTESIAN_POINT('',(-0.0128239080262465,0.,0.00535174014144002));
#5987=CARTESIAN_POINT('',(-0.0129158497001685,0.,0.00535704215730582));
#5988=CARTESIAN_POINT('',(-0.0130131378471609,0.,0.00536070225084161));
#5989=CARTESIAN_POINT('',(-0.0131157414792801,0.,0.00536250859632317));
#5990=CARTESIAN_POINT('',(-0.0132236232038877,0.,0.00536225010258729));
#5991=CARTESIAN_POINT('',(-0.0133367395824784,0.,0.00535971604991911));
#5992=CARTESIAN_POINT('',(-0.0134550398122871,0.,0.00535469831423291));
#5993=CARTESIAN_POINT('',(-0.0135784709055521,0.,0.00534698359862549));
#5994=CARTESIAN_POINT('',(-0.0137069578349054,0.,0.00533638419342794));
#5995=CARTESIAN_POINT('',(-0.0138404800958221,0.,0.00532262037403727));
#5996=CARTESIAN_POINT('',(-0.0139499067161245,0.,0.00530929032766175));
#5997=CARTESIAN_POINT('',(-0.0140149930956017,0.,0.00530019192063047));
#5998=CARTESIAN_POINT('',(-0.0140333818047142,0.,0.00529756501830008));
#5999=CARTESIAN_POINT('',(-0.0121528318393339,0.,0.00524108916286126));
#6000=CARTESIAN_POINT('',(-0.011989376772381,0.,0.00577377954889922));
#6001=CARTESIAN_POINT('',(-0.0116748152254757,0.,0.00623370088945473));
#6002=CARTESIAN_POINT('',(-0.0112497773370187,0.,0.00600041747443462));
#6003=CARTESIAN_POINT('',(-0.0114164353096064,0.,0.00608909051085277));
#6004=CARTESIAN_POINT('',(-0.0116062646040128,0.,0.00619009221917051));
#6005=CARTESIAN_POINT('',(-0.011616186590321,0.,0.00619614259607091));
#6006=CARTESIAN_POINT('',(-0.0116289841168079,0.,0.00620372793014637));
#6007=CARTESIAN_POINT('',(-0.0116440506202238,0.,0.0062132186349299));
#6008=CARTESIAN_POINT('',(-0.0116640294925123,0.,0.00622628874519284));
#6009=CARTESIAN_POINT('',(-0.0116878624459966,0.,0.00624260126635353));
#6010=CARTESIAN_POINT('',(-0.0117157179883683,0.,0.00626248461606472));
#6011=CARTESIAN_POINT('',(-0.0117473705603768,0.,0.00628605211046757));
#6012=CARTESIAN_POINT('',(-0.0117827093577236,0.,0.00631347811427474));
#6013=CARTESIAN_POINT('',(-0.0118215828962326,0.,0.0063449134313369));
#6014=CARTESIAN_POINT('',(-0.0118638456424032,0.,0.00638051044110132));
#6015=CARTESIAN_POINT('',(-0.0119093443673117,0.,0.00642041549986231));
#6016=CARTESIAN_POINT('',(-0.0119579222661035,0.,0.0064647709920601));
#6017=CARTESIAN_POINT('',(-0.0120094179115715,0.,0.00651371457730389));
#6018=CARTESIAN_POINT('',(-0.0120636657068267,0.,0.00656737925290904));
#6019=CARTESIAN_POINT('',(-0.0121204959130036,0.,0.00662589318737034));
#6020=CARTESIAN_POINT('',(-0.0121797348029048,0.,0.0066893796228081));
#6021=CARTESIAN_POINT('',(-0.0122412047818854,0.,0.0067579567652095));
#6022=CARTESIAN_POINT('',(-0.0123047245257319,0.,0.00683173767040571));
#6023=CARTESIAN_POINT('',(-0.0123701091017576,0.,0.00691083018222573));
#6024=CARTESIAN_POINT('',(-0.0124371701583167,0.,0.00699533667911503));
#6025=CARTESIAN_POINT('',(-0.012505715864637,0.,0.00708535458107603));
#6026=CARTESIAN_POINT('',(-0.01257555182775,0.,0.00718097393215244));
#6027=CARTESIAN_POINT('',(-0.0126464782480929,0.,0.00728228629328795));
#6028=CARTESIAN_POINT('',(-0.0127183015895379,0.,0.00738935004078844));
#6029=CARTESIAN_POINT('',(-0.012790790370222,0.,0.00750232354900813));
#6030=CARTESIAN_POINT('',(-0.0128485949021132,0.,0.00759618787375405));
#6031=CARTESIAN_POINT('',(-0.0128820621748998,0.,0.0076527472183063));
#6032=CARTESIAN_POINT('',(-0.0128914735525575,0.,0.0076687619368259));
#6033=CARTESIAN_POINT('',(-0.0102872847941089,0.,0.007532215581414));
#6034=CARTESIAN_POINT('',(-0.0104394866236441,0.,0.00764389543770325));
#6035=CARTESIAN_POINT('',(-0.0106128498624945,0.,0.00777110272331715));
#6036=CARTESIAN_POINT('',(-0.0106226060522397,0.,0.00777741696393597));
#6037=CARTESIAN_POINT('',(-0.0106349928407379,0.,0.0077856559837757));
#6038=CARTESIAN_POINT('',(-0.0106500807811198,0.,0.00779511257182321));
#6039=CARTESIAN_POINT('',(-0.0106705250513787,0.,0.00780744200545936));
#6040=CARTESIAN_POINT('',(-0.0106955628560734,0.,0.0078218370169033));
#6041=CARTESIAN_POINT('',(-0.0107255632020322,0.,0.0078383069312599));
#6042=CARTESIAN_POINT('',(-0.0107605303170794,0.,0.00785659936063538));
#6043=CARTESIAN_POINT('',(-0.0108005732222094,0.,0.00787653881979309));
#6044=CARTESIAN_POINT('',(-0.010845762060476,0.,0.00789792339486764));
#6045=CARTESIAN_POINT('',(-0.0108961709763981,0.,0.00792055584974144));
#6046=CARTESIAN_POINT('',(-0.0109518653489019,0.,0.00794423462830829));
#6047=CARTESIAN_POINT('',(-0.0110129054268589,0.,0.00796875667598264));
#6048=CARTESIAN_POINT('',(-0.011079345196651,0.,0.00799391682361048));
#6049=CARTESIAN_POINT('',(-0.0111512326349215,0.,0.00801950816817768));
#6050=CARTESIAN_POINT('',(-0.0112286095705605,0.,0.00804532217002497));
#6051=CARTESIAN_POINT('',(-0.0113115116634755,0.,0.00807114883360402));
#6052=CARTESIAN_POINT('',(-0.0113999683581525,0.,0.00809677686401305));
#6053=CARTESIAN_POINT('',(-0.0114940028407478,0.,0.00812199384069391));
#6054=CARTESIAN_POINT('',(-0.0115936320359085,0.,0.00814658635336941));
#6055=CARTESIAN_POINT('',(-0.0116988664607103,0.,0.00817034028272767));
#6056=CARTESIAN_POINT('',(-0.0118097106552897,0.,0.0081930405262603));
#6057=CARTESIAN_POINT('',(-0.011926161402579,0.,0.00821447287330814));
#6058=CARTESIAN_POINT('',(-0.0120482145063564,0.,0.0082344175838805));
#6059=CARTESIAN_POINT('',(-0.0121758385896774,0.,0.00825267495942177));
#6060=CARTESIAN_POINT('',(-0.0123090759066883,0.,0.00826896772592271));
#6061=CARTESIAN_POINT('',(-0.012418725187526,0.,0.0082803216053899));
#6062=CARTESIAN_POINT('',(-0.0124842043016112,0.,0.00828593439636781));
#6063=CARTESIAN_POINT('',(-0.012502716508154,0.,0.00828746522868931));
#6064=CARTESIAN_POINT('',(-0.0106818829167504,0.,0.00781394360620972));
#6065=CARTESIAN_POINT('',(-0.0104039912473797,0.,0.00829690615795078));
#6066=CARTESIAN_POINT('',(-0.00999497428895582,0.,0.00867529978106232));
#6067=CARTESIAN_POINT('',(-0.00963250343115106,0.,0.00835328544040385));
#6068=CARTESIAN_POINT('',(-0.00977525133353395,0.,0.0084768201463773));
#6069=CARTESIAN_POINT('',(-0.00993784621673449,0.,0.00861753052287789));
#6070=CARTESIAN_POINT('',(-0.00994617310261198,0.,0.00862563705385732));
#6071=CARTESIAN_POINT('',(-0.00995696187276809,0.,0.00863587992531691));
#6072=CARTESIAN_POINT('',(-0.00996953874699487,0.,0.00864848529072821));
#6073=CARTESIAN_POINT('',(-0.0099861083341002,0.,0.00866567342335986));
#6074=CARTESIAN_POINT('',(-0.010005713868238,0.,0.00868688028662575));
#6075=CARTESIAN_POINT('',(-0.0100284465524572,0.,0.00871246356055128));
#6076=CARTESIAN_POINT('',(-0.010054061267535,0.,0.00874248352855024));
#6077=CARTESIAN_POINT('',(-0.0100824111874696,0.,0.00877708552737197));
#6078=CARTESIAN_POINT('',(-0.0101133150690954,0.,0.00881638287149937));
#6079=CARTESIAN_POINT('',(-0.0101465971201237,0.,0.00886049173565835));
#6080=CARTESIAN_POINT('',(-0.0101820753860606,0.,0.00890952071004215));
#6081=CARTESIAN_POINT('',(-0.0102195653099579,0.,0.00896357371685312));
#6082=CARTESIAN_POINT('',(-0.0102588788797809,0.,0.00902274904335378));
#6083=CARTESIAN_POINT('',(-0.0102998250558134,0.,0.00908713950356468));
#6084=CARTESIAN_POINT('',(-0.0103422098347245,0.,0.00915683228207799));
#6085=CARTESIAN_POINT('',(-0.0103858364210686,0.,0.00923190887313852));
#6086=CARTESIAN_POINT('',(-0.0104305053695629,0.,0.00931244500053636));
#6087=CARTESIAN_POINT('',(-0.0104760147448811,0.,0.00939851053712359));
#6088=CARTESIAN_POINT('',(-0.0105221602534756,0.,0.00949016947146507));
#6089=CARTESIAN_POINT('',(-0.0105687354847222,0.,0.00958747970298077));
#6090=CARTESIAN_POINT('',(-0.0106155317394569,0.,0.00969049352278769));
#6091=CARTESIAN_POINT('',(-0.0106623394618642,0.,0.00979925546083245));
#6092=CARTESIAN_POINT('',(-0.0107089434875464,0.,0.00991381032284937));
#6093=CARTESIAN_POINT('',(-0.0107551421427806,0.,0.0100341719556886));
#6094=CARTESIAN_POINT('',(-0.0108006745078282,0.,0.0101604432533682));
#6095=CARTESIAN_POINT('',(-0.0108361429822119,0.,0.0102648169219445));
#6096=CARTESIAN_POINT('',(-0.0108561855224224,0.,0.0103274053744406));
#6097=CARTESIAN_POINT('',(-0.010861797327071,0.,0.0103451127990773));
#6098=CARTESIAN_POINT('',(-0.00835328544040386,0.,0.00963250343115106));
#6099=CARTESIAN_POINT('',(-0.00847682014637731,0.,0.00977525133353394));
#6100=CARTESIAN_POINT('',(-0.0086175305228779,0.,0.00993784621673449));
#6101=CARTESIAN_POINT('',(-0.00862563705385733,0.,0.00994617310261197));
#6102=CARTESIAN_POINT('',(-0.00863587992531691,0.,0.00995696187276809));
#6103=CARTESIAN_POINT('',(-0.00864848529072821,0.,0.00996953874699487));
#6104=CARTESIAN_POINT('',(-0.00866567342335987,0.,0.0099861083341002));
#6105=CARTESIAN_POINT('',(-0.00868688028662576,0.,0.010005713868238));
#6106=CARTESIAN_POINT('',(-0.00871246356055128,0.,0.0100284465524572));
#6107=CARTESIAN_POINT('',(-0.00874248352855024,0.,0.010054061267535));
#6108=CARTESIAN_POINT('',(-0.00877708552737198,0.,0.0100824111874696));
#6109=CARTESIAN_POINT('',(-0.00881638287149937,0.,0.0101133150690954));
#6110=CARTESIAN_POINT('',(-0.00886049173565836,0.,0.0101465971201237));
#6111=CARTESIAN_POINT('',(-0.00890952071004216,0.,0.0101820753860606));
#6112=CARTESIAN_POINT('',(-0.00896357371685313,0.,0.0102195653099579));
#6113=CARTESIAN_POINT('',(-0.00902274904335378,0.,0.0102588788797809));
#6114=CARTESIAN_POINT('',(-0.00908713950356469,0.,0.0102998250558134));
#6115=CARTESIAN_POINT('',(-0.00915683228207799,0.,0.0103422098347245));
#6116=CARTESIAN_POINT('',(-0.00923190887313853,0.,0.0103858364210686));
#6117=CARTESIAN_POINT('',(-0.00931244500053637,0.,0.0104305053695628));
#6118=CARTESIAN_POINT('',(-0.00939851053712359,0.,0.0104760147448811));
#6119=CARTESIAN_POINT('',(-0.00949016947146508,0.,0.0105221602534756));
#6120=CARTESIAN_POINT('',(-0.00958747970298078,0.,0.0105687354847222));
#6121=CARTESIAN_POINT('',(-0.00969049352278769,0.,0.0106155317394569));
#6122=CARTESIAN_POINT('',(-0.00979925546083246,0.,0.0106623394618642));
#6123=CARTESIAN_POINT('',(-0.00991381032284938,0.,0.0107089434875463));
#6124=CARTESIAN_POINT('',(-0.0100341719556886,0.,0.0107551421427806));
#6125=CARTESIAN_POINT('',(-0.0101604432533683,0.,0.0108006745078282));
#6126=CARTESIAN_POINT('',(-0.0102648169219445,0.,0.0108361429822119));
#6127=CARTESIAN_POINT('',(-0.0103274053744406,0.,0.0108561855224224));
#6128=CARTESIAN_POINT('',(-0.0103451127990773,0.,0.010861797327071));
#6129=CARTESIAN_POINT('',(-0.00867529978106238,0.,0.00999497428895585));
#6130=CARTESIAN_POINT('',(-0.00829690615795079,0.,0.0104039912473797));
#6131=CARTESIAN_POINT('',(-0.0078139436062097,0.,0.0106818829167503));
#6132=CARTESIAN_POINT('',(-0.00753221558141401,0.,0.0102872847941089));
#6133=CARTESIAN_POINT('',(-0.00764389543770326,0.,0.0104394866236441));
#6134=CARTESIAN_POINT('',(-0.00777110272331716,0.,0.0106128498624945));
#6135=CARTESIAN_POINT('',(-0.00777741696393598,0.,0.0106226060522397));
#6136=CARTESIAN_POINT('',(-0.00778565598377571,0.,0.0106349928407379));
#6137=CARTESIAN_POINT('',(-0.00779511257182322,0.,0.0106500807811198));
#6138=CARTESIAN_POINT('',(-0.00780744200545937,0.,0.0106705250513787));
#6139=CARTESIAN_POINT('',(-0.00782183701690331,0.,0.0106955628560734));
#6140=CARTESIAN_POINT('',(-0.0078383069312599,0.,0.0107255632020322));
#6141=CARTESIAN_POINT('',(-0.00785659936063538,0.,0.0107605303170794));
#6142=CARTESIAN_POINT('',(-0.0078765388197931,0.,0.0108005732222094));
#6143=CARTESIAN_POINT('',(-0.00789792339486764,0.,0.010845762060476));
#6144=CARTESIAN_POINT('',(-0.00792055584974144,0.,0.0108961709763981));
#6145=CARTESIAN_POINT('',(-0.00794423462830829,0.,0.0109518653489019));
#6146=CARTESIAN_POINT('',(-0.00796875667598264,0.,0.0110129054268589));
#6147=CARTESIAN_POINT('',(-0.00799391682361049,0.,0.011079345196651));
#6148=CARTESIAN_POINT('',(-0.00801950816817769,0.,0.0111512326349215));
#6149=CARTESIAN_POINT('',(-0.00804532217002498,0.,0.0112286095705605));
#6150=CARTESIAN_POINT('',(-0.00807114883360403,0.,0.0113115116634755));
#6151=CARTESIAN_POINT('',(-0.00809677686401305,0.,0.0113999683581525));
#6152=CARTESIAN_POINT('',(-0.00812199384069392,0.,0.0114940028407478));
#6153=CARTESIAN_POINT('',(-0.00814658635336941,0.,0.0115936320359085));
#6154=CARTESIAN_POINT('',(-0.00817034028272768,0.,0.0116988664607103));
#6155=CARTESIAN_POINT('',(-0.00819304052626031,0.,0.0118097106552897));
#6156=CARTESIAN_POINT('',(-0.00821447287330815,0.,0.011926161402579));
#6157=CARTESIAN_POINT('',(-0.00823441758388051,0.,0.0120482145063564));
#6158=CARTESIAN_POINT('',(-0.00825267495942177,0.,0.0121758385896774));
#6159=CARTESIAN_POINT('',(-0.00826896772592272,0.,0.0123090759066883));
#6160=CARTESIAN_POINT('',(-0.00828032160538991,0.,0.0124187251875259));
#6161=CARTESIAN_POINT('',(-0.00828593439636782,0.,0.0124842043016112));
#6162=CARTESIAN_POINT('',(-0.00828746522868932,0.,0.012502716508154));
#6163=CARTESIAN_POINT('',(-0.00600041747443462,0.,0.0112497773370187));
#6164=CARTESIAN_POINT('',(-0.00608909051085276,0.,0.0114164353096064));
#6165=CARTESIAN_POINT('',(-0.0061900922191705,0.,0.0116062646040128));
#6166=CARTESIAN_POINT('',(-0.00619614259607091,0.,0.011616186590321));
#6167=CARTESIAN_POINT('',(-0.00620372793014637,0.,0.0116289841168079));
#6168=CARTESIAN_POINT('',(-0.0062132186349299,0.,0.0116440506202238));
#6169=CARTESIAN_POINT('',(-0.00622628874519284,0.,0.0116640294925123));
#6170=CARTESIAN_POINT('',(-0.00624260126635353,0.,0.0116878624459966));
#6171=CARTESIAN_POINT('',(-0.00626248461606471,0.,0.0117157179883684));
#6172=CARTESIAN_POINT('',(-0.00628605211046756,0.,0.0117473705603768));
#6173=CARTESIAN_POINT('',(-0.00631347811427474,0.,0.0117827093577236));
#6174=CARTESIAN_POINT('',(-0.0063449134313369,0.,0.0118215828962326));
#6175=CARTESIAN_POINT('',(-0.00638051044110132,0.,0.0118638456424032));
#6176=CARTESIAN_POINT('',(-0.00642041549986231,0.,0.0119093443673117));
#6177=CARTESIAN_POINT('',(-0.0064647709920601,0.,0.0119579222661035));
#6178=CARTESIAN_POINT('',(-0.00651371457730389,0.,0.0120094179115715));
#6179=CARTESIAN_POINT('',(-0.00656737925290904,0.,0.0120636657068268));
#6180=CARTESIAN_POINT('',(-0.00662589318737034,0.,0.0121204959130036));
#6181=CARTESIAN_POINT('',(-0.0066893796228081,0.,0.0121797348029048));
#6182=CARTESIAN_POINT('',(-0.0067579567652095,0.,0.0122412047818854));
#6183=CARTESIAN_POINT('',(-0.00683173767040571,0.,0.0123047245257319));
#6184=CARTESIAN_POINT('',(-0.00691083018222573,0.,0.0123701091017576));
#6185=CARTESIAN_POINT('',(-0.00699533667911503,0.,0.0124371701583167));
#6186=CARTESIAN_POINT('',(-0.00708535458107603,0.,0.012505715864637));
#6187=CARTESIAN_POINT('',(-0.00718097393215244,0.,0.01257555182775));
#6188=CARTESIAN_POINT('',(-0.00728228629328795,0.,0.0126464782480929));
#6189=CARTESIAN_POINT('',(-0.00738935004078844,0.,0.0127183015895379));
#6190=CARTESIAN_POINT('',(-0.00750232354900813,0.,0.012790790370222));
#6191=CARTESIAN_POINT('',(-0.00759618787375404,0.,0.0128485949021132));
#6192=CARTESIAN_POINT('',(-0.0076527472183063,0.,0.0128820621748998));
#6193=CARTESIAN_POINT('',(-0.00766876193682589,0.,0.0128914735525575));
#6194=CARTESIAN_POINT('',(-0.00623370088945477,0.,0.0116748152254757));
#6195=CARTESIAN_POINT('',(-0.00577377954889922,0.,0.011989376772381));
#6196=CARTESIAN_POINT('',(-0.00524108916286125,0.,0.0121528318393338));
#6197=CARTESIAN_POINT('',(-0.00505423099063165,0.,0.011705436732277));
#6198=CARTESIAN_POINT('',(-0.00512924270649846,0.,0.0118786736501016));
#6199=CARTESIAN_POINT('',(-0.00521468369005366,0.,0.0120759965946039));
#6200=CARTESIAN_POINT('',(-0.00521866866302323,0.,0.0120869132270228));
#6201=CARTESIAN_POINT('',(-0.00522394479368865,0.,0.0121008228072616));
#6202=CARTESIAN_POINT('',(-0.00522980690274491,0.,0.0121176367502816));
#6203=CARTESIAN_POINT('',(-0.00523727793362614,0.,0.012140311997089));
#6204=CARTESIAN_POINT('',(-0.00524574059639412,0.,0.0121679252431365));
#6205=CARTESIAN_POINT('',(-0.00525512187060984,0.,0.0122008383185117));
#6206=CARTESIAN_POINT('',(-0.00526517475549156,0.,0.0122389991834486));
#6207=CARTESIAN_POINT('',(-0.00527570390613038,0.,0.012282475076419));
#6208=CARTESIAN_POINT('',(-0.0052864968627652,0.,0.0123312894517821));
#6209=CARTESIAN_POINT('',(-0.00529734483569216,0.,0.0123854707059336));
#6210=CARTESIAN_POINT('',(-0.00530803677405769,0.,0.0124450377281607));
#6211=CARTESIAN_POINT('',(-0.00531836130764352,0.,0.0125100040728737));
#6212=CARTESIAN_POINT('',(-0.00532810639821453,0.,0.0125803767184716));
#6213=CARTESIAN_POINT('',(-0.00533705965443968,0.,0.0126561563984711));
#6214=CARTESIAN_POINT('',(-0.00534500845738066,0.,0.0127373374885848));
#6215=CARTESIAN_POINT('',(-0.00535174014144002,0.,0.0128239080262465));
#6216=CARTESIAN_POINT('',(-0.00535704215730582,0.,0.0129158497001685));
#6217=CARTESIAN_POINT('',(-0.00536070225084161,0.,0.0130131378471609));
#6218=CARTESIAN_POINT('',(-0.00536250859632317,0.,0.0131157414792801));
#6219=CARTESIAN_POINT('',(-0.00536225010258729,0.,0.0132236232038877));
#6220=CARTESIAN_POINT('',(-0.00535971604991911,0.,0.0133367395824784));
#6221=CARTESIAN_POINT('',(-0.00535469831423291,0.,0.0134550398122871));
#6222=CARTESIAN_POINT('',(-0.00534698359862549,0.,0.0135784709055521));
#6223=CARTESIAN_POINT('',(-0.00533638419342794,0.,0.0137069578349054));
#6224=CARTESIAN_POINT('',(-0.00532262037403727,0.,0.0138404800958221));
#6225=CARTESIAN_POINT('',(-0.00530929032766174,0.,0.0139499067161245));
#6226=CARTESIAN_POINT('',(-0.00530019192063047,0.,0.0140149930956017));
#6227=CARTESIAN_POINT('',(-0.00529756501830008,0.,0.0140333818047142));
#6228=CARTESIAN_POINT('',(-0.00334666352073589,0.,0.012302940432229));
#6229=CARTESIAN_POINT('',(-0.00339602845128638,0.,0.0124851515483729));
#6230=CARTESIAN_POINT('',(-0.0034522568440198,0.,0.0126926964205056));
#6231=CARTESIAN_POINT('',(-0.00345594767567922,0.,0.0127037159774204));
#6232=CARTESIAN_POINT('',(-0.00346049511204642,0.,0.0127178805388222));
#6233=CARTESIAN_POINT('',(-0.00346639525263461,0.,0.0127346811740336));
#6234=CARTESIAN_POINT('',(-0.00347469195062422,0.,0.0127570675074242));
#6235=CARTESIAN_POINT('',(-0.00348529215175355,0.,0.0127839327964497));
#6236=CARTESIAN_POINT('',(-0.00349847854307024,0.,0.0128155144037648));
#6237=CARTESIAN_POINT('',(-0.00351441179129834,0.,0.0128516176405736));
#6238=CARTESIAN_POINT('',(-0.00353328654573904,0.,0.0128921732804719));
#6239=CARTESIAN_POINT('',(-0.00355528353767602,0.,0.0129370671943215));
#6240=CARTESIAN_POINT('',(-0.00358058371033611,0.,0.0129861914050675));
#6241=CARTESIAN_POINT('',(-0.003609363847199,0.,0.0130394290928945));
#6242=CARTESIAN_POINT('',(-0.00364179765519241,0.,0.0130966590678917));
#6243=CARTESIAN_POINT('',(-0.00367805526344461,0.,0.0131577545823139));
#6244=CARTESIAN_POINT('',(-0.00371830318352499,0.,0.0132225837858187));
#6245=CARTESIAN_POINT('',(-0.00376270414092747,0.,0.0132910097154214));
#6246=CARTESIAN_POINT('',(-0.00381141694577334,0.,0.0133628904235798));
#6247=CARTESIAN_POINT('',(-0.00386459635890509,0.,0.0134380790716245));
#6248=CARTESIAN_POINT('',(-0.00392239295004152,0.,0.0135164240388075));
#6249=CARTESIAN_POINT('',(-0.00398495301053585,0.,0.0135977690266003));
#6250=CARTESIAN_POINT('',(-0.00405241826417632,0.,0.0136819531870733));
#6251=CARTESIAN_POINT('',(-0.00412492637480506,0.,0.0137688111770423));
#6252=CARTESIAN_POINT('',(-0.0042026083853785,0.,0.0138581735140612));
#6253=CARTESIAN_POINT('',(-0.00428559802080168,0.,0.0139498657821858));
#6254=CARTESIAN_POINT('',(-0.00437399525960448,0.,0.0140437122875934));
#6255=CARTESIAN_POINT('',(-0.0044680060149258,0.,0.0141395225937636));
#6256=CARTESIAN_POINT('',(-0.00454665424665534,0.,0.0142167646225627));
#6257=CARTESIAN_POINT('',(-0.0045943483615566,0.,0.0142619784391206));
#6258=CARTESIAN_POINT('',(-0.00460786732910088,0.,0.0142747174640132));
#6259=CARTESIAN_POINT('',(-0.00347951820558185,0.,0.0127692321768074));
#6260=CARTESIAN_POINT('',(-0.00296113152406207,0.,0.0129735648827376));
#6261=CARTESIAN_POINT('',(-0.0024054246240045,0.,0.0130143870276867));
#6262=CARTESIAN_POINT('',(-0.00232280615334837,0.,0.0125366291950415));
#6263=CARTESIAN_POINT('',(-0.00235738832813753,0.,0.0127222143787214));
#6264=CARTESIAN_POINT('',(-0.0023967786419481,0.,0.0129336024324895));
#6265=CARTESIAN_POINT('',(-0.00239823452408391,0.,0.0129451321020486));
#6266=CARTESIAN_POINT('',(-0.00240028319835227,0.,0.0129598669895936));
#6267=CARTESIAN_POINT('',(-0.00240225687779116,0.,0.0129775638139398));
#6268=CARTESIAN_POINT('',(-0.00240449487723277,0.,0.0130013330057372));
#6269=CARTESIAN_POINT('',(-0.00240660083807659,0.,0.0130301370496778));
#6270=CARTESIAN_POINT('',(-0.00240842305588948,0.,0.0130643124554369));
#6271=CARTESIAN_POINT('',(-0.00240973230265229,0.,0.0131037535251497));
#6272=CARTESIAN_POINT('',(-0.00241032316919327,0.,0.0131484823431476));
#6273=CARTESIAN_POINT('',(-0.00240998330347523,0.,0.0131984744989953));
#6274=CARTESIAN_POINT('',(-0.00240850283179561,0.,0.0132537112170518));
#6275=CARTESIAN_POINT('',(-0.00240567179152453,0.,0.0133141639497775));
#6276=CARTESIAN_POINT('',(-0.00240128109579635,0.,0.0133797988774468));
#6277=CARTESIAN_POINT('',(-0.00239512246977735,0.,0.0134505756205496));
#6278=CARTESIAN_POINT('',(-0.00238698868400775,0.,0.0135264476326945));
#6279=CARTESIAN_POINT('',(-0.00237667370187165,0.,0.013607362118442));
#6280=CARTESIAN_POINT('',(-0.00236397285166352,0.,0.013693260092605));
#6281=CARTESIAN_POINT('',(-0.0023486829877713,0.,0.0137840764063265));
#6282=CARTESIAN_POINT('',(-0.00233060266578891,0.,0.0138797397837858));
#6283=CARTESIAN_POINT('',(-0.00230953226637143,0.,0.0139801728783137));
#6284=CARTESIAN_POINT('',(-0.00228527431149672,0.,0.0140852922625804));
#6285=CARTESIAN_POINT('',(-0.0022576330306098,0.,0.014195008697627));
#6286=CARTESIAN_POINT('',(-0.00222641682240909,0.,0.0143092263424538));
#6287=CARTESIAN_POINT('',(-0.00219142952867629,0.,0.0144278460747868));
#6288=CARTESIAN_POINT('',(-0.00215250484117581,0.,0.01455075297902));
#6289=CARTESIAN_POINT('',(-0.00210937461127047,0.,0.0146778648201396));
#6290=CARTESIAN_POINT('',(-0.00207202906323893,0.,0.014781581672239));
#6291=CARTESIAN_POINT('',(-0.00204867569031865,0.,0.014843011614264));
#6292=CARTESIAN_POINT('',(-0.00204202277718821,0.,0.0148603547392868));
#6293=CARTESIAN_POINT('',(-0.000525093883657612,0.,0.0127391827215621));
#6294=CARTESIAN_POINT('',(-0.000532675344592628,0.,0.0129278101550513));
#6295=CARTESIAN_POINT('',(-0.000541310895340771,0.,0.0131426634383896));
#6296=CARTESIAN_POINT('',(-0.000542457108048237,0.,0.0131542279993136));
#6297=CARTESIAN_POINT('',(-0.000543738619259279,0.,0.0131690493253756));
#6298=CARTESIAN_POINT('',(-0.000545752337966186,0.,0.0131867416383798));
#6299=CARTESIAN_POINT('',(-0.000548859592601267,0.,0.013210412888639));
#6300=CARTESIAN_POINT('',(-0.00055321593535204,0.,0.0132389633754342));
#6301=CARTESIAN_POINT('',(-0.000559044147552044,0.,0.0132726874140286));
#6302=CARTESIAN_POINT('',(-0.000566544190007776,0.,0.0133114309485903));
#6303=CARTESIAN_POINT('',(-0.000575921236080242,0.,0.0133551698019099));
#6304=CARTESIAN_POINT('',(-0.000587376881864876,0.,0.013403832922799));
#6305=CARTESIAN_POINT('',(-0.000601111561119149,0.,0.0134573553050688));
#6306=CARTESIAN_POINT('',(-0.000617323619846258,0.,0.0135156623958455));
#6307=CARTESIAN_POINT('',(-0.000636209377070696,0.,0.0135786746971302));
#6308=CARTESIAN_POINT('',(-0.000657962900454938,0.,0.0136463064963008));
#6309=CARTESIAN_POINT('',(-0.000682775866237042,0.,0.0137184663010882));
#6310=CARTESIAN_POINT('',(-0.000710837397174309,0.,0.0137950567922846));
#6311=CARTESIAN_POINT('',(-0.000742333907986349,0.,0.0138759749198456));
#6312=CARTESIAN_POINT('',(-0.000777448954016137,0.,0.0139611119641808));
#6313=CARTESIAN_POINT('',(-0.000816363068675655,0.,0.0140503536109057));
#6314=CARTESIAN_POINT('',(-0.000859253655183042,0.,0.0141435800331106));
#6315=CARTESIAN_POINT('',(-0.000906294676046792,0.,0.0142406659521689));
#6316=CARTESIAN_POINT('',(-0.000957657135908838,0.,0.0143414808034823));
#6317=CARTESIAN_POINT('',(-0.00101350650559733,0.,0.0144458885136842));
#6318=CARTESIAN_POINT('',(-0.00107401196845353,0.,0.0145537487963931));
#6319=CARTESIAN_POINT('',(-0.00113931009189035,0.,0.0146649126101133));
#6320=CARTESIAN_POINT('',(-0.00120964400248674,0.,0.0147792401129494));
#6321=CARTESIAN_POINT('',(-0.00126913239045457,0.,0.0148720464007976));
#6322=CARTESIAN_POINT('',(-0.00130556969363043,0.,0.0149267395515683));
#6323=CARTESIAN_POINT('',(-0.00131591501271641,0.,0.0149421674357942));
#6324=CARTESIAN_POINT('',(-0.000550857949678354,0.,0.0132233465071239));
#6325=CARTESIAN_POINT('',(-2.54619547853458E-18,0.,0.0133072042769845));
#6326=CARTESIAN_POINT('',(0.000550857949678337,0.,0.0132233465071238));
#6327=CARTESIAN_POINT('',(0.000525093883657613,0.,0.0127391827215621));
#6328=CARTESIAN_POINT('',(0.000532675344592629,0.,0.0129278101550513));
#6329=CARTESIAN_POINT('',(0.000541310895340773,0.,0.0131426634383896));
#6330=CARTESIAN_POINT('',(0.000542457108048238,0.,0.0131542279993136));
#6331=CARTESIAN_POINT('',(0.000543738619259281,0.,0.0131690493253756));
#6332=CARTESIAN_POINT('',(0.000545752337966188,0.,0.0131867416383798));
#6333=CARTESIAN_POINT('',(0.000548859592601269,0.,0.013210412888639));
#6334=CARTESIAN_POINT('',(0.000553215935352041,0.,0.0132389633754342));
#6335=CARTESIAN_POINT('',(0.000559044147552045,0.,0.0132726874140286));
#6336=CARTESIAN_POINT('',(0.000566544190007778,0.,0.0133114309485903));
#6337=CARTESIAN_POINT('',(0.000575921236080244,0.,0.0133551698019099));
#6338=CARTESIAN_POINT('',(0.000587376881864877,0.,0.013403832922799));
#6339=CARTESIAN_POINT('',(0.000601111561119151,0.,0.0134573553050688));
#6340=CARTESIAN_POINT('',(0.000617323619846259,0.,0.0135156623958455));
#6341=CARTESIAN_POINT('',(0.000636209377070698,0.,0.0135786746971302));
#6342=CARTESIAN_POINT('',(0.00065796290045494,0.,0.0136463064963008));
#6343=CARTESIAN_POINT('',(0.000682775866237043,0.,0.0137184663010882));
#6344=CARTESIAN_POINT('',(0.000710837397174311,0.,0.0137950567922846));
#6345=CARTESIAN_POINT('',(0.000742333907986351,0.,0.0138759749198456));
#6346=CARTESIAN_POINT('',(0.000777448954016138,0.,0.0139611119641808));
#6347=CARTESIAN_POINT('',(0.000816363068675657,0.,0.0140503536109057));
#6348=CARTESIAN_POINT('',(0.000859253655183044,0.,0.0141435800331106));
#6349=CARTESIAN_POINT('',(0.000906294676046794,0.,0.0142406659521689));
#6350=CARTESIAN_POINT('',(0.000957657135908839,0.,0.0143414808034823));
#6351=CARTESIAN_POINT('',(0.00101350650559733,0.,0.0144458885136842));
#6352=CARTESIAN_POINT('',(0.00107401196845353,0.,0.0145537487963931));
#6353=CARTESIAN_POINT('',(0.00113931009189035,0.,0.0146649126101133));
#6354=CARTESIAN_POINT('',(0.00120964400248674,0.,0.0147792401129494));
#6355=CARTESIAN_POINT('',(0.00126913239045458,0.,0.0148720464007976));
#6356=CARTESIAN_POINT('',(0.00130556969363043,0.,0.0149267395515683));
#6357=CARTESIAN_POINT('',(0.00131591501271642,0.,0.0149421674357942));
#6358=CARTESIAN_POINT('',(0.00232280615334837,0.,0.0125366291950415));
#6359=CARTESIAN_POINT('',(0.00235738832813753,0.,0.0127222143787214));
#6360=CARTESIAN_POINT('',(0.0023967786419481,0.,0.0129336024324895));
#6361=CARTESIAN_POINT('',(0.00239823452408391,0.,0.0129451321020486));
#6362=CARTESIAN_POINT('',(0.00240028319835227,0.,0.0129598669895936));
#6363=CARTESIAN_POINT('',(0.00240225687779116,0.,0.0129775638139398));
#6364=CARTESIAN_POINT('',(0.00240449487723278,0.,0.0130013330057372));
#6365=CARTESIAN_POINT('',(0.00240660083807659,0.,0.0130301370496778));
#6366=CARTESIAN_POINT('',(0.00240842305588948,0.,0.0130643124554369));
#6367=CARTESIAN_POINT('',(0.00240973230265229,0.,0.0131037535251497));
#6368=CARTESIAN_POINT('',(0.00241032316919327,0.,0.0131484823431476));
#6369=CARTESIAN_POINT('',(0.00240998330347523,0.,0.0131984744989953));
#6370=CARTESIAN_POINT('',(0.00240850283179561,0.,0.0132537112170518));
#6371=CARTESIAN_POINT('',(0.00240567179152453,0.,0.0133141639497775));
#6372=CARTESIAN_POINT('',(0.00240128109579635,0.,0.0133797988774468));
#6373=CARTESIAN_POINT('',(0.00239512246977735,0.,0.0134505756205496));
#6374=CARTESIAN_POINT('',(0.00238698868400775,0.,0.0135264476326945));
#6375=CARTESIAN_POINT('',(0.00237667370187165,0.,0.013607362118442));
#6376=CARTESIAN_POINT('',(0.00236397285166352,0.,0.013693260092605));
#6377=CARTESIAN_POINT('',(0.0023486829877713,0.,0.0137840764063265));
#6378=CARTESIAN_POINT('',(0.00233060266578892,0.,0.0138797397837858));
#6379=CARTESIAN_POINT('',(0.00230953226637144,0.,0.0139801728783137));
#6380=CARTESIAN_POINT('',(0.00228527431149672,0.,0.0140852922625804));
#6381=CARTESIAN_POINT('',(0.0022576330306098,0.,0.014195008697627));
#6382=CARTESIAN_POINT('',(0.00222641682240909,0.,0.0143092263424538));
#6383=CARTESIAN_POINT('',(0.00219142952867629,0.,0.0144278460747868));
#6384=CARTESIAN_POINT('',(0.00215250484117581,0.,0.01455075297902));
#6385=CARTESIAN_POINT('',(0.00210937461127047,0.,0.0146778648201396));
#6386=CARTESIAN_POINT('',(0.00207202906323893,0.,0.014781581672239));
#6387=CARTESIAN_POINT('',(0.00204867569031865,0.,0.014843011614264));
#6388=CARTESIAN_POINT('',(0.00204202277718821,0.,0.0148603547392868));
#6389=CARTESIAN_POINT('',(0.0024054246240045,0.,0.0130143870276868));
#6390=CARTESIAN_POINT('',(0.00296113152406206,0.,0.0129735648827376));
#6391=CARTESIAN_POINT('',(0.00347951820558183,0.,0.0127692321768074));
#6392=CARTESIAN_POINT('',(0.00334666352073589,0.,0.012302940432229));
#6393=CARTESIAN_POINT('',(0.00339602845128638,0.,0.0124851515483729));
#6394=CARTESIAN_POINT('',(0.0034522568440198,0.,0.0126926964205056));
#6395=CARTESIAN_POINT('',(0.00345594767567922,0.,0.0127037159774204));
#6396=CARTESIAN_POINT('',(0.00346049511204643,0.,0.0127178805388222));
#6397=CARTESIAN_POINT('',(0.00346639525263461,0.,0.0127346811740336));
#6398=CARTESIAN_POINT('',(0.00347469195062422,0.,0.0127570675074242));
#6399=CARTESIAN_POINT('',(0.00348529215175355,0.,0.0127839327964497));
#6400=CARTESIAN_POINT('',(0.00349847854307025,0.,0.0128155144037648));
#6401=CARTESIAN_POINT('',(0.00351441179129834,0.,0.0128516176405736));
#6402=CARTESIAN_POINT('',(0.00353328654573904,0.,0.0128921732804719));
#6403=CARTESIAN_POINT('',(0.00355528353767602,0.,0.0129370671943215));
#6404=CARTESIAN_POINT('',(0.00358058371033611,0.,0.0129861914050675));
#6405=CARTESIAN_POINT('',(0.00360936384719901,0.,0.0130394290928945));
#6406=CARTESIAN_POINT('',(0.00364179765519241,0.,0.0130966590678917));
#6407=CARTESIAN_POINT('',(0.00367805526344461,0.,0.0131577545823139));
#6408=CARTESIAN_POINT('',(0.00371830318352499,0.,0.0132225837858187));
#6409=CARTESIAN_POINT('',(0.00376270414092747,0.,0.0132910097154214));
#6410=CARTESIAN_POINT('',(0.00381141694577334,0.,0.0133628904235798));
#6411=CARTESIAN_POINT('',(0.00386459635890509,0.,0.0134380790716245));
#6412=CARTESIAN_POINT('',(0.00392239295004152,0.,0.0135164240388075));
#6413=CARTESIAN_POINT('',(0.00398495301053585,0.,0.0135977690266003));
#6414=CARTESIAN_POINT('',(0.00405241826417632,0.,0.0136819531870733));
#6415=CARTESIAN_POINT('',(0.00412492637480506,0.,0.0137688111770423));
#6416=CARTESIAN_POINT('',(0.0042026083853785,0.,0.0138581735140612));
#6417=CARTESIAN_POINT('',(0.00428559802080168,0.,0.0139498657821858));
#6418=CARTESIAN_POINT('',(0.00437399525960449,0.,0.0140437122875934));
#6419=CARTESIAN_POINT('',(0.0044680060149258,0.,0.0141395225937636));
#6420=CARTESIAN_POINT('',(0.00454665424665534,0.,0.0142167646225627));
#6421=CARTESIAN_POINT('',(0.00459434836155661,0.,0.0142619784391206));
#6422=CARTESIAN_POINT('',(0.00460786732910088,0.,0.0142747174640132));
#6423=CARTESIAN_POINT('',(0.00505423099063165,0.,0.011705436732277));
#6424=CARTESIAN_POINT('',(0.00512924270649846,0.,0.0118786736501016));
#6425=CARTESIAN_POINT('',(0.00521468369005366,0.,0.0120759965946039));
#6426=CARTESIAN_POINT('',(0.00521866866302322,0.,0.0120869132270228));
#6427=CARTESIAN_POINT('',(0.00522394479368865,0.,0.0121008228072616));
#6428=CARTESIAN_POINT('',(0.00522980690274491,0.,0.0121176367502816));
#6429=CARTESIAN_POINT('',(0.00523727793362614,0.,0.012140311997089));
#6430=CARTESIAN_POINT('',(0.00524574059639411,0.,0.0121679252431365));
#6431=CARTESIAN_POINT('',(0.00525512187060984,0.,0.0122008383185117));
#6432=CARTESIAN_POINT('',(0.00526517475549156,0.,0.0122389991834486));
#6433=CARTESIAN_POINT('',(0.00527570390613038,0.,0.012282475076419));
#6434=CARTESIAN_POINT('',(0.0052864968627652,0.,0.0123312894517821));
#6435=CARTESIAN_POINT('',(0.00529734483569216,0.,0.0123854707059336));
#6436=CARTESIAN_POINT('',(0.00530803677405769,0.,0.0124450377281607));
#6437=CARTESIAN_POINT('',(0.00531836130764352,0.,0.0125100040728737));
#6438=CARTESIAN_POINT('',(0.00532810639821453,0.,0.0125803767184716));
#6439=CARTESIAN_POINT('',(0.00533705965443968,0.,0.0126561563984711));
#6440=CARTESIAN_POINT('',(0.00534500845738065,0.,0.0127373374885848));
#6441=CARTESIAN_POINT('',(0.00535174014144002,0.,0.0128239080262465));
#6442=CARTESIAN_POINT('',(0.00535704215730582,0.,0.0129158497001685));
#6443=CARTESIAN_POINT('',(0.00536070225084161,0.,0.0130131378471609));
#6444=CARTESIAN_POINT('',(0.00536250859632316,0.,0.0131157414792801));
#6445=CARTESIAN_POINT('',(0.00536225010258729,0.,0.0132236232038877));
#6446=CARTESIAN_POINT('',(0.00535971604991911,0.,0.0133367395824784));
#6447=CARTESIAN_POINT('',(0.00535469831423291,0.,0.0134550398122871));
#6448=CARTESIAN_POINT('',(0.00534698359862549,0.,0.0135784709055522));
#6449=CARTESIAN_POINT('',(0.00533638419342794,0.,0.0137069578349055));
#6450=CARTESIAN_POINT('',(0.00532262037403727,0.,0.0138404800958221));
#6451=CARTESIAN_POINT('',(0.00530929032766174,0.,0.0139499067161245));
#6452=CARTESIAN_POINT('',(0.00530019192063047,0.,0.0140149930956017));
#6453=CARTESIAN_POINT('',(0.00529756501830008,0.,0.0140333818047142));
#6454=CARTESIAN_POINT('',(0.00524108916286126,0.,0.0121528318393339));
#6455=CARTESIAN_POINT('',(0.00577377954889921,0.,0.011989376772381));
#6456=CARTESIAN_POINT('',(0.00623370088945473,0.,0.0116748152254757));
#6457=CARTESIAN_POINT('',(0.00600041747443462,0.,0.0112497773370187));
#6458=CARTESIAN_POINT('',(0.00608909051085276,0.,0.0114164353096064));
#6459=CARTESIAN_POINT('',(0.0061900922191705,0.,0.0116062646040128));
#6460=CARTESIAN_POINT('',(0.00619614259607091,0.,0.011616186590321));
#6461=CARTESIAN_POINT('',(0.00620372793014637,0.,0.0116289841168079));
#6462=CARTESIAN_POINT('',(0.0062132186349299,0.,0.0116440506202238));
#6463=CARTESIAN_POINT('',(0.00622628874519283,0.,0.0116640294925123));
#6464=CARTESIAN_POINT('',(0.00624260126635353,0.,0.0116878624459966));
#6465=CARTESIAN_POINT('',(0.00626248461606471,0.,0.0117157179883684));
#6466=CARTESIAN_POINT('',(0.00628605211046756,0.,0.0117473705603768));
#6467=CARTESIAN_POINT('',(0.00631347811427473,0.,0.0117827093577236));
#6468=CARTESIAN_POINT('',(0.0063449134313369,0.,0.0118215828962326));
#6469=CARTESIAN_POINT('',(0.00638051044110131,0.,0.0118638456424032));
#6470=CARTESIAN_POINT('',(0.00642041549986231,0.,0.0119093443673117));
#6471=CARTESIAN_POINT('',(0.0064647709920601,0.,0.0119579222661035));
#6472=CARTESIAN_POINT('',(0.00651371457730389,0.,0.0120094179115715));
#6473=CARTESIAN_POINT('',(0.00656737925290904,0.,0.0120636657068268));
#6474=CARTESIAN_POINT('',(0.00662589318737034,0.,0.0121204959130036));
#6475=CARTESIAN_POINT('',(0.0066893796228081,0.,0.0121797348029048));
#6476=CARTESIAN_POINT('',(0.0067579567652095,0.,0.0122412047818854));
#6477=CARTESIAN_POINT('',(0.00683173767040571,0.,0.0123047245257319));
#6478=CARTESIAN_POINT('',(0.00691083018222573,0.,0.0123701091017576));
#6479=CARTESIAN_POINT('',(0.00699533667911503,0.,0.0124371701583167));
#6480=CARTESIAN_POINT('',(0.00708535458107603,0.,0.012505715864637));
#6481=CARTESIAN_POINT('',(0.00718097393215244,0.,0.01257555182775));
#6482=CARTESIAN_POINT('',(0.00728228629328795,0.,0.0126464782480929));
#6483=CARTESIAN_POINT('',(0.00738935004078844,0.,0.0127183015895379));
#6484=CARTESIAN_POINT('',(0.00750232354900813,0.,0.012790790370222));
#6485=CARTESIAN_POINT('',(0.00759618787375404,0.,0.0128485949021132));
#6486=CARTESIAN_POINT('',(0.0076527472183063,0.,0.0128820621748998));
#6487=CARTESIAN_POINT('',(0.00766876193682589,0.,0.0128914735525575));
#6488=CARTESIAN_POINT('',(0.00753221558141401,0.,0.0102872847941089));
#6489=CARTESIAN_POINT('',(0.00764389543770326,0.,0.0104394866236441));
#6490=CARTESIAN_POINT('',(0.00777110272331716,0.,0.0106128498624945));
#6491=CARTESIAN_POINT('',(0.00777741696393598,0.,0.0106226060522397));
#6492=CARTESIAN_POINT('',(0.00778565598377571,0.,0.0106349928407379));
#6493=CARTESIAN_POINT('',(0.00779511257182322,0.,0.0106500807811198));
#6494=CARTESIAN_POINT('',(0.00780744200545937,0.,0.0106705250513787));
#6495=CARTESIAN_POINT('',(0.00782183701690331,0.,0.0106955628560734));
#6496=CARTESIAN_POINT('',(0.0078383069312599,0.,0.0107255632020322));
#6497=CARTESIAN_POINT('',(0.00785659936063538,0.,0.0107605303170794));
#6498=CARTESIAN_POINT('',(0.0078765388197931,0.,0.0108005732222094));
#6499=CARTESIAN_POINT('',(0.00789792339486764,0.,0.010845762060476));
#6500=CARTESIAN_POINT('',(0.00792055584974144,0.,0.0108961709763981));
#6501=CARTESIAN_POINT('',(0.00794423462830829,0.,0.0109518653489019));
#6502=CARTESIAN_POINT('',(0.00796875667598264,0.,0.0110129054268589));
#6503=CARTESIAN_POINT('',(0.00799391682361048,0.,0.011079345196651));
#6504=CARTESIAN_POINT('',(0.00801950816817769,0.,0.0111512326349215));
#6505=CARTESIAN_POINT('',(0.00804532217002498,0.,0.0112286095705605));
#6506=CARTESIAN_POINT('',(0.00807114883360402,0.,0.0113115116634755));
#6507=CARTESIAN_POINT('',(0.00809677686401305,0.,0.0113999683581525));
#6508=CARTESIAN_POINT('',(0.00812199384069392,0.,0.0114940028407478));
#6509=CARTESIAN_POINT('',(0.00814658635336941,0.,0.0115936320359085));
#6510=CARTESIAN_POINT('',(0.00817034028272768,0.,0.0116988664607103));
#6511=CARTESIAN_POINT('',(0.0081930405262603,0.,0.0118097106552897));
#6512=CARTESIAN_POINT('',(0.00821447287330815,0.,0.011926161402579));
#6513=CARTESIAN_POINT('',(0.00823441758388051,0.,0.0120482145063564));
#6514=CARTESIAN_POINT('',(0.00825267495942177,0.,0.0121758385896774));
#6515=CARTESIAN_POINT('',(0.00826896772592272,0.,0.0123090759066883));
#6516=CARTESIAN_POINT('',(0.00828032160538991,0.,0.0124187251875259));
#6517=CARTESIAN_POINT('',(0.00828593439636782,0.,0.0124842043016112));
#6518=CARTESIAN_POINT('',(0.00828746522868932,0.,0.012502716508154));
#6519=CARTESIAN_POINT('',(0.00781394360620973,0.,0.0106818829167504));
#6520=CARTESIAN_POINT('',(0.00829690615795078,0.,0.0104039912473797));
#6521=CARTESIAN_POINT('',(0.00867529978106233,0.,0.00999497428895582));
#6522=CARTESIAN_POINT('',(0.00835328544040386,0.,0.00963250343115106));
#6523=CARTESIAN_POINT('',(0.00847682014637731,0.,0.00977525133353395));
#6524=CARTESIAN_POINT('',(0.0086175305228779,0.,0.00993784621673449));
#6525=CARTESIAN_POINT('',(0.00862563705385733,0.,0.00994617310261197));
#6526=CARTESIAN_POINT('',(0.00863587992531691,0.,0.00995696187276809));
#6527=CARTESIAN_POINT('',(0.00864848529072821,0.,0.00996953874699487));
#6528=CARTESIAN_POINT('',(0.00866567342335987,0.,0.0099861083341002));
#6529=CARTESIAN_POINT('',(0.00868688028662576,0.,0.010005713868238));
#6530=CARTESIAN_POINT('',(0.00871246356055128,0.,0.0100284465524572));
#6531=CARTESIAN_POINT('',(0.00874248352855024,0.,0.010054061267535));
#6532=CARTESIAN_POINT('',(0.00877708552737197,0.,0.0100824111874696));
#6533=CARTESIAN_POINT('',(0.00881638287149937,0.,0.0101133150690954));
#6534=CARTESIAN_POINT('',(0.00886049173565835,0.,0.0101465971201237));
#6535=CARTESIAN_POINT('',(0.00890952071004215,0.,0.0101820753860606));
#6536=CARTESIAN_POINT('',(0.00896357371685313,0.,0.0102195653099579));
#6537=CARTESIAN_POINT('',(0.00902274904335378,0.,0.0102588788797809));
#6538=CARTESIAN_POINT('',(0.00908713950356469,0.,0.0102998250558134));
#6539=CARTESIAN_POINT('',(0.00915683228207799,0.,0.0103422098347245));
#6540=CARTESIAN_POINT('',(0.00923190887313853,0.,0.0103858364210686));
#6541=CARTESIAN_POINT('',(0.00931244500053636,0.,0.0104305053695628));
#6542=CARTESIAN_POINT('',(0.00939851053712359,0.,0.0104760147448811));
#6543=CARTESIAN_POINT('',(0.00949016947146508,0.,0.0105221602534756));
#6544=CARTESIAN_POINT('',(0.00958747970298077,0.,0.0105687354847222));
#6545=CARTESIAN_POINT('',(0.00969049352278769,0.,0.0106155317394569));
#6546=CARTESIAN_POINT('',(0.00979925546083246,0.,0.0106623394618642));
#6547=CARTESIAN_POINT('',(0.00991381032284938,0.,0.0107089434875463));
#6548=CARTESIAN_POINT('',(0.0100341719556886,0.,0.0107551421427806));
#6549=CARTESIAN_POINT('',(0.0101604432533682,0.,0.0108006745078282));
#6550=CARTESIAN_POINT('',(0.0102648169219445,0.,0.0108361429822119));
#6551=CARTESIAN_POINT('',(0.0103274053744406,0.,0.0108561855224224));
#6552=CARTESIAN_POINT('',(0.0103451127990773,0.,0.010861797327071));
#6553=CARTESIAN_POINT('',(0.00963250343115106,0.,0.00835328544040386));
#6554=CARTESIAN_POINT('',(0.00977525133353395,0.,0.0084768201463773));
#6555=CARTESIAN_POINT('',(0.00993784621673449,0.,0.0086175305228779));
#6556=CARTESIAN_POINT('',(0.00994617310261197,0.,0.00862563705385733));
#6557=CARTESIAN_POINT('',(0.00995696187276809,0.,0.00863587992531691));
#6558=CARTESIAN_POINT('',(0.00996953874699487,0.,0.00864848529072821));
#6559=CARTESIAN_POINT('',(0.0099861083341002,0.,0.00866567342335986));
#6560=CARTESIAN_POINT('',(0.010005713868238,0.,0.00868688028662576));
#6561=CARTESIAN_POINT('',(0.0100284465524572,0.,0.00871246356055128));
#6562=CARTESIAN_POINT('',(0.010054061267535,0.,0.00874248352855024));
#6563=CARTESIAN_POINT('',(0.0100824111874696,0.,0.00877708552737197));
#6564=CARTESIAN_POINT('',(0.0101133150690954,0.,0.00881638287149937));
#6565=CARTESIAN_POINT('',(0.0101465971201237,0.,0.00886049173565835));
#6566=CARTESIAN_POINT('',(0.0101820753860606,0.,0.00890952071004215));
#6567=CARTESIAN_POINT('',(0.0102195653099579,0.,0.00896357371685313));
#6568=CARTESIAN_POINT('',(0.0102588788797809,0.,0.00902274904335378));
#6569=CARTESIAN_POINT('',(0.0102998250558134,0.,0.00908713950356469));
#6570=CARTESIAN_POINT('',(0.0103422098347245,0.,0.00915683228207799));
#6571=CARTESIAN_POINT('',(0.0103858364210686,0.,0.00923190887313853));
#6572=CARTESIAN_POINT('',(0.0104305053695628,0.,0.00931244500053636));
#6573=CARTESIAN_POINT('',(0.0104760147448811,0.,0.00939851053712359));
#6574=CARTESIAN_POINT('',(0.0105221602534756,0.,0.00949016947146508));
#6575=CARTESIAN_POINT('',(0.0105687354847222,0.,0.00958747970298077));
#6576=CARTESIAN_POINT('',(0.0106155317394569,0.,0.00969049352278769));
#6577=CARTESIAN_POINT('',(0.0106623394618642,0.,0.00979925546083246));
#6578=CARTESIAN_POINT('',(0.0107089434875463,0.,0.00991381032284937));
#6579=CARTESIAN_POINT('',(0.0107551421427806,0.,0.0100341719556886));
#6580=CARTESIAN_POINT('',(0.0108006745078282,0.,0.0101604432533682));
#6581=CARTESIAN_POINT('',(0.0108361429822119,0.,0.0102648169219445));
#6582=CARTESIAN_POINT('',(0.0108561855224224,0.,0.0103274053744406));
#6583=CARTESIAN_POINT('',(0.010861797327071,0.,0.0103451127990773));
#6584=CARTESIAN_POINT('',(0.00999497428895585,0.,0.00867529978106238));
#6585=CARTESIAN_POINT('',(0.0104039912473797,0.,0.00829690615795079));
#6586=CARTESIAN_POINT('',(0.0106818829167503,0.,0.0078139436062097));
#6587=CARTESIAN_POINT('',(0.0102872847941089,0.,0.007532215581414));
#6588=CARTESIAN_POINT('',(0.0104394866236441,0.,0.00764389543770326));
#6589=CARTESIAN_POINT('',(0.0106128498624945,0.,0.00777110272331715));
#6590=CARTESIAN_POINT('',(0.0106226060522397,0.,0.00777741696393598));
#6591=CARTESIAN_POINT('',(0.0106349928407379,0.,0.00778565598377571));
#6592=CARTESIAN_POINT('',(0.0106500807811198,0.,0.00779511257182321));
#6593=CARTESIAN_POINT('',(0.0106705250513787,0.,0.00780744200545937));
#6594=CARTESIAN_POINT('',(0.0106955628560734,0.,0.00782183701690331));
#6595=CARTESIAN_POINT('',(0.0107255632020322,0.,0.0078383069312599));
#6596=CARTESIAN_POINT('',(0.0107605303170794,0.,0.00785659936063538));
#6597=CARTESIAN_POINT('',(0.0108005732222094,0.,0.0078765388197931));
#6598=CARTESIAN_POINT('',(0.010845762060476,0.,0.00789792339486764));
#6599=CARTESIAN_POINT('',(0.0108961709763981,0.,0.00792055584974144));
#6600=CARTESIAN_POINT('',(0.0109518653489019,0.,0.00794423462830829));
#6601=CARTESIAN_POINT('',(0.0110129054268589,0.,0.00796875667598264));
#6602=CARTESIAN_POINT('',(0.011079345196651,0.,0.00799391682361048));
#6603=CARTESIAN_POINT('',(0.0111512326349215,0.,0.00801950816817769));
#6604=CARTESIAN_POINT('',(0.0112286095705605,0.,0.00804532217002498));
#6605=CARTESIAN_POINT('',(0.0113115116634755,0.,0.00807114883360402));
#6606=CARTESIAN_POINT('',(0.0113999683581525,0.,0.00809677686401305));
#6607=CARTESIAN_POINT('',(0.0114940028407478,0.,0.00812199384069392));
#6608=CARTESIAN_POINT('',(0.0115936320359085,0.,0.00814658635336941));
#6609=CARTESIAN_POINT('',(0.0116988664607103,0.,0.00817034028272768));
#6610=CARTESIAN_POINT('',(0.0118097106552897,0.,0.0081930405262603));
#6611=CARTESIAN_POINT('',(0.011926161402579,0.,0.00821447287330815));
#6612=CARTESIAN_POINT('',(0.0120482145063564,0.,0.00823441758388051));
#6613=CARTESIAN_POINT('',(0.0121758385896774,0.,0.00825267495942177));
#6614=CARTESIAN_POINT('',(0.0123090759066883,0.,0.00826896772592272));
#6615=CARTESIAN_POINT('',(0.0124187251875259,0.,0.00828032160538991));
#6616=CARTESIAN_POINT('',(0.0124842043016112,0.,0.00828593439636782));
#6617=CARTESIAN_POINT('',(0.012502716508154,0.,0.00828746522868931));
#6618=CARTESIAN_POINT('',(0.0112497773370187,0.,0.00600041747443462));
#6619=CARTESIAN_POINT('',(0.0114164353096064,0.,0.00608909051085277));
#6620=CARTESIAN_POINT('',(0.0116062646040128,0.,0.0061900922191705));
#6621=CARTESIAN_POINT('',(0.011616186590321,0.,0.00619614259607091));
#6622=CARTESIAN_POINT('',(0.0116289841168079,0.,0.00620372793014637));
#6623=CARTESIAN_POINT('',(0.0116440506202238,0.,0.0062132186349299));
#6624=CARTESIAN_POINT('',(0.0116640294925123,0.,0.00622628874519284));
#6625=CARTESIAN_POINT('',(0.0116878624459966,0.,0.00624260126635353));
#6626=CARTESIAN_POINT('',(0.0117157179883684,0.,0.00626248461606471));
#6627=CARTESIAN_POINT('',(0.0117473705603768,0.,0.00628605211046756));
#6628=CARTESIAN_POINT('',(0.0117827093577236,0.,0.00631347811427474));
#6629=CARTESIAN_POINT('',(0.0118215828962326,0.,0.0063449134313369));
#6630=CARTESIAN_POINT('',(0.0118638456424032,0.,0.00638051044110132));
#6631=CARTESIAN_POINT('',(0.0119093443673117,0.,0.00642041549986231));
#6632=CARTESIAN_POINT('',(0.0119579222661035,0.,0.0064647709920601));
#6633=CARTESIAN_POINT('',(0.0120094179115715,0.,0.00651371457730389));
#6634=CARTESIAN_POINT('',(0.0120636657068268,0.,0.00656737925290904));
#6635=CARTESIAN_POINT('',(0.0121204959130036,0.,0.00662589318737034));
#6636=CARTESIAN_POINT('',(0.0121797348029048,0.,0.0066893796228081));
#6637=CARTESIAN_POINT('',(0.0122412047818854,0.,0.0067579567652095));
#6638=CARTESIAN_POINT('',(0.0123047245257319,0.,0.00683173767040571));
#6639=CARTESIAN_POINT('',(0.0123701091017576,0.,0.00691083018222573));
#6640=CARTESIAN_POINT('',(0.0124371701583167,0.,0.00699533667911503));
#6641=CARTESIAN_POINT('',(0.012505715864637,0.,0.00708535458107603));
#6642=CARTESIAN_POINT('',(0.01257555182775,0.,0.00718097393215244));
#6643=CARTESIAN_POINT('',(0.0126464782480929,0.,0.00728228629328795));
#6644=CARTESIAN_POINT('',(0.0127183015895379,0.,0.00738935004078844));
#6645=CARTESIAN_POINT('',(0.012790790370222,0.,0.00750232354900813));
#6646=CARTESIAN_POINT('',(0.0128485949021132,0.,0.00759618787375404));
#6647=CARTESIAN_POINT('',(0.0128820621748998,0.,0.0076527472183063));
#6648=CARTESIAN_POINT('',(0.0128914735525575,0.,0.00766876193682589));
#6649=CARTESIAN_POINT('',(0.0116748152254757,0.,0.00623370088945477));
#6650=CARTESIAN_POINT('',(0.011989376772381,0.,0.00577377954889922));
#6651=CARTESIAN_POINT('',(0.0121528318393338,0.,0.00524108916286125));
#6652=CARTESIAN_POINT('',(0.011705436732277,0.,0.00505423099063165));
#6653=CARTESIAN_POINT('',(0.0118786736501016,0.,0.00512924270649846));
#6654=CARTESIAN_POINT('',(0.0120759965946039,0.,0.00521468369005366));
#6655=CARTESIAN_POINT('',(0.0120869132270228,0.,0.00521866866302323));
#6656=CARTESIAN_POINT('',(0.0121008228072616,0.,0.00522394479368865));
#6657=CARTESIAN_POINT('',(0.0121176367502816,0.,0.00522980690274491));
#6658=CARTESIAN_POINT('',(0.012140311997089,0.,0.00523727793362614));
#6659=CARTESIAN_POINT('',(0.0121679252431365,0.,0.00524574059639412));
#6660=CARTESIAN_POINT('',(0.0122008383185117,0.,0.00525512187060984));
#6661=CARTESIAN_POINT('',(0.0122389991834486,0.,0.00526517475549156));
#6662=CARTESIAN_POINT('',(0.012282475076419,0.,0.00527570390613038));
#6663=CARTESIAN_POINT('',(0.0123312894517821,0.,0.0052864968627652));
#6664=CARTESIAN_POINT('',(0.0123854707059336,0.,0.00529734483569216));
#6665=CARTESIAN_POINT('',(0.0124450377281607,0.,0.0053080367740577));
#6666=CARTESIAN_POINT('',(0.0125100040728737,0.,0.00531836130764352));
#6667=CARTESIAN_POINT('',(0.0125803767184716,0.,0.00532810639821454));
#6668=CARTESIAN_POINT('',(0.0126561563984711,0.,0.00533705965443968));
#6669=CARTESIAN_POINT('',(0.0127373374885848,0.,0.00534500845738066));
#6670=CARTESIAN_POINT('',(0.0128239080262465,0.,0.00535174014144002));
#6671=CARTESIAN_POINT('',(0.0129158497001685,0.,0.00535704215730582));
#6672=CARTESIAN_POINT('',(0.0130131378471609,0.,0.00536070225084161));
#6673=CARTESIAN_POINT('',(0.0131157414792801,0.,0.00536250859632317));
#6674=CARTESIAN_POINT('',(0.0132236232038877,0.,0.00536225010258729));
#6675=CARTESIAN_POINT('',(0.0133367395824784,0.,0.00535971604991911));
#6676=CARTESIAN_POINT('',(0.0134550398122871,0.,0.00535469831423291));
#6677=CARTESIAN_POINT('',(0.0135784709055521,0.,0.00534698359862549));
#6678=CARTESIAN_POINT('',(0.0137069578349054,0.,0.00533638419342794));
#6679=CARTESIAN_POINT('',(0.0138404800958221,0.,0.00532262037403727));
#6680=CARTESIAN_POINT('',(0.0139499067161245,0.,0.00530929032766175));
#6681=CARTESIAN_POINT('',(0.0140149930956017,0.,0.00530019192063047));
#6682=CARTESIAN_POINT('',(0.0140333818047142,0.,0.00529756501830008));
#6683=CARTESIAN_POINT('',(0.012302940432229,0.,0.00334666352073589));
#6684=CARTESIAN_POINT('',(0.0124851515483729,0.,0.00339602845128638));
#6685=CARTESIAN_POINT('',(0.0126926964205056,0.,0.0034522568440198));
#6686=CARTESIAN_POINT('',(0.0127037159774204,0.,0.00345594767567922));
#6687=CARTESIAN_POINT('',(0.0127178805388222,0.,0.00346049511204643));
#6688=CARTESIAN_POINT('',(0.0127346811740336,0.,0.00346639525263461));
#6689=CARTESIAN_POINT('',(0.0127570675074242,0.,0.00347469195062422));
#6690=CARTESIAN_POINT('',(0.0127839327964497,0.,0.00348529215175355));
#6691=CARTESIAN_POINT('',(0.0128155144037648,0.,0.00349847854307025));
#6692=CARTESIAN_POINT('',(0.0128516176405736,0.,0.00351441179129834));
#6693=CARTESIAN_POINT('',(0.0128921732804719,0.,0.00353328654573904));
#6694=CARTESIAN_POINT('',(0.0129370671943215,0.,0.00355528353767602));
#6695=CARTESIAN_POINT('',(0.0129861914050675,0.,0.00358058371033611));
#6696=CARTESIAN_POINT('',(0.0130394290928945,0.,0.00360936384719901));
#6697=CARTESIAN_POINT('',(0.0130966590678917,0.,0.00364179765519241));
#6698=CARTESIAN_POINT('',(0.0131577545823139,0.,0.00367805526344461));
#6699=CARTESIAN_POINT('',(0.0132225837858187,0.,0.00371830318352499));
#6700=CARTESIAN_POINT('',(0.0132910097154214,0.,0.00376270414092747));
#6701=CARTESIAN_POINT('',(0.0133628904235798,0.,0.00381141694577334));
#6702=CARTESIAN_POINT('',(0.0134380790716245,0.,0.00386459635890509));
#6703=CARTESIAN_POINT('',(0.0135164240388075,0.,0.00392239295004152));
#6704=CARTESIAN_POINT('',(0.0135977690266003,0.,0.00398495301053585));
#6705=CARTESIAN_POINT('',(0.0136819531870733,0.,0.00405241826417632));
#6706=CARTESIAN_POINT('',(0.0137688111770423,0.,0.00412492637480506));
#6707=CARTESIAN_POINT('',(0.0138581735140612,0.,0.0042026083853785));
#6708=CARTESIAN_POINT('',(0.0139498657821858,0.,0.00428559802080168));
#6709=CARTESIAN_POINT('',(0.0140437122875934,0.,0.00437399525960449));
#6710=CARTESIAN_POINT('',(0.0141395225937636,0.,0.0044680060149258));
#6711=CARTESIAN_POINT('',(0.0142167646225627,0.,0.00454665424665534));
#6712=CARTESIAN_POINT('',(0.0142619784391206,0.,0.0045943483615566));
#6713=CARTESIAN_POINT('',(0.0142747174640132,0.,0.00460786732910088));
#6714=CARTESIAN_POINT('',(0.0132233465070876,-0.007,-0.000550857949672829));
#6715=CARTESIAN_POINT('',(0.0132233465070876,-1.82145964977565E-17,-0.000550857949672829));
#6716=CARTESIAN_POINT('',(0.0133999268324657,-0.007,-0.00057773898550712));
#6717=CARTESIAN_POINT('',(0.0133999268324657,-1.73472347597681E-17,-0.00057773898550712));
#6718=CARTESIAN_POINT('',(0.0139636256113205,-0.007,-0.000739934001263017));
#6719=CARTESIAN_POINT('',(0.0139636256113205,-2.08166817117217E-17,-0.000739934001263017));
#6720=CARTESIAN_POINT('',(0.0146100985312982,-0.007,-0.00109324295183995));
#6721=CARTESIAN_POINT('',(0.0146100985312982,-1.99493199737333E-17,-0.00109324295183995));
#6722=CARTESIAN_POINT('',(0.0149421674357942,-0.007,-0.00131591501271641));
#6723=CARTESIAN_POINT('',(0.0149421674357942,-1.90819582357449E-17,-0.00131591501271641));
#6724=CARTESIAN_POINT('',(0.0132233465071238,-0.007,-0.000550857949678345));
#6725=CARTESIAN_POINT('',(0.0132233465070877,-0.007,0.000550857949672841));
#6726=CARTESIAN_POINT('',(0.0132233465070877,-2.60208521396521E-18,0.000550857949672841));
#6727=CARTESIAN_POINT('',(0.0133999268324658,-0.00700000000000003,0.000577738985507143));
#6728=CARTESIAN_POINT('',(0.0133999268324658,-3.38271077815477E-17,0.000577738985507143));
#6729=CARTESIAN_POINT('',(0.0139636256113206,-0.00699999999999998,0.000739934001263055));
#6730=CARTESIAN_POINT('',(0.0139636256113206,1.90819582357449E-17,0.000739934001263055));
#6731=CARTESIAN_POINT('',(0.0146100985312982,-0.007,0.00109324295183996));
#6732=CARTESIAN_POINT('',(0.0146100985312982,-4.33680868994202E-18,0.00109324295183996));
#6733=CARTESIAN_POINT('',(0.0149421674357942,-0.007,0.00131591501271641));
#6734=CARTESIAN_POINT('',(0.0149421674357942,-3.46944695195361E-18,0.00131591501271641));
#6735=CARTESIAN_POINT('',(0.0132233465071239,0.,0.000550857949678354));
#6736=CARTESIAN_POINT('',(0.0133072042769845,-0.0035,3.36102673470503E-18));
#6737=CARTESIAN_POINT('',(-0.00867529978103544,-0.007,-0.00999497428893091));
#6738=CARTESIAN_POINT('',(-0.00867529978103544,1.38777878078145E-17,-0.00999497428893091));
#6739=CARTESIAN_POINT('',(-0.00880641225321416,-0.007,-0.0101162702947899));
#6740=CARTESIAN_POINT('',(-0.00880641225321416,1.38777878078145E-17,-0.0101162702947899));
#6741=CARTESIAN_POINT('',(-0.00928468186276784,-0.007,-0.0104558608084911));
#6742=CARTESIAN_POINT('',(-0.00928468186276784,8.67361737988404E-18,-0.0104558608084911));
#6743=CARTESIAN_POINT('',(-0.00996397919615025,-0.007,-0.0107410091623031));
#6744=CARTESIAN_POINT('',(-0.00996397919615025,1.30104260698261E-17,-0.0107410091623031));
#6745=CARTESIAN_POINT('',(-0.0103451127990773,-0.007,-0.010861797327071));
#6746=CARTESIAN_POINT('',(-0.0103451127990773,1.30104260698261E-17,-0.010861797327071));
#6747=CARTESIAN_POINT('',(-0.00867529978106233,-0.007,-0.0099949742889558));
#6748=CARTESIAN_POINT('',(-0.00781394360619145,-0.007,-0.0106818829167186));
#6749=CARTESIAN_POINT('',(-0.00781394360619145,-2.60208521396521E-18,-0.0106818829167186));
#6750=CARTESIAN_POINT('',(-0.00790302319817702,-0.007,-0.0108366990259898));
#6751=CARTESIAN_POINT('',(-0.00790302319817702,-2.60208521396521E-18,-0.0108366990259898));
#6752=CARTESIAN_POINT('',(-0.00812767446849576,-0.007,-0.0113785434161632));
#6753=CARTESIAN_POINT('',(-0.00812767446849576,-4.33680868994202E-18,-0.0113785434161632));
#6754=CARTESIAN_POINT('',(-0.00825451568068102,-0.007,-0.0121042608251552));
#6755=CARTESIAN_POINT('',(-0.00825451568068102,-3.46944695195361E-18,-0.0121042608251552));
#6756=CARTESIAN_POINT('',(-0.00828746522868932,-0.007,-0.012502716508154));
#6757=CARTESIAN_POINT('',(-0.00828746522868932,-3.46944695195361E-18,-0.012502716508154));
#6758=CARTESIAN_POINT('',(-0.00781394360620973,0.,-0.0106818829167504));
#6759=CARTESIAN_POINT('',(-0.00829690615795078,-0.0035,-0.0104039912473797));
#6760=CARTESIAN_POINT('',(-0.0106818829167186,-0.007,-0.00781394360619142));
#6761=CARTESIAN_POINT('',(-0.0106818829167186,-1.04083408558608E-17,-0.00781394360619142));
#6762=CARTESIAN_POINT('',(-0.0108366990259897,-0.007,-0.00790302319817703));
#6763=CARTESIAN_POINT('',(-0.0108366990259897,-1.04083408558608E-17,-0.00790302319817703));
#6764=CARTESIAN_POINT('',(-0.0113785434161632,-0.007,-0.00812767446849574));
#6765=CARTESIAN_POINT('',(-0.0113785434161632,-1.38777878078145E-17,-0.00812767446849574));
#6766=CARTESIAN_POINT('',(-0.0121042608251552,-0.007,-0.00825451568068102));
#6767=CARTESIAN_POINT('',(-0.0121042608251552,-1.12757025938492E-17,-0.00825451568068102));
#6768=CARTESIAN_POINT('',(-0.012502716508154,-0.007,-0.00828746522868932));
#6769=CARTESIAN_POINT('',(-0.012502716508154,-1.12757025938492E-17,-0.00828746522868932));
#6770=CARTESIAN_POINT('',(-0.0106818829167503,-0.007,-0.0078139436062097));
#6771=CARTESIAN_POINT('',(-0.00999497428893096,-0.007,-0.00867529978103548));
#6772=CARTESIAN_POINT('',(-0.00999497428893096,9.54097911787244E-18,-0.00867529978103548));
#6773=CARTESIAN_POINT('',(-0.0101162702947899,-0.007,-0.00880641225321426));
#6774=CARTESIAN_POINT('',(-0.0101162702947899,9.54097911787244E-18,-0.00880641225321426));
#6775=CARTESIAN_POINT('',(-0.0104558608084911,-0.007,-0.00928468186276767));
#6776=CARTESIAN_POINT('',(-0.0104558608084911,8.67361737988404E-18,-0.00928468186276767));
#6777=CARTESIAN_POINT('',(-0.0107410091623031,-0.007,-0.00996397919615072));
#6778=CARTESIAN_POINT('',(-0.0107410091623031,1.04083408558608E-17,-0.00996397919615072));
#6779=CARTESIAN_POINT('',(-0.010861797327071,-0.007,-0.0103451127990773));
#6780=CARTESIAN_POINT('',(-0.010861797327071,1.04083408558608E-17,-0.0103451127990773));
#6781=CARTESIAN_POINT('',(-0.00999497428895585,0.,-0.00867529978106238));
#6782=CARTESIAN_POINT('',(-0.0104039912473797,-0.0035,-0.00829690615795079));
#6783=CARTESIAN_POINT('',(-0.00623370088943404,-0.007,-0.0116748152254454));
#6784=CARTESIAN_POINT('',(-0.00623370088943404,8.67361737988404E-19,-0.0116748152254454));
#6785=CARTESIAN_POINT('',(-0.00633453519768737,-0.007,-0.0118222453569561));
#6786=CARTESIAN_POINT('',(-0.00633453519768737,8.67361737988404E-19,-0.0118222453569561));
#6787=CARTESIAN_POINT('',(-0.0067252475913178,-0.00699999999999999,-0.0122597466276764));
#6788=CARTESIAN_POINT('',(-0.0067252475913178,6.07153216591882E-18,-0.0122597466276764));
#6789=CARTESIAN_POINT('',(-0.0073240620442973,-0.007,-0.0126889035939785));
#6790=CARTESIAN_POINT('',(-0.0073240620442973,0.,-0.0126889035939785));
#6791=CARTESIAN_POINT('',(-0.00766876193682588,-0.007,-0.0128914735525575));
#6792=CARTESIAN_POINT('',(-0.00766876193682588,0.,-0.0128914735525575));
#6793=CARTESIAN_POINT('',(-0.00623370088945473,-0.007,-0.0116748152254757));
#6794=CARTESIAN_POINT('',(-0.0052410891628505,-0.007,-0.0121528318392989));
#6795=CARTESIAN_POINT('',(-0.0052410891628505,1.30104260698261E-17,-0.0121528318392989));
#6796=CARTESIAN_POINT('',(-0.00529348551825654,-0.007,-0.0123235884594878));
#6797=CARTESIAN_POINT('',(-0.00529348551825654,1.30104260698261E-17,-0.0123235884594878));
#6798=CARTESIAN_POINT('',(-0.00539193259243689,-0.007,-0.012901837290013));
#6799=CARTESIAN_POINT('',(-0.00539193259243689,1.64798730217797E-17,-0.012901837290013));
#6800=CARTESIAN_POINT('',(-0.00535410631497418,-0.007,-0.0136375842733947));
#6801=CARTESIAN_POINT('',(-0.00535410631497418,1.21430643318376E-17,-0.0136375842733947));
#6802=CARTESIAN_POINT('',(-0.00529756501830007,-0.007,-0.0140333818047142));
#6803=CARTESIAN_POINT('',(-0.00529756501830007,1.21430643318376E-17,-0.0140333818047142));
#6804=CARTESIAN_POINT('',(-0.00524108916286125,0.,-0.0121528318393339));
#6805=CARTESIAN_POINT('',(-0.0057737795488992,-0.0035,-0.011989376772381));
#6806=CARTESIAN_POINT('',(-0.00347951820556838,-0.007,-0.0127692321767733));
#6807=CARTESIAN_POINT('',(-0.00347951820556838,-8.67361737988404E-19,-0.0127692321767733));
#6808=CARTESIAN_POINT('',(-0.00354501809663302,-0.007,-0.012935403671527));
#6809=CARTESIAN_POINT('',(-0.00354501809663302,-8.67361737988404E-19,-0.012935403671527));
#6810=CARTESIAN_POINT('',(-0.0038285813234511,-0.007,-0.0134488775587061));
#6811=CARTESIAN_POINT('',(-0.0038285813234511,-8.67361737988404E-19,-0.0134488775587061));
#6812=CARTESIAN_POINT('',(-0.00431688583892293,-0.007,-0.014000523415205));
#6813=CARTESIAN_POINT('',(-0.00431688583892293,-1.73472347597681E-18,-0.014000523415205));
#6814=CARTESIAN_POINT('',(-0.00460786732910087,-0.007,-0.0142747174640132));
#6815=CARTESIAN_POINT('',(-0.00460786732910087,-1.73472347597681E-18,-0.0142747174640132));
#6816=CARTESIAN_POINT('',(-0.00347951820558182,-0.007,-0.0127692321768074));
#6817=CARTESIAN_POINT('',(-0.0024054246240018,-0.007,-0.0130143870276502));
#6818=CARTESIAN_POINT('',(-0.0024054246240018,-8.67361737988404E-19,-0.0130143870276502));
#6819=CARTESIAN_POINT('',(-0.00241851037078005,-0.007,-0.0131925217088031));
#6820=CARTESIAN_POINT('',(-0.00241851037078005,-8.67361737988404E-19,-0.0131925217088031));
#6821=CARTESIAN_POINT('',(-0.00238581670144356,-0.007,-0.0137781791687604));
#6822=CARTESIAN_POINT('',(-0.00238581670144356,-6.07153216591882E-18,-0.0137781791687604));
#6823=CARTESIAN_POINT('',(-0.00218521970183354,-0.007,-0.0144870623005741));
#6824=CARTESIAN_POINT('',(-0.00218521970183354,-1.73472347597681E-18,-0.0144870623005741));
#6825=CARTESIAN_POINT('',(-0.0020420227771882,-0.007,-0.0148603547392868));
#6826=CARTESIAN_POINT('',(-0.0020420227771882,-1.73472347597681E-18,-0.0148603547392868));
#6827=CARTESIAN_POINT('',(-0.00240542462400449,0.,-0.0130143870276868));
#6828=CARTESIAN_POINT('',(-0.00296113152406205,-0.0035,-0.0129735648827376));
#6829=CARTESIAN_POINT('',(-0.000550857949672831,-0.007,-0.0132233465070876));
#6830=CARTESIAN_POINT('',(-0.000550857949672831,8.67361737988404E-18,-0.0132233465070876));
#6831=CARTESIAN_POINT('',(-0.000577738985507119,-0.00699999999999997,-0.0133999268324657));
#6832=CARTESIAN_POINT('',(-0.000577738985507119,3.98986399474666E-17,-0.0133999268324657));
#6833=CARTESIAN_POINT('',(-0.000739934001263021,-0.00700000000000001,-0.0139636256113205));
#6834=CARTESIAN_POINT('',(-0.000739934001263021,-2.60208521396521E-18,-0.0139636256113205));
#6835=CARTESIAN_POINT('',(-0.00109324295183995,-0.007,-0.0146100985312982));
#6836=CARTESIAN_POINT('',(-0.00109324295183995,1.04083408558608E-17,-0.0146100985312982));
#6837=CARTESIAN_POINT('',(-0.00131591501271642,-0.007,-0.0149421674357942));
#6838=CARTESIAN_POINT('',(-0.00131591501271642,1.04083408558608E-17,-0.0149421674357942));
#6839=CARTESIAN_POINT('',(-0.000550857949678347,-0.007,-0.0132233465071238));
#6840=CARTESIAN_POINT('',(0.000550857949672838,-0.007,-0.0132233465070877));
#6841=CARTESIAN_POINT('',(0.000550857949672838,1.38777878078145E-17,-0.0132233465070877));
#6842=CARTESIAN_POINT('',(0.00057773898550714,-0.007,-0.0133999268324658));
#6843=CARTESIAN_POINT('',(0.00057773898550714,1.38777878078145E-17,-0.0133999268324658));
#6844=CARTESIAN_POINT('',(0.000739934001263053,-0.007,-0.0139636256113206));
#6845=CARTESIAN_POINT('',(0.000739934001263053,1.64798730217797E-17,-0.0139636256113206));
#6846=CARTESIAN_POINT('',(0.00109324295183996,-0.007,-0.0146100985312982));
#6847=CARTESIAN_POINT('',(0.00109324295183996,1.47451495458029E-17,-0.0146100985312982));
#6848=CARTESIAN_POINT('',(0.00131591501271641,-0.007,-0.0149421674357942));
#6849=CARTESIAN_POINT('',(0.00131591501271641,1.56125112837913E-17,-0.0149421674357942));
#6850=CARTESIAN_POINT('',(0.000550857949678351,0.,-0.0132233465071239));
#6851=CARTESIAN_POINT('',(9.16532966193673E-19,-0.0035,-0.0133072042769845));
#6852=CARTESIAN_POINT('',(0.00240542462400182,-0.007,-0.0130143870276502));
#6853=CARTESIAN_POINT('',(0.00240542462400182,-2.60208521396521E-18,-0.0130143870276502));
#6854=CARTESIAN_POINT('',(0.00241851037078008,-0.00700000000000003,-0.0131925217088031));
#6855=CARTESIAN_POINT('',(0.00241851037078008,-3.38271077815477E-17,-0.0131925217088031));
#6856=CARTESIAN_POINT('',(0.00238581670144365,-0.00699999999999999,-0.0137781791687603));
#6857=CARTESIAN_POINT('',(0.00238581670144365,1.04083408558608E-17,-0.0137781791687603));
#6858=CARTESIAN_POINT('',(0.00218521970183347,-0.007,-0.0144870623005741));
#6859=CARTESIAN_POINT('',(0.00218521970183347,-4.33680868994202E-18,-0.0144870623005741));
#6860=CARTESIAN_POINT('',(0.00204202277718823,-0.007,-0.0148603547392868));
#6861=CARTESIAN_POINT('',(0.00204202277718823,-4.33680868994202E-18,-0.0148603547392868));
#6862=CARTESIAN_POINT('',(0.0024054246240045,-0.007,-0.0130143870276867));
#6863=CARTESIAN_POINT('',(0.00347951820556842,-0.007,-0.0127692321767733));
#6864=CARTESIAN_POINT('',(0.00347951820556842,-2.16840434497101E-17,-0.0127692321767733));
#6865=CARTESIAN_POINT('',(0.00354501809663308,-0.007,-0.0129354036715271));
#6866=CARTESIAN_POINT('',(0.00354501809663308,-2.08166817117217E-17,-0.0129354036715271));
#6867=CARTESIAN_POINT('',(0.00382858132345116,-0.007,-0.0134488775587061));
#6868=CARTESIAN_POINT('',(0.00382858132345116,-2.51534904016637E-17,-0.0134488775587061));
#6869=CARTESIAN_POINT('',(0.00431688583892297,-0.007,-0.014000523415205));
#6870=CARTESIAN_POINT('',(0.00431688583892297,-2.25514051876985E-17,-0.014000523415205));
#6871=CARTESIAN_POINT('',(0.00460786732910089,-0.007,-0.0142747174640132));
#6872=CARTESIAN_POINT('',(0.00460786732910089,-2.25514051876985E-17,-0.0142747174640132));
#6873=CARTESIAN_POINT('',(0.00347951820558186,0.,-0.0127692321768074));
#6874=CARTESIAN_POINT('',(0.00296113152406208,-0.0035,-0.0129735648827376));
#6875=CARTESIAN_POINT('',(0.00524108916285049,-0.007,-0.0121528318392988));
#6876=CARTESIAN_POINT('',(0.00524108916285049,2.60208521396521E-18,-0.0121528318392988));
#6877=CARTESIAN_POINT('',(0.0052934855182565,-0.007,-0.0123235884594877));
#6878=CARTESIAN_POINT('',(0.0052934855182565,2.60208521396521E-18,-0.0123235884594877));
#6879=CARTESIAN_POINT('',(0.00539193259243693,-0.007,-0.012901837290013));
#6880=CARTESIAN_POINT('',(0.00539193259243693,8.67361737988404E-19,-0.012901837290013));
#6881=CARTESIAN_POINT('',(0.00535410631497418,-0.007,-0.0136375842733947));
#6882=CARTESIAN_POINT('',(0.00535410631497418,3.46944695195361E-18,-0.0136375842733947));
#6883=CARTESIAN_POINT('',(0.00529756501830008,-0.007,-0.0140333818047142));
#6884=CARTESIAN_POINT('',(0.00529756501830008,3.46944695195361E-18,-0.0140333818047142));
#6885=CARTESIAN_POINT('',(0.00524108916286124,-0.007,-0.0121528318393338));
#6886=CARTESIAN_POINT('',(0.00623370088943408,-0.007,-0.0116748152254455));
#6887=CARTESIAN_POINT('',(0.00623370088943408,2.60208521396521E-18,-0.0116748152254455));
#6888=CARTESIAN_POINT('',(0.00633453519768751,-0.007,-0.0118222453569562));
#6889=CARTESIAN_POINT('',(0.00633453519768751,2.60208521396521E-18,-0.0118222453569562));
#6890=CARTESIAN_POINT('',(0.0067252475913178,-0.007,-0.0122597466276764));
#6891=CARTESIAN_POINT('',(0.0067252475913178,5.20417042793042E-18,-0.0122597466276764));
#6892=CARTESIAN_POINT('',(0.00732406204429735,-0.007,-0.0126889035939785));
#6893=CARTESIAN_POINT('',(0.00732406204429735,2.60208521396521E-18,-0.0126889035939785));
#6894=CARTESIAN_POINT('',(0.00766876193682589,-0.007,-0.0128914735525575));
#6895=CARTESIAN_POINT('',(0.00766876193682589,2.60208521396521E-18,-0.0128914735525575));
#6896=CARTESIAN_POINT('',(0.00623370088945477,0.,-0.0116748152254757));
#6897=CARTESIAN_POINT('',(0.00577377954889922,-0.0035,-0.011989376772381));
#6898=CARTESIAN_POINT('',(0.00781394360619141,-0.007,-0.0106818829167186));
#6899=CARTESIAN_POINT('',(0.00781394360619141,4.33680868994202E-18,-0.0106818829167186));
#6900=CARTESIAN_POINT('',(0.00790302319817701,-0.007,-0.0108366990259897));
#6901=CARTESIAN_POINT('',(0.00790302319817701,4.33680868994202E-18,-0.0108366990259897));
#6902=CARTESIAN_POINT('',(0.00812767446849572,-0.007,-0.0113785434161632));
#6903=CARTESIAN_POINT('',(0.00812767446849572,6.93889390390723E-18,-0.0113785434161632));
#6904=CARTESIAN_POINT('',(0.00825451568068104,-0.007,-0.0121042608251552));
#6905=CARTESIAN_POINT('',(0.00825451568068104,4.33680868994202E-18,-0.0121042608251552));
#6906=CARTESIAN_POINT('',(0.00828746522868931,-0.007,-0.012502716508154));
#6907=CARTESIAN_POINT('',(0.00828746522868931,4.33680868994202E-18,-0.012502716508154));
#6908=CARTESIAN_POINT('',(0.00781394360620969,-0.007,-0.0106818829167503));
#6909=CARTESIAN_POINT('',(0.00867529978103547,-0.007,-0.00999497428893096));
#6910=CARTESIAN_POINT('',(0.00867529978103547,0.,-0.00999497428893096));
#6911=CARTESIAN_POINT('',(0.00880641225321426,-0.00700000000000003,-0.01011627029479));
#6912=CARTESIAN_POINT('',(0.00880641225321426,-3.12250225675825E-17,-0.01011627029479));
#6913=CARTESIAN_POINT('',(0.00928468186276767,-0.00699999999999999,-0.0104558608084911));
#6914=CARTESIAN_POINT('',(0.00928468186276767,1.38777878078145E-17,-0.0104558608084911));
#6915=CARTESIAN_POINT('',(0.00996397919615067,-0.007,-0.0107410091623031));
#6916=CARTESIAN_POINT('',(0.00996397919615067,-1.73472347597681E-18,-0.0107410091623031));
#6917=CARTESIAN_POINT('',(0.0103451127990773,-0.007,-0.010861797327071));
#6918=CARTESIAN_POINT('',(0.0103451127990773,-1.73472347597681E-18,-0.010861797327071));
#6919=CARTESIAN_POINT('',(0.00867529978106237,0.,-0.00999497428895585));
#6920=CARTESIAN_POINT('',(0.00829690615795079,-0.0035,-0.0104039912473797));
#6921=CARTESIAN_POINT('',(0.00999497428893091,-0.007,-0.00867529978103544));
#6922=CARTESIAN_POINT('',(0.00999497428893091,1.38777878078145E-17,-0.00867529978103544));
#6923=CARTESIAN_POINT('',(0.0101162702947899,-0.007,-0.00880641225321416));
#6924=CARTESIAN_POINT('',(0.0101162702947899,1.38777878078145E-17,-0.00880641225321416));
#6925=CARTESIAN_POINT('',(0.0104558608084911,-0.007,-0.00928468186276784));
#6926=CARTESIAN_POINT('',(0.0104558608084911,8.67361737988404E-18,-0.00928468186276784));
#6927=CARTESIAN_POINT('',(0.0107410091623031,-0.007,-0.00996397919615025));
#6928=CARTESIAN_POINT('',(0.0107410091623031,1.30104260698261E-17,-0.00996397919615025));
#6929=CARTESIAN_POINT('',(0.010861797327071,-0.007,-0.0103451127990773));
#6930=CARTESIAN_POINT('',(0.010861797327071,1.30104260698261E-17,-0.0103451127990773));
#6931=CARTESIAN_POINT('',(0.0099949742889558,-0.007,-0.00867529978106233));
#6932=CARTESIAN_POINT('',(0.0106818829167186,-0.007,-0.00781394360619145));
#6933=CARTESIAN_POINT('',(0.0106818829167186,-2.60208521396521E-18,-0.00781394360619145));
#6934=CARTESIAN_POINT('',(0.0108366990259898,-0.007,-0.00790302319817702));
#6935=CARTESIAN_POINT('',(0.0108366990259898,-2.60208521396521E-18,-0.00790302319817702));
#6936=CARTESIAN_POINT('',(0.0113785434161632,-0.007,-0.00812767446849576));
#6937=CARTESIAN_POINT('',(0.0113785434161632,-4.33680868994202E-18,-0.00812767446849576));
#6938=CARTESIAN_POINT('',(0.0121042608251552,-0.007,-0.00825451568068102));
#6939=CARTESIAN_POINT('',(0.0121042608251552,-3.46944695195361E-18,-0.00825451568068102));
#6940=CARTESIAN_POINT('',(0.012502716508154,-0.007,-0.00828746522868932));
#6941=CARTESIAN_POINT('',(0.012502716508154,-3.46944695195361E-18,-0.00828746522868932));
#6942=CARTESIAN_POINT('',(0.0106818829167504,0.,-0.00781394360620973));
#6943=CARTESIAN_POINT('',(0.0104039912473797,-0.0035,-0.00829690615795078));
#6944=CARTESIAN_POINT('',(0.0116748152254454,-0.007,-0.00623370088943406));
#6945=CARTESIAN_POINT('',(0.0116748152254454,-1.82145964977565E-17,-0.00623370088943406));
#6946=CARTESIAN_POINT('',(0.011822245356956,-0.007,-0.00633453519768738));
#6947=CARTESIAN_POINT('',(0.011822245356956,-1.73472347597681E-17,-0.00633453519768738));
#6948=CARTESIAN_POINT('',(0.0122597466276762,-0.007,-0.00672524759131791));
#6949=CARTESIAN_POINT('',(0.0122597466276762,-1.30104260698261E-17,-0.00672524759131791));
#6950=CARTESIAN_POINT('',(0.0126889035939789,-0.007,-0.00732406204429711));
#6951=CARTESIAN_POINT('',(0.0126889035939789,-1.73472347597681E-17,-0.00732406204429711));
#6952=CARTESIAN_POINT('',(0.0128914735525575,-0.007,-0.0076687619368259));
#6953=CARTESIAN_POINT('',(0.0128914735525575,-1.73472347597681E-17,-0.0076687619368259));
#6954=CARTESIAN_POINT('',(0.0116748152254757,-0.007,-0.00623370088945474));
#6955=CARTESIAN_POINT('',(0.0121528318392989,-0.007,-0.00524108916285052));
#6956=CARTESIAN_POINT('',(0.0121528318392989,0.,-0.00524108916285052));
#6957=CARTESIAN_POINT('',(0.0123235884594878,-0.007,-0.00529348551825652));
#6958=CARTESIAN_POINT('',(0.0123235884594878,0.,-0.00529348551825652));
#6959=CARTESIAN_POINT('',(0.012901837290013,-0.007,-0.00539193259243702));
#6960=CARTESIAN_POINT('',(0.012901837290013,0.,-0.00539193259243702));
#6961=CARTESIAN_POINT('',(0.0136375842733947,-0.007,-0.00535410631497398));
#6962=CARTESIAN_POINT('',(0.0136375842733947,-8.67361737988404E-19,-0.00535410631497398));
#6963=CARTESIAN_POINT('',(0.0140333818047142,-0.007,-0.00529756501830009));
#6964=CARTESIAN_POINT('',(0.0140333818047142,-8.67361737988404E-19,-0.00529756501830009));
#6965=CARTESIAN_POINT('',(0.0121528318393339,0.,-0.00524108916286126));
#6966=CARTESIAN_POINT('',(0.011989376772381,-0.0035,-0.00577377954889922));
#6967=CARTESIAN_POINT('',(0.0127692321767733,-0.007,-0.00347951820556838));
#6968=CARTESIAN_POINT('',(0.0127692321767733,-8.67361737988404E-19,-0.00347951820556838));
#6969=CARTESIAN_POINT('',(0.012935403671527,-0.007,-0.00354501809663303));
#6970=CARTESIAN_POINT('',(0.012935403671527,-8.67361737988404E-19,-0.00354501809663303));
#6971=CARTESIAN_POINT('',(0.0134488775587061,-0.00699999999999999,-0.00382858132345099));
#6972=CARTESIAN_POINT('',(0.0134488775587061,6.93889390390723E-18,-0.00382858132345099));
#6973=CARTESIAN_POINT('',(0.014000523415205,-0.007,-0.00431688583892315));
#6974=CARTESIAN_POINT('',(0.014000523415205,-8.67361737988404E-19,-0.00431688583892315));
#6975=CARTESIAN_POINT('',(0.0142747174640132,-0.007,-0.00460786732910087));
#6976=CARTESIAN_POINT('',(0.0142747174640132,0.,-0.00460786732910087));
#6977=CARTESIAN_POINT('',(0.0127692321768074,-0.007,-0.00347951820558182));
#6978=CARTESIAN_POINT('',(0.0130143870276502,-0.007,-0.0024054246240018));
#6979=CARTESIAN_POINT('',(0.0130143870276502,-8.67361737988404E-19,-0.0024054246240018));
#6980=CARTESIAN_POINT('',(0.0131925217088031,-0.007,-0.00241851037078005));
#6981=CARTESIAN_POINT('',(0.0131925217088031,-8.67361737988404E-19,-0.00241851037078005));
#6982=CARTESIAN_POINT('',(0.0137781791687604,-0.007,-0.00238581670144361));
#6983=CARTESIAN_POINT('',(0.0137781791687604,-8.67361737988404E-19,-0.00238581670144361));
#6984=CARTESIAN_POINT('',(0.0144870623005741,-0.007,-0.00218521970183344));
#6985=CARTESIAN_POINT('',(0.0144870623005741,-1.73472347597681E-18,-0.00218521970183344));
#6986=CARTESIAN_POINT('',(0.0148603547392868,-0.007,-0.0020420227771882));
#6987=CARTESIAN_POINT('',(0.0148603547392868,-1.73472347597681E-18,-0.0020420227771882));
#6988=CARTESIAN_POINT('',(0.0130143870276868,0.,-0.00240542462400449));
#6989=CARTESIAN_POINT('',(0.0129735648827376,-0.0035,-0.00296113152406205));
#6990=CARTESIAN_POINT('',(-0.0121528318392988,-0.007,-0.00524108916285049));
#6991=CARTESIAN_POINT('',(-0.0121528318392988,-1.82145964977565E-17,-0.00524108916285049));
#6992=CARTESIAN_POINT('',(-0.0123235884594877,-0.007,-0.00529348551825653));
#6993=CARTESIAN_POINT('',(-0.0123235884594877,-1.82145964977565E-17,-0.00529348551825653));
#6994=CARTESIAN_POINT('',(-0.012901837290013,-0.007,-0.00539193259243691));
#6995=CARTESIAN_POINT('',(-0.012901837290013,-1.99493199737333E-17,-0.00539193259243691));
#6996=CARTESIAN_POINT('',(-0.0136375842733947,-0.007,-0.00535410631497418));
#6997=CARTESIAN_POINT('',(-0.0136375842733947,-1.90819582357449E-17,-0.00535410631497418));
#6998=CARTESIAN_POINT('',(-0.0140333818047142,-0.007,-0.00529756501830008));
#6999=CARTESIAN_POINT('',(-0.0140333818047142,-1.90819582357449E-17,-0.00529756501830008));
#7000=CARTESIAN_POINT('',(-0.0121528318393338,-0.007,-0.00524108916286124));
#7001=CARTESIAN_POINT('',(-0.0116748152254455,-0.007,-0.00623370088943408));
#7002=CARTESIAN_POINT('',(-0.0116748152254455,0.,-0.00623370088943408));
#7003=CARTESIAN_POINT('',(-0.0118222453569562,-0.007,-0.00633453519768743));
#7004=CARTESIAN_POINT('',(-0.0118222453569562,0.,-0.00633453519768743));
#7005=CARTESIAN_POINT('',(-0.0122597466276764,-0.00700000000000001,-0.00672524759131784));
#7006=CARTESIAN_POINT('',(-0.0122597466276764,-4.33680868994202E-18,-0.00672524759131784));
#7007=CARTESIAN_POINT('',(-0.0126889035939785,-0.007,-0.00732406204429735));
#7008=CARTESIAN_POINT('',(-0.0126889035939785,0.,-0.00732406204429735));
#7009=CARTESIAN_POINT('',(-0.0128914735525575,-0.007,-0.00766876193682589));
#7010=CARTESIAN_POINT('',(-0.0128914735525575,8.67361737988404E-19,-0.00766876193682589));
#7011=CARTESIAN_POINT('',(-0.0116748152254757,0.,-0.00623370088945477));
#7012=CARTESIAN_POINT('',(-0.011989376772381,-0.0035,-0.00577377954889922));
#7013=CARTESIAN_POINT('',(-0.0130143870276502,-0.007,-0.00240542462400181));
#7014=CARTESIAN_POINT('',(-0.0130143870276502,-1.82145964977565E-17,-0.00240542462400181));
#7015=CARTESIAN_POINT('',(-0.0131925217088031,-0.007,-0.00241851037078007));
#7016=CARTESIAN_POINT('',(-0.0131925217088031,-1.82145964977565E-17,-0.00241851037078007));
#7017=CARTESIAN_POINT('',(-0.0137781791687603,-0.007,-0.00238581670144358));
#7018=CARTESIAN_POINT('',(-0.0137781791687603,-2.08166817117217E-17,-0.00238581670144358));
#7019=CARTESIAN_POINT('',(-0.0144870623005741,-0.007,-0.00218521970183356));
#7020=CARTESIAN_POINT('',(-0.0144870623005741,-1.99493199737333E-17,-0.00218521970183356));
#7021=CARTESIAN_POINT('',(-0.0148603547392868,-0.007,-0.00204202277718821));
#7022=CARTESIAN_POINT('',(-0.0148603547392868,-1.99493199737333E-17,-0.00204202277718821));
#7023=CARTESIAN_POINT('',(-0.0130143870276867,-0.007,-0.00240542462400449));
#7024=CARTESIAN_POINT('',(-0.0127692321767733,-0.007,-0.00347951820556841));
#7025=CARTESIAN_POINT('',(-0.0127692321767733,-4.33680868994202E-18,-0.00347951820556841));
#7026=CARTESIAN_POINT('',(-0.0129354036715271,-0.00700000000000003,-0.0035450180966331));
#7027=CARTESIAN_POINT('',(-0.0129354036715271,-3.46944695195361E-17,-0.0035450180966331));
#7028=CARTESIAN_POINT('',(-0.0134488775587061,-0.00699999999999999,-0.00382858132345113));
#7029=CARTESIAN_POINT('',(-0.0134488775587061,8.67361737988404E-18,-0.00382858132345113));
#7030=CARTESIAN_POINT('',(-0.014000523415205,-0.007,-0.00431688583892298));
#7031=CARTESIAN_POINT('',(-0.014000523415205,-5.20417042793042E-18,-0.00431688583892298));
#7032=CARTESIAN_POINT('',(-0.0142747174640132,-0.007,-0.00460786732910088));
#7033=CARTESIAN_POINT('',(-0.0142747174640132,-5.20417042793042E-18,-0.00460786732910088));
#7034=CARTESIAN_POINT('',(-0.0127692321768074,0.,-0.00347951820558185));
#7035=CARTESIAN_POINT('',(-0.0129735648827376,-0.0035,-0.00296113152406207));
#7036=CARTESIAN_POINT('',(-0.0132233465070876,-0.007,0.00055085794967283));
#7037=CARTESIAN_POINT('',(-0.0132233465070876,-3.46944695195361E-18,0.00055085794967283));
#7038=CARTESIAN_POINT('',(-0.0133999268324657,-0.00699999999999997,0.000577738985507118));
#7039=CARTESIAN_POINT('',(-0.0133999268324657,2.77555756156289E-17,0.000577738985507118));
#7040=CARTESIAN_POINT('',(-0.0139636256113205,-0.00700000000000001,0.000739934001263022));
#7041=CARTESIAN_POINT('',(-0.0139636256113205,-1.47451495458029E-17,0.000739934001263022));
#7042=CARTESIAN_POINT('',(-0.0146100985312982,-0.007,0.00109324295183994));
#7043=CARTESIAN_POINT('',(-0.0146100985312982,-1.73472347597681E-18,0.00109324295183994));
#7044=CARTESIAN_POINT('',(-0.0149421674357942,-0.007,0.00131591501271642));
#7045=CARTESIAN_POINT('',(-0.0149421674357942,-1.73472347597681E-18,0.00131591501271642));
#7046=CARTESIAN_POINT('',(-0.0132233465071238,-0.007,0.000550857949678346));
#7047=CARTESIAN_POINT('',(-0.0132233465070877,-0.007,-0.000550857949672839));
#7048=CARTESIAN_POINT('',(-0.0132233465070877,1.73472347597681E-18,-0.000550857949672839));
#7049=CARTESIAN_POINT('',(-0.0133999268324658,-0.007,-0.000577738985507141));
#7050=CARTESIAN_POINT('',(-0.0133999268324658,1.73472347597681E-18,-0.000577738985507141));
#7051=CARTESIAN_POINT('',(-0.0139636256113206,-0.007,-0.000739934001263074));
#7052=CARTESIAN_POINT('',(-0.0139636256113206,4.33680868994202E-18,-0.000739934001263074));
#7053=CARTESIAN_POINT('',(-0.0146100985312982,-0.007,-0.00109324295183992));
#7054=CARTESIAN_POINT('',(-0.0146100985312982,2.60208521396521E-18,-0.00109324295183992));
#7055=CARTESIAN_POINT('',(-0.0149421674357942,-0.007,-0.00131591501271641));
#7056=CARTESIAN_POINT('',(-0.0149421674357942,3.46944695195361E-18,-0.00131591501271641));
#7057=CARTESIAN_POINT('',(-0.0132233465071239,0.,-0.000550857949678352));
#7058=CARTESIAN_POINT('',(-0.0133072042769845,-0.0035,-1.73136422236413E-18));
#7059=CARTESIAN_POINT('',(-0.0127692321767733,-0.007,0.00347951820556839));
#7060=CARTESIAN_POINT('',(-0.0127692321767733,-2.60208521396521E-18,0.00347951820556839));
#7061=CARTESIAN_POINT('',(-0.012935403671527,-0.007,0.00354501809663306));
#7062=CARTESIAN_POINT('',(-0.012935403671527,-2.60208521396521E-18,0.00354501809663306));
#7063=CARTESIAN_POINT('',(-0.0134488775587061,-0.007,0.00382858132345099));
#7064=CARTESIAN_POINT('',(-0.0134488775587061,8.67361737988404E-19,0.00382858132345099));
#7065=CARTESIAN_POINT('',(-0.014000523415205,-0.007,0.00431688583892317));
#7066=CARTESIAN_POINT('',(-0.014000523415205,-3.46944695195361E-18,0.00431688583892317));
#7067=CARTESIAN_POINT('',(-0.0142747174640132,-0.007,0.00460786732910088));
#7068=CARTESIAN_POINT('',(-0.0142747174640132,-3.46944695195361E-18,0.00460786732910088));
#7069=CARTESIAN_POINT('',(-0.0127692321768074,-0.007,0.00347951820558183));
#7070=CARTESIAN_POINT('',(-0.0130143870276503,-0.007,0.00240542462400182));
#7071=CARTESIAN_POINT('',(-0.0130143870276503,1.82145964977565E-17,0.00240542462400182));
#7072=CARTESIAN_POINT('',(-0.0131925217088031,-0.00699999999999997,0.00241851037078003));
#7073=CARTESIAN_POINT('',(-0.0131925217088031,4.9439619065339E-17,0.00241851037078003));
#7074=CARTESIAN_POINT('',(-0.0137781791687604,-0.00700000000000002,0.00238581670144364));
#7075=CARTESIAN_POINT('',(-0.0137781791687604,0.,0.00238581670144364));
#7076=CARTESIAN_POINT('',(-0.0144870623005741,-0.007,0.00218521970183345));
#7077=CARTESIAN_POINT('',(-0.0144870623005741,1.82145964977565E-17,0.00218521970183345));
#7078=CARTESIAN_POINT('',(-0.0148603547392868,-0.007,0.00204202277718821));
#7079=CARTESIAN_POINT('',(-0.0148603547392868,1.82145964977565E-17,0.00204202277718821));
#7080=CARTESIAN_POINT('',(-0.0130143870276868,0.,0.0024054246240045));
#7081=CARTESIAN_POINT('',(-0.0129735648827376,-0.0035,0.00296113152406206));
#7082=CARTESIAN_POINT('',(-0.00524108916285049,-0.007,0.0121528318392988));
#7083=CARTESIAN_POINT('',(-0.00524108916285049,-1.82145964977565E-17,0.0121528318392988));
#7084=CARTESIAN_POINT('',(-0.00529348551825653,-0.007,0.0123235884594877));
#7085=CARTESIAN_POINT('',(-0.00529348551825653,-1.82145964977565E-17,0.0123235884594877));
#7086=CARTESIAN_POINT('',(-0.00539193259243691,-0.007,0.012901837290013));
#7087=CARTESIAN_POINT('',(-0.00539193259243691,-1.99493199737333E-17,0.012901837290013));
#7088=CARTESIAN_POINT('',(-0.00535410631497418,-0.007,0.0136375842733947));
#7089=CARTESIAN_POINT('',(-0.00535410631497418,-1.90819582357449E-17,0.0136375842733947));
#7090=CARTESIAN_POINT('',(-0.00529756501830008,-0.007,0.0140333818047142));
#7091=CARTESIAN_POINT('',(-0.00529756501830008,-1.90819582357449E-17,0.0140333818047142));
#7092=CARTESIAN_POINT('',(-0.00524108916286124,-0.007,0.0121528318393338));
#7093=CARTESIAN_POINT('',(-0.00623370088943408,-0.007,0.0116748152254455));
#7094=CARTESIAN_POINT('',(-0.00623370088943408,0.,0.0116748152254455));
#7095=CARTESIAN_POINT('',(-0.00633453519768743,-0.007,0.0118222453569562));
#7096=CARTESIAN_POINT('',(-0.00633453519768743,0.,0.0118222453569562));
#7097=CARTESIAN_POINT('',(-0.00672524759131784,-0.00700000000000001,0.0122597466276764));
#7098=CARTESIAN_POINT('',(-0.00672524759131784,-4.33680868994202E-18,0.0122597466276764));
#7099=CARTESIAN_POINT('',(-0.00732406204429735,-0.007,0.0126889035939785));
#7100=CARTESIAN_POINT('',(-0.00732406204429735,0.,0.0126889035939785));
#7101=CARTESIAN_POINT('',(-0.00766876193682589,-0.007,0.0128914735525575));
#7102=CARTESIAN_POINT('',(-0.00766876193682589,8.67361737988404E-19,0.0128914735525575));
#7103=CARTESIAN_POINT('',(-0.00623370088945477,0.,0.0116748152254757));
#7104=CARTESIAN_POINT('',(-0.00577377954889922,-0.0035,0.011989376772381));
#7105=CARTESIAN_POINT('',(-0.00781394360619142,-0.007,0.0106818829167186));
#7106=CARTESIAN_POINT('',(-0.00781394360619142,2.60208521396521E-18,0.0106818829167186));
#7107=CARTESIAN_POINT('',(-0.00790302319817697,-0.007,0.0108366990259897));
#7108=CARTESIAN_POINT('',(-0.00790302319817697,2.60208521396521E-18,0.0108366990259897));
#7109=CARTESIAN_POINT('',(-0.00812767446849576,-0.007,0.0113785434161632));
#7110=CARTESIAN_POINT('',(-0.00812767446849576,-8.67361737988404E-19,0.0113785434161632));
#7111=CARTESIAN_POINT('',(-0.00825451568068102,-0.007,0.0121042608251552));
#7112=CARTESIAN_POINT('',(-0.00825451568068102,1.73472347597681E-18,0.0121042608251552));
#7113=CARTESIAN_POINT('',(-0.00828746522868932,-0.007,0.012502716508154));
#7114=CARTESIAN_POINT('',(-0.00828746522868932,1.73472347597681E-18,0.012502716508154));
#7115=CARTESIAN_POINT('',(-0.00781394360620969,-0.007,0.0106818829167503));
#7116=CARTESIAN_POINT('',(-0.00867529978103548,-0.007,0.00999497428893096));
#7117=CARTESIAN_POINT('',(-0.00867529978103548,-4.33680868994202E-18,0.00999497428893096));
#7118=CARTESIAN_POINT('',(-0.00880641225321425,-0.00699999999999997,0.0101162702947899));
#7119=CARTESIAN_POINT('',(-0.00880641225321425,2.68882138776405E-17,0.0101162702947899));
#7120=CARTESIAN_POINT('',(-0.00928468186276788,-0.00700000000000002,0.0104558608084911));
#7121=CARTESIAN_POINT('',(-0.00928468186276788,-1.99493199737333E-17,0.0104558608084911));
#7122=CARTESIAN_POINT('',(-0.00996397919615027,-0.007,0.0107410091623031));
#7123=CARTESIAN_POINT('',(-0.00996397919615027,-3.46944695195361E-18,0.0107410091623031));
#7124=CARTESIAN_POINT('',(-0.0103451127990773,-0.007,0.010861797327071));
#7125=CARTESIAN_POINT('',(-0.0103451127990773,-3.46944695195361E-18,0.010861797327071));
#7126=CARTESIAN_POINT('',(-0.00867529978106238,0.,0.00999497428895585));
#7127=CARTESIAN_POINT('',(-0.00829690615795079,-0.0035,0.0104039912473797));
#7128=CARTESIAN_POINT('',(-0.00999497428893092,-0.007,0.00867529978103543));
#7129=CARTESIAN_POINT('',(-0.00999497428893092,-1.90819582357449E-17,0.00867529978103543));
#7130=CARTESIAN_POINT('',(-0.0101162702947899,-0.007,0.00880641225321417));
#7131=CARTESIAN_POINT('',(-0.0101162702947899,-1.90819582357449E-17,0.00880641225321417));
#7132=CARTESIAN_POINT('',(-0.0104558608084911,-0.00700000000000001,0.00928468186276763));
#7133=CARTESIAN_POINT('',(-0.0104558608084911,-2.51534904016637E-17,0.00928468186276763));
#7134=CARTESIAN_POINT('',(-0.0107410091623031,-0.007,0.00996397919615065));
#7135=CARTESIAN_POINT('',(-0.0107410091623031,-1.90819582357449E-17,0.00996397919615065));
#7136=CARTESIAN_POINT('',(-0.010861797327071,-0.007,0.0103451127990773));
#7137=CARTESIAN_POINT('',(-0.010861797327071,-1.90819582357449E-17,0.0103451127990773));
#7138=CARTESIAN_POINT('',(-0.00999497428895581,-0.007,0.00867529978106233));
#7139=CARTESIAN_POINT('',(-0.0106818829167186,-0.007,0.00781394360619144));
#7140=CARTESIAN_POINT('',(-0.0106818829167186,-2.60208521396521E-18,0.00781394360619144));
#7141=CARTESIAN_POINT('',(-0.0108366990259897,-0.00699999999999997,0.00790302319817701));
#7142=CARTESIAN_POINT('',(-0.0108366990259897,2.86229373536173E-17,0.00790302319817701));
#7143=CARTESIAN_POINT('',(-0.0113785434161633,-0.00700000000000001,0.00812767446849575));
#7144=CARTESIAN_POINT('',(-0.0113785434161633,-1.73472347597681E-17,0.00812767446849575));
#7145=CARTESIAN_POINT('',(-0.0121042608251552,-0.007,0.00825451568068104));
#7146=CARTESIAN_POINT('',(-0.0121042608251552,-2.60208521396521E-18,0.00825451568068104));
#7147=CARTESIAN_POINT('',(-0.012502716508154,-0.007,0.00828746522868931));
#7148=CARTESIAN_POINT('',(-0.012502716508154,-2.60208521396521E-18,0.00828746522868931));
#7149=CARTESIAN_POINT('',(-0.0106818829167504,0.,0.00781394360620972));
#7150=CARTESIAN_POINT('',(-0.0104039912473797,-0.0035,0.00829690615795078));
#7151=CARTESIAN_POINT('',(-0.0116748152254454,-0.007,0.00623370088943406));
#7152=CARTESIAN_POINT('',(-0.0116748152254454,-1.82145964977565E-17,0.00623370088943406));
#7153=CARTESIAN_POINT('',(-0.011822245356956,-0.007,0.00633453519768738));
#7154=CARTESIAN_POINT('',(-0.011822245356956,-1.73472347597681E-17,0.00633453519768738));
#7155=CARTESIAN_POINT('',(-0.0122597466276762,-0.007,0.00672524759131791));
#7156=CARTESIAN_POINT('',(-0.0122597466276762,-1.30104260698261E-17,0.00672524759131791));
#7157=CARTESIAN_POINT('',(-0.0126889035939789,-0.007,0.00732406204429711));
#7158=CARTESIAN_POINT('',(-0.0126889035939789,-1.73472347597681E-17,0.00732406204429711));
#7159=CARTESIAN_POINT('',(-0.0128914735525575,-0.007,0.0076687619368259));
#7160=CARTESIAN_POINT('',(-0.0128914735525575,-1.73472347597681E-17,0.0076687619368259));
#7161=CARTESIAN_POINT('',(-0.0116748152254757,-0.007,0.00623370088945474));
#7162=CARTESIAN_POINT('',(-0.0121528318392989,-0.007,0.00524108916285051));
#7163=CARTESIAN_POINT('',(-0.0121528318392989,-2.60208521396521E-18,0.00524108916285051));
#7164=CARTESIAN_POINT('',(-0.0123235884594878,-0.007,0.00529348551825655));
#7165=CARTESIAN_POINT('',(-0.0123235884594878,-2.60208521396521E-18,0.00529348551825655));
#7166=CARTESIAN_POINT('',(-0.012901837290013,-0.007,0.00539193259243691));
#7167=CARTESIAN_POINT('',(-0.012901837290013,8.67361737988404E-19,0.00539193259243691));
#7168=CARTESIAN_POINT('',(-0.0136375842733947,-0.007,0.00535410631497418));
#7169=CARTESIAN_POINT('',(-0.0136375842733947,-3.46944695195361E-18,0.00535410631497418));
#7170=CARTESIAN_POINT('',(-0.0140333818047142,-0.007,0.00529756501830008));
#7171=CARTESIAN_POINT('',(-0.0140333818047142,-3.46944695195361E-18,0.00529756501830008));
#7172=CARTESIAN_POINT('',(-0.0121528318393339,0.,0.00524108916286126));
#7173=CARTESIAN_POINT('',(-0.011989376772381,-0.0035,0.00577377954889922));
#7174=CARTESIAN_POINT('',(-0.00240542462400181,-0.007,0.0130143870276502));
#7175=CARTESIAN_POINT('',(-0.00240542462400181,-1.82145964977565E-17,0.0130143870276502));
#7176=CARTESIAN_POINT('',(-0.00241851037078006,-0.00700000000000003,0.0131925217088031));
#7177=CARTESIAN_POINT('',(-0.00241851037078006,-4.9439619065339E-17,0.0131925217088031));
#7178=CARTESIAN_POINT('',(-0.00238581670144359,-0.00699999999999999,0.0137781791687603));
#7179=CARTESIAN_POINT('',(-0.00238581670144359,-5.20417042793042E-18,0.0137781791687603));
#7180=CARTESIAN_POINT('',(-0.00218521970183356,-0.007,0.0144870623005741));
#7181=CARTESIAN_POINT('',(-0.00218521970183356,-1.99493199737333E-17,0.0144870623005741));
#7182=CARTESIAN_POINT('',(-0.00204202277718821,-0.007,0.0148603547392868));
#7183=CARTESIAN_POINT('',(-0.00204202277718821,-1.99493199737333E-17,0.0148603547392868));
#7184=CARTESIAN_POINT('',(-0.00240542462400449,-0.007,0.0130143870276867));
#7185=CARTESIAN_POINT('',(-0.00347951820556841,-0.007,0.0127692321767733));
#7186=CARTESIAN_POINT('',(-0.00347951820556841,-1.82145964977565E-17,0.0127692321767733));
#7187=CARTESIAN_POINT('',(-0.00354501809663308,-0.007,0.0129354036715271));
#7188=CARTESIAN_POINT('',(-0.00354501809663308,-1.82145964977565E-17,0.0129354036715271));
#7189=CARTESIAN_POINT('',(-0.00382858132345114,-0.007,0.0134488775587061));
#7190=CARTESIAN_POINT('',(-0.00382858132345114,-1.82145964977565E-17,0.0134488775587061));
#7191=CARTESIAN_POINT('',(-0.00431688583892298,-0.007,0.014000523415205));
#7192=CARTESIAN_POINT('',(-0.00431688583892298,-1.90819582357449E-17,0.014000523415205));
#7193=CARTESIAN_POINT('',(-0.00460786732910088,-0.007,0.0142747174640132));
#7194=CARTESIAN_POINT('',(-0.00460786732910088,-1.90819582357449E-17,0.0142747174640132));
#7195=CARTESIAN_POINT('',(-0.00347951820558185,0.,0.0127692321768074));
#7196=CARTESIAN_POINT('',(-0.00296113152406207,-0.0035,0.0129735648827376));
#7197=CARTESIAN_POINT('',(0.00055085794967283,-0.007,0.0132233465070876));
#7198=CARTESIAN_POINT('',(0.00055085794967283,-2.60208521396521E-18,0.0132233465070876));
#7199=CARTESIAN_POINT('',(0.000577738985507113,-0.00699999999999997,0.0133999268324658));
#7200=CARTESIAN_POINT('',(0.000577738985507113,2.86229373536173E-17,0.0133999268324658));
#7201=CARTESIAN_POINT('',(0.000739934001263042,-0.00700000000000001,0.0139636256113205));
#7202=CARTESIAN_POINT('',(0.000739934001263042,-1.73472347597681E-17,0.0139636256113205));
#7203=CARTESIAN_POINT('',(0.0010932429518399,-0.007,0.0146100985312982));
#7204=CARTESIAN_POINT('',(0.0010932429518399,-2.60208521396521E-18,0.0146100985312982));
#7205=CARTESIAN_POINT('',(0.00131591501271642,-0.007,0.0149421674357942));
#7206=CARTESIAN_POINT('',(0.00131591501271642,-2.60208521396521E-18,0.0149421674357942));
#7207=CARTESIAN_POINT('',(0.000550857949678345,-0.007,0.0132233465071238));
#7208=CARTESIAN_POINT('',(-0.00055085794967284,-0.007,0.0132233465070877));
#7209=CARTESIAN_POINT('',(-0.00055085794967284,-2.60208521396521E-18,0.0132233465070877));
#7210=CARTESIAN_POINT('',(-0.000577738985507142,-0.007,0.0133999268324659));
#7211=CARTESIAN_POINT('',(-0.000577738985507142,-2.60208521396521E-18,0.0133999268324659));
#7212=CARTESIAN_POINT('',(-0.000739934001263054,-0.007,0.0139636256113205));
#7213=CARTESIAN_POINT('',(-0.000739934001263054,2.60208521396521E-18,0.0139636256113205));
#7214=CARTESIAN_POINT('',(-0.00109324295183996,-0.007,0.0146100985312982));
#7215=CARTESIAN_POINT('',(-0.00109324295183996,-2.60208521396521E-18,0.0146100985312982));
#7216=CARTESIAN_POINT('',(-0.00131591501271641,-0.007,0.0149421674357942));
#7217=CARTESIAN_POINT('',(-0.00131591501271641,-2.60208521396521E-18,0.0149421674357942));
#7218=CARTESIAN_POINT('',(-0.000550857949678353,0.,0.0132233465071239));
#7219=CARTESIAN_POINT('',(-2.54619547853458E-18,-0.0035,0.0133072042769845));
#7220=CARTESIAN_POINT('',(0.00347951820556839,-0.007,0.0127692321767733));
#7221=CARTESIAN_POINT('',(0.00347951820556839,-2.60208521396521E-18,0.0127692321767733));
#7222=CARTESIAN_POINT('',(0.00354501809663306,-0.007,0.012935403671527));
#7223=CARTESIAN_POINT('',(0.00354501809663306,-2.60208521396521E-18,0.012935403671527));
#7224=CARTESIAN_POINT('',(0.00382858132345098,-0.007,0.0134488775587061));
#7225=CARTESIAN_POINT('',(0.00382858132345098,8.67361737988404E-19,0.0134488775587061));
#7226=CARTESIAN_POINT('',(0.00431688583892317,-0.007,0.014000523415205));
#7227=CARTESIAN_POINT('',(0.00431688583892317,-3.46944695195361E-18,0.014000523415205));
#7228=CARTESIAN_POINT('',(0.00460786732910088,-0.007,0.0142747174640132));
#7229=CARTESIAN_POINT('',(0.00460786732910088,-3.46944695195361E-18,0.0142747174640132));
#7230=CARTESIAN_POINT('',(0.00347951820558183,-0.007,0.0127692321768074));
#7231=CARTESIAN_POINT('',(0.00240542462400182,-0.007,0.0130143870276503));
#7232=CARTESIAN_POINT('',(0.00240542462400182,-1.73472347597681E-18,0.0130143870276503));
#7233=CARTESIAN_POINT('',(0.00241851037078006,-0.00699999999999997,0.0131925217088031));
#7234=CARTESIAN_POINT('',(0.00241851037078006,2.86229373536173E-17,0.0131925217088031));
#7235=CARTESIAN_POINT('',(0.00238581670144362,-0.00700000000000002,0.0137781791687604));
#7236=CARTESIAN_POINT('',(0.00238581670144362,-1.99493199737333E-17,0.0137781791687604));
#7237=CARTESIAN_POINT('',(0.00218521970183345,-0.007,0.0144870623005741));
#7238=CARTESIAN_POINT('',(0.00218521970183345,0.,0.0144870623005741));
#7239=CARTESIAN_POINT('',(0.00204202277718821,-0.007,0.0148603547392868));
#7240=CARTESIAN_POINT('',(0.00204202277718821,0.,0.0148603547392868));
#7241=CARTESIAN_POINT('',(0.0024054246240045,0.,0.0130143870276868));
#7242=CARTESIAN_POINT('',(0.00296113152406206,-0.0035,0.0129735648827376));
#7243=CARTESIAN_POINT('',(0.00623370088943405,-0.007,0.0116748152254454));
#7244=CARTESIAN_POINT('',(0.00623370088943405,3.55618312575245E-17,0.0116748152254454));
#7245=CARTESIAN_POINT('',(0.00633453519768742,-0.007,0.0118222453569561));
#7246=CARTESIAN_POINT('',(0.00633453519768742,3.55618312575245E-17,0.0118222453569561));
#7247=CARTESIAN_POINT('',(0.00672524759131778,-0.007,0.0122597466276764));
#7248=CARTESIAN_POINT('',(0.00672524759131778,4.16333634234434E-17,0.0122597466276764));
#7249=CARTESIAN_POINT('',(0.00732406204429734,-0.007,0.0126889035939785));
#7250=CARTESIAN_POINT('',(0.00732406204429734,3.72965547335014E-17,0.0126889035939785));
#7251=CARTESIAN_POINT('',(0.00766876193682589,-0.007,0.0128914735525575));
#7252=CARTESIAN_POINT('',(0.00766876193682589,3.72965547335014E-17,0.0128914735525575));
#7253=CARTESIAN_POINT('',(0.00623370088945473,-0.007,0.0116748152254757));
#7254=CARTESIAN_POINT('',(0.00524108916285051,-0.007,0.0121528318392989));
#7255=CARTESIAN_POINT('',(0.00524108916285051,2.60208521396521E-18,0.0121528318392989));
#7256=CARTESIAN_POINT('',(0.00529348551825646,-0.00699999999999997,0.0123235884594877));
#7257=CARTESIAN_POINT('',(0.00529348551825646,3.29597460435593E-17,0.0123235884594877));
#7258=CARTESIAN_POINT('',(0.00539193259243695,-0.00700000000000001,0.012901837290013));
#7259=CARTESIAN_POINT('',(0.00539193259243695,-6.07153216591882E-18,0.012901837290013));
#7260=CARTESIAN_POINT('',(0.00535410631497418,-0.007,0.0136375842733947));
#7261=CARTESIAN_POINT('',(0.00535410631497418,3.46944695195361E-18,0.0136375842733947));
#7262=CARTESIAN_POINT('',(0.00529756501830008,-0.007,0.0140333818047142));
#7263=CARTESIAN_POINT('',(0.00529756501830008,3.46944695195361E-18,0.0140333818047142));
#7264=CARTESIAN_POINT('',(0.00524108916286126,0.,0.0121528318393339));
#7265=CARTESIAN_POINT('',(0.00577377954889921,-0.0035,0.011989376772381));
#7266=CARTESIAN_POINT('',(0.0106818829167186,-0.007,0.00781394360619141));
#7267=CARTESIAN_POINT('',(0.0106818829167186,4.33680868994202E-18,0.00781394360619141));
#7268=CARTESIAN_POINT('',(0.0108366990259897,-0.007,0.00790302319817701));
#7269=CARTESIAN_POINT('',(0.0108366990259897,4.33680868994202E-18,0.00790302319817701));
#7270=CARTESIAN_POINT('',(0.0113785434161632,-0.007,0.00812767446849563));
#7271=CARTESIAN_POINT('',(0.0113785434161632,6.93889390390723E-18,0.00812767446849563));
#7272=CARTESIAN_POINT('',(0.0121042608251552,-0.007,0.00825451568068123));
#7273=CARTESIAN_POINT('',(0.0121042608251552,4.33680868994202E-18,0.00825451568068123));
#7274=CARTESIAN_POINT('',(0.012502716508154,-0.007,0.00828746522868931));
#7275=CARTESIAN_POINT('',(0.012502716508154,4.33680868994202E-18,0.00828746522868931));
#7276=CARTESIAN_POINT('',(0.0106818829167503,-0.007,0.00781394360620969));
#7277=CARTESIAN_POINT('',(0.00999497428893096,-0.007,0.00867529978103548));
#7278=CARTESIAN_POINT('',(0.00999497428893096,-4.33680868994202E-18,0.00867529978103548));
#7279=CARTESIAN_POINT('',(0.0101162702947899,-0.00700000000000003,0.00880641225321435));
#7280=CARTESIAN_POINT('',(0.0101162702947899,-3.55618312575245E-17,0.00880641225321435));
#7281=CARTESIAN_POINT('',(0.0104558608084911,-0.00699999999999999,0.00928468186276763));
#7282=CARTESIAN_POINT('',(0.0104558608084911,7.80625564189563E-18,0.00928468186276763));
#7283=CARTESIAN_POINT('',(0.0107410091623031,-0.007,0.00996397919615067));
#7284=CARTESIAN_POINT('',(0.0107410091623031,-6.07153216591882E-18,0.00996397919615067));
#7285=CARTESIAN_POINT('',(0.010861797327071,-0.007,0.0103451127990773));
#7286=CARTESIAN_POINT('',(0.010861797327071,-6.07153216591882E-18,0.0103451127990773));
#7287=CARTESIAN_POINT('',(0.00999497428895585,0.,0.00867529978106238));
#7288=CARTESIAN_POINT('',(0.0104039912473797,-0.0035,0.00829690615795079));
#7289=CARTESIAN_POINT('',(0.00867529978103544,-0.007,0.00999497428893091));
#7290=CARTESIAN_POINT('',(0.00867529978103544,-4.33680868994202E-18,0.00999497428893091));
#7291=CARTESIAN_POINT('',(0.00880641225321416,-0.007,0.0101162702947899));
#7292=CARTESIAN_POINT('',(0.00880641225321416,-4.33680868994202E-18,0.0101162702947899));
#7293=CARTESIAN_POINT('',(0.00928468186276783,-0.007,0.0104558608084911));
#7294=CARTESIAN_POINT('',(0.00928468186276783,-9.54097911787244E-18,0.0104558608084911));
#7295=CARTESIAN_POINT('',(0.00996397919615025,-0.007,0.0107410091623031));
#7296=CARTESIAN_POINT('',(0.00996397919615025,-5.20417042793042E-18,0.0107410091623031));
#7297=CARTESIAN_POINT('',(0.0103451127990773,-0.007,0.010861797327071));
#7298=CARTESIAN_POINT('',(0.0103451127990773,-5.20417042793042E-18,0.010861797327071));
#7299=CARTESIAN_POINT('',(0.00867529978106233,-0.007,0.00999497428895581));
#7300=CARTESIAN_POINT('',(0.00781394360619145,-0.007,0.0106818829167186));
#7301=CARTESIAN_POINT('',(0.00781394360619145,-2.60208521396521E-18,0.0106818829167186));
#7302=CARTESIAN_POINT('',(0.00790302319817702,-0.007,0.0108366990259898));
#7303=CARTESIAN_POINT('',(0.00790302319817702,-2.60208521396521E-18,0.0108366990259898));
#7304=CARTESIAN_POINT('',(0.00812767446849576,-0.007,0.0113785434161632));
#7305=CARTESIAN_POINT('',(0.00812767446849576,-4.33680868994202E-18,0.0113785434161632));
#7306=CARTESIAN_POINT('',(0.00825451568068102,-0.007,0.0121042608251552));
#7307=CARTESIAN_POINT('',(0.00825451568068102,-3.46944695195361E-18,0.0121042608251552));
#7308=CARTESIAN_POINT('',(0.00828746522868932,-0.007,0.012502716508154));
#7309=CARTESIAN_POINT('',(0.00828746522868932,-3.46944695195361E-18,0.012502716508154));
#7310=CARTESIAN_POINT('',(0.00781394360620972,0.,0.0106818829167504));
#7311=CARTESIAN_POINT('',(0.00829690615795078,-0.0035,0.0104039912473797));
#7312=CARTESIAN_POINT('',(0.0121528318392988,-0.007,0.00524108916285049));
#7313=CARTESIAN_POINT('',(0.0121528318392988,-1.82145964977565E-17,0.00524108916285049));
#7314=CARTESIAN_POINT('',(0.0123235884594877,-0.007,0.00529348551825653));
#7315=CARTESIAN_POINT('',(0.0123235884594877,-1.82145964977565E-17,0.00529348551825653));
#7316=CARTESIAN_POINT('',(0.012901837290013,-0.007,0.00539193259243691));
#7317=CARTESIAN_POINT('',(0.012901837290013,-1.99493199737333E-17,0.00539193259243691));
#7318=CARTESIAN_POINT('',(0.0136375842733947,-0.007,0.00535410631497418));
#7319=CARTESIAN_POINT('',(0.0136375842733947,-1.90819582357449E-17,0.00535410631497418));
#7320=CARTESIAN_POINT('',(0.0140333818047142,-0.007,0.00529756501830008));
#7321=CARTESIAN_POINT('',(0.0140333818047142,-1.90819582357449E-17,0.00529756501830008));
#7322=CARTESIAN_POINT('',(0.0121528318393338,-0.007,0.00524108916286124));
#7323=CARTESIAN_POINT('',(0.0116748152254455,-0.007,0.00623370088943408));
#7324=CARTESIAN_POINT('',(0.0116748152254455,0.,0.00623370088943408));
#7325=CARTESIAN_POINT('',(0.0118222453569562,-0.007,0.00633453519768743));
#7326=CARTESIAN_POINT('',(0.0118222453569562,0.,0.00633453519768743));
#7327=CARTESIAN_POINT('',(0.0122597466276764,-0.00700000000000001,0.00672524759131784));
#7328=CARTESIAN_POINT('',(0.0122597466276764,-4.33680868994202E-18,0.00672524759131784));
#7329=CARTESIAN_POINT('',(0.0126889035939785,-0.007,0.00732406204429735));
#7330=CARTESIAN_POINT('',(0.0126889035939785,0.,0.00732406204429735));
#7331=CARTESIAN_POINT('',(0.0128914735525575,-0.007,0.00766876193682589));
#7332=CARTESIAN_POINT('',(0.0128914735525575,8.67361737988404E-19,0.00766876193682589));
#7333=CARTESIAN_POINT('',(0.0116748152254757,0.,0.00623370088945477));
#7334=CARTESIAN_POINT('',(0.011989376772381,-0.0035,0.00577377954889922));
#7335=CARTESIAN_POINT('',(0.0130143870276502,-0.007,0.00240542462400181));
#7336=CARTESIAN_POINT('',(0.0130143870276502,-2.60208521396521E-18,0.00240542462400181));
#7337=CARTESIAN_POINT('',(0.0131925217088031,-0.00700000000000003,0.00241851037078006));
#7338=CARTESIAN_POINT('',(0.0131925217088031,-3.38271077815477E-17,0.00241851037078006));
#7339=CARTESIAN_POINT('',(0.0137781791687603,-0.00699999999999999,0.00238581670144359));
#7340=CARTESIAN_POINT('',(0.0137781791687603,6.93889390390723E-18,0.00238581670144359));
#7341=CARTESIAN_POINT('',(0.0144870623005741,-0.007,0.00218521970183356));
#7342=CARTESIAN_POINT('',(0.0144870623005741,-3.46944695195361E-18,0.00218521970183356));
#7343=CARTESIAN_POINT('',(0.0148603547392868,-0.007,0.00204202277718821));
#7344=CARTESIAN_POINT('',(0.0148603547392868,-3.46944695195361E-18,0.00204202277718821));
#7345=CARTESIAN_POINT('',(0.0130143870276867,-0.007,0.00240542462400449));
#7346=CARTESIAN_POINT('',(0.0127692321767733,-0.007,0.00347951820556841));
#7347=CARTESIAN_POINT('',(0.0127692321767733,2.60208521396521E-18,0.00347951820556841));
#7348=CARTESIAN_POINT('',(0.0129354036715271,-0.007,0.0035450180966331));
#7349=CARTESIAN_POINT('',(0.0129354036715271,2.60208521396521E-18,0.0035450180966331));
#7350=CARTESIAN_POINT('',(0.0134488775587061,-0.007,0.00382858132345113));
#7351=CARTESIAN_POINT('',(0.0134488775587061,1.73472347597681E-18,0.00382858132345113));
#7352=CARTESIAN_POINT('',(0.014000523415205,-0.007,0.00431688583892298));
#7353=CARTESIAN_POINT('',(0.014000523415205,3.46944695195361E-18,0.00431688583892298));
#7354=CARTESIAN_POINT('',(0.0142747174640132,-0.007,0.00460786732910088));
#7355=CARTESIAN_POINT('',(0.0142747174640132,3.46944695195361E-18,0.00460786732910088));
#7356=CARTESIAN_POINT('',(0.0127692321768074,0.,0.00347951820558185));
#7357=CARTESIAN_POINT('',(0.0129735648827376,-0.0035,0.00296113152406207));
#7358=MECHANICAL_DESIGN_GEOMETRIC_PRESENTATION_REPRESENTATION('',(#2169),
#7359);
#7359=(
GEOMETRIC_REPRESENTATION_CONTEXT(3)
GLOBAL_UNCERTAINTY_ASSIGNED_CONTEXT((#7360))
GLOBAL_UNIT_ASSIGNED_CONTEXT((#7363,#7362,#7361))
REPRESENTATION_CONTEXT('Spur gear (28 teeth)','TOP_LEVEL_ASSEMBLY_PART')
);
#7360=UNCERTAINTY_MEASURE_WITH_UNIT(LENGTH_MEASURE(2.E-5),#7363,
'DISTANCE_ACCURACY_VALUE','Maximum Tolerance applied to model');
#7361=(
NAMED_UNIT(*)
SI_UNIT($,.STERADIAN.)
SOLID_ANGLE_UNIT()
);
#7362=(
NAMED_UNIT(*)
PLANE_ANGLE_UNIT()
SI_UNIT($,.RADIAN.)
);
#7363=(
LENGTH_UNIT()
NAMED_UNIT(*)
SI_UNIT($,.METRE.)
);
#7364=PRODUCT_DEFINITION_SHAPE('','',#7365);
#7365=PRODUCT_DEFINITION('','',#7367,#7366);
#7366=PRODUCT_DEFINITION_CONTEXT('',#7373,'design');
#7367=PRODUCT_DEFINITION_FORMATION_WITH_SPECIFIED_SOURCE('','',#7369,
 .NOT_KNOWN.);
#7368=PRODUCT_RELATED_PRODUCT_CATEGORY('','',(#7369));
#7369=PRODUCT('Spur gear (28 teeth)','Spur gear (28 teeth)',
'Spur gear (28 teeth)',(#7371));
#7370=PRODUCT_CATEGORY('','');
#7371=PRODUCT_CONTEXT('',#7373,'mechanical');
#7372=APPLICATION_PROTOCOL_DEFINITION('international standard',
'ap242_managed_model_based_3d_engineering',2020,#7373);
#7373=APPLICATION_CONTEXT('managed model based 3d engineering');
ENDSEC;
END-ISO-10303-21;
