ISO-10303-21;
HEADER;
/* Generated by software containing ST-Developer
 * from STEP Tools, Inc. (www.steptools.com) 
 */
/* OPTION: using custom renumber hook */

FILE_DESCRIPTION(
/* description */ ('STEP AP242 Edition 2',
'CAx-IF Rec.Pracs.---Representation and Presentation of Product Manufa
cturing Information (PMI)---4.0---2014-10-13',
'CAx-IF Rec.Pracs.---3D Tessellated Geometry---0.4---2014-09-14','2;1',
'CAx-IF Rec.Pracs.---User Defined Attributes---1.5---2016-08-15'),
/* implementation_level */ '2;1');

FILE_NAME(
/* name */ 'ring gear',
/* time_stamp */ '2026-08-19T18:11:05Z',
/* author */ (''),
/* organization */ (''),
/* preprocessor_version */ 'ST-DEVELOPER v20',
/* originating_system */ 'ONSHAPE BY PTC INC, 1.219',
/* authorisation */ '  ');

FILE_SCHEMA (('AP242_MANAGED_MODEL_BASED_3D_ENGINEERING_MIM_LF { 1 0 10303 442 3 1 4 }'));
ENDSEC;

DATA;
#10=SHAPE_REPRESENTATION_RELATIONSHIP('','',#6184,#11);
#11=ADVANCED_BREP_SHAPE_REPRESENTATION('',(#6182),#14988);
#12=B_SPLINE_CURVE_WITH_KNOTS('',3,(#8723,#8724,#8725,#8726,#8727,#8728,
#8729,#8730,#8731,#8732,#8733,#8734,#8735,#8736,#8737),.UNSPECIFIED.,.F.,
 .F.,(4,1,1,1,1,1,1,1,1,1,1,1,4),(0.365463506996085,0.377316190222386,0.425358145980393,
0.475284810909443,0.527027580733165,0.580524838488049,0.63572084328634,
0.692564851802698,0.751010413334938,0.811014796687413,0.872538518781192,
0.935544952889889,0.945162614081038),.UNSPECIFIED.);
#13=B_SPLINE_CURVE_WITH_KNOTS('',3,(#8741,#8742,#8743,#8744,#8745,#8746,
#8747,#8748,#8749,#8750,#8751,#8752,#8753,#8754,#8755),.UNSPECIFIED.,.F.,
 .F.,(4,1,1,1,1,1,1,1,1,1,1,1,4),(0.365463506996085,0.377316190222386,0.425358145980393,
0.475284810909443,0.527027580733165,0.580524838488049,0.63572084328634,
0.692564851802698,0.751010413334938,0.811014796687413,0.872538518781192,
0.935544952889889,0.945162614081038),.UNSPECIFIED.);
#14=B_SPLINE_CURVE_WITH_KNOTS('',3,(#8764,#8765,#8766,#8767,#8768,#8769,
#8770,#8771,#8772,#8773,#8774,#8775,#8776,#8777,#8778),.UNSPECIFIED.,.F.,
 .F.,(4,1,1,1,1,1,1,1,1,1,1,1,4),(0.365463506996085,0.377316190222386,0.425358145980393,
0.475284810909443,0.527027580733165,0.580524838488049,0.63572084328634,
0.692564851802698,0.751010413334938,0.811014796687413,0.872538518781192,
0.935544952889889,0.945162614081038),.UNSPECIFIED.);
#15=B_SPLINE_CURVE_WITH_KNOTS('',3,(#8780,#8781,#8782,#8783,#8784,#8785,
#8786,#8787,#8788,#8789,#8790,#8791,#8792,#8793,#8794),.UNSPECIFIED.,.F.,
 .F.,(4,1,1,1,1,1,1,1,1,1,1,1,4),(0.365463506996085,0.377316190222386,0.425358145980393,
0.475284810909443,0.527027580733165,0.580524838488049,0.63572084328634,
0.692564851802698,0.751010413334938,0.811014796687413,0.872538518781192,
0.935544952889889,0.945162614081038),.UNSPECIFIED.);
#16=B_SPLINE_CURVE_WITH_KNOTS('',3,(#8808,#8809,#8810,#8811,#8812,#8813,
#8814,#8815,#8816,#8817,#8818,#8819,#8820,#8821,#8822),.UNSPECIFIED.,.F.,
 .F.,(4,1,1,1,1,1,1,1,1,1,1,1,4),(0.365463506996085,0.377316190222386,0.425358145980393,
0.475284810909443,0.527027580733165,0.580524838488049,0.63572084328634,
0.692564851802698,0.751010413334938,0.811014796687413,0.872538518781192,
0.935544952889889,0.945162614081038),.UNSPECIFIED.);
#17=B_SPLINE_CURVE_WITH_KNOTS('',3,(#8826,#8827,#8828,#8829,#8830,#8831,
#8832,#8833,#8834,#8835,#8836,#8837,#8838,#8839,#8840),.UNSPECIFIED.,.F.,
 .F.,(4,1,1,1,1,1,1,1,1,1,1,1,4),(0.365463506996085,0.377316190222386,0.425358145980393,
0.475284810909443,0.527027580733165,0.580524838488049,0.63572084328634,
0.692564851802698,0.751010413334938,0.811014796687413,0.872538518781192,
0.935544952889889,0.945162614081038),.UNSPECIFIED.);
#18=B_SPLINE_CURVE_WITH_KNOTS('',3,(#8849,#8850,#8851,#8852,#8853,#8854,
#8855,#8856,#8857,#8858,#8859,#8860,#8861,#8862,#8863),.UNSPECIFIED.,.F.,
 .F.,(4,1,1,1,1,1,1,1,1,1,1,1,4),(0.365463506996085,0.377316190222386,0.425358145980393,
0.475284810909443,0.527027580733165,0.580524838488049,0.63572084328634,
0.692564851802698,0.751010413334938,0.811014796687413,0.872538518781192,
0.935544952889889,0.945162614081038),.UNSPECIFIED.);
#19=B_SPLINE_CURVE_WITH_KNOTS('',3,(#8865,#8866,#8867,#8868,#8869,#8870,
#8871,#8872,#8873,#8874,#8875,#8876,#8877,#8878,#8879),.UNSPECIFIED.,.F.,
 .F.,(4,1,1,1,1,1,1,1,1,1,1,1,4),(0.365463506996085,0.377316190222386,0.425358145980393,
0.475284810909443,0.527027580733165,0.580524838488049,0.63572084328634,
0.692564851802698,0.751010413334938,0.811014796687413,0.872538518781192,
0.935544952889889,0.945162614081038),.UNSPECIFIED.);
#20=B_SPLINE_CURVE_WITH_KNOTS('',3,(#8893,#8894,#8895,#8896,#8897,#8898,
#8899,#8900,#8901,#8902,#8903,#8904,#8905,#8906,#8907),.UNSPECIFIED.,.F.,
 .F.,(4,1,1,1,1,1,1,1,1,1,1,1,4),(0.365463506996085,0.377316190222386,0.425358145980393,
0.475284810909443,0.527027580733165,0.580524838488049,0.63572084328634,
0.692564851802698,0.751010413334938,0.811014796687413,0.872538518781192,
0.935544952889889,0.945162614081038),.UNSPECIFIED.);
#21=B_SPLINE_CURVE_WITH_KNOTS('',3,(#8911,#8912,#8913,#8914,#8915,#8916,
#8917,#8918,#8919,#8920,#8921,#8922,#8923,#8924,#8925),.UNSPECIFIED.,.F.,
 .F.,(4,1,1,1,1,1,1,1,1,1,1,1,4),(0.365463506996085,0.377316190222386,0.425358145980393,
0.475284810909443,0.527027580733165,0.580524838488049,0.63572084328634,
0.692564851802698,0.751010413334938,0.811014796687413,0.872538518781192,
0.935544952889889,0.945162614081038),.UNSPECIFIED.);
#22=B_SPLINE_CURVE_WITH_KNOTS('',3,(#8934,#8935,#8936,#8937,#8938,#8939,
#8940,#8941,#8942,#8943,#8944,#8945,#8946,#8947,#8948),.UNSPECIFIED.,.F.,
 .F.,(4,1,1,1,1,1,1,1,1,1,1,1,4),(0.365463506996085,0.377316190222386,0.425358145980393,
0.475284810909443,0.527027580733165,0.580524838488049,0.63572084328634,
0.692564851802698,0.751010413334938,0.811014796687413,0.872538518781192,
0.935544952889889,0.945162614081038),.UNSPECIFIED.);
#23=B_SPLINE_CURVE_WITH_KNOTS('',3,(#8950,#8951,#8952,#8953,#8954,#8955,
#8956,#8957,#8958,#8959,#8960,#8961,#8962,#8963,#8964),.UNSPECIFIED.,.F.,
 .F.,(4,1,1,1,1,1,1,1,1,1,1,1,4),(0.365463506996085,0.377316190222386,0.425358145980393,
0.475284810909443,0.527027580733165,0.580524838488049,0.63572084328634,
0.692564851802698,0.751010413334938,0.811014796687413,0.872538518781192,
0.935544952889889,0.945162614081038),.UNSPECIFIED.);
#24=B_SPLINE_CURVE_WITH_KNOTS('',3,(#8978,#8979,#8980,#8981,#8982,#8983,
#8984,#8985,#8986,#8987,#8988,#8989,#8990,#8991,#8992),.UNSPECIFIED.,.F.,
 .F.,(4,1,1,1,1,1,1,1,1,1,1,1,4),(0.365463506996085,0.377316190222386,0.425358145980393,
0.475284810909443,0.527027580733165,0.580524838488049,0.63572084328634,
0.692564851802698,0.751010413334938,0.811014796687413,0.872538518781192,
0.935544952889889,0.945162614081038),.UNSPECIFIED.);
#25=B_SPLINE_CURVE_WITH_KNOTS('',3,(#8996,#8997,#8998,#8999,#9000,#9001,
#9002,#9003,#9004,#9005,#9006,#9007,#9008,#9009,#9010),.UNSPECIFIED.,.F.,
 .F.,(4,1,1,1,1,1,1,1,1,1,1,1,4),(0.365463506996085,0.377316190222386,0.425358145980393,
0.475284810909443,0.527027580733165,0.580524838488049,0.63572084328634,
0.692564851802698,0.751010413334938,0.811014796687413,0.872538518781192,
0.935544952889889,0.945162614081038),.UNSPECIFIED.);
#26=B_SPLINE_CURVE_WITH_KNOTS('',3,(#9019,#9020,#9021,#9022,#9023,#9024,
#9025,#9026,#9027,#9028,#9029,#9030,#9031,#9032,#9033),.UNSPECIFIED.,.F.,
 .F.,(4,1,1,1,1,1,1,1,1,1,1,1,4),(0.365463506996085,0.377316190222386,0.425358145980393,
0.475284810909443,0.527027580733165,0.580524838488049,0.63572084328634,
0.692564851802698,0.751010413334938,0.811014796687413,0.872538518781192,
0.935544952889889,0.945162614081038),.UNSPECIFIED.);
#27=B_SPLINE_CURVE_WITH_KNOTS('',3,(#9035,#9036,#9037,#9038,#9039,#9040,
#9041,#9042,#9043,#9044,#9045,#9046,#9047,#9048,#9049),.UNSPECIFIED.,.F.,
 .F.,(4,1,1,1,1,1,1,1,1,1,1,1,4),(0.365463506996085,0.377316190222386,0.425358145980393,
0.475284810909443,0.527027580733165,0.580524838488049,0.63572084328634,
0.692564851802698,0.751010413334938,0.811014796687413,0.872538518781192,
0.935544952889889,0.945162614081038),.UNSPECIFIED.);
#28=B_SPLINE_CURVE_WITH_KNOTS('',3,(#9063,#9064,#9065,#9066,#9067,#9068,
#9069,#9070,#9071,#9072,#9073,#9074,#9075,#9076,#9077),.UNSPECIFIED.,.F.,
 .F.,(4,1,1,1,1,1,1,1,1,1,1,1,4),(0.365463506996085,0.377316190222386,0.425358145980393,
0.475284810909443,0.527027580733165,0.580524838488049,0.63572084328634,
0.692564851802698,0.751010413334938,0.811014796687413,0.872538518781192,
0.935544952889889,0.945162614081038),.UNSPECIFIED.);
#29=B_SPLINE_CURVE_WITH_KNOTS('',3,(#9081,#9082,#9083,#9084,#9085,#9086,
#9087,#9088,#9089,#9090,#9091,#9092,#9093,#9094,#9095),.UNSPECIFIED.,.F.,
 .F.,(4,1,1,1,1,1,1,1,1,1,1,1,4),(0.365463506996085,0.377316190222386,0.425358145980393,
0.475284810909443,0.527027580733165,0.580524838488049,0.63572084328634,
0.692564851802698,0.751010413334938,0.811014796687413,0.872538518781192,
0.935544952889889,0.945162614081038),.UNSPECIFIED.);
#30=B_SPLINE_CURVE_WITH_KNOTS('',3,(#9104,#9105,#9106,#9107,#9108,#9109,
#9110,#9111,#9112,#9113,#9114,#9115,#9116,#9117,#9118),.UNSPECIFIED.,.F.,
 .F.,(4,1,1,1,1,1,1,1,1,1,1,1,4),(0.365463506996085,0.377316190222386,0.425358145980393,
0.475284810909443,0.527027580733165,0.580524838488049,0.63572084328634,
0.692564851802698,0.751010413334938,0.811014796687413,0.872538518781192,
0.935544952889889,0.945162614081038),.UNSPECIFIED.);
#31=B_SPLINE_CURVE_WITH_KNOTS('',3,(#9120,#9121,#9122,#9123,#9124,#9125,
#9126,#9127,#9128,#9129,#9130,#9131,#9132,#9133,#9134),.UNSPECIFIED.,.F.,
 .F.,(4,1,1,1,1,1,1,1,1,1,1,1,4),(0.365463506996085,0.377316190222386,0.425358145980393,
0.475284810909443,0.527027580733165,0.580524838488049,0.63572084328634,
0.692564851802698,0.751010413334938,0.811014796687413,0.872538518781192,
0.935544952889889,0.945162614081038),.UNSPECIFIED.);
#32=B_SPLINE_CURVE_WITH_KNOTS('',3,(#9148,#9149,#9150,#9151,#9152,#9153,
#9154,#9155,#9156,#9157,#9158,#9159,#9160,#9161,#9162),.UNSPECIFIED.,.F.,
 .F.,(4,1,1,1,1,1,1,1,1,1,1,1,4),(0.365463506996085,0.377316190222386,0.425358145980393,
0.475284810909443,0.527027580733165,0.580524838488049,0.63572084328634,
0.692564851802698,0.751010413334938,0.811014796687413,0.872538518781192,
0.935544952889889,0.945162614081038),.UNSPECIFIED.);
#33=B_SPLINE_CURVE_WITH_KNOTS('',3,(#9166,#9167,#9168,#9169,#9170,#9171,
#9172,#9173,#9174,#9175,#9176,#9177,#9178,#9179,#9180),.UNSPECIFIED.,.F.,
 .F.,(4,1,1,1,1,1,1,1,1,1,1,1,4),(0.365463506996085,0.377316190222386,0.425358145980393,
0.475284810909443,0.527027580733165,0.580524838488049,0.63572084328634,
0.692564851802698,0.751010413334938,0.811014796687413,0.872538518781192,
0.935544952889889,0.945162614081038),.UNSPECIFIED.);
#34=B_SPLINE_CURVE_WITH_KNOTS('',3,(#9189,#9190,#9191,#9192,#9193,#9194,
#9195,#9196,#9197,#9198,#9199,#9200,#9201,#9202,#9203),.UNSPECIFIED.,.F.,
 .F.,(4,1,1,1,1,1,1,1,1,1,1,1,4),(0.365463506996085,0.377316190222386,0.425358145980393,
0.475284810909443,0.527027580733165,0.580524838488049,0.63572084328634,
0.692564851802698,0.751010413334938,0.811014796687413,0.872538518781192,
0.935544952889889,0.945162614081038),.UNSPECIFIED.);
#35=B_SPLINE_CURVE_WITH_KNOTS('',3,(#9205,#9206,#9207,#9208,#9209,#9210,
#9211,#9212,#9213,#9214,#9215,#9216,#9217,#9218,#9219),.UNSPECIFIED.,.F.,
 .F.,(4,1,1,1,1,1,1,1,1,1,1,1,4),(0.365463506996085,0.377316190222386,0.425358145980393,
0.475284810909443,0.527027580733165,0.580524838488049,0.63572084328634,
0.692564851802698,0.751010413334938,0.811014796687413,0.872538518781192,
0.935544952889889,0.945162614081038),.UNSPECIFIED.);
#36=B_SPLINE_CURVE_WITH_KNOTS('',3,(#9233,#9234,#9235,#9236,#9237,#9238,
#9239,#9240,#9241,#9242,#9243,#9244,#9245,#9246,#9247),.UNSPECIFIED.,.F.,
 .F.,(4,1,1,1,1,1,1,1,1,1,1,1,4),(0.365463506996085,0.377316190222386,0.425358145980393,
0.475284810909443,0.527027580733165,0.580524838488049,0.63572084328634,
0.692564851802698,0.751010413334938,0.811014796687413,0.872538518781192,
0.935544952889889,0.945162614081038),.UNSPECIFIED.);
#37=B_SPLINE_CURVE_WITH_KNOTS('',3,(#9251,#9252,#9253,#9254,#9255,#9256,
#9257,#9258,#9259,#9260,#9261,#9262,#9263,#9264,#9265),.UNSPECIFIED.,.F.,
 .F.,(4,1,1,1,1,1,1,1,1,1,1,1,4),(0.365463506996085,0.377316190222386,0.425358145980393,
0.475284810909443,0.527027580733165,0.580524838488049,0.63572084328634,
0.692564851802698,0.751010413334938,0.811014796687413,0.872538518781192,
0.935544952889889,0.945162614081038),.UNSPECIFIED.);
#38=B_SPLINE_CURVE_WITH_KNOTS('',3,(#9274,#9275,#9276,#9277,#9278,#9279,
#9280,#9281,#9282,#9283,#9284,#9285,#9286,#9287,#9288),.UNSPECIFIED.,.F.,
 .F.,(4,1,1,1,1,1,1,1,1,1,1,1,4),(0.365463506996085,0.377316190222386,0.425358145980393,
0.475284810909443,0.527027580733165,0.580524838488049,0.63572084328634,
0.692564851802698,0.751010413334938,0.811014796687413,0.872538518781192,
0.935544952889889,0.945162614081038),.UNSPECIFIED.);
#39=B_SPLINE_CURVE_WITH_KNOTS('',3,(#9290,#9291,#9292,#9293,#9294,#9295,
#9296,#9297,#9298,#9299,#9300,#9301,#9302,#9303,#9304),.UNSPECIFIED.,.F.,
 .F.,(4,1,1,1,1,1,1,1,1,1,1,1,4),(0.365463506996085,0.377316190222386,0.425358145980393,
0.475284810909443,0.527027580733165,0.580524838488049,0.63572084328634,
0.692564851802698,0.751010413334938,0.811014796687413,0.872538518781192,
0.935544952889889,0.945162614081038),.UNSPECIFIED.);
#40=B_SPLINE_CURVE_WITH_KNOTS('',3,(#9318,#9319,#9320,#9321,#9322,#9323,
#9324,#9325,#9326,#9327,#9328,#9329,#9330,#9331,#9332),.UNSPECIFIED.,.F.,
 .F.,(4,1,1,1,1,1,1,1,1,1,1,1,4),(0.365463506996085,0.377316190222386,0.425358145980393,
0.475284810909443,0.527027580733165,0.580524838488049,0.63572084328634,
0.692564851802698,0.751010413334938,0.811014796687413,0.872538518781192,
0.935544952889889,0.945162614081038),.UNSPECIFIED.);
#41=B_SPLINE_CURVE_WITH_KNOTS('',3,(#9336,#9337,#9338,#9339,#9340,#9341,
#9342,#9343,#9344,#9345,#9346,#9347,#9348,#9349,#9350),.UNSPECIFIED.,.F.,
 .F.,(4,1,1,1,1,1,1,1,1,1,1,1,4),(0.365463506996085,0.377316190222386,0.425358145980393,
0.475284810909443,0.527027580733165,0.580524838488049,0.63572084328634,
0.692564851802698,0.751010413334938,0.811014796687413,0.872538518781192,
0.935544952889889,0.945162614081038),.UNSPECIFIED.);
#42=B_SPLINE_CURVE_WITH_KNOTS('',3,(#9359,#9360,#9361,#9362,#9363,#9364,
#9365,#9366,#9367,#9368,#9369,#9370,#9371,#9372,#9373),.UNSPECIFIED.,.F.,
 .F.,(4,1,1,1,1,1,1,1,1,1,1,1,4),(0.365463506996085,0.377316190222386,0.425358145980393,
0.475284810909443,0.527027580733165,0.580524838488049,0.63572084328634,
0.692564851802698,0.751010413334938,0.811014796687413,0.872538518781192,
0.935544952889889,0.945162614081038),.UNSPECIFIED.);
#43=B_SPLINE_CURVE_WITH_KNOTS('',3,(#9375,#9376,#9377,#9378,#9379,#9380,
#9381,#9382,#9383,#9384,#9385,#9386,#9387,#9388,#9389),.UNSPECIFIED.,.F.,
 .F.,(4,1,1,1,1,1,1,1,1,1,1,1,4),(0.365463506996085,0.377316190222386,0.425358145980393,
0.475284810909443,0.527027580733165,0.580524838488049,0.63572084328634,
0.692564851802698,0.751010413334938,0.811014796687413,0.872538518781192,
0.935544952889889,0.945162614081038),.UNSPECIFIED.);
#44=B_SPLINE_CURVE_WITH_KNOTS('',3,(#9403,#9404,#9405,#9406,#9407,#9408,
#9409,#9410,#9411,#9412,#9413,#9414,#9415,#9416,#9417),.UNSPECIFIED.,.F.,
 .F.,(4,1,1,1,1,1,1,1,1,1,1,1,4),(0.365463506996085,0.377316190222386,0.425358145980393,
0.475284810909443,0.527027580733165,0.580524838488049,0.63572084328634,
0.692564851802698,0.751010413334938,0.811014796687413,0.872538518781192,
0.935544952889889,0.945162614081038),.UNSPECIFIED.);
#45=B_SPLINE_CURVE_WITH_KNOTS('',3,(#9421,#9422,#9423,#9424,#9425,#9426,
#9427,#9428,#9429,#9430,#9431,#9432,#9433,#9434,#9435),.UNSPECIFIED.,.F.,
 .F.,(4,1,1,1,1,1,1,1,1,1,1,1,4),(0.365463506996085,0.377316190222386,0.425358145980393,
0.475284810909443,0.527027580733165,0.580524838488049,0.63572084328634,
0.692564851802698,0.751010413334938,0.811014796687413,0.872538518781192,
0.935544952889889,0.945162614081038),.UNSPECIFIED.);
#46=B_SPLINE_CURVE_WITH_KNOTS('',3,(#9444,#9445,#9446,#9447,#9448,#9449,
#9450,#9451,#9452,#9453,#9454,#9455,#9456,#9457,#9458),.UNSPECIFIED.,.F.,
 .F.,(4,1,1,1,1,1,1,1,1,1,1,1,4),(0.365463506996085,0.377316190222386,0.425358145980393,
0.475284810909443,0.527027580733165,0.580524838488049,0.63572084328634,
0.692564851802698,0.751010413334938,0.811014796687413,0.872538518781192,
0.935544952889889,0.945162614081038),.UNSPECIFIED.);
#47=B_SPLINE_CURVE_WITH_KNOTS('',3,(#9460,#9461,#9462,#9463,#9464,#9465,
#9466,#9467,#9468,#9469,#9470,#9471,#9472,#9473,#9474),.UNSPECIFIED.,.F.,
 .F.,(4,1,1,1,1,1,1,1,1,1,1,1,4),(0.365463506996085,0.377316190222386,0.425358145980393,
0.475284810909443,0.527027580733165,0.580524838488049,0.63572084328634,
0.692564851802698,0.751010413334938,0.811014796687413,0.872538518781192,
0.935544952889889,0.945162614081038),.UNSPECIFIED.);
#48=B_SPLINE_CURVE_WITH_KNOTS('',3,(#9488,#9489,#9490,#9491,#9492,#9493,
#9494,#9495,#9496,#9497,#9498,#9499,#9500,#9501,#9502),.UNSPECIFIED.,.F.,
 .F.,(4,1,1,1,1,1,1,1,1,1,1,1,4),(0.365463506996085,0.377316190222386,0.425358145980393,
0.475284810909443,0.527027580733165,0.580524838488049,0.63572084328634,
0.692564851802698,0.751010413334938,0.811014796687413,0.872538518781192,
0.935544952889889,0.945162614081038),.UNSPECIFIED.);
#49=B_SPLINE_CURVE_WITH_KNOTS('',3,(#9506,#9507,#9508,#9509,#9510,#9511,
#9512,#9513,#9514,#9515,#9516,#9517,#9518,#9519,#9520),.UNSPECIFIED.,.F.,
 .F.,(4,1,1,1,1,1,1,1,1,1,1,1,4),(0.365463506996085,0.377316190222386,0.425358145980393,
0.475284810909443,0.527027580733165,0.580524838488049,0.63572084328634,
0.692564851802698,0.751010413334938,0.811014796687413,0.872538518781192,
0.935544952889889,0.945162614081038),.UNSPECIFIED.);
#50=B_SPLINE_CURVE_WITH_KNOTS('',3,(#9529,#9530,#9531,#9532,#9533,#9534,
#9535,#9536,#9537,#9538,#9539,#9540,#9541,#9542,#9543),.UNSPECIFIED.,.F.,
 .F.,(4,1,1,1,1,1,1,1,1,1,1,1,4),(0.365463506996085,0.377316190222386,0.425358145980393,
0.475284810909443,0.527027580733165,0.580524838488049,0.63572084328634,
0.692564851802698,0.751010413334938,0.811014796687413,0.872538518781192,
0.935544952889889,0.945162614081038),.UNSPECIFIED.);
#51=B_SPLINE_CURVE_WITH_KNOTS('',3,(#9545,#9546,#9547,#9548,#9549,#9550,
#9551,#9552,#9553,#9554,#9555,#9556,#9557,#9558,#9559),.UNSPECIFIED.,.F.,
 .F.,(4,1,1,1,1,1,1,1,1,1,1,1,4),(0.365463506996085,0.377316190222386,0.425358145980393,
0.475284810909443,0.527027580733165,0.580524838488049,0.63572084328634,
0.692564851802698,0.751010413334938,0.811014796687413,0.872538518781192,
0.935544952889889,0.945162614081038),.UNSPECIFIED.);
#52=B_SPLINE_CURVE_WITH_KNOTS('',3,(#9573,#9574,#9575,#9576,#9577,#9578,
#9579,#9580,#9581,#9582,#9583,#9584,#9585,#9586,#9587),.UNSPECIFIED.,.F.,
 .F.,(4,1,1,1,1,1,1,1,1,1,1,1,4),(0.365463506996085,0.377316190222386,0.425358145980393,
0.475284810909443,0.527027580733165,0.580524838488049,0.63572084328634,
0.692564851802698,0.751010413334938,0.811014796687413,0.872538518781192,
0.935544952889889,0.945162614081038),.UNSPECIFIED.);
#53=B_SPLINE_CURVE_WITH_KNOTS('',3,(#9591,#9592,#9593,#9594,#9595,#9596,
#9597,#9598,#9599,#9600,#9601,#9602,#9603,#9604,#9605),.UNSPECIFIED.,.F.,
 .F.,(4,1,1,1,1,1,1,1,1,1,1,1,4),(0.365463506996085,0.377316190222386,0.425358145980393,
0.475284810909443,0.527027580733165,0.580524838488049,0.63572084328634,
0.692564851802698,0.751010413334938,0.811014796687413,0.872538518781192,
0.935544952889889,0.945162614081038),.UNSPECIFIED.);
#54=B_SPLINE_CURVE_WITH_KNOTS('',3,(#9614,#9615,#9616,#9617,#9618,#9619,
#9620,#9621,#9622,#9623,#9624,#9625,#9626,#9627,#9628),.UNSPECIFIED.,.F.,
 .F.,(4,1,1,1,1,1,1,1,1,1,1,1,4),(0.365463506996085,0.377316190222386,0.425358145980393,
0.475284810909443,0.527027580733165,0.580524838488049,0.63572084328634,
0.692564851802698,0.751010413334938,0.811014796687413,0.872538518781192,
0.935544952889889,0.945162614081038),.UNSPECIFIED.);
#55=B_SPLINE_CURVE_WITH_KNOTS('',3,(#9630,#9631,#9632,#9633,#9634,#9635,
#9636,#9637,#9638,#9639,#9640,#9641,#9642,#9643,#9644),.UNSPECIFIED.,.F.,
 .F.,(4,1,1,1,1,1,1,1,1,1,1,1,4),(0.365463506996085,0.377316190222386,0.425358145980393,
0.475284810909443,0.527027580733165,0.580524838488049,0.63572084328634,
0.692564851802698,0.751010413334938,0.811014796687413,0.872538518781192,
0.935544952889889,0.945162614081038),.UNSPECIFIED.);
#56=B_SPLINE_CURVE_WITH_KNOTS('',3,(#9658,#9659,#9660,#9661,#9662,#9663,
#9664,#9665,#9666,#9667,#9668,#9669,#9670,#9671,#9672),.UNSPECIFIED.,.F.,
 .F.,(4,1,1,1,1,1,1,1,1,1,1,1,4),(0.365463506996085,0.377316190222386,0.425358145980393,
0.475284810909443,0.527027580733165,0.580524838488049,0.63572084328634,
0.692564851802698,0.751010413334938,0.811014796687413,0.872538518781192,
0.935544952889889,0.945162614081038),.UNSPECIFIED.);
#57=B_SPLINE_CURVE_WITH_KNOTS('',3,(#9676,#9677,#9678,#9679,#9680,#9681,
#9682,#9683,#9684,#9685,#9686,#9687,#9688,#9689,#9690),.UNSPECIFIED.,.F.,
 .F.,(4,1,1,1,1,1,1,1,1,1,1,1,4),(0.365463506996085,0.377316190222386,0.425358145980393,
0.475284810909443,0.527027580733165,0.580524838488049,0.63572084328634,
0.692564851802698,0.751010413334938,0.811014796687413,0.872538518781192,
0.935544952889889,0.945162614081038),.UNSPECIFIED.);
#58=B_SPLINE_CURVE_WITH_KNOTS('',3,(#9699,#9700,#9701,#9702,#9703,#9704,
#9705,#9706,#9707,#9708,#9709,#9710,#9711,#9712,#9713),.UNSPECIFIED.,.F.,
 .F.,(4,1,1,1,1,1,1,1,1,1,1,1,4),(0.365463506996085,0.377316190222386,0.425358145980393,
0.475284810909443,0.527027580733165,0.580524838488049,0.63572084328634,
0.692564851802698,0.751010413334938,0.811014796687413,0.872538518781192,
0.935544952889889,0.945162614081038),.UNSPECIFIED.);
#59=B_SPLINE_CURVE_WITH_KNOTS('',3,(#9715,#9716,#9717,#9718,#9719,#9720,
#9721,#9722,#9723,#9724,#9725,#9726,#9727,#9728,#9729),.UNSPECIFIED.,.F.,
 .F.,(4,1,1,1,1,1,1,1,1,1,1,1,4),(0.365463506996085,0.377316190222386,0.425358145980393,
0.475284810909443,0.527027580733165,0.580524838488049,0.63572084328634,
0.692564851802698,0.751010413334938,0.811014796687413,0.872538518781192,
0.935544952889889,0.945162614081038),.UNSPECIFIED.);
#60=B_SPLINE_CURVE_WITH_KNOTS('',3,(#9743,#9744,#9745,#9746,#9747,#9748,
#9749,#9750,#9751,#9752,#9753,#9754,#9755,#9756,#9757),.UNSPECIFIED.,.F.,
 .F.,(4,1,1,1,1,1,1,1,1,1,1,1,4),(0.365463506996085,0.377316190222386,0.425358145980393,
0.475284810909443,0.527027580733165,0.580524838488049,0.63572084328634,
0.692564851802698,0.751010413334938,0.811014796687413,0.872538518781192,
0.935544952889889,0.945162614081038),.UNSPECIFIED.);
#61=B_SPLINE_CURVE_WITH_KNOTS('',3,(#9761,#9762,#9763,#9764,#9765,#9766,
#9767,#9768,#9769,#9770,#9771,#9772,#9773,#9774,#9775),.UNSPECIFIED.,.F.,
 .F.,(4,1,1,1,1,1,1,1,1,1,1,1,4),(0.365463506996085,0.377316190222386,0.425358145980393,
0.475284810909443,0.527027580733165,0.580524838488049,0.63572084328634,
0.692564851802698,0.751010413334938,0.811014796687413,0.872538518781192,
0.935544952889889,0.945162614081038),.UNSPECIFIED.);
#62=B_SPLINE_CURVE_WITH_KNOTS('',3,(#9784,#9785,#9786,#9787,#9788,#9789,
#9790,#9791,#9792,#9793,#9794,#9795,#9796,#9797,#9798),.UNSPECIFIED.,.F.,
 .F.,(4,1,1,1,1,1,1,1,1,1,1,1,4),(0.365463506996085,0.377316190222386,0.425358145980393,
0.475284810909443,0.527027580733165,0.580524838488049,0.63572084328634,
0.692564851802698,0.751010413334938,0.811014796687413,0.872538518781192,
0.935544952889889,0.945162614081038),.UNSPECIFIED.);
#63=B_SPLINE_CURVE_WITH_KNOTS('',3,(#9800,#9801,#9802,#9803,#9804,#9805,
#9806,#9807,#9808,#9809,#9810,#9811,#9812,#9813,#9814),.UNSPECIFIED.,.F.,
 .F.,(4,1,1,1,1,1,1,1,1,1,1,1,4),(0.365463506996085,0.377316190222386,0.425358145980393,
0.475284810909443,0.527027580733165,0.580524838488049,0.63572084328634,
0.692564851802698,0.751010413334938,0.811014796687413,0.872538518781192,
0.935544952889889,0.945162614081038),.UNSPECIFIED.);
#64=B_SPLINE_CURVE_WITH_KNOTS('',3,(#9828,#9829,#9830,#9831,#9832,#9833,
#9834,#9835,#9836,#9837,#9838,#9839,#9840,#9841,#9842),.UNSPECIFIED.,.F.,
 .F.,(4,1,1,1,1,1,1,1,1,1,1,1,4),(0.365463506996085,0.377316190222386,0.425358145980393,
0.475284810909443,0.527027580733165,0.580524838488049,0.63572084328634,
0.692564851802698,0.751010413334938,0.811014796687413,0.872538518781192,
0.935544952889889,0.945162614081038),.UNSPECIFIED.);
#65=B_SPLINE_CURVE_WITH_KNOTS('',3,(#9846,#9847,#9848,#9849,#9850,#9851,
#9852,#9853,#9854,#9855,#9856,#9857,#9858,#9859,#9860),.UNSPECIFIED.,.F.,
 .F.,(4,1,1,1,1,1,1,1,1,1,1,1,4),(0.365463506996085,0.377316190222386,0.425358145980393,
0.475284810909443,0.527027580733165,0.580524838488049,0.63572084328634,
0.692564851802698,0.751010413334938,0.811014796687413,0.872538518781192,
0.935544952889889,0.945162614081038),.UNSPECIFIED.);
#66=B_SPLINE_CURVE_WITH_KNOTS('',3,(#9869,#9870,#9871,#9872,#9873,#9874,
#9875,#9876,#9877,#9878,#9879,#9880,#9881,#9882,#9883),.UNSPECIFIED.,.F.,
 .F.,(4,1,1,1,1,1,1,1,1,1,1,1,4),(0.365463506996085,0.377316190222386,0.425358145980393,
0.475284810909443,0.527027580733165,0.580524838488049,0.63572084328634,
0.692564851802698,0.751010413334938,0.811014796687413,0.872538518781192,
0.935544952889889,0.945162614081038),.UNSPECIFIED.);
#67=B_SPLINE_CURVE_WITH_KNOTS('',3,(#9885,#9886,#9887,#9888,#9889,#9890,
#9891,#9892,#9893,#9894,#9895,#9896,#9897,#9898,#9899),.UNSPECIFIED.,.F.,
 .F.,(4,1,1,1,1,1,1,1,1,1,1,1,4),(0.365463506996085,0.377316190222386,0.425358145980393,
0.475284810909443,0.527027580733165,0.580524838488049,0.63572084328634,
0.692564851802698,0.751010413334938,0.811014796687413,0.872538518781192,
0.935544952889889,0.945162614081038),.UNSPECIFIED.);
#68=B_SPLINE_CURVE_WITH_KNOTS('',3,(#9913,#9914,#9915,#9916,#9917,#9918,
#9919,#9920,#9921,#9922,#9923,#9924,#9925,#9926,#9927),.UNSPECIFIED.,.F.,
 .F.,(4,1,1,1,1,1,1,1,1,1,1,1,4),(0.365463506996085,0.377316190222386,0.425358145980393,
0.475284810909443,0.527027580733165,0.580524838488049,0.63572084328634,
0.692564851802698,0.751010413334938,0.811014796687413,0.872538518781192,
0.935544952889889,0.945162614081038),.UNSPECIFIED.);
#69=B_SPLINE_CURVE_WITH_KNOTS('',3,(#9931,#9932,#9933,#9934,#9935,#9936,
#9937,#9938,#9939,#9940,#9941,#9942,#9943,#9944,#9945),.UNSPECIFIED.,.F.,
 .F.,(4,1,1,1,1,1,1,1,1,1,1,1,4),(0.365463506996085,0.377316190222386,0.425358145980393,
0.475284810909443,0.527027580733165,0.580524838488049,0.63572084328634,
0.692564851802698,0.751010413334938,0.811014796687413,0.872538518781192,
0.935544952889889,0.945162614081038),.UNSPECIFIED.);
#70=B_SPLINE_CURVE_WITH_KNOTS('',3,(#9954,#9955,#9956,#9957,#9958,#9959,
#9960,#9961,#9962,#9963,#9964,#9965,#9966,#9967,#9968),.UNSPECIFIED.,.F.,
 .F.,(4,1,1,1,1,1,1,1,1,1,1,1,4),(0.365463506996085,0.377316190222386,0.425358145980393,
0.475284810909443,0.527027580733165,0.580524838488049,0.63572084328634,
0.692564851802698,0.751010413334938,0.811014796687413,0.872538518781192,
0.935544952889889,0.945162614081038),.UNSPECIFIED.);
#71=B_SPLINE_CURVE_WITH_KNOTS('',3,(#9970,#9971,#9972,#9973,#9974,#9975,
#9976,#9977,#9978,#9979,#9980,#9981,#9982,#9983,#9984),.UNSPECIFIED.,.F.,
 .F.,(4,1,1,1,1,1,1,1,1,1,1,1,4),(0.365463506996085,0.377316190222386,0.425358145980393,
0.475284810909443,0.527027580733165,0.580524838488049,0.63572084328634,
0.692564851802698,0.751010413334938,0.811014796687413,0.872538518781192,
0.935544952889889,0.945162614081038),.UNSPECIFIED.);
#72=B_SPLINE_CURVE_WITH_KNOTS('',3,(#9998,#9999,#10000,#10001,#10002,#10003,
#10004,#10005,#10006,#10007,#10008,#10009,#10010,#10011,#10012),
 .UNSPECIFIED.,.F.,.F.,(4,1,1,1,1,1,1,1,1,1,1,1,4),(0.365463506996085,0.377316190222386,
0.425358145980393,0.475284810909443,0.527027580733165,0.580524838488049,
0.63572084328634,0.692564851802698,0.751010413334938,0.811014796687413,
0.872538518781192,0.935544952889889,0.945162614081038),.UNSPECIFIED.);
#73=B_SPLINE_CURVE_WITH_KNOTS('',3,(#10016,#10017,#10018,#10019,#10020,
#10021,#10022,#10023,#10024,#10025,#10026,#10027,#10028,#10029,#10030),
 .UNSPECIFIED.,.F.,.F.,(4,1,1,1,1,1,1,1,1,1,1,1,4),(0.365463506996085,0.377316190222386,
0.425358145980393,0.475284810909443,0.527027580733165,0.580524838488049,
0.63572084328634,0.692564851802698,0.751010413334938,0.811014796687413,
0.872538518781192,0.935544952889889,0.945162614081038),.UNSPECIFIED.);
#74=B_SPLINE_CURVE_WITH_KNOTS('',3,(#10039,#10040,#10041,#10042,#10043,
#10044,#10045,#10046,#10047,#10048,#10049,#10050,#10051,#10052,#10053),
 .UNSPECIFIED.,.F.,.F.,(4,1,1,1,1,1,1,1,1,1,1,1,4),(0.365463506996085,0.377316190222386,
0.425358145980393,0.475284810909443,0.527027580733165,0.580524838488049,
0.63572084328634,0.692564851802698,0.751010413334938,0.811014796687413,
0.872538518781192,0.935544952889889,0.945162614081038),.UNSPECIFIED.);
#75=B_SPLINE_CURVE_WITH_KNOTS('',3,(#10055,#10056,#10057,#10058,#10059,
#10060,#10061,#10062,#10063,#10064,#10065,#10066,#10067,#10068,#10069),
 .UNSPECIFIED.,.F.,.F.,(4,1,1,1,1,1,1,1,1,1,1,1,4),(0.365463506996085,0.377316190222386,
0.425358145980393,0.475284810909443,0.527027580733165,0.580524838488049,
0.63572084328634,0.692564851802698,0.751010413334938,0.811014796687413,
0.872538518781192,0.935544952889889,0.945162614081038),.UNSPECIFIED.);
#76=B_SPLINE_CURVE_WITH_KNOTS('',3,(#10083,#10084,#10085,#10086,#10087,
#10088,#10089,#10090,#10091,#10092,#10093,#10094,#10095,#10096,#10097),
 .UNSPECIFIED.,.F.,.F.,(4,1,1,1,1,1,1,1,1,1,1,1,4),(0.365463506996085,0.377316190222386,
0.425358145980393,0.475284810909443,0.527027580733165,0.580524838488049,
0.63572084328634,0.692564851802698,0.751010413334938,0.811014796687413,
0.872538518781192,0.935544952889889,0.945162614081038),.UNSPECIFIED.);
#77=B_SPLINE_CURVE_WITH_KNOTS('',3,(#10101,#10102,#10103,#10104,#10105,
#10106,#10107,#10108,#10109,#10110,#10111,#10112,#10113,#10114,#10115),
 .UNSPECIFIED.,.F.,.F.,(4,1,1,1,1,1,1,1,1,1,1,1,4),(0.365463506996085,0.377316190222386,
0.425358145980393,0.475284810909443,0.527027580733165,0.580524838488049,
0.63572084328634,0.692564851802698,0.751010413334938,0.811014796687413,
0.872538518781192,0.935544952889889,0.945162614081038),.UNSPECIFIED.);
#78=B_SPLINE_CURVE_WITH_KNOTS('',3,(#10124,#10125,#10126,#10127,#10128,
#10129,#10130,#10131,#10132,#10133,#10134,#10135,#10136,#10137,#10138),
 .UNSPECIFIED.,.F.,.F.,(4,1,1,1,1,1,1,1,1,1,1,1,4),(0.365463506996085,0.377316190222386,
0.425358145980393,0.475284810909443,0.527027580733165,0.580524838488049,
0.63572084328634,0.692564851802698,0.751010413334938,0.811014796687413,
0.872538518781192,0.935544952889889,0.945162614081038),.UNSPECIFIED.);
#79=B_SPLINE_CURVE_WITH_KNOTS('',3,(#10140,#10141,#10142,#10143,#10144,
#10145,#10146,#10147,#10148,#10149,#10150,#10151,#10152,#10153,#10154),
 .UNSPECIFIED.,.F.,.F.,(4,1,1,1,1,1,1,1,1,1,1,1,4),(0.365463506996085,0.377316190222386,
0.425358145980393,0.475284810909443,0.527027580733165,0.580524838488049,
0.63572084328634,0.692564851802698,0.751010413334938,0.811014796687413,
0.872538518781192,0.935544952889889,0.945162614081038),.UNSPECIFIED.);
#80=B_SPLINE_CURVE_WITH_KNOTS('',3,(#10168,#10169,#10170,#10171,#10172,
#10173,#10174,#10175,#10176,#10177,#10178,#10179,#10180,#10181,#10182),
 .UNSPECIFIED.,.F.,.F.,(4,1,1,1,1,1,1,1,1,1,1,1,4),(0.365463506996085,0.377316190222386,
0.425358145980393,0.475284810909443,0.527027580733165,0.580524838488049,
0.63572084328634,0.692564851802698,0.751010413334938,0.811014796687413,
0.872538518781192,0.935544952889889,0.945162614081038),.UNSPECIFIED.);
#81=B_SPLINE_CURVE_WITH_KNOTS('',3,(#10186,#10187,#10188,#10189,#10190,
#10191,#10192,#10193,#10194,#10195,#10196,#10197,#10198,#10199,#10200),
 .UNSPECIFIED.,.F.,.F.,(4,1,1,1,1,1,1,1,1,1,1,1,4),(0.365463506996085,0.377316190222386,
0.425358145980393,0.475284810909443,0.527027580733165,0.580524838488049,
0.63572084328634,0.692564851802698,0.751010413334938,0.811014796687413,
0.872538518781192,0.935544952889889,0.945162614081038),.UNSPECIFIED.);
#82=B_SPLINE_CURVE_WITH_KNOTS('',3,(#10209,#10210,#10211,#10212,#10213,
#10214,#10215,#10216,#10217,#10218,#10219,#10220,#10221,#10222,#10223),
 .UNSPECIFIED.,.F.,.F.,(4,1,1,1,1,1,1,1,1,1,1,1,4),(0.365463506996085,0.377316190222386,
0.425358145980393,0.475284810909443,0.527027580733165,0.580524838488049,
0.63572084328634,0.692564851802698,0.751010413334938,0.811014796687413,
0.872538518781192,0.935544952889889,0.945162614081038),.UNSPECIFIED.);
#83=B_SPLINE_CURVE_WITH_KNOTS('',3,(#10225,#10226,#10227,#10228,#10229,
#10230,#10231,#10232,#10233,#10234,#10235,#10236,#10237,#10238,#10239),
 .UNSPECIFIED.,.F.,.F.,(4,1,1,1,1,1,1,1,1,1,1,1,4),(0.365463506996085,0.377316190222386,
0.425358145980393,0.475284810909443,0.527027580733165,0.580524838488049,
0.63572084328634,0.692564851802698,0.751010413334938,0.811014796687413,
0.872538518781192,0.935544952889889,0.945162614081038),.UNSPECIFIED.);
#84=B_SPLINE_CURVE_WITH_KNOTS('',3,(#10253,#10254,#10255,#10256,#10257,
#10258,#10259,#10260,#10261,#10262,#10263,#10264,#10265,#10266,#10267),
 .UNSPECIFIED.,.F.,.F.,(4,1,1,1,1,1,1,1,1,1,1,1,4),(0.365463506996085,0.377316190222386,
0.425358145980393,0.475284810909443,0.527027580733165,0.580524838488049,
0.63572084328634,0.692564851802698,0.751010413334938,0.811014796687413,
0.872538518781192,0.935544952889889,0.945162614081038),.UNSPECIFIED.);
#85=B_SPLINE_CURVE_WITH_KNOTS('',3,(#10271,#10272,#10273,#10274,#10275,
#10276,#10277,#10278,#10279,#10280,#10281,#10282,#10283,#10284,#10285),
 .UNSPECIFIED.,.F.,.F.,(4,1,1,1,1,1,1,1,1,1,1,1,4),(0.365463506996085,0.377316190222386,
0.425358145980393,0.475284810909443,0.527027580733165,0.580524838488049,
0.63572084328634,0.692564851802698,0.751010413334938,0.811014796687413,
0.872538518781192,0.935544952889889,0.945162614081038),.UNSPECIFIED.);
#86=B_SPLINE_CURVE_WITH_KNOTS('',3,(#10294,#10295,#10296,#10297,#10298,
#10299,#10300,#10301,#10302,#10303,#10304,#10305,#10306,#10307,#10308),
 .UNSPECIFIED.,.F.,.F.,(4,1,1,1,1,1,1,1,1,1,1,1,4),(0.365463506996085,0.377316190222386,
0.425358145980393,0.475284810909443,0.527027580733165,0.580524838488049,
0.63572084328634,0.692564851802698,0.751010413334938,0.811014796687413,
0.872538518781192,0.935544952889889,0.945162614081038),.UNSPECIFIED.);
#87=B_SPLINE_CURVE_WITH_KNOTS('',3,(#10310,#10311,#10312,#10313,#10314,
#10315,#10316,#10317,#10318,#10319,#10320,#10321,#10322,#10323,#10324),
 .UNSPECIFIED.,.F.,.F.,(4,1,1,1,1,1,1,1,1,1,1,1,4),(0.365463506996085,0.377316190222386,
0.425358145980393,0.475284810909443,0.527027580733165,0.580524838488049,
0.63572084328634,0.692564851802698,0.751010413334938,0.811014796687413,
0.872538518781192,0.935544952889889,0.945162614081038),.UNSPECIFIED.);
#88=B_SPLINE_CURVE_WITH_KNOTS('',3,(#10338,#10339,#10340,#10341,#10342,
#10343,#10344,#10345,#10346,#10347,#10348,#10349,#10350,#10351,#10352),
 .UNSPECIFIED.,.F.,.F.,(4,1,1,1,1,1,1,1,1,1,1,1,4),(0.365463506996085,0.377316190222386,
0.425358145980393,0.475284810909443,0.527027580733165,0.580524838488049,
0.63572084328634,0.692564851802698,0.751010413334938,0.811014796687413,
0.872538518781192,0.935544952889889,0.945162614081038),.UNSPECIFIED.);
#89=B_SPLINE_CURVE_WITH_KNOTS('',3,(#10356,#10357,#10358,#10359,#10360,
#10361,#10362,#10363,#10364,#10365,#10366,#10367,#10368,#10369,#10370),
 .UNSPECIFIED.,.F.,.F.,(4,1,1,1,1,1,1,1,1,1,1,1,4),(0.365463506996085,0.377316190222386,
0.425358145980393,0.475284810909443,0.527027580733165,0.580524838488049,
0.63572084328634,0.692564851802698,0.751010413334938,0.811014796687413,
0.872538518781192,0.935544952889889,0.945162614081038),.UNSPECIFIED.);
#90=B_SPLINE_CURVE_WITH_KNOTS('',3,(#10379,#10380,#10381,#10382,#10383,
#10384,#10385,#10386,#10387,#10388,#10389,#10390,#10391,#10392,#10393),
 .UNSPECIFIED.,.F.,.F.,(4,1,1,1,1,1,1,1,1,1,1,1,4),(0.365463506996085,0.377316190222386,
0.425358145980393,0.475284810909443,0.527027580733165,0.580524838488049,
0.63572084328634,0.692564851802698,0.751010413334938,0.811014796687413,
0.872538518781192,0.935544952889889,0.945162614081038),.UNSPECIFIED.);
#91=B_SPLINE_CURVE_WITH_KNOTS('',3,(#10395,#10396,#10397,#10398,#10399,
#10400,#10401,#10402,#10403,#10404,#10405,#10406,#10407,#10408,#10409),
 .UNSPECIFIED.,.F.,.F.,(4,1,1,1,1,1,1,1,1,1,1,1,4),(0.365463506996085,0.377316190222386,
0.425358145980393,0.475284810909443,0.527027580733165,0.580524838488049,
0.63572084328634,0.692564851802698,0.751010413334938,0.811014796687413,
0.872538518781192,0.935544952889889,0.945162614081038),.UNSPECIFIED.);
#92=B_SPLINE_CURVE_WITH_KNOTS('',3,(#10423,#10424,#10425,#10426,#10427,
#10428,#10429,#10430,#10431,#10432,#10433,#10434,#10435,#10436,#10437),
 .UNSPECIFIED.,.F.,.F.,(4,1,1,1,1,1,1,1,1,1,1,1,4),(0.365463506996085,0.377316190222386,
0.425358145980393,0.475284810909443,0.527027580733165,0.580524838488049,
0.63572084328634,0.692564851802698,0.751010413334938,0.811014796687413,
0.872538518781192,0.935544952889889,0.945162614081038),.UNSPECIFIED.);
#93=B_SPLINE_CURVE_WITH_KNOTS('',3,(#10441,#10442,#10443,#10444,#10445,
#10446,#10447,#10448,#10449,#10450,#10451,#10452,#10453,#10454,#10455),
 .UNSPECIFIED.,.F.,.F.,(4,1,1,1,1,1,1,1,1,1,1,1,4),(0.365463506996085,0.377316190222386,
0.425358145980393,0.475284810909443,0.527027580733165,0.580524838488049,
0.63572084328634,0.692564851802698,0.751010413334938,0.811014796687413,
0.872538518781192,0.935544952889889,0.945162614081038),.UNSPECIFIED.);
#94=B_SPLINE_CURVE_WITH_KNOTS('',3,(#10464,#10465,#10466,#10467,#10468,
#10469,#10470,#10471,#10472,#10473,#10474,#10475,#10476,#10477,#10478),
 .UNSPECIFIED.,.F.,.F.,(4,1,1,1,1,1,1,1,1,1,1,1,4),(0.365463506996085,0.377316190222386,
0.425358145980393,0.475284810909443,0.527027580733165,0.580524838488049,
0.63572084328634,0.692564851802698,0.751010413334938,0.811014796687413,
0.872538518781192,0.935544952889889,0.945162614081038),.UNSPECIFIED.);
#95=B_SPLINE_CURVE_WITH_KNOTS('',3,(#10480,#10481,#10482,#10483,#10484,
#10485,#10486,#10487,#10488,#10489,#10490,#10491,#10492,#10493,#10494),
 .UNSPECIFIED.,.F.,.F.,(4,1,1,1,1,1,1,1,1,1,1,1,4),(0.365463506996085,0.377316190222386,
0.425358145980393,0.475284810909443,0.527027580733165,0.580524838488049,
0.63572084328634,0.692564851802698,0.751010413334938,0.811014796687413,
0.872538518781192,0.935544952889889,0.945162614081038),.UNSPECIFIED.);
#96=B_SPLINE_CURVE_WITH_KNOTS('',3,(#10508,#10509,#10510,#10511,#10512,
#10513,#10514,#10515,#10516,#10517,#10518,#10519,#10520,#10521,#10522),
 .UNSPECIFIED.,.F.,.F.,(4,1,1,1,1,1,1,1,1,1,1,1,4),(0.365463506996085,0.377316190222386,
0.425358145980393,0.475284810909443,0.527027580733165,0.580524838488049,
0.63572084328634,0.692564851802698,0.751010413334938,0.811014796687413,
0.872538518781192,0.935544952889889,0.945162614081038),.UNSPECIFIED.);
#97=B_SPLINE_CURVE_WITH_KNOTS('',3,(#10526,#10527,#10528,#10529,#10530,
#10531,#10532,#10533,#10534,#10535,#10536,#10537,#10538,#10539,#10540),
 .UNSPECIFIED.,.F.,.F.,(4,1,1,1,1,1,1,1,1,1,1,1,4),(0.365463506996085,0.377316190222386,
0.425358145980393,0.475284810909443,0.527027580733165,0.580524838488049,
0.63572084328634,0.692564851802698,0.751010413334938,0.811014796687413,
0.872538518781192,0.935544952889889,0.945162614081038),.UNSPECIFIED.);
#98=B_SPLINE_CURVE_WITH_KNOTS('',3,(#10549,#10550,#10551,#10552,#10553,
#10554,#10555,#10556,#10557,#10558,#10559,#10560,#10561,#10562,#10563),
 .UNSPECIFIED.,.F.,.F.,(4,1,1,1,1,1,1,1,1,1,1,1,4),(0.365463506996085,0.377316190222386,
0.425358145980393,0.475284810909443,0.527027580733165,0.580524838488049,
0.63572084328634,0.692564851802698,0.751010413334938,0.811014796687413,
0.872538518781192,0.935544952889889,0.945162614081038),.UNSPECIFIED.);
#99=B_SPLINE_CURVE_WITH_KNOTS('',3,(#10565,#10566,#10567,#10568,#10569,
#10570,#10571,#10572,#10573,#10574,#10575,#10576,#10577,#10578,#10579),
 .UNSPECIFIED.,.F.,.F.,(4,1,1,1,1,1,1,1,1,1,1,1,4),(0.365463506996085,0.377316190222386,
0.425358145980393,0.475284810909443,0.527027580733165,0.580524838488049,
0.63572084328634,0.692564851802698,0.751010413334938,0.811014796687413,
0.872538518781192,0.935544952889889,0.945162614081038),.UNSPECIFIED.);
#100=B_SPLINE_CURVE_WITH_KNOTS('',3,(#10593,#10594,#10595,#10596,#10597,
#10598,#10599,#10600,#10601,#10602,#10603,#10604,#10605,#10606,#10607),
 .UNSPECIFIED.,.F.,.F.,(4,1,1,1,1,1,1,1,1,1,1,1,4),(0.365463506996085,0.377316190222386,
0.425358145980393,0.475284810909443,0.527027580733165,0.580524838488049,
0.63572084328634,0.692564851802698,0.751010413334938,0.811014796687413,
0.872538518781192,0.935544952889889,0.945162614081038),.UNSPECIFIED.);
#101=B_SPLINE_CURVE_WITH_KNOTS('',3,(#10611,#10612,#10613,#10614,#10615,
#10616,#10617,#10618,#10619,#10620,#10621,#10622,#10623,#10624,#10625),
 .UNSPECIFIED.,.F.,.F.,(4,1,1,1,1,1,1,1,1,1,1,1,4),(0.365463506996085,0.377316190222386,
0.425358145980393,0.475284810909443,0.527027580733165,0.580524838488049,
0.63572084328634,0.692564851802698,0.751010413334938,0.811014796687413,
0.872538518781192,0.935544952889889,0.945162614081038),.UNSPECIFIED.);
#102=B_SPLINE_CURVE_WITH_KNOTS('',3,(#10634,#10635,#10636,#10637,#10638,
#10639,#10640,#10641,#10642,#10643,#10644,#10645,#10646,#10647,#10648),
 .UNSPECIFIED.,.F.,.F.,(4,1,1,1,1,1,1,1,1,1,1,1,4),(0.365463506996085,0.377316190222386,
0.425358145980393,0.475284810909443,0.527027580733165,0.580524838488049,
0.63572084328634,0.692564851802698,0.751010413334938,0.811014796687413,
0.872538518781192,0.935544952889889,0.945162614081038),.UNSPECIFIED.);
#103=B_SPLINE_CURVE_WITH_KNOTS('',3,(#10650,#10651,#10652,#10653,#10654,
#10655,#10656,#10657,#10658,#10659,#10660,#10661,#10662,#10663,#10664),
 .UNSPECIFIED.,.F.,.F.,(4,1,1,1,1,1,1,1,1,1,1,1,4),(0.365463506996085,0.377316190222386,
0.425358145980393,0.475284810909443,0.527027580733165,0.580524838488049,
0.63572084328634,0.692564851802698,0.751010413334938,0.811014796687413,
0.872538518781192,0.935544952889889,0.945162614081038),.UNSPECIFIED.);
#104=B_SPLINE_CURVE_WITH_KNOTS('',3,(#10678,#10679,#10680,#10681,#10682,
#10683,#10684,#10685,#10686,#10687,#10688,#10689,#10690,#10691,#10692),
 .UNSPECIFIED.,.F.,.F.,(4,1,1,1,1,1,1,1,1,1,1,1,4),(0.365463506996085,0.377316190222386,
0.425358145980393,0.475284810909443,0.527027580733165,0.580524838488049,
0.63572084328634,0.692564851802698,0.751010413334938,0.811014796687413,
0.872538518781192,0.935544952889889,0.945162614081038),.UNSPECIFIED.);
#105=B_SPLINE_CURVE_WITH_KNOTS('',3,(#10696,#10697,#10698,#10699,#10700,
#10701,#10702,#10703,#10704,#10705,#10706,#10707,#10708,#10709,#10710),
 .UNSPECIFIED.,.F.,.F.,(4,1,1,1,1,1,1,1,1,1,1,1,4),(0.365463506996085,0.377316190222386,
0.425358145980393,0.475284810909443,0.527027580733165,0.580524838488049,
0.63572084328634,0.692564851802698,0.751010413334938,0.811014796687413,
0.872538518781192,0.935544952889889,0.945162614081038),.UNSPECIFIED.);
#106=B_SPLINE_CURVE_WITH_KNOTS('',3,(#10719,#10720,#10721,#10722,#10723,
#10724,#10725,#10726,#10727,#10728,#10729,#10730,#10731,#10732,#10733),
 .UNSPECIFIED.,.F.,.F.,(4,1,1,1,1,1,1,1,1,1,1,1,4),(0.365463506996085,0.377316190222386,
0.425358145980393,0.475284810909443,0.527027580733165,0.580524838488049,
0.63572084328634,0.692564851802698,0.751010413334938,0.811014796687413,
0.872538518781192,0.935544952889889,0.945162614081038),.UNSPECIFIED.);
#107=B_SPLINE_CURVE_WITH_KNOTS('',3,(#10735,#10736,#10737,#10738,#10739,
#10740,#10741,#10742,#10743,#10744,#10745,#10746,#10747,#10748,#10749),
 .UNSPECIFIED.,.F.,.F.,(4,1,1,1,1,1,1,1,1,1,1,1,4),(0.365463506996085,0.377316190222386,
0.425358145980393,0.475284810909443,0.527027580733165,0.580524838488049,
0.63572084328634,0.692564851802698,0.751010413334938,0.811014796687413,
0.872538518781192,0.935544952889889,0.945162614081038),.UNSPECIFIED.);
#108=B_SPLINE_CURVE_WITH_KNOTS('',3,(#10763,#10764,#10765,#10766,#10767,
#10768,#10769,#10770,#10771,#10772,#10773,#10774,#10775,#10776,#10777),
 .UNSPECIFIED.,.F.,.F.,(4,1,1,1,1,1,1,1,1,1,1,1,4),(0.365463506996085,0.377316190222386,
0.425358145980393,0.475284810909443,0.527027580733165,0.580524838488049,
0.63572084328634,0.692564851802698,0.751010413334938,0.811014796687413,
0.872538518781192,0.935544952889889,0.945162614081038),.UNSPECIFIED.);
#109=B_SPLINE_CURVE_WITH_KNOTS('',3,(#10781,#10782,#10783,#10784,#10785,
#10786,#10787,#10788,#10789,#10790,#10791,#10792,#10793,#10794,#10795),
 .UNSPECIFIED.,.F.,.F.,(4,1,1,1,1,1,1,1,1,1,1,1,4),(0.365463506996085,0.377316190222386,
0.425358145980393,0.475284810909443,0.527027580733165,0.580524838488049,
0.63572084328634,0.692564851802698,0.751010413334938,0.811014796687413,
0.872538518781192,0.935544952889889,0.945162614081038),.UNSPECIFIED.);
#110=B_SPLINE_CURVE_WITH_KNOTS('',3,(#10804,#10805,#10806,#10807,#10808,
#10809,#10810,#10811,#10812,#10813,#10814,#10815,#10816,#10817,#10818),
 .UNSPECIFIED.,.F.,.F.,(4,1,1,1,1,1,1,1,1,1,1,1,4),(0.365463506996085,0.377316190222386,
0.425358145980393,0.475284810909443,0.527027580733165,0.580524838488049,
0.63572084328634,0.692564851802698,0.751010413334938,0.811014796687413,
0.872538518781192,0.935544952889889,0.945162614081038),.UNSPECIFIED.);
#111=B_SPLINE_CURVE_WITH_KNOTS('',3,(#10820,#10821,#10822,#10823,#10824,
#10825,#10826,#10827,#10828,#10829,#10830,#10831,#10832,#10833,#10834),
 .UNSPECIFIED.,.F.,.F.,(4,1,1,1,1,1,1,1,1,1,1,1,4),(0.365463506996085,0.377316190222386,
0.425358145980393,0.475284810909443,0.527027580733165,0.580524838488049,
0.63572084328634,0.692564851802698,0.751010413334938,0.811014796687413,
0.872538518781192,0.935544952889889,0.945162614081038),.UNSPECIFIED.);
#112=B_SPLINE_CURVE_WITH_KNOTS('',3,(#10848,#10849,#10850,#10851,#10852,
#10853,#10854,#10855,#10856,#10857,#10858,#10859,#10860,#10861,#10862),
 .UNSPECIFIED.,.F.,.F.,(4,1,1,1,1,1,1,1,1,1,1,1,4),(0.365463506996085,0.377316190222386,
0.425358145980393,0.475284810909443,0.527027580733165,0.580524838488049,
0.63572084328634,0.692564851802698,0.751010413334938,0.811014796687413,
0.872538518781192,0.935544952889889,0.945162614081038),.UNSPECIFIED.);
#113=B_SPLINE_CURVE_WITH_KNOTS('',3,(#10866,#10867,#10868,#10869,#10870,
#10871,#10872,#10873,#10874,#10875,#10876,#10877,#10878,#10879,#10880),
 .UNSPECIFIED.,.F.,.F.,(4,1,1,1,1,1,1,1,1,1,1,1,4),(0.365463506996085,0.377316190222386,
0.425358145980393,0.475284810909443,0.527027580733165,0.580524838488049,
0.63572084328634,0.692564851802698,0.751010413334938,0.811014796687413,
0.872538518781192,0.935544952889889,0.945162614081038),.UNSPECIFIED.);
#114=B_SPLINE_CURVE_WITH_KNOTS('',3,(#10889,#10890,#10891,#10892,#10893,
#10894,#10895,#10896,#10897,#10898,#10899,#10900,#10901,#10902,#10903),
 .UNSPECIFIED.,.F.,.F.,(4,1,1,1,1,1,1,1,1,1,1,1,4),(0.365463506996085,0.377316190222386,
0.425358145980393,0.475284810909443,0.527027580733165,0.580524838488049,
0.63572084328634,0.692564851802698,0.751010413334938,0.811014796687413,
0.872538518781192,0.935544952889889,0.945162614081038),.UNSPECIFIED.);
#115=B_SPLINE_CURVE_WITH_KNOTS('',3,(#10905,#10906,#10907,#10908,#10909,
#10910,#10911,#10912,#10913,#10914,#10915,#10916,#10917,#10918,#10919),
 .UNSPECIFIED.,.F.,.F.,(4,1,1,1,1,1,1,1,1,1,1,1,4),(0.365463506996085,0.377316190222386,
0.425358145980393,0.475284810909443,0.527027580733165,0.580524838488049,
0.63572084328634,0.692564851802698,0.751010413334938,0.811014796687413,
0.872538518781192,0.935544952889889,0.945162614081038),.UNSPECIFIED.);
#116=B_SPLINE_CURVE_WITH_KNOTS('',3,(#10933,#10934,#10935,#10936,#10937,
#10938,#10939,#10940,#10941,#10942,#10943,#10944,#10945,#10946,#10947),
 .UNSPECIFIED.,.F.,.F.,(4,1,1,1,1,1,1,1,1,1,1,1,4),(0.365463506996085,0.377316190222386,
0.425358145980393,0.475284810909443,0.527027580733165,0.580524838488049,
0.63572084328634,0.692564851802698,0.751010413334938,0.811014796687413,
0.872538518781192,0.935544952889889,0.945162614081038),.UNSPECIFIED.);
#117=B_SPLINE_CURVE_WITH_KNOTS('',3,(#10951,#10952,#10953,#10954,#10955,
#10956,#10957,#10958,#10959,#10960,#10961,#10962,#10963,#10964,#10965),
 .UNSPECIFIED.,.F.,.F.,(4,1,1,1,1,1,1,1,1,1,1,1,4),(0.365463506996085,0.377316190222386,
0.425358145980393,0.475284810909443,0.527027580733165,0.580524838488049,
0.63572084328634,0.692564851802698,0.751010413334938,0.811014796687413,
0.872538518781192,0.935544952889889,0.945162614081038),.UNSPECIFIED.);
#118=B_SPLINE_CURVE_WITH_KNOTS('',3,(#10974,#10975,#10976,#10977,#10978,
#10979,#10980,#10981,#10982,#10983,#10984,#10985,#10986,#10987,#10988),
 .UNSPECIFIED.,.F.,.F.,(4,1,1,1,1,1,1,1,1,1,1,1,4),(0.365463506996085,0.377316190222386,
0.425358145980393,0.475284810909443,0.527027580733165,0.580524838488049,
0.63572084328634,0.692564851802698,0.751010413334938,0.811014796687413,
0.872538518781192,0.935544952889889,0.945162614081038),.UNSPECIFIED.);
#119=B_SPLINE_CURVE_WITH_KNOTS('',3,(#10990,#10991,#10992,#10993,#10994,
#10995,#10996,#10997,#10998,#10999,#11000,#11001,#11002,#11003,#11004),
 .UNSPECIFIED.,.F.,.F.,(4,1,1,1,1,1,1,1,1,1,1,1,4),(0.365463506996085,0.377316190222386,
0.425358145980393,0.475284810909443,0.527027580733165,0.580524838488049,
0.63572084328634,0.692564851802698,0.751010413334938,0.811014796687413,
0.872538518781192,0.935544952889889,0.945162614081038),.UNSPECIFIED.);
#120=B_SPLINE_CURVE_WITH_KNOTS('',3,(#11018,#11019,#11020,#11021,#11022,
#11023,#11024,#11025,#11026,#11027,#11028,#11029,#11030,#11031,#11032),
 .UNSPECIFIED.,.F.,.F.,(4,1,1,1,1,1,1,1,1,1,1,1,4),(0.365463506996085,0.377316190222386,
0.425358145980393,0.475284810909443,0.527027580733165,0.580524838488049,
0.63572084328634,0.692564851802698,0.751010413334938,0.811014796687413,
0.872538518781192,0.935544952889889,0.945162614081038),.UNSPECIFIED.);
#121=B_SPLINE_CURVE_WITH_KNOTS('',3,(#11036,#11037,#11038,#11039,#11040,
#11041,#11042,#11043,#11044,#11045,#11046,#11047,#11048,#11049,#11050),
 .UNSPECIFIED.,.F.,.F.,(4,1,1,1,1,1,1,1,1,1,1,1,4),(0.365463506996085,0.377316190222386,
0.425358145980393,0.475284810909443,0.527027580733165,0.580524838488049,
0.63572084328634,0.692564851802698,0.751010413334938,0.811014796687413,
0.872538518781192,0.935544952889889,0.945162614081038),.UNSPECIFIED.);
#122=B_SPLINE_CURVE_WITH_KNOTS('',3,(#11059,#11060,#11061,#11062,#11063,
#11064,#11065,#11066,#11067,#11068,#11069,#11070,#11071,#11072,#11073),
 .UNSPECIFIED.,.F.,.F.,(4,1,1,1,1,1,1,1,1,1,1,1,4),(0.365463506996085,0.377316190222386,
0.425358145980393,0.475284810909443,0.527027580733165,0.580524838488049,
0.63572084328634,0.692564851802698,0.751010413334938,0.811014796687413,
0.872538518781192,0.935544952889889,0.945162614081038),.UNSPECIFIED.);
#123=B_SPLINE_CURVE_WITH_KNOTS('',3,(#11075,#11076,#11077,#11078,#11079,
#11080,#11081,#11082,#11083,#11084,#11085,#11086,#11087,#11088,#11089),
 .UNSPECIFIED.,.F.,.F.,(4,1,1,1,1,1,1,1,1,1,1,1,4),(0.365463506996085,0.377316190222386,
0.425358145980393,0.475284810909443,0.527027580733165,0.580524838488049,
0.63572084328634,0.692564851802698,0.751010413334938,0.811014796687413,
0.872538518781192,0.935544952889889,0.945162614081038),.UNSPECIFIED.);
#124=B_SPLINE_CURVE_WITH_KNOTS('',3,(#11103,#11104,#11105,#11106,#11107,
#11108,#11109,#11110,#11111,#11112,#11113,#11114,#11115,#11116,#11117),
 .UNSPECIFIED.,.F.,.F.,(4,1,1,1,1,1,1,1,1,1,1,1,4),(0.365463506996085,0.377316190222386,
0.425358145980393,0.475284810909443,0.527027580733165,0.580524838488049,
0.63572084328634,0.692564851802698,0.751010413334938,0.811014796687413,
0.872538518781192,0.935544952889889,0.945162614081038),.UNSPECIFIED.);
#125=B_SPLINE_CURVE_WITH_KNOTS('',3,(#11121,#11122,#11123,#11124,#11125,
#11126,#11127,#11128,#11129,#11130,#11131,#11132,#11133,#11134,#11135),
 .UNSPECIFIED.,.F.,.F.,(4,1,1,1,1,1,1,1,1,1,1,1,4),(0.365463506996085,0.377316190222386,
0.425358145980393,0.475284810909443,0.527027580733165,0.580524838488049,
0.63572084328634,0.692564851802698,0.751010413334938,0.811014796687413,
0.872538518781192,0.935544952889889,0.945162614081038),.UNSPECIFIED.);
#126=B_SPLINE_CURVE_WITH_KNOTS('',3,(#11144,#11145,#11146,#11147,#11148,
#11149,#11150,#11151,#11152,#11153,#11154,#11155,#11156,#11157,#11158),
 .UNSPECIFIED.,.F.,.F.,(4,1,1,1,1,1,1,1,1,1,1,1,4),(0.365463506996085,0.377316190222386,
0.425358145980393,0.475284810909443,0.527027580733165,0.580524838488049,
0.63572084328634,0.692564851802698,0.751010413334938,0.811014796687413,
0.872538518781192,0.935544952889889,0.945162614081038),.UNSPECIFIED.);
#127=B_SPLINE_CURVE_WITH_KNOTS('',3,(#11160,#11161,#11162,#11163,#11164,
#11165,#11166,#11167,#11168,#11169,#11170,#11171,#11172,#11173,#11174),
 .UNSPECIFIED.,.F.,.F.,(4,1,1,1,1,1,1,1,1,1,1,1,4),(0.365463506996085,0.377316190222386,
0.425358145980393,0.475284810909443,0.527027580733165,0.580524838488049,
0.63572084328634,0.692564851802698,0.751010413334938,0.811014796687413,
0.872538518781192,0.935544952889889,0.945162614081038),.UNSPECIFIED.);
#128=B_SPLINE_CURVE_WITH_KNOTS('',3,(#11188,#11189,#11190,#11191,#11192,
#11193,#11194,#11195,#11196,#11197,#11198,#11199,#11200,#11201,#11202),
 .UNSPECIFIED.,.F.,.F.,(4,1,1,1,1,1,1,1,1,1,1,1,4),(0.365463506996085,0.377316190222386,
0.425358145980393,0.475284810909443,0.527027580733165,0.580524838488049,
0.63572084328634,0.692564851802698,0.751010413334938,0.811014796687413,
0.872538518781192,0.935544952889889,0.945162614081038),.UNSPECIFIED.);
#129=B_SPLINE_CURVE_WITH_KNOTS('',3,(#11206,#11207,#11208,#11209,#11210,
#11211,#11212,#11213,#11214,#11215,#11216,#11217,#11218,#11219,#11220),
 .UNSPECIFIED.,.F.,.F.,(4,1,1,1,1,1,1,1,1,1,1,1,4),(0.365463506996085,0.377316190222386,
0.425358145980393,0.475284810909443,0.527027580733165,0.580524838488049,
0.63572084328634,0.692564851802698,0.751010413334938,0.811014796687413,
0.872538518781192,0.935544952889889,0.945162614081038),.UNSPECIFIED.);
#130=B_SPLINE_CURVE_WITH_KNOTS('',3,(#11229,#11230,#11231,#11232,#11233,
#11234,#11235,#11236,#11237,#11238,#11239,#11240,#11241,#11242,#11243),
 .UNSPECIFIED.,.F.,.F.,(4,1,1,1,1,1,1,1,1,1,1,1,4),(0.365463506996085,0.377316190222386,
0.425358145980393,0.475284810909443,0.527027580733165,0.580524838488049,
0.63572084328634,0.692564851802698,0.751010413334938,0.811014796687413,
0.872538518781192,0.935544952889889,0.945162614081038),.UNSPECIFIED.);
#131=B_SPLINE_CURVE_WITH_KNOTS('',3,(#11245,#11246,#11247,#11248,#11249,
#11250,#11251,#11252,#11253,#11254,#11255,#11256,#11257,#11258,#11259),
 .UNSPECIFIED.,.F.,.F.,(4,1,1,1,1,1,1,1,1,1,1,1,4),(0.365463506996085,0.377316190222386,
0.425358145980393,0.475284810909443,0.527027580733165,0.580524838488049,
0.63572084328634,0.692564851802698,0.751010413334938,0.811014796687413,
0.872538518781192,0.935544952889889,0.945162614081038),.UNSPECIFIED.);
#132=B_SPLINE_CURVE_WITH_KNOTS('',3,(#11273,#11274,#11275,#11276,#11277,
#11278,#11279,#11280,#11281,#11282,#11283,#11284,#11285,#11286,#11287),
 .UNSPECIFIED.,.F.,.F.,(4,1,1,1,1,1,1,1,1,1,1,1,4),(0.365463506996085,0.377316190222386,
0.425358145980393,0.475284810909443,0.527027580733165,0.580524838488049,
0.63572084328634,0.692564851802698,0.751010413334938,0.811014796687413,
0.872538518781192,0.935544952889889,0.945162614081038),.UNSPECIFIED.);
#133=B_SPLINE_CURVE_WITH_KNOTS('',3,(#11291,#11292,#11293,#11294,#11295,
#11296,#11297,#11298,#11299,#11300,#11301,#11302,#11303,#11304,#11305),
 .UNSPECIFIED.,.F.,.F.,(4,1,1,1,1,1,1,1,1,1,1,1,4),(0.365463506996085,0.377316190222386,
0.425358145980393,0.475284810909443,0.527027580733165,0.580524838488049,
0.63572084328634,0.692564851802698,0.751010413334938,0.811014796687413,
0.872538518781192,0.935544952889889,0.945162614081038),.UNSPECIFIED.);
#134=B_SPLINE_CURVE_WITH_KNOTS('',3,(#11314,#11315,#11316,#11317,#11318,
#11319,#11320,#11321,#11322,#11323,#11324,#11325,#11326,#11327,#11328),
 .UNSPECIFIED.,.F.,.F.,(4,1,1,1,1,1,1,1,1,1,1,1,4),(0.365463506996085,0.377316190222386,
0.425358145980393,0.475284810909443,0.527027580733165,0.580524838488049,
0.63572084328634,0.692564851802698,0.751010413334938,0.811014796687413,
0.872538518781192,0.935544952889889,0.945162614081038),.UNSPECIFIED.);
#135=B_SPLINE_CURVE_WITH_KNOTS('',3,(#11330,#11331,#11332,#11333,#11334,
#11335,#11336,#11337,#11338,#11339,#11340,#11341,#11342,#11343,#11344),
 .UNSPECIFIED.,.F.,.F.,(4,1,1,1,1,1,1,1,1,1,1,1,4),(0.365463506996085,0.377316190222386,
0.425358145980393,0.475284810909443,0.527027580733165,0.580524838488049,
0.63572084328634,0.692564851802698,0.751010413334938,0.811014796687413,
0.872538518781192,0.935544952889889,0.945162614081038),.UNSPECIFIED.);
#136=B_SPLINE_CURVE_WITH_KNOTS('',3,(#11358,#11359,#11360,#11361,#11362,
#11363,#11364,#11365,#11366,#11367,#11368,#11369,#11370,#11371,#11372),
 .UNSPECIFIED.,.F.,.F.,(4,1,1,1,1,1,1,1,1,1,1,1,4),(0.365463506996085,0.377316190222386,
0.425358145980393,0.475284810909443,0.527027580733165,0.580524838488049,
0.63572084328634,0.692564851802698,0.751010413334938,0.811014796687413,
0.872538518781192,0.935544952889889,0.945162614081038),.UNSPECIFIED.);
#137=B_SPLINE_CURVE_WITH_KNOTS('',3,(#11376,#11377,#11378,#11379,#11380,
#11381,#11382,#11383,#11384,#11385,#11386,#11387,#11388,#11389,#11390),
 .UNSPECIFIED.,.F.,.F.,(4,1,1,1,1,1,1,1,1,1,1,1,4),(0.365463506996085,0.377316190222386,
0.425358145980393,0.475284810909443,0.527027580733165,0.580524838488049,
0.63572084328634,0.692564851802698,0.751010413334938,0.811014796687413,
0.872538518781192,0.935544952889889,0.945162614081038),.UNSPECIFIED.);
#138=B_SPLINE_CURVE_WITH_KNOTS('',3,(#11399,#11400,#11401,#11402,#11403,
#11404,#11405,#11406,#11407,#11408,#11409,#11410,#11411,#11412,#11413),
 .UNSPECIFIED.,.F.,.F.,(4,1,1,1,1,1,1,1,1,1,1,1,4),(0.365463506996085,0.377316190222386,
0.425358145980393,0.475284810909443,0.527027580733165,0.580524838488049,
0.63572084328634,0.692564851802698,0.751010413334938,0.811014796687413,
0.872538518781192,0.935544952889889,0.945162614081038),.UNSPECIFIED.);
#139=B_SPLINE_CURVE_WITH_KNOTS('',3,(#11415,#11416,#11417,#11418,#11419,
#11420,#11421,#11422,#11423,#11424,#11425,#11426,#11427,#11428,#11429),
 .UNSPECIFIED.,.F.,.F.,(4,1,1,1,1,1,1,1,1,1,1,1,4),(0.365463506996085,0.377316190222386,
0.425358145980393,0.475284810909443,0.527027580733165,0.580524838488049,
0.63572084328634,0.692564851802698,0.751010413334938,0.811014796687413,
0.872538518781192,0.935544952889889,0.945162614081038),.UNSPECIFIED.);
#140=B_SPLINE_CURVE_WITH_KNOTS('',3,(#11443,#11444,#11445,#11446,#11447,
#11448,#11449,#11450,#11451,#11452,#11453,#11454,#11455,#11456,#11457),
 .UNSPECIFIED.,.F.,.F.,(4,1,1,1,1,1,1,1,1,1,1,1,4),(0.365463506996085,0.377316190222386,
0.425358145980393,0.475284810909443,0.527027580733165,0.580524838488049,
0.63572084328634,0.692564851802698,0.751010413334938,0.811014796687413,
0.872538518781192,0.935544952889889,0.945162614081038),.UNSPECIFIED.);
#141=B_SPLINE_CURVE_WITH_KNOTS('',3,(#11461,#11462,#11463,#11464,#11465,
#11466,#11467,#11468,#11469,#11470,#11471,#11472,#11473,#11474,#11475),
 .UNSPECIFIED.,.F.,.F.,(4,1,1,1,1,1,1,1,1,1,1,1,4),(0.365463506996085,0.377316190222386,
0.425358145980393,0.475284810909443,0.527027580733165,0.580524838488049,
0.63572084328634,0.692564851802698,0.751010413334938,0.811014796687413,
0.872538518781192,0.935544952889889,0.945162614081038),.UNSPECIFIED.);
#142=B_SPLINE_CURVE_WITH_KNOTS('',3,(#11484,#11485,#11486,#11487,#11488,
#11489,#11490,#11491,#11492,#11493,#11494,#11495,#11496,#11497,#11498),
 .UNSPECIFIED.,.F.,.F.,(4,1,1,1,1,1,1,1,1,1,1,1,4),(0.365463506996085,0.377316190222386,
0.425358145980393,0.475284810909443,0.527027580733165,0.580524838488049,
0.63572084328634,0.692564851802698,0.751010413334938,0.811014796687413,
0.872538518781192,0.935544952889889,0.945162614081038),.UNSPECIFIED.);
#143=B_SPLINE_CURVE_WITH_KNOTS('',3,(#11500,#11501,#11502,#11503,#11504,
#11505,#11506,#11507,#11508,#11509,#11510,#11511,#11512,#11513,#11514),
 .UNSPECIFIED.,.F.,.F.,(4,1,1,1,1,1,1,1,1,1,1,1,4),(0.365463506996085,0.377316190222386,
0.425358145980393,0.475284810909443,0.527027580733165,0.580524838488049,
0.63572084328634,0.692564851802698,0.751010413334938,0.811014796687413,
0.872538518781192,0.935544952889889,0.945162614081038),.UNSPECIFIED.);
#144=B_SPLINE_CURVE_WITH_KNOTS('',3,(#11528,#11529,#11530,#11531,#11532,
#11533,#11534,#11535,#11536,#11537,#11538,#11539,#11540,#11541,#11542),
 .UNSPECIFIED.,.F.,.F.,(4,1,1,1,1,1,1,1,1,1,1,1,4),(0.365463506996085,0.377316190222386,
0.425358145980393,0.475284810909443,0.527027580733165,0.580524838488049,
0.63572084328634,0.692564851802698,0.751010413334938,0.811014796687413,
0.872538518781192,0.935544952889889,0.945162614081038),.UNSPECIFIED.);
#145=B_SPLINE_CURVE_WITH_KNOTS('',3,(#11546,#11547,#11548,#11549,#11550,
#11551,#11552,#11553,#11554,#11555,#11556,#11557,#11558,#11559,#11560),
 .UNSPECIFIED.,.F.,.F.,(4,1,1,1,1,1,1,1,1,1,1,1,4),(0.365463506996085,0.377316190222386,
0.425358145980393,0.475284810909443,0.527027580733165,0.580524838488049,
0.63572084328634,0.692564851802698,0.751010413334938,0.811014796687413,
0.872538518781192,0.935544952889889,0.945162614081038),.UNSPECIFIED.);
#146=B_SPLINE_CURVE_WITH_KNOTS('',3,(#11569,#11570,#11571,#11572,#11573,
#11574,#11575,#11576,#11577,#11578,#11579,#11580,#11581,#11582,#11583),
 .UNSPECIFIED.,.F.,.F.,(4,1,1,1,1,1,1,1,1,1,1,1,4),(0.365463506996085,0.377316190222386,
0.425358145980393,0.475284810909443,0.527027580733165,0.580524838488049,
0.63572084328634,0.692564851802698,0.751010413334938,0.811014796687413,
0.872538518781192,0.935544952889889,0.945162614081038),.UNSPECIFIED.);
#147=B_SPLINE_CURVE_WITH_KNOTS('',3,(#11585,#11586,#11587,#11588,#11589,
#11590,#11591,#11592,#11593,#11594,#11595,#11596,#11597,#11598,#11599),
 .UNSPECIFIED.,.F.,.F.,(4,1,1,1,1,1,1,1,1,1,1,1,4),(0.365463506996085,0.377316190222386,
0.425358145980393,0.475284810909443,0.527027580733165,0.580524838488049,
0.63572084328634,0.692564851802698,0.751010413334938,0.811014796687413,
0.872538518781192,0.935544952889889,0.945162614081038),.UNSPECIFIED.);
#148=B_SPLINE_CURVE_WITH_KNOTS('',3,(#11613,#11614,#11615,#11616,#11617,
#11618,#11619,#11620,#11621,#11622,#11623,#11624,#11625,#11626,#11627),
 .UNSPECIFIED.,.F.,.F.,(4,1,1,1,1,1,1,1,1,1,1,1,4),(0.365463506996085,0.377316190222386,
0.425358145980393,0.475284810909443,0.527027580733165,0.580524838488049,
0.63572084328634,0.692564851802698,0.751010413334938,0.811014796687413,
0.872538518781192,0.935544952889889,0.945162614081038),.UNSPECIFIED.);
#149=B_SPLINE_CURVE_WITH_KNOTS('',3,(#11631,#11632,#11633,#11634,#11635,
#11636,#11637,#11638,#11639,#11640,#11641,#11642,#11643,#11644,#11645),
 .UNSPECIFIED.,.F.,.F.,(4,1,1,1,1,1,1,1,1,1,1,1,4),(0.365463506996085,0.377316190222386,
0.425358145980393,0.475284810909443,0.527027580733165,0.580524838488049,
0.63572084328634,0.692564851802698,0.751010413334938,0.811014796687413,
0.872538518781192,0.935544952889889,0.945162614081038),.UNSPECIFIED.);
#150=B_SPLINE_CURVE_WITH_KNOTS('',3,(#11654,#11655,#11656,#11657,#11658,
#11659,#11660,#11661,#11662,#11663,#11664,#11665,#11666,#11667,#11668),
 .UNSPECIFIED.,.F.,.F.,(4,1,1,1,1,1,1,1,1,1,1,1,4),(0.365463506996085,0.377316190222386,
0.425358145980393,0.475284810909443,0.527027580733165,0.580524838488049,
0.63572084328634,0.692564851802698,0.751010413334938,0.811014796687413,
0.872538518781192,0.935544952889889,0.945162614081038),.UNSPECIFIED.);
#151=B_SPLINE_CURVE_WITH_KNOTS('',3,(#11670,#11671,#11672,#11673,#11674,
#11675,#11676,#11677,#11678,#11679,#11680,#11681,#11682,#11683,#11684),
 .UNSPECIFIED.,.F.,.F.,(4,1,1,1,1,1,1,1,1,1,1,1,4),(0.365463506996085,0.377316190222386,
0.425358145980393,0.475284810909443,0.527027580733165,0.580524838488049,
0.63572084328634,0.692564851802698,0.751010413334938,0.811014796687413,
0.872538518781192,0.935544952889889,0.945162614081038),.UNSPECIFIED.);
#152=B_SPLINE_CURVE_WITH_KNOTS('',3,(#11698,#11699,#11700,#11701,#11702,
#11703,#11704,#11705,#11706,#11707,#11708,#11709,#11710,#11711,#11712),
 .UNSPECIFIED.,.F.,.F.,(4,1,1,1,1,1,1,1,1,1,1,1,4),(0.365463506996085,0.377316190222386,
0.425358145980393,0.475284810909443,0.527027580733165,0.580524838488049,
0.63572084328634,0.692564851802698,0.751010413334938,0.811014796687413,
0.872538518781192,0.935544952889889,0.945162614081038),.UNSPECIFIED.);
#153=B_SPLINE_CURVE_WITH_KNOTS('',3,(#11716,#11717,#11718,#11719,#11720,
#11721,#11722,#11723,#11724,#11725,#11726,#11727,#11728,#11729,#11730),
 .UNSPECIFIED.,.F.,.F.,(4,1,1,1,1,1,1,1,1,1,1,1,4),(0.365463506996085,0.377316190222386,
0.425358145980393,0.475284810909443,0.527027580733165,0.580524838488049,
0.63572084328634,0.692564851802698,0.751010413334938,0.811014796687413,
0.872538518781192,0.935544952889889,0.945162614081038),.UNSPECIFIED.);
#154=B_SPLINE_CURVE_WITH_KNOTS('',3,(#11739,#11740,#11741,#11742,#11743,
#11744,#11745,#11746,#11747,#11748,#11749,#11750,#11751,#11752,#11753),
 .UNSPECIFIED.,.F.,.F.,(4,1,1,1,1,1,1,1,1,1,1,1,4),(0.365463506996085,0.377316190222386,
0.425358145980393,0.475284810909443,0.527027580733165,0.580524838488049,
0.63572084328634,0.692564851802698,0.751010413334938,0.811014796687413,
0.872538518781192,0.935544952889889,0.945162614081038),.UNSPECIFIED.);
#155=B_SPLINE_CURVE_WITH_KNOTS('',3,(#11755,#11756,#11757,#11758,#11759,
#11760,#11761,#11762,#11763,#11764,#11765,#11766,#11767,#11768,#11769),
 .UNSPECIFIED.,.F.,.F.,(4,1,1,1,1,1,1,1,1,1,1,1,4),(0.365463506996085,0.377316190222386,
0.425358145980393,0.475284810909443,0.527027580733165,0.580524838488049,
0.63572084328634,0.692564851802698,0.751010413334938,0.811014796687413,
0.872538518781192,0.935544952889889,0.945162614081038),.UNSPECIFIED.);
#156=B_SPLINE_CURVE_WITH_KNOTS('',3,(#11783,#11784,#11785,#11786,#11787,
#11788,#11789,#11790,#11791,#11792,#11793,#11794,#11795,#11796,#11797),
 .UNSPECIFIED.,.F.,.F.,(4,1,1,1,1,1,1,1,1,1,1,1,4),(0.365463506996085,0.377316190222386,
0.425358145980393,0.475284810909443,0.527027580733165,0.580524838488049,
0.63572084328634,0.692564851802698,0.751010413334938,0.811014796687413,
0.872538518781192,0.935544952889889,0.945162614081038),.UNSPECIFIED.);
#157=B_SPLINE_CURVE_WITH_KNOTS('',3,(#11801,#11802,#11803,#11804,#11805,
#11806,#11807,#11808,#11809,#11810,#11811,#11812,#11813,#11814,#11815),
 .UNSPECIFIED.,.F.,.F.,(4,1,1,1,1,1,1,1,1,1,1,1,4),(0.365463506996085,0.377316190222386,
0.425358145980393,0.475284810909443,0.527027580733165,0.580524838488049,
0.63572084328634,0.692564851802698,0.751010413334938,0.811014796687413,
0.872538518781192,0.935544952889889,0.945162614081038),.UNSPECIFIED.);
#158=B_SPLINE_CURVE_WITH_KNOTS('',3,(#11824,#11825,#11826,#11827,#11828,
#11829,#11830,#11831,#11832,#11833,#11834,#11835,#11836,#11837,#11838),
 .UNSPECIFIED.,.F.,.F.,(4,1,1,1,1,1,1,1,1,1,1,1,4),(0.365463506996085,0.377316190222386,
0.425358145980393,0.475284810909443,0.527027580733165,0.580524838488049,
0.63572084328634,0.692564851802698,0.751010413334938,0.811014796687413,
0.872538518781192,0.935544952889889,0.945162614081038),.UNSPECIFIED.);
#159=B_SPLINE_CURVE_WITH_KNOTS('',3,(#11840,#11841,#11842,#11843,#11844,
#11845,#11846,#11847,#11848,#11849,#11850,#11851,#11852,#11853,#11854),
 .UNSPECIFIED.,.F.,.F.,(4,1,1,1,1,1,1,1,1,1,1,1,4),(0.365463506996085,0.377316190222386,
0.425358145980393,0.475284810909443,0.527027580733165,0.580524838488049,
0.63572084328634,0.692564851802698,0.751010413334938,0.811014796687413,
0.872538518781192,0.935544952889889,0.945162614081038),.UNSPECIFIED.);
#160=B_SPLINE_CURVE_WITH_KNOTS('',3,(#11868,#11869,#11870,#11871,#11872,
#11873,#11874,#11875,#11876,#11877,#11878,#11879,#11880,#11881,#11882),
 .UNSPECIFIED.,.F.,.F.,(4,1,1,1,1,1,1,1,1,1,1,1,4),(0.365463506996085,0.377316190222386,
0.425358145980393,0.475284810909443,0.527027580733165,0.580524838488049,
0.63572084328634,0.692564851802698,0.751010413334938,0.811014796687413,
0.872538518781192,0.935544952889889,0.945162614081038),.UNSPECIFIED.);
#161=B_SPLINE_CURVE_WITH_KNOTS('',3,(#11886,#11887,#11888,#11889,#11890,
#11891,#11892,#11893,#11894,#11895,#11896,#11897,#11898,#11899,#11900),
 .UNSPECIFIED.,.F.,.F.,(4,1,1,1,1,1,1,1,1,1,1,1,4),(0.365463506996085,0.377316190222386,
0.425358145980393,0.475284810909443,0.527027580733165,0.580524838488049,
0.63572084328634,0.692564851802698,0.751010413334938,0.811014796687413,
0.872538518781192,0.935544952889889,0.945162614081038),.UNSPECIFIED.);
#162=B_SPLINE_CURVE_WITH_KNOTS('',3,(#11909,#11910,#11911,#11912,#11913,
#11914,#11915,#11916,#11917,#11918,#11919,#11920,#11921,#11922,#11923),
 .UNSPECIFIED.,.F.,.F.,(4,1,1,1,1,1,1,1,1,1,1,1,4),(0.365463506996085,0.377316190222386,
0.425358145980393,0.475284810909443,0.527027580733165,0.580524838488049,
0.63572084328634,0.692564851802698,0.751010413334938,0.811014796687413,
0.872538518781192,0.935544952889889,0.945162614081038),.UNSPECIFIED.);
#163=B_SPLINE_CURVE_WITH_KNOTS('',3,(#11925,#11926,#11927,#11928,#11929,
#11930,#11931,#11932,#11933,#11934,#11935,#11936,#11937,#11938,#11939),
 .UNSPECIFIED.,.F.,.F.,(4,1,1,1,1,1,1,1,1,1,1,1,4),(0.365463506996085,0.377316190222386,
0.425358145980393,0.475284810909443,0.527027580733165,0.580524838488049,
0.63572084328634,0.692564851802698,0.751010413334938,0.811014796687413,
0.872538518781192,0.935544952889889,0.945162614081038),.UNSPECIFIED.);
#164=B_SPLINE_CURVE_WITH_KNOTS('',3,(#11953,#11954,#11955,#11956,#11957,
#11958,#11959,#11960,#11961,#11962,#11963,#11964,#11965,#11966,#11967),
 .UNSPECIFIED.,.F.,.F.,(4,1,1,1,1,1,1,1,1,1,1,1,4),(0.365463506996085,0.377316190222386,
0.425358145980393,0.475284810909443,0.527027580733165,0.580524838488049,
0.63572084328634,0.692564851802698,0.751010413334938,0.811014796687413,
0.872538518781192,0.935544952889889,0.945162614081038),.UNSPECIFIED.);
#165=B_SPLINE_CURVE_WITH_KNOTS('',3,(#11971,#11972,#11973,#11974,#11975,
#11976,#11977,#11978,#11979,#11980,#11981,#11982,#11983,#11984,#11985),
 .UNSPECIFIED.,.F.,.F.,(4,1,1,1,1,1,1,1,1,1,1,1,4),(0.365463506996085,0.377316190222386,
0.425358145980393,0.475284810909443,0.527027580733165,0.580524838488049,
0.63572084328634,0.692564851802698,0.751010413334938,0.811014796687413,
0.872538518781192,0.935544952889889,0.945162614081038),.UNSPECIFIED.);
#166=B_SPLINE_CURVE_WITH_KNOTS('',3,(#11994,#11995,#11996,#11997,#11998,
#11999,#12000,#12001,#12002,#12003,#12004,#12005,#12006,#12007,#12008),
 .UNSPECIFIED.,.F.,.F.,(4,1,1,1,1,1,1,1,1,1,1,1,4),(0.365463506996085,0.377316190222386,
0.425358145980393,0.475284810909443,0.527027580733165,0.580524838488049,
0.63572084328634,0.692564851802698,0.751010413334938,0.811014796687413,
0.872538518781192,0.935544952889889,0.945162614081038),.UNSPECIFIED.);
#167=B_SPLINE_CURVE_WITH_KNOTS('',3,(#12010,#12011,#12012,#12013,#12014,
#12015,#12016,#12017,#12018,#12019,#12020,#12021,#12022,#12023,#12024),
 .UNSPECIFIED.,.F.,.F.,(4,1,1,1,1,1,1,1,1,1,1,1,4),(0.365463506996085,0.377316190222386,
0.425358145980393,0.475284810909443,0.527027580733165,0.580524838488049,
0.63572084328634,0.692564851802698,0.751010413334938,0.811014796687413,
0.872538518781192,0.935544952889889,0.945162614081038),.UNSPECIFIED.);
#168=B_SPLINE_CURVE_WITH_KNOTS('',3,(#12038,#12039,#12040,#12041,#12042,
#12043,#12044,#12045,#12046,#12047,#12048,#12049,#12050,#12051,#12052),
 .UNSPECIFIED.,.F.,.F.,(4,1,1,1,1,1,1,1,1,1,1,1,4),(0.365463506996085,0.377316190222386,
0.425358145980393,0.475284810909443,0.527027580733165,0.580524838488049,
0.63572084328634,0.692564851802698,0.751010413334938,0.811014796687413,
0.872538518781192,0.935544952889889,0.945162614081038),.UNSPECIFIED.);
#169=B_SPLINE_CURVE_WITH_KNOTS('',3,(#12056,#12057,#12058,#12059,#12060,
#12061,#12062,#12063,#12064,#12065,#12066,#12067,#12068,#12069,#12070),
 .UNSPECIFIED.,.F.,.F.,(4,1,1,1,1,1,1,1,1,1,1,1,4),(0.365463506996085,0.377316190222386,
0.425358145980393,0.475284810909443,0.527027580733165,0.580524838488049,
0.63572084328634,0.692564851802698,0.751010413334938,0.811014796687413,
0.872538518781192,0.935544952889889,0.945162614081038),.UNSPECIFIED.);
#170=B_SPLINE_CURVE_WITH_KNOTS('',3,(#12079,#12080,#12081,#12082,#12083,
#12084,#12085,#12086,#12087,#12088,#12089,#12090,#12091,#12092,#12093),
 .UNSPECIFIED.,.F.,.F.,(4,1,1,1,1,1,1,1,1,1,1,1,4),(0.365463506996085,0.377316190222386,
0.425358145980393,0.475284810909443,0.527027580733165,0.580524838488049,
0.63572084328634,0.692564851802698,0.751010413334938,0.811014796687413,
0.872538518781192,0.935544952889889,0.945162614081038),.UNSPECIFIED.);
#171=B_SPLINE_CURVE_WITH_KNOTS('',3,(#12095,#12096,#12097,#12098,#12099,
#12100,#12101,#12102,#12103,#12104,#12105,#12106,#12107,#12108,#12109),
 .UNSPECIFIED.,.F.,.F.,(4,1,1,1,1,1,1,1,1,1,1,1,4),(0.365463506996085,0.377316190222386,
0.425358145980393,0.475284810909443,0.527027580733165,0.580524838488049,
0.63572084328634,0.692564851802698,0.751010413334938,0.811014796687413,
0.872538518781192,0.935544952889889,0.945162614081038),.UNSPECIFIED.);
#172=B_SPLINE_CURVE_WITH_KNOTS('',3,(#12123,#12124,#12125,#12126,#12127,
#12128,#12129,#12130,#12131,#12132,#12133,#12134,#12135,#12136,#12137),
 .UNSPECIFIED.,.F.,.F.,(4,1,1,1,1,1,1,1,1,1,1,1,4),(0.365463506996085,0.377316190222386,
0.425358145980393,0.475284810909443,0.527027580733165,0.580524838488049,
0.63572084328634,0.692564851802698,0.751010413334938,0.811014796687413,
0.872538518781192,0.935544952889889,0.945162614081038),.UNSPECIFIED.);
#173=B_SPLINE_CURVE_WITH_KNOTS('',3,(#12141,#12142,#12143,#12144,#12145,
#12146,#12147,#12148,#12149,#12150,#12151,#12152,#12153,#12154,#12155),
 .UNSPECIFIED.,.F.,.F.,(4,1,1,1,1,1,1,1,1,1,1,1,4),(0.365463506996085,0.377316190222386,
0.425358145980393,0.475284810909443,0.527027580733165,0.580524838488049,
0.63572084328634,0.692564851802698,0.751010413334938,0.811014796687413,
0.872538518781192,0.935544952889889,0.945162614081038),.UNSPECIFIED.);
#174=B_SPLINE_CURVE_WITH_KNOTS('',3,(#12164,#12165,#12166,#12167,#12168,
#12169,#12170,#12171,#12172,#12173,#12174,#12175,#12176,#12177,#12178),
 .UNSPECIFIED.,.F.,.F.,(4,1,1,1,1,1,1,1,1,1,1,1,4),(0.365463506996085,0.377316190222386,
0.425358145980393,0.475284810909443,0.527027580733165,0.580524838488049,
0.63572084328634,0.692564851802698,0.751010413334938,0.811014796687413,
0.872538518781192,0.935544952889889,0.945162614081038),.UNSPECIFIED.);
#175=B_SPLINE_CURVE_WITH_KNOTS('',3,(#12180,#12181,#12182,#12183,#12184,
#12185,#12186,#12187,#12188,#12189,#12190,#12191,#12192,#12193,#12194),
 .UNSPECIFIED.,.F.,.F.,(4,1,1,1,1,1,1,1,1,1,1,1,4),(0.365463506996085,0.377316190222386,
0.425358145980393,0.475284810909443,0.527027580733165,0.580524838488049,
0.63572084328634,0.692564851802698,0.751010413334938,0.811014796687413,
0.872538518781192,0.935544952889889,0.945162614081038),.UNSPECIFIED.);
#176=B_SPLINE_CURVE_WITH_KNOTS('',3,(#12208,#12209,#12210,#12211,#12212,
#12213,#12214,#12215,#12216,#12217,#12218,#12219,#12220,#12221,#12222),
 .UNSPECIFIED.,.F.,.F.,(4,1,1,1,1,1,1,1,1,1,1,1,4),(0.365463506996085,0.377316190222386,
0.425358145980393,0.475284810909443,0.527027580733165,0.580524838488049,
0.63572084328634,0.692564851802698,0.751010413334938,0.811014796687413,
0.872538518781192,0.935544952889889,0.945162614081038),.UNSPECIFIED.);
#177=B_SPLINE_CURVE_WITH_KNOTS('',3,(#12226,#12227,#12228,#12229,#12230,
#12231,#12232,#12233,#12234,#12235,#12236,#12237,#12238,#12239,#12240),
 .UNSPECIFIED.,.F.,.F.,(4,1,1,1,1,1,1,1,1,1,1,1,4),(0.365463506996085,0.377316190222386,
0.425358145980393,0.475284810909443,0.527027580733165,0.580524838488049,
0.63572084328634,0.692564851802698,0.751010413334938,0.811014796687413,
0.872538518781192,0.935544952889889,0.945162614081038),.UNSPECIFIED.);
#178=B_SPLINE_CURVE_WITH_KNOTS('',3,(#12249,#12250,#12251,#12252,#12253,
#12254,#12255,#12256,#12257,#12258,#12259,#12260,#12261,#12262,#12263),
 .UNSPECIFIED.,.F.,.F.,(4,1,1,1,1,1,1,1,1,1,1,1,4),(0.365463506996085,0.377316190222386,
0.425358145980393,0.475284810909443,0.527027580733165,0.580524838488049,
0.63572084328634,0.692564851802698,0.751010413334938,0.811014796687413,
0.872538518781192,0.935544952889889,0.945162614081038),.UNSPECIFIED.);
#179=B_SPLINE_CURVE_WITH_KNOTS('',3,(#12265,#12266,#12267,#12268,#12269,
#12270,#12271,#12272,#12273,#12274,#12275,#12276,#12277,#12278,#12279),
 .UNSPECIFIED.,.F.,.F.,(4,1,1,1,1,1,1,1,1,1,1,1,4),(0.365463506996085,0.377316190222386,
0.425358145980393,0.475284810909443,0.527027580733165,0.580524838488049,
0.63572084328634,0.692564851802698,0.751010413334938,0.811014796687413,
0.872538518781192,0.935544952889889,0.945162614081038),.UNSPECIFIED.);
#180=B_SPLINE_CURVE_WITH_KNOTS('',3,(#12293,#12294,#12295,#12296,#12297,
#12298,#12299,#12300,#12301,#12302,#12303,#12304,#12305,#12306,#12307),
 .UNSPECIFIED.,.F.,.F.,(4,1,1,1,1,1,1,1,1,1,1,1,4),(0.365463506996085,0.377316190222386,
0.425358145980393,0.475284810909443,0.527027580733165,0.580524838488049,
0.63572084328634,0.692564851802698,0.751010413334938,0.811014796687413,
0.872538518781192,0.935544952889889,0.945162614081038),.UNSPECIFIED.);
#181=B_SPLINE_CURVE_WITH_KNOTS('',3,(#12311,#12312,#12313,#12314,#12315,
#12316,#12317,#12318,#12319,#12320,#12321,#12322,#12323,#12324,#12325),
 .UNSPECIFIED.,.F.,.F.,(4,1,1,1,1,1,1,1,1,1,1,1,4),(0.365463506996085,0.377316190222386,
0.425358145980393,0.475284810909443,0.527027580733165,0.580524838488049,
0.63572084328634,0.692564851802698,0.751010413334938,0.811014796687413,
0.872538518781192,0.935544952889889,0.945162614081038),.UNSPECIFIED.);
#182=B_SPLINE_CURVE_WITH_KNOTS('',3,(#12334,#12335,#12336,#12337,#12338,
#12339,#12340,#12341,#12342,#12343,#12344,#12345,#12346,#12347,#12348),
 .UNSPECIFIED.,.F.,.F.,(4,1,1,1,1,1,1,1,1,1,1,1,4),(0.365463506996085,0.377316190222386,
0.425358145980393,0.475284810909443,0.527027580733165,0.580524838488049,
0.63572084328634,0.692564851802698,0.751010413334938,0.811014796687413,
0.872538518781192,0.935544952889889,0.945162614081038),.UNSPECIFIED.);
#183=B_SPLINE_CURVE_WITH_KNOTS('',3,(#12350,#12351,#12352,#12353,#12354,
#12355,#12356,#12357,#12358,#12359,#12360,#12361,#12362,#12363,#12364),
 .UNSPECIFIED.,.F.,.F.,(4,1,1,1,1,1,1,1,1,1,1,1,4),(0.365463506996085,0.377316190222386,
0.425358145980393,0.475284810909443,0.527027580733165,0.580524838488049,
0.63572084328634,0.692564851802698,0.751010413334938,0.811014796687413,
0.872538518781192,0.935544952889889,0.945162614081038),.UNSPECIFIED.);
#184=B_SPLINE_CURVE_WITH_KNOTS('',3,(#12378,#12379,#12380,#12381,#12382,
#12383,#12384,#12385,#12386,#12387,#12388,#12389,#12390,#12391,#12392),
 .UNSPECIFIED.,.F.,.F.,(4,1,1,1,1,1,1,1,1,1,1,1,4),(0.365463506996085,0.377316190222386,
0.425358145980393,0.475284810909443,0.527027580733165,0.580524838488049,
0.63572084328634,0.692564851802698,0.751010413334938,0.811014796687413,
0.872538518781192,0.935544952889889,0.945162614081038),.UNSPECIFIED.);
#185=B_SPLINE_CURVE_WITH_KNOTS('',3,(#12396,#12397,#12398,#12399,#12400,
#12401,#12402,#12403,#12404,#12405,#12406,#12407,#12408,#12409,#12410),
 .UNSPECIFIED.,.F.,.F.,(4,1,1,1,1,1,1,1,1,1,1,1,4),(0.365463506996085,0.377316190222386,
0.425358145980393,0.475284810909443,0.527027580733165,0.580524838488049,
0.63572084328634,0.692564851802698,0.751010413334938,0.811014796687413,
0.872538518781192,0.935544952889889,0.945162614081038),.UNSPECIFIED.);
#186=B_SPLINE_CURVE_WITH_KNOTS('',3,(#12419,#12420,#12421,#12422,#12423,
#12424,#12425,#12426,#12427,#12428,#12429,#12430,#12431,#12432,#12433),
 .UNSPECIFIED.,.F.,.F.,(4,1,1,1,1,1,1,1,1,1,1,1,4),(0.365463506996085,0.377316190222386,
0.425358145980393,0.475284810909443,0.527027580733165,0.580524838488049,
0.63572084328634,0.692564851802698,0.751010413334938,0.811014796687413,
0.872538518781192,0.935544952889889,0.945162614081038),.UNSPECIFIED.);
#187=B_SPLINE_CURVE_WITH_KNOTS('',3,(#12435,#12436,#12437,#12438,#12439,
#12440,#12441,#12442,#12443,#12444,#12445,#12446,#12447,#12448,#12449),
 .UNSPECIFIED.,.F.,.F.,(4,1,1,1,1,1,1,1,1,1,1,1,4),(0.365463506996085,0.377316190222386,
0.425358145980393,0.475284810909443,0.527027580733165,0.580524838488049,
0.63572084328634,0.692564851802698,0.751010413334938,0.811014796687413,
0.872538518781192,0.935544952889889,0.945162614081038),.UNSPECIFIED.);
#188=B_SPLINE_CURVE_WITH_KNOTS('',3,(#12463,#12464,#12465,#12466,#12467,
#12468,#12469,#12470,#12471,#12472,#12473,#12474,#12475,#12476,#12477),
 .UNSPECIFIED.,.F.,.F.,(4,1,1,1,1,1,1,1,1,1,1,1,4),(0.365463506996085,0.377316190222386,
0.425358145980393,0.475284810909443,0.527027580733165,0.580524838488049,
0.63572084328634,0.692564851802698,0.751010413334938,0.811014796687413,
0.872538518781192,0.935544952889889,0.945162614081038),.UNSPECIFIED.);
#189=B_SPLINE_CURVE_WITH_KNOTS('',3,(#12481,#12482,#12483,#12484,#12485,
#12486,#12487,#12488,#12489,#12490,#12491,#12492,#12493,#12494,#12495),
 .UNSPECIFIED.,.F.,.F.,(4,1,1,1,1,1,1,1,1,1,1,1,4),(0.365463506996085,0.377316190222386,
0.425358145980393,0.475284810909443,0.527027580733165,0.580524838488049,
0.63572084328634,0.692564851802698,0.751010413334938,0.811014796687413,
0.872538518781192,0.935544952889889,0.945162614081038),.UNSPECIFIED.);
#190=B_SPLINE_CURVE_WITH_KNOTS('',3,(#12504,#12505,#12506,#12507,#12508,
#12509,#12510,#12511,#12512,#12513,#12514,#12515,#12516,#12517,#12518),
 .UNSPECIFIED.,.F.,.F.,(4,1,1,1,1,1,1,1,1,1,1,1,4),(0.365463506996085,0.377316190222386,
0.425358145980393,0.475284810909443,0.527027580733165,0.580524838488049,
0.63572084328634,0.692564851802698,0.751010413334938,0.811014796687413,
0.872538518781192,0.935544952889889,0.945162614081038),.UNSPECIFIED.);
#191=B_SPLINE_CURVE_WITH_KNOTS('',3,(#12520,#12521,#12522,#12523,#12524,
#12525,#12526,#12527,#12528,#12529,#12530,#12531,#12532,#12533,#12534),
 .UNSPECIFIED.,.F.,.F.,(4,1,1,1,1,1,1,1,1,1,1,1,4),(0.365463506996085,0.377316190222386,
0.425358145980393,0.475284810909443,0.527027580733165,0.580524838488049,
0.63572084328634,0.692564851802698,0.751010413334938,0.811014796687413,
0.872538518781192,0.935544952889889,0.945162614081038),.UNSPECIFIED.);
#192=B_SPLINE_CURVE_WITH_KNOTS('',3,(#12548,#12549,#12550,#12551,#12552,
#12553,#12554,#12555,#12556,#12557,#12558,#12559,#12560,#12561,#12562),
 .UNSPECIFIED.,.F.,.F.,(4,1,1,1,1,1,1,1,1,1,1,1,4),(0.365463506996085,0.377316190222386,
0.425358145980393,0.475284810909443,0.527027580733165,0.580524838488049,
0.63572084328634,0.692564851802698,0.751010413334938,0.811014796687413,
0.872538518781192,0.935544952889889,0.945162614081038),.UNSPECIFIED.);
#193=B_SPLINE_CURVE_WITH_KNOTS('',3,(#12566,#12567,#12568,#12569,#12570,
#12571,#12572,#12573,#12574,#12575,#12576,#12577,#12578,#12579,#12580),
 .UNSPECIFIED.,.F.,.F.,(4,1,1,1,1,1,1,1,1,1,1,1,4),(0.365463506996085,0.377316190222386,
0.425358145980393,0.475284810909443,0.527027580733165,0.580524838488049,
0.63572084328634,0.692564851802698,0.751010413334938,0.811014796687413,
0.872538518781192,0.935544952889889,0.945162614081038),.UNSPECIFIED.);
#194=B_SPLINE_CURVE_WITH_KNOTS('',3,(#12589,#12590,#12591,#12592,#12593,
#12594,#12595,#12596,#12597,#12598,#12599,#12600,#12601,#12602,#12603),
 .UNSPECIFIED.,.F.,.F.,(4,1,1,1,1,1,1,1,1,1,1,1,4),(0.365463506996085,0.377316190222386,
0.425358145980393,0.475284810909443,0.527027580733165,0.580524838488049,
0.63572084328634,0.692564851802698,0.751010413334938,0.811014796687413,
0.872538518781192,0.935544952889889,0.945162614081038),.UNSPECIFIED.);
#195=B_SPLINE_CURVE_WITH_KNOTS('',3,(#12605,#12606,#12607,#12608,#12609,
#12610,#12611,#12612,#12613,#12614,#12615,#12616,#12617,#12618,#12619),
 .UNSPECIFIED.,.F.,.F.,(4,1,1,1,1,1,1,1,1,1,1,1,4),(0.365463506996085,0.377316190222386,
0.425358145980393,0.475284810909443,0.527027580733165,0.580524838488049,
0.63572084328634,0.692564851802698,0.751010413334938,0.811014796687413,
0.872538518781192,0.935544952889889,0.945162614081038),.UNSPECIFIED.);
#196=B_SPLINE_CURVE_WITH_KNOTS('',3,(#12633,#12634,#12635,#12636,#12637,
#12638,#12639,#12640,#12641,#12642,#12643,#12644,#12645,#12646,#12647),
 .UNSPECIFIED.,.F.,.F.,(4,1,1,1,1,1,1,1,1,1,1,1,4),(0.365463506996085,0.377316190222386,
0.425358145980393,0.475284810909443,0.527027580733165,0.580524838488049,
0.63572084328634,0.692564851802698,0.751010413334938,0.811014796687413,
0.872538518781192,0.935544952889889,0.945162614081038),.UNSPECIFIED.);
#197=B_SPLINE_CURVE_WITH_KNOTS('',3,(#12651,#12652,#12653,#12654,#12655,
#12656,#12657,#12658,#12659,#12660,#12661,#12662,#12663,#12664,#12665),
 .UNSPECIFIED.,.F.,.F.,(4,1,1,1,1,1,1,1,1,1,1,1,4),(0.365463506996085,0.377316190222386,
0.425358145980393,0.475284810909443,0.527027580733165,0.580524838488049,
0.63572084328634,0.692564851802698,0.751010413334938,0.811014796687413,
0.872538518781192,0.935544952889889,0.945162614081038),.UNSPECIFIED.);
#198=B_SPLINE_CURVE_WITH_KNOTS('',3,(#12674,#12675,#12676,#12677,#12678,
#12679,#12680,#12681,#12682,#12683,#12684,#12685,#12686,#12687,#12688),
 .UNSPECIFIED.,.F.,.F.,(4,1,1,1,1,1,1,1,1,1,1,1,4),(0.365463506996085,0.377316190222386,
0.425358145980393,0.475284810909443,0.527027580733165,0.580524838488049,
0.63572084328634,0.692564851802698,0.751010413334938,0.811014796687413,
0.872538518781192,0.935544952889889,0.945162614081038),.UNSPECIFIED.);
#199=B_SPLINE_CURVE_WITH_KNOTS('',3,(#12690,#12691,#12692,#12693,#12694,
#12695,#12696,#12697,#12698,#12699,#12700,#12701,#12702,#12703,#12704),
 .UNSPECIFIED.,.F.,.F.,(4,1,1,1,1,1,1,1,1,1,1,1,4),(0.365463506996085,0.377316190222386,
0.425358145980393,0.475284810909443,0.527027580733165,0.580524838488049,
0.63572084328634,0.692564851802698,0.751010413334938,0.811014796687413,
0.872538518781192,0.935544952889889,0.945162614081038),.UNSPECIFIED.);
#200=B_SPLINE_CURVE_WITH_KNOTS('',3,(#12718,#12719,#12720,#12721,#12722,
#12723,#12724,#12725,#12726,#12727,#12728,#12729,#12730,#12731,#12732),
 .UNSPECIFIED.,.F.,.F.,(4,1,1,1,1,1,1,1,1,1,1,1,4),(0.365463506996085,0.377316190222386,
0.425358145980393,0.475284810909443,0.527027580733165,0.580524838488049,
0.63572084328634,0.692564851802698,0.751010413334938,0.811014796687413,
0.872538518781192,0.935544952889889,0.945162614081038),.UNSPECIFIED.);
#201=B_SPLINE_CURVE_WITH_KNOTS('',3,(#12736,#12737,#12738,#12739,#12740,
#12741,#12742,#12743,#12744,#12745,#12746,#12747,#12748,#12749,#12750),
 .UNSPECIFIED.,.F.,.F.,(4,1,1,1,1,1,1,1,1,1,1,1,4),(0.365463506996085,0.377316190222386,
0.425358145980393,0.475284810909443,0.527027580733165,0.580524838488049,
0.63572084328634,0.692564851802698,0.751010413334938,0.811014796687413,
0.872538518781192,0.935544952889889,0.945162614081038),.UNSPECIFIED.);
#202=B_SPLINE_CURVE_WITH_KNOTS('',3,(#12759,#12760,#12761,#12762,#12763,
#12764,#12765,#12766,#12767,#12768,#12769,#12770,#12771,#12772,#12773),
 .UNSPECIFIED.,.F.,.F.,(4,1,1,1,1,1,1,1,1,1,1,1,4),(0.365463506996085,0.377316190222386,
0.425358145980393,0.475284810909443,0.527027580733165,0.580524838488049,
0.63572084328634,0.692564851802698,0.751010413334938,0.811014796687413,
0.872538518781192,0.935544952889889,0.945162614081038),.UNSPECIFIED.);
#203=B_SPLINE_CURVE_WITH_KNOTS('',3,(#12775,#12776,#12777,#12778,#12779,
#12780,#12781,#12782,#12783,#12784,#12785,#12786,#12787,#12788,#12789),
 .UNSPECIFIED.,.F.,.F.,(4,1,1,1,1,1,1,1,1,1,1,1,4),(0.365463506996085,0.377316190222386,
0.425358145980393,0.475284810909443,0.527027580733165,0.580524838488049,
0.63572084328634,0.692564851802698,0.751010413334938,0.811014796687413,
0.872538518781192,0.935544952889889,0.945162614081038),.UNSPECIFIED.);
#204=B_SPLINE_CURVE_WITH_KNOTS('',3,(#12803,#12804,#12805,#12806,#12807,
#12808,#12809,#12810,#12811,#12812,#12813,#12814,#12815,#12816,#12817),
 .UNSPECIFIED.,.F.,.F.,(4,1,1,1,1,1,1,1,1,1,1,1,4),(0.365463506996085,0.377316190222386,
0.425358145980393,0.475284810909443,0.527027580733165,0.580524838488049,
0.63572084328634,0.692564851802698,0.751010413334938,0.811014796687413,
0.872538518781192,0.935544952889889,0.945162614081038),.UNSPECIFIED.);
#205=B_SPLINE_CURVE_WITH_KNOTS('',3,(#12821,#12822,#12823,#12824,#12825,
#12826,#12827,#12828,#12829,#12830,#12831,#12832,#12833,#12834,#12835),
 .UNSPECIFIED.,.F.,.F.,(4,1,1,1,1,1,1,1,1,1,1,1,4),(0.365463506996085,0.377316190222386,
0.425358145980393,0.475284810909443,0.527027580733165,0.580524838488049,
0.63572084328634,0.692564851802698,0.751010413334938,0.811014796687413,
0.872538518781192,0.935544952889889,0.945162614081038),.UNSPECIFIED.);
#206=B_SPLINE_CURVE_WITH_KNOTS('',3,(#12844,#12845,#12846,#12847,#12848,
#12849,#12850,#12851,#12852,#12853,#12854,#12855,#12856,#12857,#12858),
 .UNSPECIFIED.,.F.,.F.,(4,1,1,1,1,1,1,1,1,1,1,1,4),(0.365463506996085,0.377316190222386,
0.425358145980393,0.475284810909443,0.527027580733165,0.580524838488049,
0.63572084328634,0.692564851802698,0.751010413334938,0.811014796687413,
0.872538518781192,0.935544952889889,0.945162614081038),.UNSPECIFIED.);
#207=B_SPLINE_CURVE_WITH_KNOTS('',3,(#12860,#12861,#12862,#12863,#12864,
#12865,#12866,#12867,#12868,#12869,#12870,#12871,#12872,#12873,#12874),
 .UNSPECIFIED.,.F.,.F.,(4,1,1,1,1,1,1,1,1,1,1,1,4),(0.365463506996085,0.377316190222386,
0.425358145980393,0.475284810909443,0.527027580733165,0.580524838488049,
0.63572084328634,0.692564851802698,0.751010413334938,0.811014796687413,
0.872538518781192,0.935544952889889,0.945162614081038),.UNSPECIFIED.);
#208=B_SPLINE_CURVE_WITH_KNOTS('',3,(#12888,#12889,#12890,#12891,#12892,
#12893,#12894,#12895,#12896,#12897,#12898,#12899,#12900,#12901,#12902),
 .UNSPECIFIED.,.F.,.F.,(4,1,1,1,1,1,1,1,1,1,1,1,4),(0.365463506996085,0.377316190222386,
0.425358145980393,0.475284810909443,0.527027580733165,0.580524838488049,
0.63572084328634,0.692564851802698,0.751010413334938,0.811014796687413,
0.872538518781192,0.935544952889889,0.945162614081038),.UNSPECIFIED.);
#209=B_SPLINE_CURVE_WITH_KNOTS('',3,(#12906,#12907,#12908,#12909,#12910,
#12911,#12912,#12913,#12914,#12915,#12916,#12917,#12918,#12919,#12920),
 .UNSPECIFIED.,.F.,.F.,(4,1,1,1,1,1,1,1,1,1,1,1,4),(0.365463506996085,0.377316190222386,
0.425358145980393,0.475284810909443,0.527027580733165,0.580524838488049,
0.63572084328634,0.692564851802698,0.751010413334938,0.811014796687413,
0.872538518781192,0.935544952889889,0.945162614081038),.UNSPECIFIED.);
#210=B_SPLINE_CURVE_WITH_KNOTS('',3,(#12929,#12930,#12931,#12932,#12933,
#12934,#12935,#12936,#12937,#12938,#12939,#12940,#12941,#12942,#12943),
 .UNSPECIFIED.,.F.,.F.,(4,1,1,1,1,1,1,1,1,1,1,1,4),(0.365463506996085,0.377316190222386,
0.425358145980393,0.475284810909443,0.527027580733165,0.580524838488049,
0.63572084328634,0.692564851802698,0.751010413334938,0.811014796687413,
0.872538518781192,0.935544952889889,0.945162614081038),.UNSPECIFIED.);
#211=B_SPLINE_CURVE_WITH_KNOTS('',3,(#12945,#12946,#12947,#12948,#12949,
#12950,#12951,#12952,#12953,#12954,#12955,#12956,#12957,#12958,#12959),
 .UNSPECIFIED.,.F.,.F.,(4,1,1,1,1,1,1,1,1,1,1,1,4),(0.365463506996085,0.377316190222386,
0.425358145980393,0.475284810909443,0.527027580733165,0.580524838488049,
0.63572084328634,0.692564851802698,0.751010413334938,0.811014796687413,
0.872538518781192,0.935544952889889,0.945162614081038),.UNSPECIFIED.);
#212=B_SPLINE_CURVE_WITH_KNOTS('',3,(#12973,#12974,#12975,#12976,#12977,
#12978,#12979,#12980,#12981,#12982,#12983,#12984,#12985,#12986,#12987),
 .UNSPECIFIED.,.F.,.F.,(4,1,1,1,1,1,1,1,1,1,1,1,4),(0.365463506996085,0.377316190222386,
0.425358145980393,0.475284810909443,0.527027580733165,0.580524838488049,
0.63572084328634,0.692564851802698,0.751010413334938,0.811014796687413,
0.872538518781192,0.935544952889889,0.945162614081038),.UNSPECIFIED.);
#213=B_SPLINE_CURVE_WITH_KNOTS('',3,(#12991,#12992,#12993,#12994,#12995,
#12996,#12997,#12998,#12999,#13000,#13001,#13002,#13003,#13004,#13005),
 .UNSPECIFIED.,.F.,.F.,(4,1,1,1,1,1,1,1,1,1,1,1,4),(0.365463506996085,0.377316190222386,
0.425358145980393,0.475284810909443,0.527027580733165,0.580524838488049,
0.63572084328634,0.692564851802698,0.751010413334938,0.811014796687413,
0.872538518781192,0.935544952889889,0.945162614081038),.UNSPECIFIED.);
#214=B_SPLINE_CURVE_WITH_KNOTS('',3,(#13014,#13015,#13016,#13017,#13018,
#13019,#13020,#13021,#13022,#13023,#13024,#13025,#13026,#13027,#13028),
 .UNSPECIFIED.,.F.,.F.,(4,1,1,1,1,1,1,1,1,1,1,1,4),(0.365463506996085,0.377316190222386,
0.425358145980393,0.475284810909443,0.527027580733165,0.580524838488049,
0.63572084328634,0.692564851802698,0.751010413334938,0.811014796687413,
0.872538518781192,0.935544952889889,0.945162614081038),.UNSPECIFIED.);
#215=B_SPLINE_CURVE_WITH_KNOTS('',3,(#13030,#13031,#13032,#13033,#13034,
#13035,#13036,#13037,#13038,#13039,#13040,#13041,#13042,#13043,#13044),
 .UNSPECIFIED.,.F.,.F.,(4,1,1,1,1,1,1,1,1,1,1,1,4),(0.365463506996085,0.377316190222386,
0.425358145980393,0.475284810909443,0.527027580733165,0.580524838488049,
0.63572084328634,0.692564851802698,0.751010413334938,0.811014796687413,
0.872538518781192,0.935544952889889,0.945162614081038),.UNSPECIFIED.);
#216=B_SPLINE_CURVE_WITH_KNOTS('',3,(#13058,#13059,#13060,#13061,#13062,
#13063,#13064,#13065,#13066,#13067,#13068,#13069,#13070,#13071,#13072),
 .UNSPECIFIED.,.F.,.F.,(4,1,1,1,1,1,1,1,1,1,1,1,4),(0.365463506996085,0.377316190222386,
0.425358145980393,0.475284810909443,0.527027580733165,0.580524838488049,
0.63572084328634,0.692564851802698,0.751010413334938,0.811014796687413,
0.872538518781192,0.935544952889889,0.945162614081038),.UNSPECIFIED.);
#217=B_SPLINE_CURVE_WITH_KNOTS('',3,(#13076,#13077,#13078,#13079,#13080,
#13081,#13082,#13083,#13084,#13085,#13086,#13087,#13088,#13089,#13090),
 .UNSPECIFIED.,.F.,.F.,(4,1,1,1,1,1,1,1,1,1,1,1,4),(0.365463506996085,0.377316190222386,
0.425358145980393,0.475284810909443,0.527027580733165,0.580524838488049,
0.63572084328634,0.692564851802698,0.751010413334938,0.811014796687413,
0.872538518781192,0.935544952889889,0.945162614081038),.UNSPECIFIED.);
#218=B_SPLINE_CURVE_WITH_KNOTS('',3,(#13099,#13100,#13101,#13102,#13103,
#13104,#13105,#13106,#13107,#13108,#13109,#13110,#13111,#13112,#13113),
 .UNSPECIFIED.,.F.,.F.,(4,1,1,1,1,1,1,1,1,1,1,1,4),(0.365463506996085,0.377316190222386,
0.425358145980393,0.475284810909443,0.527027580733165,0.580524838488049,
0.63572084328634,0.692564851802698,0.751010413334938,0.811014796687413,
0.872538518781192,0.935544952889889,0.945162614081038),.UNSPECIFIED.);
#219=B_SPLINE_CURVE_WITH_KNOTS('',3,(#13115,#13116,#13117,#13118,#13119,
#13120,#13121,#13122,#13123,#13124,#13125,#13126,#13127,#13128,#13129),
 .UNSPECIFIED.,.F.,.F.,(4,1,1,1,1,1,1,1,1,1,1,1,4),(0.365463506996085,0.377316190222386,
0.425358145980393,0.475284810909443,0.527027580733165,0.580524838488049,
0.63572084328634,0.692564851802698,0.751010413334938,0.811014796687413,
0.872538518781192,0.935544952889889,0.945162614081038),.UNSPECIFIED.);
#220=B_SPLINE_CURVE_WITH_KNOTS('',3,(#13143,#13144,#13145,#13146,#13147,
#13148,#13149,#13150,#13151,#13152,#13153,#13154,#13155,#13156,#13157),
 .UNSPECIFIED.,.F.,.F.,(4,1,1,1,1,1,1,1,1,1,1,1,4),(0.365463506996085,0.377316190222386,
0.425358145980393,0.475284810909443,0.527027580733165,0.580524838488049,
0.63572084328634,0.692564851802698,0.751010413334938,0.811014796687413,
0.872538518781192,0.935544952889889,0.945162614081038),.UNSPECIFIED.);
#221=B_SPLINE_CURVE_WITH_KNOTS('',3,(#13161,#13162,#13163,#13164,#13165,
#13166,#13167,#13168,#13169,#13170,#13171,#13172,#13173,#13174,#13175),
 .UNSPECIFIED.,.F.,.F.,(4,1,1,1,1,1,1,1,1,1,1,1,4),(0.365463506996085,0.377316190222386,
0.425358145980393,0.475284810909443,0.527027580733165,0.580524838488049,
0.63572084328634,0.692564851802698,0.751010413334938,0.811014796687413,
0.872538518781192,0.935544952889889,0.945162614081038),.UNSPECIFIED.);
#222=B_SPLINE_CURVE_WITH_KNOTS('',3,(#13184,#13185,#13186,#13187,#13188,
#13189,#13190,#13191,#13192,#13193,#13194,#13195,#13196,#13197,#13198),
 .UNSPECIFIED.,.F.,.F.,(4,1,1,1,1,1,1,1,1,1,1,1,4),(0.365463506996085,0.377316190222386,
0.425358145980393,0.475284810909443,0.527027580733165,0.580524838488049,
0.63572084328634,0.692564851802698,0.751010413334938,0.811014796687413,
0.872538518781192,0.935544952889889,0.945162614081038),.UNSPECIFIED.);
#223=B_SPLINE_CURVE_WITH_KNOTS('',3,(#13200,#13201,#13202,#13203,#13204,
#13205,#13206,#13207,#13208,#13209,#13210,#13211,#13212,#13213,#13214),
 .UNSPECIFIED.,.F.,.F.,(4,1,1,1,1,1,1,1,1,1,1,1,4),(0.365463506996085,0.377316190222386,
0.425358145980393,0.475284810909443,0.527027580733165,0.580524838488049,
0.63572084328634,0.692564851802698,0.751010413334938,0.811014796687413,
0.872538518781192,0.935544952889889,0.945162614081038),.UNSPECIFIED.);
#224=B_SPLINE_CURVE_WITH_KNOTS('',3,(#13228,#13229,#13230,#13231,#13232,
#13233,#13234,#13235,#13236,#13237,#13238,#13239,#13240,#13241,#13242),
 .UNSPECIFIED.,.F.,.F.,(4,1,1,1,1,1,1,1,1,1,1,1,4),(0.365463506996085,0.377316190222386,
0.425358145980393,0.475284810909443,0.527027580733165,0.580524838488049,
0.63572084328634,0.692564851802698,0.751010413334938,0.811014796687413,
0.872538518781192,0.935544952889889,0.945162614081038),.UNSPECIFIED.);
#225=B_SPLINE_CURVE_WITH_KNOTS('',3,(#13246,#13247,#13248,#13249,#13250,
#13251,#13252,#13253,#13254,#13255,#13256,#13257,#13258,#13259,#13260),
 .UNSPECIFIED.,.F.,.F.,(4,1,1,1,1,1,1,1,1,1,1,1,4),(0.365463506996085,0.377316190222386,
0.425358145980393,0.475284810909443,0.527027580733165,0.580524838488049,
0.63572084328634,0.692564851802698,0.751010413334938,0.811014796687413,
0.872538518781192,0.935544952889889,0.945162614081038),.UNSPECIFIED.);
#226=B_SPLINE_CURVE_WITH_KNOTS('',3,(#13269,#13270,#13271,#13272,#13273,
#13274,#13275,#13276,#13277,#13278,#13279,#13280,#13281,#13282,#13283),
 .UNSPECIFIED.,.F.,.F.,(4,1,1,1,1,1,1,1,1,1,1,1,4),(0.365463506996085,0.377316190222386,
0.425358145980393,0.475284810909443,0.527027580733165,0.580524838488049,
0.63572084328634,0.692564851802698,0.751010413334938,0.811014796687413,
0.872538518781192,0.935544952889889,0.945162614081038),.UNSPECIFIED.);
#227=B_SPLINE_CURVE_WITH_KNOTS('',3,(#13285,#13286,#13287,#13288,#13289,
#13290,#13291,#13292,#13293,#13294,#13295,#13296,#13297,#13298,#13299),
 .UNSPECIFIED.,.F.,.F.,(4,1,1,1,1,1,1,1,1,1,1,1,4),(0.365463506996085,0.377316190222386,
0.425358145980393,0.475284810909443,0.527027580733165,0.580524838488049,
0.63572084328634,0.692564851802698,0.751010413334938,0.811014796687413,
0.872538518781192,0.935544952889889,0.945162614081038),.UNSPECIFIED.);
#228=B_SPLINE_CURVE_WITH_KNOTS('',3,(#13313,#13314,#13315,#13316,#13317,
#13318,#13319,#13320,#13321,#13322,#13323,#13324,#13325,#13326,#13327),
 .UNSPECIFIED.,.F.,.F.,(4,1,1,1,1,1,1,1,1,1,1,1,4),(0.365463506996085,0.377316190222386,
0.425358145980393,0.475284810909443,0.527027580733165,0.580524838488049,
0.63572084328634,0.692564851802698,0.751010413334938,0.811014796687413,
0.872538518781192,0.935544952889889,0.945162614081038),.UNSPECIFIED.);
#229=B_SPLINE_CURVE_WITH_KNOTS('',3,(#13331,#13332,#13333,#13334,#13335,
#13336,#13337,#13338,#13339,#13340,#13341,#13342,#13343,#13344,#13345),
 .UNSPECIFIED.,.F.,.F.,(4,1,1,1,1,1,1,1,1,1,1,1,4),(0.365463506996085,0.377316190222386,
0.425358145980393,0.475284810909443,0.527027580733165,0.580524838488049,
0.63572084328634,0.692564851802698,0.751010413334938,0.811014796687413,
0.872538518781192,0.935544952889889,0.945162614081038),.UNSPECIFIED.);
#230=B_SPLINE_CURVE_WITH_KNOTS('',3,(#13354,#13355,#13356,#13357,#13358,
#13359,#13360,#13361,#13362,#13363,#13364,#13365,#13366,#13367,#13368),
 .UNSPECIFIED.,.F.,.F.,(4,1,1,1,1,1,1,1,1,1,1,1,4),(0.365463506996085,0.377316190222386,
0.425358145980393,0.475284810909443,0.527027580733165,0.580524838488049,
0.63572084328634,0.692564851802698,0.751010413334938,0.811014796687413,
0.872538518781192,0.935544952889889,0.945162614081038),.UNSPECIFIED.);
#231=B_SPLINE_CURVE_WITH_KNOTS('',3,(#13370,#13371,#13372,#13373,#13374,
#13375,#13376,#13377,#13378,#13379,#13380,#13381,#13382,#13383,#13384),
 .UNSPECIFIED.,.F.,.F.,(4,1,1,1,1,1,1,1,1,1,1,1,4),(0.365463506996085,0.377316190222386,
0.425358145980393,0.475284810909443,0.527027580733165,0.580524838488049,
0.63572084328634,0.692564851802698,0.751010413334938,0.811014796687413,
0.872538518781192,0.935544952889889,0.945162614081038),.UNSPECIFIED.);
#232=B_SPLINE_CURVE_WITH_KNOTS('',3,(#13398,#13399,#13400,#13401,#13402,
#13403,#13404,#13405,#13406,#13407,#13408,#13409,#13410,#13411,#13412),
 .UNSPECIFIED.,.F.,.F.,(4,1,1,1,1,1,1,1,1,1,1,1,4),(0.365463506996085,0.377316190222386,
0.425358145980393,0.475284810909443,0.527027580733165,0.580524838488049,
0.63572084328634,0.692564851802698,0.751010413334938,0.811014796687413,
0.872538518781192,0.935544952889889,0.945162614081038),.UNSPECIFIED.);
#233=B_SPLINE_CURVE_WITH_KNOTS('',3,(#13416,#13417,#13418,#13419,#13420,
#13421,#13422,#13423,#13424,#13425,#13426,#13427,#13428,#13429,#13430),
 .UNSPECIFIED.,.F.,.F.,(4,1,1,1,1,1,1,1,1,1,1,1,4),(0.365463506996085,0.377316190222386,
0.425358145980393,0.475284810909443,0.527027580733165,0.580524838488049,
0.63572084328634,0.692564851802698,0.751010413334938,0.811014796687413,
0.872538518781192,0.935544952889889,0.945162614081038),.UNSPECIFIED.);
#234=B_SPLINE_CURVE_WITH_KNOTS('',3,(#13439,#13440,#13441,#13442,#13443,
#13444,#13445,#13446,#13447,#13448,#13449,#13450,#13451,#13452,#13453),
 .UNSPECIFIED.,.F.,.F.,(4,1,1,1,1,1,1,1,1,1,1,1,4),(0.365463506996085,0.377316190222386,
0.425358145980393,0.475284810909443,0.527027580733165,0.580524838488049,
0.63572084328634,0.692564851802698,0.751010413334938,0.811014796687413,
0.872538518781192,0.935544952889889,0.945162614081038),.UNSPECIFIED.);
#235=B_SPLINE_CURVE_WITH_KNOTS('',3,(#13455,#13456,#13457,#13458,#13459,
#13460,#13461,#13462,#13463,#13464,#13465,#13466,#13467,#13468,#13469),
 .UNSPECIFIED.,.F.,.F.,(4,1,1,1,1,1,1,1,1,1,1,1,4),(0.365463506996085,0.377316190222386,
0.425358145980393,0.475284810909443,0.527027580733165,0.580524838488049,
0.63572084328634,0.692564851802698,0.751010413334938,0.811014796687413,
0.872538518781192,0.935544952889889,0.945162614081038),.UNSPECIFIED.);
#236=B_SPLINE_CURVE_WITH_KNOTS('',3,(#13483,#13484,#13485,#13486,#13487,
#13488,#13489,#13490,#13491,#13492,#13493,#13494,#13495,#13496,#13497),
 .UNSPECIFIED.,.F.,.F.,(4,1,1,1,1,1,1,1,1,1,1,1,4),(0.365463506996085,0.377316190222386,
0.425358145980393,0.475284810909443,0.527027580733165,0.580524838488049,
0.63572084328634,0.692564851802698,0.751010413334938,0.811014796687413,
0.872538518781192,0.935544952889889,0.945162614081038),.UNSPECIFIED.);
#237=B_SPLINE_CURVE_WITH_KNOTS('',3,(#13501,#13502,#13503,#13504,#13505,
#13506,#13507,#13508,#13509,#13510,#13511,#13512,#13513,#13514,#13515),
 .UNSPECIFIED.,.F.,.F.,(4,1,1,1,1,1,1,1,1,1,1,1,4),(0.365463506996085,0.377316190222386,
0.425358145980393,0.475284810909443,0.527027580733165,0.580524838488049,
0.63572084328634,0.692564851802698,0.751010413334938,0.811014796687413,
0.872538518781192,0.935544952889889,0.945162614081038),.UNSPECIFIED.);
#238=B_SPLINE_CURVE_WITH_KNOTS('',3,(#13524,#13525,#13526,#13527,#13528,
#13529,#13530,#13531,#13532,#13533,#13534,#13535,#13536,#13537,#13538),
 .UNSPECIFIED.,.F.,.F.,(4,1,1,1,1,1,1,1,1,1,1,1,4),(0.365463506996085,0.377316190222386,
0.425358145980393,0.475284810909443,0.527027580733165,0.580524838488049,
0.63572084328634,0.692564851802698,0.751010413334938,0.811014796687413,
0.872538518781192,0.935544952889889,0.945162614081038),.UNSPECIFIED.);
#239=B_SPLINE_CURVE_WITH_KNOTS('',3,(#13540,#13541,#13542,#13543,#13544,
#13545,#13546,#13547,#13548,#13549,#13550,#13551,#13552,#13553,#13554),
 .UNSPECIFIED.,.F.,.F.,(4,1,1,1,1,1,1,1,1,1,1,1,4),(0.365463506996085,0.377316190222386,
0.425358145980393,0.475284810909443,0.527027580733165,0.580524838488049,
0.63572084328634,0.692564851802698,0.751010413334938,0.811014796687413,
0.872538518781192,0.935544952889889,0.945162614081038),.UNSPECIFIED.);
#240=B_SPLINE_CURVE_WITH_KNOTS('',3,(#13568,#13569,#13570,#13571,#13572,
#13573,#13574,#13575,#13576,#13577,#13578,#13579,#13580,#13581,#13582),
 .UNSPECIFIED.,.F.,.F.,(4,1,1,1,1,1,1,1,1,1,1,1,4),(0.365463506996085,0.377316190222386,
0.425358145980393,0.475284810909443,0.527027580733165,0.580524838488049,
0.63572084328634,0.692564851802698,0.751010413334938,0.811014796687413,
0.872538518781192,0.935544952889889,0.945162614081038),.UNSPECIFIED.);
#241=B_SPLINE_CURVE_WITH_KNOTS('',3,(#13586,#13587,#13588,#13589,#13590,
#13591,#13592,#13593,#13594,#13595,#13596,#13597,#13598,#13599,#13600),
 .UNSPECIFIED.,.F.,.F.,(4,1,1,1,1,1,1,1,1,1,1,1,4),(0.365463506996085,0.377316190222386,
0.425358145980393,0.475284810909443,0.527027580733165,0.580524838488049,
0.63572084328634,0.692564851802698,0.751010413334938,0.811014796687413,
0.872538518781192,0.935544952889889,0.945162614081038),.UNSPECIFIED.);
#242=B_SPLINE_CURVE_WITH_KNOTS('',3,(#13609,#13610,#13611,#13612,#13613,
#13614,#13615,#13616,#13617,#13618,#13619,#13620,#13621,#13622,#13623),
 .UNSPECIFIED.,.F.,.F.,(4,1,1,1,1,1,1,1,1,1,1,1,4),(0.365463506996085,0.377316190222386,
0.425358145980393,0.475284810909443,0.527027580733165,0.580524838488049,
0.63572084328634,0.692564851802698,0.751010413334938,0.811014796687413,
0.872538518781192,0.935544952889889,0.945162614081038),.UNSPECIFIED.);
#243=B_SPLINE_CURVE_WITH_KNOTS('',3,(#13625,#13626,#13627,#13628,#13629,
#13630,#13631,#13632,#13633,#13634,#13635,#13636,#13637,#13638,#13639),
 .UNSPECIFIED.,.F.,.F.,(4,1,1,1,1,1,1,1,1,1,1,1,4),(0.365463506996085,0.377316190222386,
0.425358145980393,0.475284810909443,0.527027580733165,0.580524838488049,
0.63572084328634,0.692564851802698,0.751010413334938,0.811014796687413,
0.872538518781192,0.935544952889889,0.945162614081038),.UNSPECIFIED.);
#244=B_SPLINE_CURVE_WITH_KNOTS('',3,(#13653,#13654,#13655,#13656,#13657,
#13658,#13659,#13660,#13661,#13662,#13663,#13664,#13665,#13666,#13667),
 .UNSPECIFIED.,.F.,.F.,(4,1,1,1,1,1,1,1,1,1,1,1,4),(0.365463506996085,0.377316190222386,
0.425358145980393,0.475284810909443,0.527027580733165,0.580524838488049,
0.63572084328634,0.692564851802698,0.751010413334938,0.811014796687413,
0.872538518781192,0.935544952889889,0.945162614081038),.UNSPECIFIED.);
#245=B_SPLINE_CURVE_WITH_KNOTS('',3,(#13671,#13672,#13673,#13674,#13675,
#13676,#13677,#13678,#13679,#13680,#13681,#13682,#13683,#13684,#13685),
 .UNSPECIFIED.,.F.,.F.,(4,1,1,1,1,1,1,1,1,1,1,1,4),(0.365463506996085,0.377316190222386,
0.425358145980393,0.475284810909443,0.527027580733165,0.580524838488049,
0.63572084328634,0.692564851802698,0.751010413334938,0.811014796687413,
0.872538518781192,0.935544952889889,0.945162614081038),.UNSPECIFIED.);
#246=B_SPLINE_CURVE_WITH_KNOTS('',3,(#13694,#13695,#13696,#13697,#13698,
#13699,#13700,#13701,#13702,#13703,#13704,#13705,#13706,#13707,#13708),
 .UNSPECIFIED.,.F.,.F.,(4,1,1,1,1,1,1,1,1,1,1,1,4),(0.365463506996085,0.377316190222386,
0.425358145980393,0.475284810909443,0.527027580733165,0.580524838488049,
0.63572084328634,0.692564851802698,0.751010413334938,0.811014796687413,
0.872538518781192,0.935544952889889,0.945162614081038),.UNSPECIFIED.);
#247=B_SPLINE_CURVE_WITH_KNOTS('',3,(#13710,#13711,#13712,#13713,#13714,
#13715,#13716,#13717,#13718,#13719,#13720,#13721,#13722,#13723,#13724),
 .UNSPECIFIED.,.F.,.F.,(4,1,1,1,1,1,1,1,1,1,1,1,4),(0.365463506996085,0.377316190222386,
0.425358145980393,0.475284810909443,0.527027580733165,0.580524838488049,
0.63572084328634,0.692564851802698,0.751010413334938,0.811014796687413,
0.872538518781192,0.935544952889889,0.945162614081038),.UNSPECIFIED.);
#248=B_SPLINE_CURVE_WITH_KNOTS('',3,(#13738,#13739,#13740,#13741,#13742,
#13743,#13744,#13745,#13746,#13747,#13748,#13749,#13750,#13751,#13752),
 .UNSPECIFIED.,.F.,.F.,(4,1,1,1,1,1,1,1,1,1,1,1,4),(0.365463506996085,0.377316190222386,
0.425358145980393,0.475284810909443,0.527027580733165,0.580524838488049,
0.63572084328634,0.692564851802698,0.751010413334938,0.811014796687413,
0.872538518781192,0.935544952889889,0.945162614081038),.UNSPECIFIED.);
#249=B_SPLINE_CURVE_WITH_KNOTS('',3,(#13756,#13757,#13758,#13759,#13760,
#13761,#13762,#13763,#13764,#13765,#13766,#13767,#13768,#13769,#13770),
 .UNSPECIFIED.,.F.,.F.,(4,1,1,1,1,1,1,1,1,1,1,1,4),(0.365463506996085,0.377316190222386,
0.425358145980393,0.475284810909443,0.527027580733165,0.580524838488049,
0.63572084328634,0.692564851802698,0.751010413334938,0.811014796687413,
0.872538518781192,0.935544952889889,0.945162614081038),.UNSPECIFIED.);
#250=B_SPLINE_CURVE_WITH_KNOTS('',3,(#13779,#13780,#13781,#13782,#13783,
#13784,#13785,#13786,#13787,#13788,#13789,#13790,#13791,#13792,#13793),
 .UNSPECIFIED.,.F.,.F.,(4,1,1,1,1,1,1,1,1,1,1,1,4),(0.365463506996085,0.377316190222386,
0.425358145980393,0.475284810909443,0.527027580733165,0.580524838488049,
0.63572084328634,0.692564851802698,0.751010413334938,0.811014796687413,
0.872538518781192,0.935544952889889,0.945162614081038),.UNSPECIFIED.);
#251=B_SPLINE_CURVE_WITH_KNOTS('',3,(#13795,#13796,#13797,#13798,#13799,
#13800,#13801,#13802,#13803,#13804,#13805,#13806,#13807,#13808,#13809),
 .UNSPECIFIED.,.F.,.F.,(4,1,1,1,1,1,1,1,1,1,1,1,4),(0.365463506996085,0.377316190222386,
0.425358145980393,0.475284810909443,0.527027580733165,0.580524838488049,
0.63572084328634,0.692564851802698,0.751010413334938,0.811014796687413,
0.872538518781192,0.935544952889889,0.945162614081038),.UNSPECIFIED.);
#252=B_SPLINE_CURVE_WITH_KNOTS('',3,(#13823,#13824,#13825,#13826,#13827,
#13828,#13829,#13830,#13831,#13832,#13833,#13834,#13835,#13836,#13837),
 .UNSPECIFIED.,.F.,.F.,(4,1,1,1,1,1,1,1,1,1,1,1,4),(0.365463506996085,0.377316190222386,
0.425358145980393,0.475284810909443,0.527027580733165,0.580524838488049,
0.63572084328634,0.692564851802698,0.751010413334938,0.811014796687413,
0.872538518781192,0.935544952889889,0.945162614081038),.UNSPECIFIED.);
#253=B_SPLINE_CURVE_WITH_KNOTS('',3,(#13841,#13842,#13843,#13844,#13845,
#13846,#13847,#13848,#13849,#13850,#13851,#13852,#13853,#13854,#13855),
 .UNSPECIFIED.,.F.,.F.,(4,1,1,1,1,1,1,1,1,1,1,1,4),(0.365463506996085,0.377316190222386,
0.425358145980393,0.475284810909443,0.527027580733165,0.580524838488049,
0.63572084328634,0.692564851802698,0.751010413334938,0.811014796687413,
0.872538518781192,0.935544952889889,0.945162614081038),.UNSPECIFIED.);
#254=B_SPLINE_CURVE_WITH_KNOTS('',3,(#13864,#13865,#13866,#13867,#13868,
#13869,#13870,#13871,#13872,#13873,#13874,#13875,#13876,#13877,#13878),
 .UNSPECIFIED.,.F.,.F.,(4,1,1,1,1,1,1,1,1,1,1,1,4),(0.365463506996085,0.377316190222386,
0.425358145980393,0.475284810909443,0.527027580733165,0.580524838488049,
0.63572084328634,0.692564851802698,0.751010413334938,0.811014796687413,
0.872538518781192,0.935544952889889,0.945162614081038),.UNSPECIFIED.);
#255=B_SPLINE_CURVE_WITH_KNOTS('',3,(#13880,#13881,#13882,#13883,#13884,
#13885,#13886,#13887,#13888,#13889,#13890,#13891,#13892,#13893,#13894),
 .UNSPECIFIED.,.F.,.F.,(4,1,1,1,1,1,1,1,1,1,1,1,4),(0.365463506996085,0.377316190222386,
0.425358145980393,0.475284810909443,0.527027580733165,0.580524838488049,
0.63572084328634,0.692564851802698,0.751010413334938,0.811014796687413,
0.872538518781192,0.935544952889889,0.945162614081038),.UNSPECIFIED.);
#256=B_SPLINE_CURVE_WITH_KNOTS('',3,(#13908,#13909,#13910,#13911,#13912,
#13913,#13914,#13915,#13916,#13917,#13918,#13919,#13920,#13921,#13922),
 .UNSPECIFIED.,.F.,.F.,(4,1,1,1,1,1,1,1,1,1,1,1,4),(0.365463506996085,0.377316190222386,
0.425358145980393,0.475284810909443,0.527027580733165,0.580524838488049,
0.63572084328634,0.692564851802698,0.751010413334938,0.811014796687413,
0.872538518781192,0.935544952889889,0.945162614081038),.UNSPECIFIED.);
#257=B_SPLINE_CURVE_WITH_KNOTS('',3,(#13926,#13927,#13928,#13929,#13930,
#13931,#13932,#13933,#13934,#13935,#13936,#13937,#13938,#13939,#13940),
 .UNSPECIFIED.,.F.,.F.,(4,1,1,1,1,1,1,1,1,1,1,1,4),(0.365463506996085,0.377316190222386,
0.425358145980393,0.475284810909443,0.527027580733165,0.580524838488049,
0.63572084328634,0.692564851802698,0.751010413334938,0.811014796687413,
0.872538518781192,0.935544952889889,0.945162614081038),.UNSPECIFIED.);
#258=B_SPLINE_CURVE_WITH_KNOTS('',3,(#13949,#13950,#13951,#13952,#13953,
#13954,#13955,#13956,#13957,#13958,#13959,#13960,#13961,#13962,#13963),
 .UNSPECIFIED.,.F.,.F.,(4,1,1,1,1,1,1,1,1,1,1,1,4),(0.365463506996085,0.377316190222386,
0.425358145980393,0.475284810909443,0.527027580733165,0.580524838488049,
0.63572084328634,0.692564851802698,0.751010413334938,0.811014796687413,
0.872538518781192,0.935544952889889,0.945162614081038),.UNSPECIFIED.);
#259=B_SPLINE_CURVE_WITH_KNOTS('',3,(#13965,#13966,#13967,#13968,#13969,
#13970,#13971,#13972,#13973,#13974,#13975,#13976,#13977,#13978,#13979),
 .UNSPECIFIED.,.F.,.F.,(4,1,1,1,1,1,1,1,1,1,1,1,4),(0.365463506996085,0.377316190222386,
0.425358145980393,0.475284810909443,0.527027580733165,0.580524838488049,
0.63572084328634,0.692564851802698,0.751010413334938,0.811014796687413,
0.872538518781192,0.935544952889889,0.945162614081038),.UNSPECIFIED.);
#260=B_SPLINE_CURVE_WITH_KNOTS('',3,(#13993,#13994,#13995,#13996,#13997,
#13998,#13999,#14000,#14001,#14002,#14003,#14004,#14005,#14006,#14007),
 .UNSPECIFIED.,.F.,.F.,(4,1,1,1,1,1,1,1,1,1,1,1,4),(0.365463506996085,0.377316190222386,
0.425358145980393,0.475284810909443,0.527027580733165,0.580524838488049,
0.63572084328634,0.692564851802698,0.751010413334938,0.811014796687413,
0.872538518781192,0.935544952889889,0.945162614081038),.UNSPECIFIED.);
#261=B_SPLINE_CURVE_WITH_KNOTS('',3,(#14011,#14012,#14013,#14014,#14015,
#14016,#14017,#14018,#14019,#14020,#14021,#14022,#14023,#14024,#14025),
 .UNSPECIFIED.,.F.,.F.,(4,1,1,1,1,1,1,1,1,1,1,1,4),(0.365463506996085,0.377316190222386,
0.425358145980393,0.475284810909443,0.527027580733165,0.580524838488049,
0.63572084328634,0.692564851802698,0.751010413334938,0.811014796687413,
0.872538518781192,0.935544952889889,0.945162614081038),.UNSPECIFIED.);
#262=B_SPLINE_CURVE_WITH_KNOTS('',3,(#14034,#14035,#14036,#14037,#14038,
#14039,#14040,#14041,#14042,#14043,#14044,#14045,#14046,#14047,#14048),
 .UNSPECIFIED.,.F.,.F.,(4,1,1,1,1,1,1,1,1,1,1,1,4),(0.365463506996085,0.377316190222386,
0.425358145980393,0.475284810909443,0.527027580733165,0.580524838488049,
0.63572084328634,0.692564851802698,0.751010413334938,0.811014796687413,
0.872538518781192,0.935544952889889,0.945162614081038),.UNSPECIFIED.);
#263=B_SPLINE_CURVE_WITH_KNOTS('',3,(#14050,#14051,#14052,#14053,#14054,
#14055,#14056,#14057,#14058,#14059,#14060,#14061,#14062,#14063,#14064),
 .UNSPECIFIED.,.F.,.F.,(4,1,1,1,1,1,1,1,1,1,1,1,4),(0.365463506996085,0.377316190222386,
0.425358145980393,0.475284810909443,0.527027580733165,0.580524838488049,
0.63572084328634,0.692564851802698,0.751010413334938,0.811014796687413,
0.872538518781192,0.935544952889889,0.945162614081038),.UNSPECIFIED.);
#264=B_SPLINE_CURVE_WITH_KNOTS('',3,(#14078,#14079,#14080,#14081,#14082,
#14083,#14084,#14085,#14086,#14087,#14088,#14089,#14090,#14091,#14092),
 .UNSPECIFIED.,.F.,.F.,(4,1,1,1,1,1,1,1,1,1,1,1,4),(0.365463506996085,0.377316190222386,
0.425358145980393,0.475284810909443,0.527027580733165,0.580524838488049,
0.63572084328634,0.692564851802698,0.751010413334938,0.811014796687413,
0.872538518781192,0.935544952889889,0.945162614081038),.UNSPECIFIED.);
#265=B_SPLINE_CURVE_WITH_KNOTS('',3,(#14096,#14097,#14098,#14099,#14100,
#14101,#14102,#14103,#14104,#14105,#14106,#14107,#14108,#14109,#14110),
 .UNSPECIFIED.,.F.,.F.,(4,1,1,1,1,1,1,1,1,1,1,1,4),(0.365463506996085,0.377316190222386,
0.425358145980393,0.475284810909443,0.527027580733165,0.580524838488049,
0.63572084328634,0.692564851802698,0.751010413334938,0.811014796687413,
0.872538518781192,0.935544952889889,0.945162614081038),.UNSPECIFIED.);
#266=B_SPLINE_CURVE_WITH_KNOTS('',3,(#14119,#14120,#14121,#14122,#14123,
#14124,#14125,#14126,#14127,#14128,#14129,#14130,#14131,#14132,#14133),
 .UNSPECIFIED.,.F.,.F.,(4,1,1,1,1,1,1,1,1,1,1,1,4),(0.365463506996085,0.377316190222386,
0.425358145980393,0.475284810909443,0.527027580733165,0.580524838488049,
0.63572084328634,0.692564851802698,0.751010413334938,0.811014796687413,
0.872538518781192,0.935544952889889,0.945162614081038),.UNSPECIFIED.);
#267=B_SPLINE_CURVE_WITH_KNOTS('',3,(#14135,#14136,#14137,#14138,#14139,
#14140,#14141,#14142,#14143,#14144,#14145,#14146,#14147,#14148,#14149),
 .UNSPECIFIED.,.F.,.F.,(4,1,1,1,1,1,1,1,1,1,1,1,4),(0.365463506996085,0.377316190222386,
0.425358145980393,0.475284810909443,0.527027580733165,0.580524838488049,
0.63572084328634,0.692564851802698,0.751010413334938,0.811014796687413,
0.872538518781192,0.935544952889889,0.945162614081038),.UNSPECIFIED.);
#268=B_SPLINE_CURVE_WITH_KNOTS('',3,(#14163,#14164,#14165,#14166,#14167,
#14168,#14169,#14170,#14171,#14172,#14173,#14174,#14175,#14176,#14177),
 .UNSPECIFIED.,.F.,.F.,(4,1,1,1,1,1,1,1,1,1,1,1,4),(0.365463506996085,0.377316190222386,
0.425358145980393,0.475284810909443,0.527027580733165,0.580524838488049,
0.63572084328634,0.692564851802698,0.751010413334938,0.811014796687413,
0.872538518781192,0.935544952889889,0.945162614081038),.UNSPECIFIED.);
#269=B_SPLINE_CURVE_WITH_KNOTS('',3,(#14181,#14182,#14183,#14184,#14185,
#14186,#14187,#14188,#14189,#14190,#14191,#14192,#14193,#14194,#14195),
 .UNSPECIFIED.,.F.,.F.,(4,1,1,1,1,1,1,1,1,1,1,1,4),(0.365463506996085,0.377316190222386,
0.425358145980393,0.475284810909443,0.527027580733165,0.580524838488049,
0.63572084328634,0.692564851802698,0.751010413334938,0.811014796687413,
0.872538518781192,0.935544952889889,0.945162614081038),.UNSPECIFIED.);
#270=B_SPLINE_CURVE_WITH_KNOTS('',3,(#14204,#14205,#14206,#14207,#14208,
#14209,#14210,#14211,#14212,#14213,#14214,#14215,#14216,#14217,#14218),
 .UNSPECIFIED.,.F.,.F.,(4,1,1,1,1,1,1,1,1,1,1,1,4),(0.365463506996085,0.377316190222386,
0.425358145980393,0.475284810909443,0.527027580733165,0.580524838488049,
0.63572084328634,0.692564851802698,0.751010413334938,0.811014796687413,
0.872538518781192,0.935544952889889,0.945162614081038),.UNSPECIFIED.);
#271=B_SPLINE_CURVE_WITH_KNOTS('',3,(#14220,#14221,#14222,#14223,#14224,
#14225,#14226,#14227,#14228,#14229,#14230,#14231,#14232,#14233,#14234),
 .UNSPECIFIED.,.F.,.F.,(4,1,1,1,1,1,1,1,1,1,1,1,4),(0.365463506996085,0.377316190222386,
0.425358145980393,0.475284810909443,0.527027580733165,0.580524838488049,
0.63572084328634,0.692564851802698,0.751010413334938,0.811014796687413,
0.872538518781192,0.935544952889889,0.945162614081038),.UNSPECIFIED.);
#272=B_SPLINE_CURVE_WITH_KNOTS('',3,(#14248,#14249,#14250,#14251,#14252,
#14253,#14254,#14255,#14256,#14257,#14258,#14259,#14260,#14261,#14262),
 .UNSPECIFIED.,.F.,.F.,(4,1,1,1,1,1,1,1,1,1,1,1,4),(0.365463506996085,0.377316190222386,
0.425358145980393,0.475284810909443,0.527027580733165,0.580524838488049,
0.63572084328634,0.692564851802698,0.751010413334938,0.811014796687413,
0.872538518781192,0.935544952889889,0.945162614081038),.UNSPECIFIED.);
#273=B_SPLINE_CURVE_WITH_KNOTS('',3,(#14266,#14267,#14268,#14269,#14270,
#14271,#14272,#14273,#14274,#14275,#14276,#14277,#14278,#14279,#14280),
 .UNSPECIFIED.,.F.,.F.,(4,1,1,1,1,1,1,1,1,1,1,1,4),(0.365463506996085,0.377316190222386,
0.425358145980393,0.475284810909443,0.527027580733165,0.580524838488049,
0.63572084328634,0.692564851802698,0.751010413334938,0.811014796687413,
0.872538518781192,0.935544952889889,0.945162614081038),.UNSPECIFIED.);
#274=B_SPLINE_CURVE_WITH_KNOTS('',3,(#14289,#14290,#14291,#14292,#14293,
#14294,#14295,#14296,#14297,#14298,#14299,#14300,#14301,#14302,#14303),
 .UNSPECIFIED.,.F.,.F.,(4,1,1,1,1,1,1,1,1,1,1,1,4),(0.365463506996085,0.377316190222386,
0.425358145980393,0.475284810909443,0.527027580733165,0.580524838488049,
0.63572084328634,0.692564851802698,0.751010413334938,0.811014796687413,
0.872538518781192,0.935544952889889,0.945162614081038),.UNSPECIFIED.);
#275=B_SPLINE_CURVE_WITH_KNOTS('',3,(#14305,#14306,#14307,#14308,#14309,
#14310,#14311,#14312,#14313,#14314,#14315,#14316,#14317,#14318,#14319),
 .UNSPECIFIED.,.F.,.F.,(4,1,1,1,1,1,1,1,1,1,1,1,4),(0.365463506996085,0.377316190222386,
0.425358145980393,0.475284810909443,0.527027580733165,0.580524838488049,
0.63572084328634,0.692564851802698,0.751010413334938,0.811014796687413,
0.872538518781192,0.935544952889889,0.945162614081038),.UNSPECIFIED.);
#276=B_SPLINE_CURVE_WITH_KNOTS('',3,(#14333,#14334,#14335,#14336,#14337,
#14338,#14339,#14340,#14341,#14342,#14343,#14344,#14345,#14346,#14347),
 .UNSPECIFIED.,.F.,.F.,(4,1,1,1,1,1,1,1,1,1,1,1,4),(0.365463506996085,0.377316190222386,
0.425358145980393,0.475284810909443,0.527027580733165,0.580524838488049,
0.63572084328634,0.692564851802698,0.751010413334938,0.811014796687413,
0.872538518781192,0.935544952889889,0.945162614081038),.UNSPECIFIED.);
#277=B_SPLINE_CURVE_WITH_KNOTS('',3,(#14351,#14352,#14353,#14354,#14355,
#14356,#14357,#14358,#14359,#14360,#14361,#14362,#14363,#14364,#14365),
 .UNSPECIFIED.,.F.,.F.,(4,1,1,1,1,1,1,1,1,1,1,1,4),(0.365463506996085,0.377316190222386,
0.425358145980393,0.475284810909443,0.527027580733165,0.580524838488049,
0.63572084328634,0.692564851802698,0.751010413334938,0.811014796687413,
0.872538518781192,0.935544952889889,0.945162614081038),.UNSPECIFIED.);
#278=B_SPLINE_CURVE_WITH_KNOTS('',3,(#14374,#14375,#14376,#14377,#14378,
#14379,#14380,#14381,#14382,#14383,#14384,#14385,#14386,#14387,#14388),
 .UNSPECIFIED.,.F.,.F.,(4,1,1,1,1,1,1,1,1,1,1,1,4),(0.365463506996085,0.377316190222386,
0.425358145980393,0.475284810909443,0.527027580733165,0.580524838488049,
0.63572084328634,0.692564851802698,0.751010413334938,0.811014796687413,
0.872538518781192,0.935544952889889,0.945162614081038),.UNSPECIFIED.);
#279=B_SPLINE_CURVE_WITH_KNOTS('',3,(#14390,#14391,#14392,#14393,#14394,
#14395,#14396,#14397,#14398,#14399,#14400,#14401,#14402,#14403,#14404),
 .UNSPECIFIED.,.F.,.F.,(4,1,1,1,1,1,1,1,1,1,1,1,4),(0.365463506996085,0.377316190222386,
0.425358145980393,0.475284810909443,0.527027580733165,0.580524838488049,
0.63572084328634,0.692564851802698,0.751010413334938,0.811014796687413,
0.872538518781192,0.935544952889889,0.945162614081038),.UNSPECIFIED.);
#280=B_SPLINE_CURVE_WITH_KNOTS('',3,(#14418,#14419,#14420,#14421,#14422,
#14423,#14424,#14425,#14426,#14427,#14428,#14429,#14430,#14431,#14432),
 .UNSPECIFIED.,.F.,.F.,(4,1,1,1,1,1,1,1,1,1,1,1,4),(0.365463506996085,0.377316190222386,
0.425358145980393,0.475284810909443,0.527027580733165,0.580524838488049,
0.63572084328634,0.692564851802698,0.751010413334938,0.811014796687413,
0.872538518781192,0.935544952889889,0.945162614081038),.UNSPECIFIED.);
#281=B_SPLINE_CURVE_WITH_KNOTS('',3,(#14436,#14437,#14438,#14439,#14440,
#14441,#14442,#14443,#14444,#14445,#14446,#14447,#14448,#14449,#14450),
 .UNSPECIFIED.,.F.,.F.,(4,1,1,1,1,1,1,1,1,1,1,1,4),(0.365463506996085,0.377316190222386,
0.425358145980393,0.475284810909443,0.527027580733165,0.580524838488049,
0.63572084328634,0.692564851802698,0.751010413334938,0.811014796687413,
0.872538518781192,0.935544952889889,0.945162614081038),.UNSPECIFIED.);
#282=B_SPLINE_CURVE_WITH_KNOTS('',3,(#14459,#14460,#14461,#14462,#14463,
#14464,#14465,#14466,#14467,#14468,#14469,#14470,#14471,#14472,#14473),
 .UNSPECIFIED.,.F.,.F.,(4,1,1,1,1,1,1,1,1,1,1,1,4),(0.365463506996085,0.377316190222386,
0.425358145980393,0.475284810909443,0.527027580733165,0.580524838488049,
0.63572084328634,0.692564851802698,0.751010413334938,0.811014796687413,
0.872538518781192,0.935544952889889,0.945162614081038),.UNSPECIFIED.);
#283=B_SPLINE_CURVE_WITH_KNOTS('',3,(#14475,#14476,#14477,#14478,#14479,
#14480,#14481,#14482,#14483,#14484,#14485,#14486,#14487,#14488,#14489),
 .UNSPECIFIED.,.F.,.F.,(4,1,1,1,1,1,1,1,1,1,1,1,4),(0.365463506996085,0.377316190222386,
0.425358145980393,0.475284810909443,0.527027580733165,0.580524838488049,
0.63572084328634,0.692564851802698,0.751010413334938,0.811014796687413,
0.872538518781192,0.935544952889889,0.945162614081038),.UNSPECIFIED.);
#284=B_SPLINE_CURVE_WITH_KNOTS('',3,(#14503,#14504,#14505,#14506,#14507,
#14508,#14509,#14510,#14511,#14512,#14513,#14514,#14515,#14516,#14517),
 .UNSPECIFIED.,.F.,.F.,(4,1,1,1,1,1,1,1,1,1,1,1,4),(0.365463506996085,0.377316190222386,
0.425358145980393,0.475284810909443,0.527027580733165,0.580524838488049,
0.63572084328634,0.692564851802698,0.751010413334938,0.811014796687413,
0.872538518781192,0.935544952889889,0.945162614081038),.UNSPECIFIED.);
#285=B_SPLINE_CURVE_WITH_KNOTS('',3,(#14521,#14522,#14523,#14524,#14525,
#14526,#14527,#14528,#14529,#14530,#14531,#14532,#14533,#14534,#14535),
 .UNSPECIFIED.,.F.,.F.,(4,1,1,1,1,1,1,1,1,1,1,1,4),(0.365463506996085,0.377316190222386,
0.425358145980393,0.475284810909443,0.527027580733165,0.580524838488049,
0.63572084328634,0.692564851802698,0.751010413334938,0.811014796687413,
0.872538518781192,0.935544952889889,0.945162614081038),.UNSPECIFIED.);
#286=B_SPLINE_CURVE_WITH_KNOTS('',3,(#14544,#14545,#14546,#14547,#14548,
#14549,#14550,#14551,#14552,#14553,#14554,#14555,#14556,#14557,#14558),
 .UNSPECIFIED.,.F.,.F.,(4,1,1,1,1,1,1,1,1,1,1,1,4),(0.365463506996085,0.377316190222386,
0.425358145980393,0.475284810909443,0.527027580733165,0.580524838488049,
0.63572084328634,0.692564851802698,0.751010413334938,0.811014796687413,
0.872538518781192,0.935544952889889,0.945162614081038),.UNSPECIFIED.);
#287=B_SPLINE_CURVE_WITH_KNOTS('',3,(#14560,#14561,#14562,#14563,#14564,
#14565,#14566,#14567,#14568,#14569,#14570,#14571,#14572,#14573,#14574),
 .UNSPECIFIED.,.F.,.F.,(4,1,1,1,1,1,1,1,1,1,1,1,4),(0.365463506996085,0.377316190222386,
0.425358145980393,0.475284810909443,0.527027580733165,0.580524838488049,
0.63572084328634,0.692564851802698,0.751010413334938,0.811014796687413,
0.872538518781192,0.935544952889889,0.945162614081038),.UNSPECIFIED.);
#288=B_SPLINE_CURVE_WITH_KNOTS('',3,(#14588,#14589,#14590,#14591,#14592,
#14593,#14594,#14595,#14596,#14597,#14598,#14599,#14600,#14601,#14602),
 .UNSPECIFIED.,.F.,.F.,(4,1,1,1,1,1,1,1,1,1,1,1,4),(0.365463506996085,0.377316190222386,
0.425358145980393,0.475284810909443,0.527027580733165,0.580524838488049,
0.63572084328634,0.692564851802698,0.751010413334938,0.811014796687413,
0.872538518781192,0.935544952889889,0.945162614081038),.UNSPECIFIED.);
#289=B_SPLINE_CURVE_WITH_KNOTS('',3,(#14606,#14607,#14608,#14609,#14610,
#14611,#14612,#14613,#14614,#14615,#14616,#14617,#14618,#14619,#14620),
 .UNSPECIFIED.,.F.,.F.,(4,1,1,1,1,1,1,1,1,1,1,1,4),(0.365463506996085,0.377316190222386,
0.425358145980393,0.475284810909443,0.527027580733165,0.580524838488049,
0.63572084328634,0.692564851802698,0.751010413334938,0.811014796687413,
0.872538518781192,0.935544952889889,0.945162614081038),.UNSPECIFIED.);
#290=B_SPLINE_CURVE_WITH_KNOTS('',3,(#14629,#14630,#14631,#14632,#14633,
#14634,#14635,#14636,#14637,#14638,#14639,#14640,#14641,#14642,#14643),
 .UNSPECIFIED.,.F.,.F.,(4,1,1,1,1,1,1,1,1,1,1,1,4),(0.365463506996085,0.377316190222386,
0.425358145980393,0.475284810909443,0.527027580733165,0.580524838488049,
0.63572084328634,0.692564851802698,0.751010413334938,0.811014796687413,
0.872538518781192,0.935544952889889,0.945162614081038),.UNSPECIFIED.);
#291=B_SPLINE_CURVE_WITH_KNOTS('',3,(#14645,#14646,#14647,#14648,#14649,
#14650,#14651,#14652,#14653,#14654,#14655,#14656,#14657,#14658,#14659),
 .UNSPECIFIED.,.F.,.F.,(4,1,1,1,1,1,1,1,1,1,1,1,4),(0.365463506996085,0.377316190222386,
0.425358145980393,0.475284810909443,0.527027580733165,0.580524838488049,
0.63572084328634,0.692564851802698,0.751010413334938,0.811014796687413,
0.872538518781192,0.935544952889889,0.945162614081038),.UNSPECIFIED.);
#292=B_SPLINE_CURVE_WITH_KNOTS('',3,(#14673,#14674,#14675,#14676,#14677,
#14678,#14679,#14680,#14681,#14682,#14683,#14684,#14685,#14686,#14687),
 .UNSPECIFIED.,.F.,.F.,(4,1,1,1,1,1,1,1,1,1,1,1,4),(0.365463506996085,0.377316190222386,
0.425358145980393,0.475284810909443,0.527027580733165,0.580524838488049,
0.63572084328634,0.692564851802698,0.751010413334938,0.811014796687413,
0.872538518781192,0.935544952889889,0.945162614081038),.UNSPECIFIED.);
#293=B_SPLINE_CURVE_WITH_KNOTS('',3,(#14691,#14692,#14693,#14694,#14695,
#14696,#14697,#14698,#14699,#14700,#14701,#14702,#14703,#14704,#14705),
 .UNSPECIFIED.,.F.,.F.,(4,1,1,1,1,1,1,1,1,1,1,1,4),(0.365463506996085,0.377316190222386,
0.425358145980393,0.475284810909443,0.527027580733165,0.580524838488049,
0.63572084328634,0.692564851802698,0.751010413334938,0.811014796687413,
0.872538518781192,0.935544952889889,0.945162614081038),.UNSPECIFIED.);
#294=B_SPLINE_CURVE_WITH_KNOTS('',3,(#14714,#14715,#14716,#14717,#14718,
#14719,#14720,#14721,#14722,#14723,#14724,#14725,#14726,#14727,#14728),
 .UNSPECIFIED.,.F.,.F.,(4,1,1,1,1,1,1,1,1,1,1,1,4),(0.365463506996085,0.377316190222386,
0.425358145980393,0.475284810909443,0.527027580733165,0.580524838488049,
0.63572084328634,0.692564851802698,0.751010413334938,0.811014796687413,
0.872538518781192,0.935544952889889,0.945162614081038),.UNSPECIFIED.);
#295=B_SPLINE_CURVE_WITH_KNOTS('',3,(#14730,#14731,#14732,#14733,#14734,
#14735,#14736,#14737,#14738,#14739,#14740,#14741,#14742,#14743,#14744),
 .UNSPECIFIED.,.F.,.F.,(4,1,1,1,1,1,1,1,1,1,1,1,4),(0.365463506996085,0.377316190222386,
0.425358145980393,0.475284810909443,0.527027580733165,0.580524838488049,
0.63572084328634,0.692564851802698,0.751010413334938,0.811014796687413,
0.872538518781192,0.935544952889889,0.945162614081038),.UNSPECIFIED.);
#296=B_SPLINE_CURVE_WITH_KNOTS('',3,(#14758,#14759,#14760,#14761,#14762,
#14763,#14764,#14765,#14766,#14767,#14768,#14769,#14770,#14771,#14772),
 .UNSPECIFIED.,.F.,.F.,(4,1,1,1,1,1,1,1,1,1,1,1,4),(0.365463506996085,0.377316190222386,
0.425358145980393,0.475284810909443,0.527027580733165,0.580524838488049,
0.63572084328634,0.692564851802698,0.751010413334938,0.811014796687413,
0.872538518781192,0.935544952889889,0.945162614081038),.UNSPECIFIED.);
#297=B_SPLINE_CURVE_WITH_KNOTS('',3,(#14776,#14777,#14778,#14779,#14780,
#14781,#14782,#14783,#14784,#14785,#14786,#14787,#14788,#14789,#14790),
 .UNSPECIFIED.,.F.,.F.,(4,1,1,1,1,1,1,1,1,1,1,1,4),(0.365463506996085,0.377316190222386,
0.425358145980393,0.475284810909443,0.527027580733165,0.580524838488049,
0.63572084328634,0.692564851802698,0.751010413334938,0.811014796687413,
0.872538518781192,0.935544952889889,0.945162614081038),.UNSPECIFIED.);
#298=B_SPLINE_CURVE_WITH_KNOTS('',3,(#14799,#14800,#14801,#14802,#14803,
#14804,#14805,#14806,#14807,#14808,#14809,#14810,#14811,#14812,#14813),
 .UNSPECIFIED.,.F.,.F.,(4,1,1,1,1,1,1,1,1,1,1,1,4),(0.365463506996085,0.377316190222386,
0.425358145980393,0.475284810909443,0.527027580733165,0.580524838488049,
0.63572084328634,0.692564851802698,0.751010413334938,0.811014796687413,
0.872538518781192,0.935544952889889,0.945162614081038),.UNSPECIFIED.);
#299=B_SPLINE_CURVE_WITH_KNOTS('',3,(#14815,#14816,#14817,#14818,#14819,
#14820,#14821,#14822,#14823,#14824,#14825,#14826,#14827,#14828,#14829),
 .UNSPECIFIED.,.F.,.F.,(4,1,1,1,1,1,1,1,1,1,1,1,4),(0.365463506996085,0.377316190222386,
0.425358145980393,0.475284810909443,0.527027580733165,0.580524838488049,
0.63572084328634,0.692564851802698,0.751010413334938,0.811014796687413,
0.872538518781192,0.935544952889889,0.945162614081038),.UNSPECIFIED.);
#300=B_SPLINE_SURFACE_WITH_KNOTS('',3,1,((#8715,#8716),(#8717,#8718),(#8719,
#8720),(#8721,#8722)),.SURF_OF_LINEAR_EXTRUSION.,.F.,.F.,.F.,(4,4),(2,2),
(0.484410015013305,0.945162614081038),(0.,1.),.PIECEWISE_BEZIER_KNOTS.);
#301=B_SPLINE_SURFACE_WITH_KNOTS('',3,1,((#8756,#8757),(#8758,#8759),(#8760,
#8761),(#8762,#8763)),.SURF_OF_LINEAR_EXTRUSION.,.F.,.F.,.F.,(4,4),(2,2),
(0.48441001501331,0.945162614081038),(0.,1.),.PIECEWISE_BEZIER_KNOTS.);
#302=B_SPLINE_SURFACE_WITH_KNOTS('',3,1,((#8800,#8801),(#8802,#8803),(#8804,
#8805),(#8806,#8807)),.SURF_OF_LINEAR_EXTRUSION.,.F.,.F.,.F.,(4,4),(2,2),
(0.484410015013304,0.945162614081038),(0.,1.),.PIECEWISE_BEZIER_KNOTS.);
#303=B_SPLINE_SURFACE_WITH_KNOTS('',3,1,((#8841,#8842),(#8843,#8844),(#8845,
#8846),(#8847,#8848)),.SURF_OF_LINEAR_EXTRUSION.,.F.,.F.,.F.,(4,4),(2,2),
(0.48441001501331,0.945162614081038),(0.,1.),.PIECEWISE_BEZIER_KNOTS.);
#304=B_SPLINE_SURFACE_WITH_KNOTS('',3,1,((#8885,#8886),(#8887,#8888),(#8889,
#8890),(#8891,#8892)),.SURF_OF_LINEAR_EXTRUSION.,.F.,.F.,.F.,(4,4),(2,2),
(0.484410015013305,0.945162614081038),(0.,1.),.PIECEWISE_BEZIER_KNOTS.);
#305=B_SPLINE_SURFACE_WITH_KNOTS('',3,1,((#8926,#8927),(#8928,#8929),(#8930,
#8931),(#8932,#8933)),.SURF_OF_LINEAR_EXTRUSION.,.F.,.F.,.F.,(4,4),(2,2),
(0.484410015013312,0.945162614081038),(0.,1.),.PIECEWISE_BEZIER_KNOTS.);
#306=B_SPLINE_SURFACE_WITH_KNOTS('',3,1,((#8970,#8971),(#8972,#8973),(#8974,
#8975),(#8976,#8977)),.SURF_OF_LINEAR_EXTRUSION.,.F.,.F.,.F.,(4,4),(2,2),
(0.484410015013305,0.945162614081038),(0.,1.),.PIECEWISE_BEZIER_KNOTS.);
#307=B_SPLINE_SURFACE_WITH_KNOTS('',3,1,((#9011,#9012),(#9013,#9014),(#9015,
#9016),(#9017,#9018)),.SURF_OF_LINEAR_EXTRUSION.,.F.,.F.,.F.,(4,4),(2,2),
(0.48441001501331,0.945162614081038),(0.,1.),.PIECEWISE_BEZIER_KNOTS.);
#308=B_SPLINE_SURFACE_WITH_KNOTS('',3,1,((#9055,#9056),(#9057,#9058),(#9059,
#9060),(#9061,#9062)),.SURF_OF_LINEAR_EXTRUSION.,.F.,.F.,.F.,(4,4),(2,2),
(0.484410015013306,0.945162614081038),(0.,1.),.PIECEWISE_BEZIER_KNOTS.);
#309=B_SPLINE_SURFACE_WITH_KNOTS('',3,1,((#9096,#9097),(#9098,#9099),(#9100,
#9101),(#9102,#9103)),.SURF_OF_LINEAR_EXTRUSION.,.F.,.F.,.F.,(4,4),(2,2),
(0.484410015013309,0.945162614081038),(0.,1.),.PIECEWISE_BEZIER_KNOTS.);
#310=B_SPLINE_SURFACE_WITH_KNOTS('',3,1,((#9140,#9141),(#9142,#9143),(#9144,
#9145),(#9146,#9147)),.SURF_OF_LINEAR_EXTRUSION.,.F.,.F.,.F.,(4,4),(2,2),
(0.484410015013304,0.945162614081038),(0.,1.),.PIECEWISE_BEZIER_KNOTS.);
#311=B_SPLINE_SURFACE_WITH_KNOTS('',3,1,((#9181,#9182),(#9183,#9184),(#9185,
#9186),(#9187,#9188)),.SURF_OF_LINEAR_EXTRUSION.,.F.,.F.,.F.,(4,4),(2,2),
(0.484410015013306,0.945162614081038),(0.,1.),.PIECEWISE_BEZIER_KNOTS.);
#312=B_SPLINE_SURFACE_WITH_KNOTS('',3,1,((#9225,#9226),(#9227,#9228),(#9229,
#9230),(#9231,#9232)),.SURF_OF_LINEAR_EXTRUSION.,.F.,.F.,.F.,(4,4),(2,2),
(0.484410015013305,0.945162614081038),(0.,1.),.PIECEWISE_BEZIER_KNOTS.);
#313=B_SPLINE_SURFACE_WITH_KNOTS('',3,1,((#9266,#9267),(#9268,#9269),(#9270,
#9271),(#9272,#9273)),.SURF_OF_LINEAR_EXTRUSION.,.F.,.F.,.F.,(4,4),(2,2),
(0.484410015013303,0.945162614081038),(0.,1.),.PIECEWISE_BEZIER_KNOTS.);
#314=B_SPLINE_SURFACE_WITH_KNOTS('',3,1,((#9310,#9311),(#9312,#9313),(#9314,
#9315),(#9316,#9317)),.SURF_OF_LINEAR_EXTRUSION.,.F.,.F.,.F.,(4,4),(2,2),
(0.484410015013304,0.945162614081038),(0.,1.),.PIECEWISE_BEZIER_KNOTS.);
#315=B_SPLINE_SURFACE_WITH_KNOTS('',3,1,((#9351,#9352),(#9353,#9354),(#9355,
#9356),(#9357,#9358)),.SURF_OF_LINEAR_EXTRUSION.,.F.,.F.,.F.,(4,4),(2,2),
(0.484410015013312,0.945162614081038),(0.,1.),.PIECEWISE_BEZIER_KNOTS.);
#316=B_SPLINE_SURFACE_WITH_KNOTS('',3,1,((#9395,#9396),(#9397,#9398),(#9399,
#9400),(#9401,#9402)),.SURF_OF_LINEAR_EXTRUSION.,.F.,.F.,.F.,(4,4),(2,2),
(0.484410015013306,0.945162614081038),(0.,1.),.PIECEWISE_BEZIER_KNOTS.);
#317=B_SPLINE_SURFACE_WITH_KNOTS('',3,1,((#9436,#9437),(#9438,#9439),(#9440,
#9441),(#9442,#9443)),.SURF_OF_LINEAR_EXTRUSION.,.F.,.F.,.F.,(4,4),(2,2),
(0.48441001501332,0.945162614081038),(0.,1.),.PIECEWISE_BEZIER_KNOTS.);
#318=B_SPLINE_SURFACE_WITH_KNOTS('',3,1,((#9480,#9481),(#9482,#9483),(#9484,
#9485),(#9486,#9487)),.SURF_OF_LINEAR_EXTRUSION.,.F.,.F.,.F.,(4,4),(2,2),
(0.484410015013287,0.945162614081038),(0.,1.),.PIECEWISE_BEZIER_KNOTS.);
#319=B_SPLINE_SURFACE_WITH_KNOTS('',3,1,((#9521,#9522),(#9523,#9524),(#9525,
#9526),(#9527,#9528)),.SURF_OF_LINEAR_EXTRUSION.,.F.,.F.,.F.,(4,4),(2,2),
(0.484410015013306,0.945162614081038),(0.,1.),.PIECEWISE_BEZIER_KNOTS.);
#320=B_SPLINE_SURFACE_WITH_KNOTS('',3,1,((#9565,#9566),(#9567,#9568),(#9569,
#9570),(#9571,#9572)),.SURF_OF_LINEAR_EXTRUSION.,.F.,.F.,.F.,(4,4),(2,2),
(0.484410015013309,0.945162614081038),(0.,1.),.PIECEWISE_BEZIER_KNOTS.);
#321=B_SPLINE_SURFACE_WITH_KNOTS('',3,1,((#9606,#9607),(#9608,#9609),(#9610,
#9611),(#9612,#9613)),.SURF_OF_LINEAR_EXTRUSION.,.F.,.F.,.F.,(4,4),(2,2),
(0.484410015013318,0.945162614081038),(0.,1.),.PIECEWISE_BEZIER_KNOTS.);
#322=B_SPLINE_SURFACE_WITH_KNOTS('',3,1,((#9650,#9651),(#9652,#9653),(#9654,
#9655),(#9656,#9657)),.SURF_OF_LINEAR_EXTRUSION.,.F.,.F.,.F.,(4,4),(2,2),
(0.484410015013307,0.945162614081038),(0.,1.),.PIECEWISE_BEZIER_KNOTS.);
#323=B_SPLINE_SURFACE_WITH_KNOTS('',3,1,((#9691,#9692),(#9693,#9694),(#9695,
#9696),(#9697,#9698)),.SURF_OF_LINEAR_EXTRUSION.,.F.,.F.,.F.,(4,4),(2,2),
(0.484410015013298,0.945162614081038),(0.,1.),.PIECEWISE_BEZIER_KNOTS.);
#324=B_SPLINE_SURFACE_WITH_KNOTS('',3,1,((#9735,#9736),(#9737,#9738),(#9739,
#9740),(#9741,#9742)),.SURF_OF_LINEAR_EXTRUSION.,.F.,.F.,.F.,(4,4),(2,2),
(0.484410015013304,0.945162614081038),(0.,1.),.PIECEWISE_BEZIER_KNOTS.);
#325=B_SPLINE_SURFACE_WITH_KNOTS('',3,1,((#9776,#9777),(#9778,#9779),(#9780,
#9781),(#9782,#9783)),.SURF_OF_LINEAR_EXTRUSION.,.F.,.F.,.F.,(4,4),(2,2),
(0.484410015013295,0.945162614081038),(0.,1.),.PIECEWISE_BEZIER_KNOTS.);
#326=B_SPLINE_SURFACE_WITH_KNOTS('',3,1,((#9820,#9821),(#9822,#9823),(#9824,
#9825),(#9826,#9827)),.SURF_OF_LINEAR_EXTRUSION.,.F.,.F.,.F.,(4,4),(2,2),
(0.484410015013315,0.945162614081038),(0.,1.),.PIECEWISE_BEZIER_KNOTS.);
#327=B_SPLINE_SURFACE_WITH_KNOTS('',3,1,((#9861,#9862),(#9863,#9864),(#9865,
#9866),(#9867,#9868)),.SURF_OF_LINEAR_EXTRUSION.,.F.,.F.,.F.,(4,4),(2,2),
(0.484410015013318,0.945162614081038),(0.,1.),.PIECEWISE_BEZIER_KNOTS.);
#328=B_SPLINE_SURFACE_WITH_KNOTS('',3,1,((#9905,#9906),(#9907,#9908),(#9909,
#9910),(#9911,#9912)),.SURF_OF_LINEAR_EXTRUSION.,.F.,.F.,.F.,(4,4),(2,2),
(0.484410015013302,0.945162614081038),(0.,1.),.PIECEWISE_BEZIER_KNOTS.);
#329=B_SPLINE_SURFACE_WITH_KNOTS('',3,1,((#9946,#9947),(#9948,#9949),(#9950,
#9951),(#9952,#9953)),.SURF_OF_LINEAR_EXTRUSION.,.F.,.F.,.F.,(4,4),(2,2),
(0.484410015013308,0.945162614081038),(0.,1.),.PIECEWISE_BEZIER_KNOTS.);
#330=B_SPLINE_SURFACE_WITH_KNOTS('',3,1,((#9990,#9991),(#9992,#9993),(#9994,
#9995),(#9996,#9997)),.SURF_OF_LINEAR_EXTRUSION.,.F.,.F.,.F.,(4,4),(2,2),
(0.484410015013302,0.945162614081038),(0.,1.),.PIECEWISE_BEZIER_KNOTS.);
#331=B_SPLINE_SURFACE_WITH_KNOTS('',3,1,((#10031,#10032),(#10033,#10034),
(#10035,#10036),(#10037,#10038)),.SURF_OF_LINEAR_EXTRUSION.,.F.,.F.,.F.,
(4,4),(2,2),(0.484410015013312,0.945162614081038),(0.,1.),
 .PIECEWISE_BEZIER_KNOTS.);
#332=B_SPLINE_SURFACE_WITH_KNOTS('',3,1,((#10075,#10076),(#10077,#10078),
(#10079,#10080),(#10081,#10082)),.SURF_OF_LINEAR_EXTRUSION.,.F.,.F.,.F.,
(4,4),(2,2),(0.484410015013306,0.945162614081038),(0.,1.),
 .PIECEWISE_BEZIER_KNOTS.);
#333=B_SPLINE_SURFACE_WITH_KNOTS('',3,1,((#10116,#10117),(#10118,#10119),
(#10120,#10121),(#10122,#10123)),.SURF_OF_LINEAR_EXTRUSION.,.F.,.F.,.F.,
(4,4),(2,2),(0.484410015013312,0.945162614081038),(0.,1.),
 .PIECEWISE_BEZIER_KNOTS.);
#334=B_SPLINE_SURFACE_WITH_KNOTS('',3,1,((#10160,#10161),(#10162,#10163),
(#10164,#10165),(#10166,#10167)),.SURF_OF_LINEAR_EXTRUSION.,.F.,.F.,.F.,
(4,4),(2,2),(0.484410015013296,0.945162614081038),(0.,1.),
 .PIECEWISE_BEZIER_KNOTS.);
#335=B_SPLINE_SURFACE_WITH_KNOTS('',3,1,((#10201,#10202),(#10203,#10204),
(#10205,#10206),(#10207,#10208)),.SURF_OF_LINEAR_EXTRUSION.,.F.,.F.,.F.,
(4,4),(2,2),(0.484410015013313,0.945162614081038),(0.,1.),
 .PIECEWISE_BEZIER_KNOTS.);
#336=B_SPLINE_SURFACE_WITH_KNOTS('',3,1,((#10245,#10246),(#10247,#10248),
(#10249,#10250),(#10251,#10252)),.SURF_OF_LINEAR_EXTRUSION.,.F.,.F.,.F.,
(4,4),(2,2),(0.484410015013316,0.945162614081038),(0.,1.),
 .PIECEWISE_BEZIER_KNOTS.);
#337=B_SPLINE_SURFACE_WITH_KNOTS('',3,1,((#10286,#10287),(#10288,#10289),
(#10290,#10291),(#10292,#10293)),.SURF_OF_LINEAR_EXTRUSION.,.F.,.F.,.F.,
(4,4),(2,2),(0.484410015013311,0.945162614081038),(0.,1.),
 .PIECEWISE_BEZIER_KNOTS.);
#338=B_SPLINE_SURFACE_WITH_KNOTS('',3,1,((#10330,#10331),(#10332,#10333),
(#10334,#10335),(#10336,#10337)),.SURF_OF_LINEAR_EXTRUSION.,.F.,.F.,.F.,
(4,4),(2,2),(0.484410015013302,0.945162614081038),(0.,1.),
 .PIECEWISE_BEZIER_KNOTS.);
#339=B_SPLINE_SURFACE_WITH_KNOTS('',3,1,((#10371,#10372),(#10373,#10374),
(#10375,#10376),(#10377,#10378)),.SURF_OF_LINEAR_EXTRUSION.,.F.,.F.,.F.,
(4,4),(2,2),(0.48441001501331,0.945162614081038),(0.,1.),
 .PIECEWISE_BEZIER_KNOTS.);
#340=B_SPLINE_SURFACE_WITH_KNOTS('',3,1,((#10415,#10416),(#10417,#10418),
(#10419,#10420),(#10421,#10422)),.SURF_OF_LINEAR_EXTRUSION.,.F.,.F.,.F.,
(4,4),(2,2),(0.484410015013303,0.945162614081038),(0.,1.),
 .PIECEWISE_BEZIER_KNOTS.);
#341=B_SPLINE_SURFACE_WITH_KNOTS('',3,1,((#10456,#10457),(#10458,#10459),
(#10460,#10461),(#10462,#10463)),.SURF_OF_LINEAR_EXTRUSION.,.F.,.F.,.F.,
(4,4),(2,2),(0.484410015013311,0.945162614081038),(0.,1.),
 .PIECEWISE_BEZIER_KNOTS.);
#342=B_SPLINE_SURFACE_WITH_KNOTS('',3,1,((#10500,#10501),(#10502,#10503),
(#10504,#10505),(#10506,#10507)),.SURF_OF_LINEAR_EXTRUSION.,.F.,.F.,.F.,
(4,4),(2,2),(0.484410015013311,0.945162614081038),(0.,1.),
 .PIECEWISE_BEZIER_KNOTS.);
#343=B_SPLINE_SURFACE_WITH_KNOTS('',3,1,((#10541,#10542),(#10543,#10544),
(#10545,#10546),(#10547,#10548)),.SURF_OF_LINEAR_EXTRUSION.,.F.,.F.,.F.,
(4,4),(2,2),(0.48441001501331,0.945162614081038),(0.,1.),
 .PIECEWISE_BEZIER_KNOTS.);
#344=B_SPLINE_SURFACE_WITH_KNOTS('',3,1,((#10585,#10586),(#10587,#10588),
(#10589,#10590),(#10591,#10592)),.SURF_OF_LINEAR_EXTRUSION.,.F.,.F.,.F.,
(4,4),(2,2),(0.484410015013298,0.945162614081038),(0.,1.),
 .PIECEWISE_BEZIER_KNOTS.);
#345=B_SPLINE_SURFACE_WITH_KNOTS('',3,1,((#10626,#10627),(#10628,#10629),
(#10630,#10631),(#10632,#10633)),.SURF_OF_LINEAR_EXTRUSION.,.F.,.F.,.F.,
(4,4),(2,2),(0.484410015013311,0.945162614081038),(0.,1.),
 .PIECEWISE_BEZIER_KNOTS.);
#346=B_SPLINE_SURFACE_WITH_KNOTS('',3,1,((#10670,#10671),(#10672,#10673),
(#10674,#10675),(#10676,#10677)),.SURF_OF_LINEAR_EXTRUSION.,.F.,.F.,.F.,
(4,4),(2,2),(0.484410015013304,0.945162614081038),(0.,1.),
 .PIECEWISE_BEZIER_KNOTS.);
#347=B_SPLINE_SURFACE_WITH_KNOTS('',3,1,((#10711,#10712),(#10713,#10714),
(#10715,#10716),(#10717,#10718)),.SURF_OF_LINEAR_EXTRUSION.,.F.,.F.,.F.,
(4,4),(2,2),(0.484410015013312,0.945162614081038),(0.,1.),
 .PIECEWISE_BEZIER_KNOTS.);
#348=B_SPLINE_SURFACE_WITH_KNOTS('',3,1,((#10755,#10756),(#10757,#10758),
(#10759,#10760),(#10761,#10762)),.SURF_OF_LINEAR_EXTRUSION.,.F.,.F.,.F.,
(4,4),(2,2),(0.484410015013302,0.945162614081038),(0.,1.),
 .PIECEWISE_BEZIER_KNOTS.);
#349=B_SPLINE_SURFACE_WITH_KNOTS('',3,1,((#10796,#10797),(#10798,#10799),
(#10800,#10801),(#10802,#10803)),.SURF_OF_LINEAR_EXTRUSION.,.F.,.F.,.F.,
(4,4),(2,2),(0.484410015013309,0.945162614081038),(0.,1.),
 .PIECEWISE_BEZIER_KNOTS.);
#350=B_SPLINE_SURFACE_WITH_KNOTS('',3,1,((#10840,#10841),(#10842,#10843),
(#10844,#10845),(#10846,#10847)),.SURF_OF_LINEAR_EXTRUSION.,.F.,.F.,.F.,
(4,4),(2,2),(0.484410015013297,0.945162614081038),(0.,1.),
 .PIECEWISE_BEZIER_KNOTS.);
#351=B_SPLINE_SURFACE_WITH_KNOTS('',3,1,((#10881,#10882),(#10883,#10884),
(#10885,#10886),(#10887,#10888)),.SURF_OF_LINEAR_EXTRUSION.,.F.,.F.,.F.,
(4,4),(2,2),(0.484410015013298,0.945162614081038),(0.,1.),
 .PIECEWISE_BEZIER_KNOTS.);
#352=B_SPLINE_SURFACE_WITH_KNOTS('',3,1,((#10925,#10926),(#10927,#10928),
(#10929,#10930),(#10931,#10932)),.SURF_OF_LINEAR_EXTRUSION.,.F.,.F.,.F.,
(4,4),(2,2),(0.484410015013309,0.945162614081038),(0.,1.),
 .PIECEWISE_BEZIER_KNOTS.);
#353=B_SPLINE_SURFACE_WITH_KNOTS('',3,1,((#10966,#10967),(#10968,#10969),
(#10970,#10971),(#10972,#10973)),.SURF_OF_LINEAR_EXTRUSION.,.F.,.F.,.F.,
(4,4),(2,2),(0.484410015013303,0.945162614081038),(0.,1.),
 .PIECEWISE_BEZIER_KNOTS.);
#354=B_SPLINE_SURFACE_WITH_KNOTS('',3,1,((#11010,#11011),(#11012,#11013),
(#11014,#11015),(#11016,#11017)),.SURF_OF_LINEAR_EXTRUSION.,.F.,.F.,.F.,
(4,4),(2,2),(0.484410015013292,0.945162614081038),(0.,1.),
 .PIECEWISE_BEZIER_KNOTS.);
#355=B_SPLINE_SURFACE_WITH_KNOTS('',3,1,((#11051,#11052),(#11053,#11054),
(#11055,#11056),(#11057,#11058)),.SURF_OF_LINEAR_EXTRUSION.,.F.,.F.,.F.,
(4,4),(2,2),(0.484410015013307,0.945162614081038),(0.,1.),
 .PIECEWISE_BEZIER_KNOTS.);
#356=B_SPLINE_SURFACE_WITH_KNOTS('',3,1,((#11095,#11096),(#11097,#11098),
(#11099,#11100),(#11101,#11102)),.SURF_OF_LINEAR_EXTRUSION.,.F.,.F.,.F.,
(4,4),(2,2),(0.48441001501331,0.945162614081038),(0.,1.),
 .PIECEWISE_BEZIER_KNOTS.);
#357=B_SPLINE_SURFACE_WITH_KNOTS('',3,1,((#11136,#11137),(#11138,#11139),
(#11140,#11141),(#11142,#11143)),.SURF_OF_LINEAR_EXTRUSION.,.F.,.F.,.F.,
(4,4),(2,2),(0.484410015013312,0.945162614081038),(0.,1.),
 .PIECEWISE_BEZIER_KNOTS.);
#358=B_SPLINE_SURFACE_WITH_KNOTS('',3,1,((#11180,#11181),(#11182,#11183),
(#11184,#11185),(#11186,#11187)),.SURF_OF_LINEAR_EXTRUSION.,.F.,.F.,.F.,
(4,4),(2,2),(0.484410015013289,0.945162614081038),(0.,1.),
 .PIECEWISE_BEZIER_KNOTS.);
#359=B_SPLINE_SURFACE_WITH_KNOTS('',3,1,((#11221,#11222),(#11223,#11224),
(#11225,#11226),(#11227,#11228)),.SURF_OF_LINEAR_EXTRUSION.,.F.,.F.,.F.,
(4,4),(2,2),(0.484410015013309,0.945162614081038),(0.,1.),
 .PIECEWISE_BEZIER_KNOTS.);
#360=B_SPLINE_SURFACE_WITH_KNOTS('',3,1,((#11265,#11266),(#11267,#11268),
(#11269,#11270),(#11271,#11272)),.SURF_OF_LINEAR_EXTRUSION.,.F.,.F.,.F.,
(4,4),(2,2),(0.484410015013297,0.945162614081038),(0.,1.),
 .PIECEWISE_BEZIER_KNOTS.);
#361=B_SPLINE_SURFACE_WITH_KNOTS('',3,1,((#11306,#11307),(#11308,#11309),
(#11310,#11311),(#11312,#11313)),.SURF_OF_LINEAR_EXTRUSION.,.F.,.F.,.F.,
(4,4),(2,2),(0.484410015013307,0.945162614081038),(0.,1.),
 .PIECEWISE_BEZIER_KNOTS.);
#362=B_SPLINE_SURFACE_WITH_KNOTS('',3,1,((#11350,#11351),(#11352,#11353),
(#11354,#11355),(#11356,#11357)),.SURF_OF_LINEAR_EXTRUSION.,.F.,.F.,.F.,
(4,4),(2,2),(0.484410015013318,0.945162614081038),(0.,1.),
 .PIECEWISE_BEZIER_KNOTS.);
#363=B_SPLINE_SURFACE_WITH_KNOTS('',3,1,((#11391,#11392),(#11393,#11394),
(#11395,#11396),(#11397,#11398)),.SURF_OF_LINEAR_EXTRUSION.,.F.,.F.,.F.,
(4,4),(2,2),(0.484410015013303,0.945162614081038),(0.,1.),
 .PIECEWISE_BEZIER_KNOTS.);
#364=B_SPLINE_SURFACE_WITH_KNOTS('',3,1,((#11435,#11436),(#11437,#11438),
(#11439,#11440),(#11441,#11442)),.SURF_OF_LINEAR_EXTRUSION.,.F.,.F.,.F.,
(4,4),(2,2),(0.484410015013389,0.945162614081038),(0.,1.),
 .PIECEWISE_BEZIER_KNOTS.);
#365=B_SPLINE_SURFACE_WITH_KNOTS('',3,1,((#11476,#11477),(#11478,#11479),
(#11480,#11481),(#11482,#11483)),.SURF_OF_LINEAR_EXTRUSION.,.F.,.F.,.F.,
(4,4),(2,2),(0.484410015013312,0.945162614081038),(0.,1.),
 .PIECEWISE_BEZIER_KNOTS.);
#366=B_SPLINE_SURFACE_WITH_KNOTS('',3,1,((#11520,#11521),(#11522,#11523),
(#11524,#11525),(#11526,#11527)),.SURF_OF_LINEAR_EXTRUSION.,.F.,.F.,.F.,
(4,4),(2,2),(0.484410015013384,0.945162614081038),(0.,1.),
 .PIECEWISE_BEZIER_KNOTS.);
#367=B_SPLINE_SURFACE_WITH_KNOTS('',3,1,((#11561,#11562),(#11563,#11564),
(#11565,#11566),(#11567,#11568)),.SURF_OF_LINEAR_EXTRUSION.,.F.,.F.,.F.,
(4,4),(2,2),(0.48441001501329,0.945162614081038),(0.,1.),
 .PIECEWISE_BEZIER_KNOTS.);
#368=B_SPLINE_SURFACE_WITH_KNOTS('',3,1,((#11605,#11606),(#11607,#11608),
(#11609,#11610),(#11611,#11612)),.SURF_OF_LINEAR_EXTRUSION.,.F.,.F.,.F.,
(4,4),(2,2),(0.484410015013361,0.945162614081038),(0.,1.),
 .PIECEWISE_BEZIER_KNOTS.);
#369=B_SPLINE_SURFACE_WITH_KNOTS('',3,1,((#11646,#11647),(#11648,#11649),
(#11650,#11651),(#11652,#11653)),.SURF_OF_LINEAR_EXTRUSION.,.F.,.F.,.F.,
(4,4),(2,2),(0.484410015013307,0.945162614081038),(0.,1.),
 .PIECEWISE_BEZIER_KNOTS.);
#370=B_SPLINE_SURFACE_WITH_KNOTS('',3,1,((#11690,#11691),(#11692,#11693),
(#11694,#11695),(#11696,#11697)),.SURF_OF_LINEAR_EXTRUSION.,.F.,.F.,.F.,
(4,4),(2,2),(0.484410015013356,0.945162614081038),(0.,1.),
 .PIECEWISE_BEZIER_KNOTS.);
#371=B_SPLINE_SURFACE_WITH_KNOTS('',3,1,((#11731,#11732),(#11733,#11734),
(#11735,#11736),(#11737,#11738)),.SURF_OF_LINEAR_EXTRUSION.,.F.,.F.,.F.,
(4,4),(2,2),(0.484410015013325,0.945162614081038),(0.,1.),
 .PIECEWISE_BEZIER_KNOTS.);
#372=B_SPLINE_SURFACE_WITH_KNOTS('',3,1,((#11775,#11776),(#11777,#11778),
(#11779,#11780),(#11781,#11782)),.SURF_OF_LINEAR_EXTRUSION.,.F.,.F.,.F.,
(4,4),(2,2),(0.484410015013355,0.945162614081038),(0.,1.),
 .PIECEWISE_BEZIER_KNOTS.);
#373=B_SPLINE_SURFACE_WITH_KNOTS('',3,1,((#11816,#11817),(#11818,#11819),
(#11820,#11821),(#11822,#11823)),.SURF_OF_LINEAR_EXTRUSION.,.F.,.F.,.F.,
(4,4),(2,2),(0.484410015013298,0.945162614081038),(0.,1.),
 .PIECEWISE_BEZIER_KNOTS.);
#374=B_SPLINE_SURFACE_WITH_KNOTS('',3,1,((#11860,#11861),(#11862,#11863),
(#11864,#11865),(#11866,#11867)),.SURF_OF_LINEAR_EXTRUSION.,.F.,.F.,.F.,
(4,4),(2,2),(0.484410015013291,0.945162614081038),(0.,1.),
 .PIECEWISE_BEZIER_KNOTS.);
#375=B_SPLINE_SURFACE_WITH_KNOTS('',3,1,((#11901,#11902),(#11903,#11904),
(#11905,#11906),(#11907,#11908)),.SURF_OF_LINEAR_EXTRUSION.,.F.,.F.,.F.,
(4,4),(2,2),(0.484410015013331,0.945162614081038),(0.,1.),
 .PIECEWISE_BEZIER_KNOTS.);
#376=B_SPLINE_SURFACE_WITH_KNOTS('',3,1,((#11945,#11946),(#11947,#11948),
(#11949,#11950),(#11951,#11952)),.SURF_OF_LINEAR_EXTRUSION.,.F.,.F.,.F.,
(4,4),(2,2),(0.484410015013359,0.945162614081038),(0.,1.),
 .PIECEWISE_BEZIER_KNOTS.);
#377=B_SPLINE_SURFACE_WITH_KNOTS('',3,1,((#11986,#11987),(#11988,#11989),
(#11990,#11991),(#11992,#11993)),.SURF_OF_LINEAR_EXTRUSION.,.F.,.F.,.F.,
(4,4),(2,2),(0.4844100150133,0.945162614081038),(0.,1.),
 .PIECEWISE_BEZIER_KNOTS.);
#378=B_SPLINE_SURFACE_WITH_KNOTS('',3,1,((#12030,#12031),(#12032,#12033),
(#12034,#12035),(#12036,#12037)),.SURF_OF_LINEAR_EXTRUSION.,.F.,.F.,.F.,
(4,4),(2,2),(0.484410015013378,0.945162614081038),(0.,1.),
 .PIECEWISE_BEZIER_KNOTS.);
#379=B_SPLINE_SURFACE_WITH_KNOTS('',3,1,((#12071,#12072),(#12073,#12074),
(#12075,#12076),(#12077,#12078)),.SURF_OF_LINEAR_EXTRUSION.,.F.,.F.,.F.,
(4,4),(2,2),(0.484410015013321,0.945162614081038),(0.,1.),
 .PIECEWISE_BEZIER_KNOTS.);
#380=B_SPLINE_SURFACE_WITH_KNOTS('',3,1,((#12115,#12116),(#12117,#12118),
(#12119,#12120),(#12121,#12122)),.SURF_OF_LINEAR_EXTRUSION.,.F.,.F.,.F.,
(4,4),(2,2),(0.48441001501337,0.945162614081038),(0.,1.),
 .PIECEWISE_BEZIER_KNOTS.);
#381=B_SPLINE_SURFACE_WITH_KNOTS('',3,1,((#12156,#12157),(#12158,#12159),
(#12160,#12161),(#12162,#12163)),.SURF_OF_LINEAR_EXTRUSION.,.F.,.F.,.F.,
(4,4),(2,2),(0.484410015013311,0.945162614081038),(0.,1.),
 .PIECEWISE_BEZIER_KNOTS.);
#382=B_SPLINE_SURFACE_WITH_KNOTS('',3,1,((#12200,#12201),(#12202,#12203),
(#12204,#12205),(#12206,#12207)),.SURF_OF_LINEAR_EXTRUSION.,.F.,.F.,.F.,
(4,4),(2,2),(0.484410015013379,0.945162614081038),(0.,1.),
 .PIECEWISE_BEZIER_KNOTS.);
#383=B_SPLINE_SURFACE_WITH_KNOTS('',3,1,((#12241,#12242),(#12243,#12244),
(#12245,#12246),(#12247,#12248)),.SURF_OF_LINEAR_EXTRUSION.,.F.,.F.,.F.,
(4,4),(2,2),(0.484410015013313,0.945162614081038),(0.,1.),
 .PIECEWISE_BEZIER_KNOTS.);
#384=B_SPLINE_SURFACE_WITH_KNOTS('',3,1,((#12285,#12286),(#12287,#12288),
(#12289,#12290),(#12291,#12292)),.SURF_OF_LINEAR_EXTRUSION.,.F.,.F.,.F.,
(4,4),(2,2),(0.484410015013351,0.945162614081038),(0.,1.),
 .PIECEWISE_BEZIER_KNOTS.);
#385=B_SPLINE_SURFACE_WITH_KNOTS('',3,1,((#12326,#12327),(#12328,#12329),
(#12330,#12331),(#12332,#12333)),.SURF_OF_LINEAR_EXTRUSION.,.F.,.F.,.F.,
(4,4),(2,2),(0.484410015013308,0.945162614081038),(0.,1.),
 .PIECEWISE_BEZIER_KNOTS.);
#386=B_SPLINE_SURFACE_WITH_KNOTS('',3,1,((#12370,#12371),(#12372,#12373),
(#12374,#12375),(#12376,#12377)),.SURF_OF_LINEAR_EXTRUSION.,.F.,.F.,.F.,
(4,4),(2,2),(0.48441001501335,0.945162614081038),(0.,1.),
 .PIECEWISE_BEZIER_KNOTS.);
#387=B_SPLINE_SURFACE_WITH_KNOTS('',3,1,((#12411,#12412),(#12413,#12414),
(#12415,#12416),(#12417,#12418)),.SURF_OF_LINEAR_EXTRUSION.,.F.,.F.,.F.,
(4,4),(2,2),(0.484410015013298,0.945162614081038),(0.,1.),
 .PIECEWISE_BEZIER_KNOTS.);
#388=B_SPLINE_SURFACE_WITH_KNOTS('',3,1,((#12455,#12456),(#12457,#12458),
(#12459,#12460),(#12461,#12462)),.SURF_OF_LINEAR_EXTRUSION.,.F.,.F.,.F.,
(4,4),(2,2),(0.484410015013372,0.945162614081038),(0.,1.),
 .PIECEWISE_BEZIER_KNOTS.);
#389=B_SPLINE_SURFACE_WITH_KNOTS('',3,1,((#12496,#12497),(#12498,#12499),
(#12500,#12501),(#12502,#12503)),.SURF_OF_LINEAR_EXTRUSION.,.F.,.F.,.F.,
(4,4),(2,2),(0.484410015013301,0.945162614081038),(0.,1.),
 .PIECEWISE_BEZIER_KNOTS.);
#390=B_SPLINE_SURFACE_WITH_KNOTS('',3,1,((#12540,#12541),(#12542,#12543),
(#12544,#12545),(#12546,#12547)),.SURF_OF_LINEAR_EXTRUSION.,.F.,.F.,.F.,
(4,4),(2,2),(0.484410015013374,0.945162614081038),(0.,1.),
 .PIECEWISE_BEZIER_KNOTS.);
#391=B_SPLINE_SURFACE_WITH_KNOTS('',3,1,((#12581,#12582),(#12583,#12584),
(#12585,#12586),(#12587,#12588)),.SURF_OF_LINEAR_EXTRUSION.,.F.,.F.,.F.,
(4,4),(2,2),(0.484410015013325,0.945162614081038),(0.,1.),
 .PIECEWISE_BEZIER_KNOTS.);
#392=B_SPLINE_SURFACE_WITH_KNOTS('',3,1,((#12625,#12626),(#12627,#12628),
(#12629,#12630),(#12631,#12632)),.SURF_OF_LINEAR_EXTRUSION.,.F.,.F.,.F.,
(4,4),(2,2),(0.484410015013369,0.945162614081038),(0.,1.),
 .PIECEWISE_BEZIER_KNOTS.);
#393=B_SPLINE_SURFACE_WITH_KNOTS('',3,1,((#12666,#12667),(#12668,#12669),
(#12670,#12671),(#12672,#12673)),.SURF_OF_LINEAR_EXTRUSION.,.F.,.F.,.F.,
(4,4),(2,2),(0.484410015013315,0.945162614081038),(0.,1.),
 .PIECEWISE_BEZIER_KNOTS.);
#394=B_SPLINE_SURFACE_WITH_KNOTS('',3,1,((#12710,#12711),(#12712,#12713),
(#12714,#12715),(#12716,#12717)),.SURF_OF_LINEAR_EXTRUSION.,.F.,.F.,.F.,
(4,4),(2,2),(0.484410015013363,0.945162614081038),(0.,1.),
 .PIECEWISE_BEZIER_KNOTS.);
#395=B_SPLINE_SURFACE_WITH_KNOTS('',3,1,((#12751,#12752),(#12753,#12754),
(#12755,#12756),(#12757,#12758)),.SURF_OF_LINEAR_EXTRUSION.,.F.,.F.,.F.,
(4,4),(2,2),(0.484410015013308,0.945162614081038),(0.,1.),
 .PIECEWISE_BEZIER_KNOTS.);
#396=B_SPLINE_SURFACE_WITH_KNOTS('',3,1,((#12795,#12796),(#12797,#12798),
(#12799,#12800),(#12801,#12802)),.SURF_OF_LINEAR_EXTRUSION.,.F.,.F.,.F.,
(4,4),(2,2),(0.48441001501337,0.945162614081038),(0.,1.),
 .PIECEWISE_BEZIER_KNOTS.);
#397=B_SPLINE_SURFACE_WITH_KNOTS('',3,1,((#12836,#12837),(#12838,#12839),
(#12840,#12841),(#12842,#12843)),.SURF_OF_LINEAR_EXTRUSION.,.F.,.F.,.F.,
(4,4),(2,2),(0.484410015013296,0.945162614081038),(0.,1.),
 .PIECEWISE_BEZIER_KNOTS.);
#398=B_SPLINE_SURFACE_WITH_KNOTS('',3,1,((#12880,#12881),(#12882,#12883),
(#12884,#12885),(#12886,#12887)),.SURF_OF_LINEAR_EXTRUSION.,.F.,.F.,.F.,
(4,4),(2,2),(0.484410015013366,0.945162614081038),(0.,1.),
 .PIECEWISE_BEZIER_KNOTS.);
#399=B_SPLINE_SURFACE_WITH_KNOTS('',3,1,((#12921,#12922),(#12923,#12924),
(#12925,#12926),(#12927,#12928)),.SURF_OF_LINEAR_EXTRUSION.,.F.,.F.,.F.,
(4,4),(2,2),(0.484410015013311,0.945162614081038),(0.,1.),
 .PIECEWISE_BEZIER_KNOTS.);
#400=B_SPLINE_SURFACE_WITH_KNOTS('',3,1,((#12965,#12966),(#12967,#12968),
(#12969,#12970),(#12971,#12972)),.SURF_OF_LINEAR_EXTRUSION.,.F.,.F.,.F.,
(4,4),(2,2),(0.484410015013371,0.945162614081038),(0.,1.),
 .PIECEWISE_BEZIER_KNOTS.);
#401=B_SPLINE_SURFACE_WITH_KNOTS('',3,1,((#13006,#13007),(#13008,#13009),
(#13010,#13011),(#13012,#13013)),.SURF_OF_LINEAR_EXTRUSION.,.F.,.F.,.F.,
(4,4),(2,2),(0.484410015013328,0.945162614081038),(0.,1.),
 .PIECEWISE_BEZIER_KNOTS.);
#402=B_SPLINE_SURFACE_WITH_KNOTS('',3,1,((#13050,#13051),(#13052,#13053),
(#13054,#13055),(#13056,#13057)),.SURF_OF_LINEAR_EXTRUSION.,.F.,.F.,.F.,
(4,4),(2,2),(0.484410015013364,0.945162614081038),(0.,1.),
 .PIECEWISE_BEZIER_KNOTS.);
#403=B_SPLINE_SURFACE_WITH_KNOTS('',3,1,((#13091,#13092),(#13093,#13094),
(#13095,#13096),(#13097,#13098)),.SURF_OF_LINEAR_EXTRUSION.,.F.,.F.,.F.,
(4,4),(2,2),(0.484410015013306,0.945162614081038),(0.,1.),
 .PIECEWISE_BEZIER_KNOTS.);
#404=B_SPLINE_SURFACE_WITH_KNOTS('',3,1,((#13135,#13136),(#13137,#13138),
(#13139,#13140),(#13141,#13142)),.SURF_OF_LINEAR_EXTRUSION.,.F.,.F.,.F.,
(4,4),(2,2),(0.484410015013379,0.945162614081038),(0.,1.),
 .PIECEWISE_BEZIER_KNOTS.);
#405=B_SPLINE_SURFACE_WITH_KNOTS('',3,1,((#13176,#13177),(#13178,#13179),
(#13180,#13181),(#13182,#13183)),.SURF_OF_LINEAR_EXTRUSION.,.F.,.F.,.F.,
(4,4),(2,2),(0.484410015013326,0.945162614081038),(0.,1.),
 .PIECEWISE_BEZIER_KNOTS.);
#406=B_SPLINE_SURFACE_WITH_KNOTS('',3,1,((#13220,#13221),(#13222,#13223),
(#13224,#13225),(#13226,#13227)),.SURF_OF_LINEAR_EXTRUSION.,.F.,.F.,.F.,
(4,4),(2,2),(0.484410015013362,0.945162614081038),(0.,1.),
 .PIECEWISE_BEZIER_KNOTS.);
#407=B_SPLINE_SURFACE_WITH_KNOTS('',3,1,((#13261,#13262),(#13263,#13264),
(#13265,#13266),(#13267,#13268)),.SURF_OF_LINEAR_EXTRUSION.,.F.,.F.,.F.,
(4,4),(2,2),(0.484410015013305,0.945162614081038),(0.,1.),
 .PIECEWISE_BEZIER_KNOTS.);
#408=B_SPLINE_SURFACE_WITH_KNOTS('',3,1,((#13305,#13306),(#13307,#13308),
(#13309,#13310),(#13311,#13312)),.SURF_OF_LINEAR_EXTRUSION.,.F.,.F.,.F.,
(4,4),(2,2),(0.484410015013357,0.945162614081038),(0.,1.),
 .PIECEWISE_BEZIER_KNOTS.);
#409=B_SPLINE_SURFACE_WITH_KNOTS('',3,1,((#13346,#13347),(#13348,#13349),
(#13350,#13351),(#13352,#13353)),.SURF_OF_LINEAR_EXTRUSION.,.F.,.F.,.F.,
(4,4),(2,2),(0.484410015013303,0.945162614081038),(0.,1.),
 .PIECEWISE_BEZIER_KNOTS.);
#410=B_SPLINE_SURFACE_WITH_KNOTS('',3,1,((#13390,#13391),(#13392,#13393),
(#13394,#13395),(#13396,#13397)),.SURF_OF_LINEAR_EXTRUSION.,.F.,.F.,.F.,
(4,4),(2,2),(0.484410015013361,0.945162614081038),(0.,1.),
 .PIECEWISE_BEZIER_KNOTS.);
#411=B_SPLINE_SURFACE_WITH_KNOTS('',3,1,((#13431,#13432),(#13433,#13434),
(#13435,#13436),(#13437,#13438)),.SURF_OF_LINEAR_EXTRUSION.,.F.,.F.,.F.,
(4,4),(2,2),(0.484410015013306,0.945162614081038),(0.,1.),
 .PIECEWISE_BEZIER_KNOTS.);
#412=B_SPLINE_SURFACE_WITH_KNOTS('',3,1,((#13475,#13476),(#13477,#13478),
(#13479,#13480),(#13481,#13482)),.SURF_OF_LINEAR_EXTRUSION.,.F.,.F.,.F.,
(4,4),(2,2),(0.484410015013369,0.945162614081038),(0.,1.),
 .PIECEWISE_BEZIER_KNOTS.);
#413=B_SPLINE_SURFACE_WITH_KNOTS('',3,1,((#13516,#13517),(#13518,#13519),
(#13520,#13521),(#13522,#13523)),.SURF_OF_LINEAR_EXTRUSION.,.F.,.F.,.F.,
(4,4),(2,2),(0.484410015013304,0.945162614081038),(0.,1.),
 .PIECEWISE_BEZIER_KNOTS.);
#414=B_SPLINE_SURFACE_WITH_KNOTS('',3,1,((#13560,#13561),(#13562,#13563),
(#13564,#13565),(#13566,#13567)),.SURF_OF_LINEAR_EXTRUSION.,.F.,.F.,.F.,
(4,4),(2,2),(0.484410015013365,0.945162614081038),(0.,1.),
 .PIECEWISE_BEZIER_KNOTS.);
#415=B_SPLINE_SURFACE_WITH_KNOTS('',3,1,((#13601,#13602),(#13603,#13604),
(#13605,#13606),(#13607,#13608)),.SURF_OF_LINEAR_EXTRUSION.,.F.,.F.,.F.,
(4,4),(2,2),(0.484410015013303,0.945162614081038),(0.,1.),
 .PIECEWISE_BEZIER_KNOTS.);
#416=B_SPLINE_SURFACE_WITH_KNOTS('',3,1,((#13645,#13646),(#13647,#13648),
(#13649,#13650),(#13651,#13652)),.SURF_OF_LINEAR_EXTRUSION.,.F.,.F.,.F.,
(4,4),(2,2),(0.484410015013366,0.945162614081038),(0.,1.),
 .PIECEWISE_BEZIER_KNOTS.);
#417=B_SPLINE_SURFACE_WITH_KNOTS('',3,1,((#13686,#13687),(#13688,#13689),
(#13690,#13691),(#13692,#13693)),.SURF_OF_LINEAR_EXTRUSION.,.F.,.F.,.F.,
(4,4),(2,2),(0.484410015013315,0.945162614081038),(0.,1.),
 .PIECEWISE_BEZIER_KNOTS.);
#418=B_SPLINE_SURFACE_WITH_KNOTS('',3,1,((#13730,#13731),(#13732,#13733),
(#13734,#13735),(#13736,#13737)),.SURF_OF_LINEAR_EXTRUSION.,.F.,.F.,.F.,
(4,4),(2,2),(0.484410015013364,0.945162614081038),(0.,1.),
 .PIECEWISE_BEZIER_KNOTS.);
#419=B_SPLINE_SURFACE_WITH_KNOTS('',3,1,((#13771,#13772),(#13773,#13774),
(#13775,#13776),(#13777,#13778)),.SURF_OF_LINEAR_EXTRUSION.,.F.,.F.,.F.,
(4,4),(2,2),(0.484410015013312,0.945162614081038),(0.,1.),
 .PIECEWISE_BEZIER_KNOTS.);
#420=B_SPLINE_SURFACE_WITH_KNOTS('',3,1,((#13815,#13816),(#13817,#13818),
(#13819,#13820),(#13821,#13822)),.SURF_OF_LINEAR_EXTRUSION.,.F.,.F.,.F.,
(4,4),(2,2),(0.484410015013367,0.945162614081038),(0.,1.),
 .PIECEWISE_BEZIER_KNOTS.);
#421=B_SPLINE_SURFACE_WITH_KNOTS('',3,1,((#13856,#13857),(#13858,#13859),
(#13860,#13861),(#13862,#13863)),.SURF_OF_LINEAR_EXTRUSION.,.F.,.F.,.F.,
(4,4),(2,2),(0.484410015013308,0.945162614081038),(0.,1.),
 .PIECEWISE_BEZIER_KNOTS.);
#422=B_SPLINE_SURFACE_WITH_KNOTS('',3,1,((#13900,#13901),(#13902,#13903),
(#13904,#13905),(#13906,#13907)),.SURF_OF_LINEAR_EXTRUSION.,.F.,.F.,.F.,
(4,4),(2,2),(0.484410015013366,0.945162614081038),(0.,1.),
 .PIECEWISE_BEZIER_KNOTS.);
#423=B_SPLINE_SURFACE_WITH_KNOTS('',3,1,((#13941,#13942),(#13943,#13944),
(#13945,#13946),(#13947,#13948)),.SURF_OF_LINEAR_EXTRUSION.,.F.,.F.,.F.,
(4,4),(2,2),(0.48441001501331,0.945162614081038),(0.,1.),
 .PIECEWISE_BEZIER_KNOTS.);
#424=B_SPLINE_SURFACE_WITH_KNOTS('',3,1,((#13985,#13986),(#13987,#13988),
(#13989,#13990),(#13991,#13992)),.SURF_OF_LINEAR_EXTRUSION.,.F.,.F.,.F.,
(4,4),(2,2),(0.484410015013365,0.945162614081038),(0.,1.),
 .PIECEWISE_BEZIER_KNOTS.);
#425=B_SPLINE_SURFACE_WITH_KNOTS('',3,1,((#14026,#14027),(#14028,#14029),
(#14030,#14031),(#14032,#14033)),.SURF_OF_LINEAR_EXTRUSION.,.F.,.F.,.F.,
(4,4),(2,2),(0.484410015013311,0.945162614081038),(0.,1.),
 .PIECEWISE_BEZIER_KNOTS.);
#426=B_SPLINE_SURFACE_WITH_KNOTS('',3,1,((#14070,#14071),(#14072,#14073),
(#14074,#14075),(#14076,#14077)),.SURF_OF_LINEAR_EXTRUSION.,.F.,.F.,.F.,
(4,4),(2,2),(0.484410015013364,0.945162614081038),(0.,1.),
 .PIECEWISE_BEZIER_KNOTS.);
#427=B_SPLINE_SURFACE_WITH_KNOTS('',3,1,((#14111,#14112),(#14113,#14114),
(#14115,#14116),(#14117,#14118)),.SURF_OF_LINEAR_EXTRUSION.,.F.,.F.,.F.,
(4,4),(2,2),(0.484410015013309,0.945162614081038),(0.,1.),
 .PIECEWISE_BEZIER_KNOTS.);
#428=B_SPLINE_SURFACE_WITH_KNOTS('',3,1,((#14155,#14156),(#14157,#14158),
(#14159,#14160),(#14161,#14162)),.SURF_OF_LINEAR_EXTRUSION.,.F.,.F.,.F.,
(4,4),(2,2),(0.484410015013363,0.945162614081038),(0.,1.),
 .PIECEWISE_BEZIER_KNOTS.);
#429=B_SPLINE_SURFACE_WITH_KNOTS('',3,1,((#14196,#14197),(#14198,#14199),
(#14200,#14201),(#14202,#14203)),.SURF_OF_LINEAR_EXTRUSION.,.F.,.F.,.F.,
(4,4),(2,2),(0.48441001501331,0.945162614081038),(0.,1.),
 .PIECEWISE_BEZIER_KNOTS.);
#430=B_SPLINE_SURFACE_WITH_KNOTS('',3,1,((#14240,#14241),(#14242,#14243),
(#14244,#14245),(#14246,#14247)),.SURF_OF_LINEAR_EXTRUSION.,.F.,.F.,.F.,
(4,4),(2,2),(0.484410015013368,0.945162614081038),(0.,1.),
 .PIECEWISE_BEZIER_KNOTS.);
#431=B_SPLINE_SURFACE_WITH_KNOTS('',3,1,((#14281,#14282),(#14283,#14284),
(#14285,#14286),(#14287,#14288)),.SURF_OF_LINEAR_EXTRUSION.,.F.,.F.,.F.,
(4,4),(2,2),(0.48441001501331,0.945162614081038),(0.,1.),
 .PIECEWISE_BEZIER_KNOTS.);
#432=B_SPLINE_SURFACE_WITH_KNOTS('',3,1,((#14325,#14326),(#14327,#14328),
(#14329,#14330),(#14331,#14332)),.SURF_OF_LINEAR_EXTRUSION.,.F.,.F.,.F.,
(4,4),(2,2),(0.48441001501336,0.945162614081038),(0.,1.),
 .PIECEWISE_BEZIER_KNOTS.);
#433=B_SPLINE_SURFACE_WITH_KNOTS('',3,1,((#14366,#14367),(#14368,#14369),
(#14370,#14371),(#14372,#14373)),.SURF_OF_LINEAR_EXTRUSION.,.F.,.F.,.F.,
(4,4),(2,2),(0.484410015013309,0.945162614081038),(0.,1.),
 .PIECEWISE_BEZIER_KNOTS.);
#434=B_SPLINE_SURFACE_WITH_KNOTS('',3,1,((#14410,#14411),(#14412,#14413),
(#14414,#14415),(#14416,#14417)),.SURF_OF_LINEAR_EXTRUSION.,.F.,.F.,.F.,
(4,4),(2,2),(0.484410015013366,0.945162614081038),(0.,1.),
 .PIECEWISE_BEZIER_KNOTS.);
#435=B_SPLINE_SURFACE_WITH_KNOTS('',3,1,((#14451,#14452),(#14453,#14454),
(#14455,#14456),(#14457,#14458)),.SURF_OF_LINEAR_EXTRUSION.,.F.,.F.,.F.,
(4,4),(2,2),(0.484410015013312,0.945162614081038),(0.,1.),
 .PIECEWISE_BEZIER_KNOTS.);
#436=B_SPLINE_SURFACE_WITH_KNOTS('',3,1,((#14495,#14496),(#14497,#14498),
(#14499,#14500),(#14501,#14502)),.SURF_OF_LINEAR_EXTRUSION.,.F.,.F.,.F.,
(4,4),(2,2),(0.484410015013301,0.945162614081038),(0.,1.),
 .PIECEWISE_BEZIER_KNOTS.);
#437=B_SPLINE_SURFACE_WITH_KNOTS('',3,1,((#14536,#14537),(#14538,#14539),
(#14540,#14541),(#14542,#14543)),.SURF_OF_LINEAR_EXTRUSION.,.F.,.F.,.F.,
(4,4),(2,2),(0.484410015013312,0.945162614081038),(0.,1.),
 .PIECEWISE_BEZIER_KNOTS.);
#438=B_SPLINE_SURFACE_WITH_KNOTS('',3,1,((#14580,#14581),(#14582,#14583),
(#14584,#14585),(#14586,#14587)),.SURF_OF_LINEAR_EXTRUSION.,.F.,.F.,.F.,
(4,4),(2,2),(0.484410015013305,0.945162614081038),(0.,1.),
 .PIECEWISE_BEZIER_KNOTS.);
#439=B_SPLINE_SURFACE_WITH_KNOTS('',3,1,((#14621,#14622),(#14623,#14624),
(#14625,#14626),(#14627,#14628)),.SURF_OF_LINEAR_EXTRUSION.,.F.,.F.,.F.,
(4,4),(2,2),(0.484410015013315,0.945162614081038),(0.,1.),
 .PIECEWISE_BEZIER_KNOTS.);
#440=B_SPLINE_SURFACE_WITH_KNOTS('',3,1,((#14665,#14666),(#14667,#14668),
(#14669,#14670),(#14671,#14672)),.SURF_OF_LINEAR_EXTRUSION.,.F.,.F.,.F.,
(4,4),(2,2),(0.484410015013364,0.945162614081038),(0.,1.),
 .PIECEWISE_BEZIER_KNOTS.);
#441=B_SPLINE_SURFACE_WITH_KNOTS('',3,1,((#14706,#14707),(#14708,#14709),
(#14710,#14711),(#14712,#14713)),.SURF_OF_LINEAR_EXTRUSION.,.F.,.F.,.F.,
(4,4),(2,2),(0.484410015013308,0.945162614081038),(0.,1.),
 .PIECEWISE_BEZIER_KNOTS.);
#442=B_SPLINE_SURFACE_WITH_KNOTS('',3,1,((#14750,#14751),(#14752,#14753),
(#14754,#14755),(#14756,#14757)),.SURF_OF_LINEAR_EXTRUSION.,.F.,.F.,.F.,
(4,4),(2,2),(0.484410015013303,0.945162614081038),(0.,1.),
 .PIECEWISE_BEZIER_KNOTS.);
#443=B_SPLINE_SURFACE_WITH_KNOTS('',3,1,((#14791,#14792),(#14793,#14794),
(#14795,#14796),(#14797,#14798)),.SURF_OF_LINEAR_EXTRUSION.,.F.,.F.,.F.,
(4,4),(2,2),(0.484410015013302,0.945162614081038),(0.,1.),
 .PIECEWISE_BEZIER_KNOTS.);
#444=CIRCLE('',#6190,0.0375138888888889);
#445=CIRCLE('',#6191,0.0375138888888889);
#446=CIRCLE('',#6193,0.0375138888888889);
#447=CIRCLE('',#6194,0.0375138888888889);
#448=CIRCLE('',#6196,0.0375138888888889);
#449=CIRCLE('',#6197,0.0375138888888889);
#450=CIRCLE('',#6199,0.0375138888888889);
#451=CIRCLE('',#6200,0.0375138888888889);
#452=CIRCLE('',#6202,0.0375138888888889);
#453=CIRCLE('',#6203,0.0375138888888889);
#454=CIRCLE('',#6205,0.0375138888888889);
#455=CIRCLE('',#6206,0.0375138888888889);
#456=CIRCLE('',#6208,0.0375138888888889);
#457=CIRCLE('',#6209,0.0375138888888889);
#458=CIRCLE('',#6211,0.0375138888888889);
#459=CIRCLE('',#6212,0.0375138888888889);
#460=CIRCLE('',#6214,0.0375138888888889);
#461=CIRCLE('',#6215,0.0375138888888889);
#462=CIRCLE('',#6217,0.0375138888888889);
#463=CIRCLE('',#6218,0.0375138888888889);
#464=CIRCLE('',#6220,0.0375138888888889);
#465=CIRCLE('',#6221,0.0375138888888889);
#466=CIRCLE('',#6223,0.0375138888888889);
#467=CIRCLE('',#6224,0.0375138888888889);
#468=CIRCLE('',#6226,0.0375138888888889);
#469=CIRCLE('',#6227,0.0375138888888889);
#470=CIRCLE('',#6229,0.0375138888888889);
#471=CIRCLE('',#6230,0.0375138888888889);
#472=CIRCLE('',#6232,0.0375138888888889);
#473=CIRCLE('',#6233,0.0375138888888889);
#474=CIRCLE('',#6235,0.0375138888888889);
#475=CIRCLE('',#6236,0.0375138888888889);
#476=CIRCLE('',#6238,0.0375138888888889);
#477=CIRCLE('',#6239,0.0375138888888889);
#478=CIRCLE('',#6241,0.0375138888888889);
#479=CIRCLE('',#6242,0.0375138888888889);
#480=CIRCLE('',#6244,0.0375138888888889);
#481=CIRCLE('',#6245,0.0375138888888889);
#482=CIRCLE('',#6247,0.0375138888888889);
#483=CIRCLE('',#6248,0.0375138888888889);
#484=CIRCLE('',#6250,0.0375138888888889);
#485=CIRCLE('',#6251,0.0375138888888889);
#486=CIRCLE('',#6253,0.0375138888888889);
#487=CIRCLE('',#6254,0.0375138888888889);
#488=CIRCLE('',#6256,0.0375138888888889);
#489=CIRCLE('',#6257,0.0375138888888889);
#490=CIRCLE('',#6259,0.0375138888888889);
#491=CIRCLE('',#6260,0.0375138888888889);
#492=CIRCLE('',#6262,0.0375138888888889);
#493=CIRCLE('',#6263,0.0375138888888889);
#494=CIRCLE('',#6265,0.0375138888888889);
#495=CIRCLE('',#6266,0.0375138888888889);
#496=CIRCLE('',#6268,0.0375138888888889);
#497=CIRCLE('',#6269,0.0375138888888889);
#498=CIRCLE('',#6271,0.0375138888888889);
#499=CIRCLE('',#6272,0.0375138888888889);
#500=CIRCLE('',#6274,0.0375138888888889);
#501=CIRCLE('',#6275,0.0375138888888889);
#502=CIRCLE('',#6277,0.0375138888888889);
#503=CIRCLE('',#6278,0.0375138888888889);
#504=CIRCLE('',#6280,0.0375138888888889);
#505=CIRCLE('',#6281,0.0375138888888889);
#506=CIRCLE('',#6283,0.0375138888888889);
#507=CIRCLE('',#6284,0.0375138888888889);
#508=CIRCLE('',#6286,0.0375138888888889);
#509=CIRCLE('',#6287,0.0375138888888889);
#510=CIRCLE('',#6289,0.0375138888888889);
#511=CIRCLE('',#6290,0.0375138888888889);
#512=CIRCLE('',#6292,0.0375138888888889);
#513=CIRCLE('',#6293,0.0375138888888889);
#514=CIRCLE('',#6295,0.0375138888888889);
#515=CIRCLE('',#6296,0.0375138888888889);
#516=CIRCLE('',#6298,0.0375138888888889);
#517=CIRCLE('',#6299,0.0375138888888889);
#518=CIRCLE('',#6301,0.0375138888888889);
#519=CIRCLE('',#6302,0.0375138888888889);
#520=CIRCLE('',#6304,0.0375138888888889);
#521=CIRCLE('',#6305,0.0375138888888889);
#522=CIRCLE('',#6307,0.0375138888888889);
#523=CIRCLE('',#6308,0.0375138888888889);
#524=CIRCLE('',#6310,0.0375138888888889);
#525=CIRCLE('',#6311,0.0375138888888889);
#526=CIRCLE('',#6313,0.0375138888888889);
#527=CIRCLE('',#6314,0.0375138888888889);
#528=CIRCLE('',#6316,0.0375138888888889);
#529=CIRCLE('',#6317,0.0375138888888889);
#530=CIRCLE('',#6319,0.0375138888888889);
#531=CIRCLE('',#6320,0.0375138888888889);
#532=CIRCLE('',#6322,0.0375138888888889);
#533=CIRCLE('',#6323,0.0375138888888889);
#534=CIRCLE('',#6325,0.0375138888888889);
#535=CIRCLE('',#6326,0.0375138888888889);
#536=CIRCLE('',#6328,0.0375138888888889);
#537=CIRCLE('',#6329,0.0375138888888889);
#538=CIRCLE('',#6331,0.0375138888888889);
#539=CIRCLE('',#6332,0.0375138888888889);
#540=CIRCLE('',#6334,0.0375138888888889);
#541=CIRCLE('',#6335,0.0375138888888889);
#542=CIRCLE('',#6337,0.0375138888888889);
#543=CIRCLE('',#6338,0.0375138888888889);
#544=CIRCLE('',#6340,0.0375138888888889);
#545=CIRCLE('',#6341,0.0375138888888889);
#546=CIRCLE('',#6343,0.0375138888888889);
#547=CIRCLE('',#6344,0.0375138888888889);
#548=CIRCLE('',#6346,0.0375138888888889);
#549=CIRCLE('',#6347,0.0375138888888889);
#550=CIRCLE('',#6349,0.0375138888888889);
#551=CIRCLE('',#6350,0.0375138888888889);
#552=CIRCLE('',#6352,0.0375138888888889);
#553=CIRCLE('',#6353,0.0375138888888889);
#554=CIRCLE('',#6355,0.0375138888888889);
#555=CIRCLE('',#6356,0.0375138888888889);
#556=CIRCLE('',#6358,0.0375138888888889);
#557=CIRCLE('',#6359,0.0375138888888889);
#558=CIRCLE('',#6361,0.0375138888888889);
#559=CIRCLE('',#6362,0.0375138888888889);
#560=CIRCLE('',#6364,0.0375138888888889);
#561=CIRCLE('',#6365,0.0375138888888889);
#562=CIRCLE('',#6367,0.0375138888888889);
#563=CIRCLE('',#6368,0.0375138888888889);
#564=CIRCLE('',#6370,0.0375138888888889);
#565=CIRCLE('',#6371,0.0375138888888889);
#566=CIRCLE('',#6373,0.0375138888888889);
#567=CIRCLE('',#6374,0.0375138888888889);
#568=CIRCLE('',#6376,0.0375138888888889);
#569=CIRCLE('',#6377,0.0375138888888889);
#570=CIRCLE('',#6379,0.0375138888888889);
#571=CIRCLE('',#6380,0.0375138888888889);
#572=CIRCLE('',#6382,0.0375138888888889);
#573=CIRCLE('',#6383,0.0375138888888889);
#574=CIRCLE('',#6385,0.0375138888888889);
#575=CIRCLE('',#6386,0.0375138888888889);
#576=CIRCLE('',#6388,0.0375138888888889);
#577=CIRCLE('',#6389,0.0375138888888889);
#578=CIRCLE('',#6391,0.0375138888888889);
#579=CIRCLE('',#6392,0.0375138888888889);
#580=CIRCLE('',#6394,0.0375138888888889);
#581=CIRCLE('',#6395,0.0375138888888889);
#582=CIRCLE('',#6397,0.0375138888888889);
#583=CIRCLE('',#6398,0.0375138888888889);
#584=CIRCLE('',#6400,0.0375138888888889);
#585=CIRCLE('',#6401,0.0375138888888889);
#586=CIRCLE('',#6403,0.0375138888888889);
#587=CIRCLE('',#6404,0.0375138888888889);
#588=CIRCLE('',#6406,0.000581621804726584);
#589=CIRCLE('',#6407,0.000581621804726584);
#590=CIRCLE('',#6409,0.000581621804726584);
#591=CIRCLE('',#6410,0.000581621804726584);
#592=CIRCLE('',#6412,0.000581621804726584);
#593=CIRCLE('',#6413,0.000581621804726584);
#594=CIRCLE('',#6415,0.000581621804726584);
#595=CIRCLE('',#6416,0.000581621804726584);
#596=CIRCLE('',#6418,0.000581621804726584);
#597=CIRCLE('',#6419,0.000581621804726584);
#598=CIRCLE('',#6421,0.000581621804726584);
#599=CIRCLE('',#6422,0.000581621804726584);
#600=CIRCLE('',#6424,0.000581621804726584);
#601=CIRCLE('',#6425,0.000581621804726584);
#602=CIRCLE('',#6427,0.000581621804726584);
#603=CIRCLE('',#6428,0.000581621804726584);
#604=CIRCLE('',#6430,0.000581621804726584);
#605=CIRCLE('',#6431,0.000581621804726584);
#606=CIRCLE('',#6433,0.000581621804726584);
#607=CIRCLE('',#6434,0.000581621804726584);
#608=CIRCLE('',#6436,0.000581621804726584);
#609=CIRCLE('',#6437,0.000581621804726584);
#610=CIRCLE('',#6439,0.000581621804726584);
#611=CIRCLE('',#6440,0.000581621804726584);
#612=CIRCLE('',#6442,0.000581621804726584);
#613=CIRCLE('',#6443,0.000581621804726584);
#614=CIRCLE('',#6445,0.000581621804726584);
#615=CIRCLE('',#6446,0.000581621804726584);
#616=CIRCLE('',#6448,0.000581621804726584);
#617=CIRCLE('',#6449,0.000581621804726584);
#618=CIRCLE('',#6451,0.000581621804726584);
#619=CIRCLE('',#6452,0.000581621804726584);
#620=CIRCLE('',#6454,0.000581621804726584);
#621=CIRCLE('',#6455,0.000581621804726584);
#622=CIRCLE('',#6457,0.000581621804726584);
#623=CIRCLE('',#6458,0.000581621804726584);
#624=CIRCLE('',#6460,0.000581621804726584);
#625=CIRCLE('',#6461,0.000581621804726584);
#626=CIRCLE('',#6463,0.000581621804726584);
#627=CIRCLE('',#6464,0.000581621804726584);
#628=CIRCLE('',#6466,0.000581621804726584);
#629=CIRCLE('',#6467,0.000581621804726584);
#630=CIRCLE('',#6469,0.000581621804726584);
#631=CIRCLE('',#6470,0.000581621804726584);
#632=CIRCLE('',#6472,0.000581621804726584);
#633=CIRCLE('',#6473,0.000581621804726584);
#634=CIRCLE('',#6475,0.000581621804726584);
#635=CIRCLE('',#6476,0.000581621804726584);
#636=CIRCLE('',#6478,0.000581621804726584);
#637=CIRCLE('',#6479,0.000581621804726584);
#638=CIRCLE('',#6481,0.000581621804726584);
#639=CIRCLE('',#6482,0.000581621804726584);
#640=CIRCLE('',#6484,0.000581621804726584);
#641=CIRCLE('',#6485,0.000581621804726584);
#642=CIRCLE('',#6487,0.000581621804726584);
#643=CIRCLE('',#6488,0.000581621804726584);
#644=CIRCLE('',#6490,0.000581621804726584);
#645=CIRCLE('',#6491,0.000581621804726584);
#646=CIRCLE('',#6493,0.000581621804726584);
#647=CIRCLE('',#6494,0.000581621804726584);
#648=CIRCLE('',#6496,0.000581621804726584);
#649=CIRCLE('',#6497,0.000581621804726584);
#650=CIRCLE('',#6499,0.000581621804726584);
#651=CIRCLE('',#6500,0.000581621804726584);
#652=CIRCLE('',#6502,0.000581621804726584);
#653=CIRCLE('',#6503,0.000581621804726584);
#654=CIRCLE('',#6505,0.000581621804726584);
#655=CIRCLE('',#6506,0.000581621804726584);
#656=CIRCLE('',#6508,0.000581621804726584);
#657=CIRCLE('',#6509,0.000581621804726584);
#658=CIRCLE('',#6511,0.000581621804726584);
#659=CIRCLE('',#6512,0.000581621804726584);
#660=CIRCLE('',#6514,0.000581621804726584);
#661=CIRCLE('',#6515,0.000581621804726584);
#662=CIRCLE('',#6517,0.000581621804726584);
#663=CIRCLE('',#6518,0.000581621804726584);
#664=CIRCLE('',#6520,0.000581621804726584);
#665=CIRCLE('',#6521,0.000581621804726584);
#666=CIRCLE('',#6523,0.000581621804726584);
#667=CIRCLE('',#6524,0.000581621804726584);
#668=CIRCLE('',#6526,0.000581621804726584);
#669=CIRCLE('',#6527,0.000581621804726584);
#670=CIRCLE('',#6529,0.000581621804726584);
#671=CIRCLE('',#6530,0.000581621804726584);
#672=CIRCLE('',#6532,0.000581621804726584);
#673=CIRCLE('',#6533,0.000581621804726584);
#674=CIRCLE('',#6535,0.000581621804726584);
#675=CIRCLE('',#6536,0.000581621804726584);
#676=CIRCLE('',#6538,0.000581621804726584);
#677=CIRCLE('',#6539,0.000581621804726584);
#678=CIRCLE('',#6541,0.000581621804726584);
#679=CIRCLE('',#6542,0.000581621804726584);
#680=CIRCLE('',#6544,0.000581621804726584);
#681=CIRCLE('',#6545,0.000581621804726584);
#682=CIRCLE('',#6547,0.000581621804726584);
#683=CIRCLE('',#6548,0.000581621804726584);
#684=CIRCLE('',#6550,0.000581621804726584);
#685=CIRCLE('',#6551,0.000581621804726584);
#686=CIRCLE('',#6553,0.000581621804726584);
#687=CIRCLE('',#6554,0.000581621804726584);
#688=CIRCLE('',#6556,0.000581621804726584);
#689=CIRCLE('',#6557,0.000581621804726584);
#690=CIRCLE('',#6559,0.000581621804726584);
#691=CIRCLE('',#6560,0.000581621804726584);
#692=CIRCLE('',#6562,0.000581621804726584);
#693=CIRCLE('',#6563,0.000581621804726584);
#694=CIRCLE('',#6565,0.000581621804726584);
#695=CIRCLE('',#6566,0.000581621804726584);
#696=CIRCLE('',#6568,0.000581621804726584);
#697=CIRCLE('',#6569,0.000581621804726584);
#698=CIRCLE('',#6571,0.000581621804726584);
#699=CIRCLE('',#6572,0.000581621804726584);
#700=CIRCLE('',#6574,0.000581621804726584);
#701=CIRCLE('',#6575,0.000581621804726584);
#702=CIRCLE('',#6577,0.000581621804726584);
#703=CIRCLE('',#6578,0.000581621804726584);
#704=CIRCLE('',#6580,0.000581621804726584);
#705=CIRCLE('',#6581,0.000581621804726584);
#706=CIRCLE('',#6583,0.000581621804726584);
#707=CIRCLE('',#6584,0.000581621804726584);
#708=CIRCLE('',#6586,0.000581621804726584);
#709=CIRCLE('',#6587,0.000581621804726584);
#710=CIRCLE('',#6589,0.000581621804726584);
#711=CIRCLE('',#6590,0.000581621804726584);
#712=CIRCLE('',#6592,0.000581621804726584);
#713=CIRCLE('',#6593,0.000581621804726584);
#714=CIRCLE('',#6595,0.000581621804726584);
#715=CIRCLE('',#6596,0.000581621804726584);
#716=CIRCLE('',#6598,0.000581621804726584);
#717=CIRCLE('',#6599,0.000581621804726584);
#718=CIRCLE('',#6601,0.000581621804726584);
#719=CIRCLE('',#6602,0.000581621804726584);
#720=CIRCLE('',#6604,0.000581621804726584);
#721=CIRCLE('',#6605,0.000581621804726584);
#722=CIRCLE('',#6607,0.000581621804726584);
#723=CIRCLE('',#6608,0.000581621804726584);
#724=CIRCLE('',#6610,0.000581621804726584);
#725=CIRCLE('',#6611,0.000581621804726584);
#726=CIRCLE('',#6613,0.000581621804726584);
#727=CIRCLE('',#6614,0.000581621804726584);
#728=CIRCLE('',#6616,0.000581621804726584);
#729=CIRCLE('',#6617,0.000581621804726584);
#730=CIRCLE('',#6619,0.000581621804726584);
#731=CIRCLE('',#6620,0.000581621804726584);
#732=CIRCLE('',#6622,0.0291);
#733=CIRCLE('',#6623,0.0291);
#734=CIRCLE('',#6625,0.00175);
#735=CIRCLE('',#6626,0.00175);
#736=CIRCLE('',#6628,0.00175);
#737=CIRCLE('',#6629,0.00175);
#738=CIRCLE('',#6631,0.00175);
#739=CIRCLE('',#6632,0.00175);
#740=CIRCLE('',#6634,0.003);
#741=CIRCLE('',#6635,0.003);
#742=CIRCLE('',#6636,0.003);
#743=CIRCLE('',#6641,0.003);
#744=CIRCLE('',#6643,0.003);
#745=CIRCLE('',#6645,0.003);
#746=CIRCLE('',#6647,0.02825);
#747=CIRCLE('',#6652,0.02825);
#748=CIRCLE('',#6660,0.00175);
#749=CIRCLE('',#6666,0.00175);
#750=CIRCLE('',#6672,0.00175);
#751=CIRCLE('',#6674,0.00175);
#752=CIRCLE('',#6677,0.00175);
#753=CIRCLE('',#6680,0.00175);
#754=CYLINDRICAL_SURFACE('',#6189,0.0375138888888889);
#755=CYLINDRICAL_SURFACE('',#6192,0.0375138888888889);
#756=CYLINDRICAL_SURFACE('',#6195,0.0375138888888889);
#757=CYLINDRICAL_SURFACE('',#6198,0.0375138888888889);
#758=CYLINDRICAL_SURFACE('',#6201,0.0375138888888889);
#759=CYLINDRICAL_SURFACE('',#6204,0.0375138888888889);
#760=CYLINDRICAL_SURFACE('',#6207,0.0375138888888889);
#761=CYLINDRICAL_SURFACE('',#6210,0.0375138888888889);
#762=CYLINDRICAL_SURFACE('',#6213,0.0375138888888889);
#763=CYLINDRICAL_SURFACE('',#6216,0.0375138888888889);
#764=CYLINDRICAL_SURFACE('',#6219,0.0375138888888889);
#765=CYLINDRICAL_SURFACE('',#6222,0.0375138888888889);
#766=CYLINDRICAL_SURFACE('',#6225,0.0375138888888889);
#767=CYLINDRICAL_SURFACE('',#6228,0.0375138888888889);
#768=CYLINDRICAL_SURFACE('',#6231,0.0375138888888889);
#769=CYLINDRICAL_SURFACE('',#6234,0.0375138888888889);
#770=CYLINDRICAL_SURFACE('',#6237,0.0375138888888889);
#771=CYLINDRICAL_SURFACE('',#6240,0.0375138888888889);
#772=CYLINDRICAL_SURFACE('',#6243,0.0375138888888889);
#773=CYLINDRICAL_SURFACE('',#6246,0.0375138888888889);
#774=CYLINDRICAL_SURFACE('',#6249,0.0375138888888889);
#775=CYLINDRICAL_SURFACE('',#6252,0.0375138888888889);
#776=CYLINDRICAL_SURFACE('',#6255,0.0375138888888889);
#777=CYLINDRICAL_SURFACE('',#6258,0.0375138888888889);
#778=CYLINDRICAL_SURFACE('',#6261,0.0375138888888889);
#779=CYLINDRICAL_SURFACE('',#6264,0.0375138888888889);
#780=CYLINDRICAL_SURFACE('',#6267,0.0375138888888889);
#781=CYLINDRICAL_SURFACE('',#6270,0.0375138888888889);
#782=CYLINDRICAL_SURFACE('',#6273,0.0375138888888889);
#783=CYLINDRICAL_SURFACE('',#6276,0.0375138888888889);
#784=CYLINDRICAL_SURFACE('',#6279,0.0375138888888889);
#785=CYLINDRICAL_SURFACE('',#6282,0.0375138888888889);
#786=CYLINDRICAL_SURFACE('',#6285,0.0375138888888889);
#787=CYLINDRICAL_SURFACE('',#6288,0.0375138888888889);
#788=CYLINDRICAL_SURFACE('',#6291,0.0375138888888889);
#789=CYLINDRICAL_SURFACE('',#6294,0.0375138888888889);
#790=CYLINDRICAL_SURFACE('',#6297,0.0375138888888889);
#791=CYLINDRICAL_SURFACE('',#6300,0.0375138888888889);
#792=CYLINDRICAL_SURFACE('',#6303,0.0375138888888889);
#793=CYLINDRICAL_SURFACE('',#6306,0.0375138888888889);
#794=CYLINDRICAL_SURFACE('',#6309,0.0375138888888889);
#795=CYLINDRICAL_SURFACE('',#6312,0.0375138888888889);
#796=CYLINDRICAL_SURFACE('',#6315,0.0375138888888889);
#797=CYLINDRICAL_SURFACE('',#6318,0.0375138888888889);
#798=CYLINDRICAL_SURFACE('',#6321,0.0375138888888889);
#799=CYLINDRICAL_SURFACE('',#6324,0.0375138888888889);
#800=CYLINDRICAL_SURFACE('',#6327,0.0375138888888889);
#801=CYLINDRICAL_SURFACE('',#6330,0.0375138888888889);
#802=CYLINDRICAL_SURFACE('',#6333,0.0375138888888889);
#803=CYLINDRICAL_SURFACE('',#6336,0.0375138888888889);
#804=CYLINDRICAL_SURFACE('',#6339,0.0375138888888889);
#805=CYLINDRICAL_SURFACE('',#6342,0.0375138888888889);
#806=CYLINDRICAL_SURFACE('',#6345,0.0375138888888889);
#807=CYLINDRICAL_SURFACE('',#6348,0.0375138888888889);
#808=CYLINDRICAL_SURFACE('',#6351,0.0375138888888889);
#809=CYLINDRICAL_SURFACE('',#6354,0.0375138888888889);
#810=CYLINDRICAL_SURFACE('',#6357,0.0375138888888889);
#811=CYLINDRICAL_SURFACE('',#6360,0.0375138888888889);
#812=CYLINDRICAL_SURFACE('',#6363,0.0375138888888889);
#813=CYLINDRICAL_SURFACE('',#6366,0.0375138888888889);
#814=CYLINDRICAL_SURFACE('',#6369,0.0375138888888889);
#815=CYLINDRICAL_SURFACE('',#6372,0.0375138888888889);
#816=CYLINDRICAL_SURFACE('',#6375,0.0375138888888889);
#817=CYLINDRICAL_SURFACE('',#6378,0.0375138888888889);
#818=CYLINDRICAL_SURFACE('',#6381,0.0375138888888889);
#819=CYLINDRICAL_SURFACE('',#6384,0.0375138888888889);
#820=CYLINDRICAL_SURFACE('',#6387,0.0375138888888889);
#821=CYLINDRICAL_SURFACE('',#6390,0.0375138888888889);
#822=CYLINDRICAL_SURFACE('',#6393,0.0375138888888889);
#823=CYLINDRICAL_SURFACE('',#6396,0.0375138888888889);
#824=CYLINDRICAL_SURFACE('',#6399,0.0375138888888889);
#825=CYLINDRICAL_SURFACE('',#6402,0.0375138888888889);
#826=CYLINDRICAL_SURFACE('',#6405,0.000581621804726584);
#827=CYLINDRICAL_SURFACE('',#6408,0.000581621804726584);
#828=CYLINDRICAL_SURFACE('',#6411,0.000581621804726584);
#829=CYLINDRICAL_SURFACE('',#6414,0.000581621804726584);
#830=CYLINDRICAL_SURFACE('',#6417,0.000581621804726584);
#831=CYLINDRICAL_SURFACE('',#6420,0.000581621804726584);
#832=CYLINDRICAL_SURFACE('',#6423,0.000581621804726584);
#833=CYLINDRICAL_SURFACE('',#6426,0.000581621804726584);
#834=CYLINDRICAL_SURFACE('',#6429,0.000581621804726584);
#835=CYLINDRICAL_SURFACE('',#6432,0.000581621804726584);
#836=CYLINDRICAL_SURFACE('',#6435,0.000581621804726584);
#837=CYLINDRICAL_SURFACE('',#6438,0.000581621804726584);
#838=CYLINDRICAL_SURFACE('',#6441,0.000581621804726584);
#839=CYLINDRICAL_SURFACE('',#6444,0.000581621804726584);
#840=CYLINDRICAL_SURFACE('',#6447,0.000581621804726584);
#841=CYLINDRICAL_SURFACE('',#6450,0.000581621804726584);
#842=CYLINDRICAL_SURFACE('',#6453,0.000581621804726584);
#843=CYLINDRICAL_SURFACE('',#6456,0.000581621804726584);
#844=CYLINDRICAL_SURFACE('',#6459,0.000581621804726584);
#845=CYLINDRICAL_SURFACE('',#6462,0.000581621804726584);
#846=CYLINDRICAL_SURFACE('',#6465,0.000581621804726584);
#847=CYLINDRICAL_SURFACE('',#6468,0.000581621804726584);
#848=CYLINDRICAL_SURFACE('',#6471,0.000581621804726584);
#849=CYLINDRICAL_SURFACE('',#6474,0.000581621804726584);
#850=CYLINDRICAL_SURFACE('',#6477,0.000581621804726584);
#851=CYLINDRICAL_SURFACE('',#6480,0.000581621804726584);
#852=CYLINDRICAL_SURFACE('',#6483,0.000581621804726584);
#853=CYLINDRICAL_SURFACE('',#6486,0.000581621804726584);
#854=CYLINDRICAL_SURFACE('',#6489,0.000581621804726584);
#855=CYLINDRICAL_SURFACE('',#6492,0.000581621804726584);
#856=CYLINDRICAL_SURFACE('',#6495,0.000581621804726584);
#857=CYLINDRICAL_SURFACE('',#6498,0.000581621804726584);
#858=CYLINDRICAL_SURFACE('',#6501,0.000581621804726584);
#859=CYLINDRICAL_SURFACE('',#6504,0.000581621804726584);
#860=CYLINDRICAL_SURFACE('',#6507,0.000581621804726584);
#861=CYLINDRICAL_SURFACE('',#6510,0.000581621804726584);
#862=CYLINDRICAL_SURFACE('',#6513,0.000581621804726584);
#863=CYLINDRICAL_SURFACE('',#6516,0.000581621804726584);
#864=CYLINDRICAL_SURFACE('',#6519,0.000581621804726584);
#865=CYLINDRICAL_SURFACE('',#6522,0.000581621804726584);
#866=CYLINDRICAL_SURFACE('',#6525,0.000581621804726584);
#867=CYLINDRICAL_SURFACE('',#6528,0.000581621804726584);
#868=CYLINDRICAL_SURFACE('',#6531,0.000581621804726584);
#869=CYLINDRICAL_SURFACE('',#6534,0.000581621804726584);
#870=CYLINDRICAL_SURFACE('',#6537,0.000581621804726584);
#871=CYLINDRICAL_SURFACE('',#6540,0.000581621804726584);
#872=CYLINDRICAL_SURFACE('',#6543,0.000581621804726584);
#873=CYLINDRICAL_SURFACE('',#6546,0.000581621804726584);
#874=CYLINDRICAL_SURFACE('',#6549,0.000581621804726584);
#875=CYLINDRICAL_SURFACE('',#6552,0.000581621804726584);
#876=CYLINDRICAL_SURFACE('',#6555,0.000581621804726584);
#877=CYLINDRICAL_SURFACE('',#6558,0.000581621804726584);
#878=CYLINDRICAL_SURFACE('',#6561,0.000581621804726584);
#879=CYLINDRICAL_SURFACE('',#6564,0.000581621804726584);
#880=CYLINDRICAL_SURFACE('',#6567,0.000581621804726584);
#881=CYLINDRICAL_SURFACE('',#6570,0.000581621804726584);
#882=CYLINDRICAL_SURFACE('',#6573,0.000581621804726584);
#883=CYLINDRICAL_SURFACE('',#6576,0.000581621804726584);
#884=CYLINDRICAL_SURFACE('',#6579,0.000581621804726584);
#885=CYLINDRICAL_SURFACE('',#6582,0.000581621804726584);
#886=CYLINDRICAL_SURFACE('',#6585,0.000581621804726584);
#887=CYLINDRICAL_SURFACE('',#6588,0.000581621804726584);
#888=CYLINDRICAL_SURFACE('',#6591,0.000581621804726584);
#889=CYLINDRICAL_SURFACE('',#6594,0.000581621804726584);
#890=CYLINDRICAL_SURFACE('',#6597,0.000581621804726584);
#891=CYLINDRICAL_SURFACE('',#6600,0.000581621804726584);
#892=CYLINDRICAL_SURFACE('',#6603,0.000581621804726584);
#893=CYLINDRICAL_SURFACE('',#6606,0.000581621804726584);
#894=CYLINDRICAL_SURFACE('',#6609,0.000581621804726584);
#895=CYLINDRICAL_SURFACE('',#6612,0.000581621804726584);
#896=CYLINDRICAL_SURFACE('',#6615,0.000581621804726584);
#897=CYLINDRICAL_SURFACE('',#6618,0.000581621804726584);
#898=CYLINDRICAL_SURFACE('',#6621,0.0291);
#899=CYLINDRICAL_SURFACE('',#6624,0.00175);
#900=CYLINDRICAL_SURFACE('',#6627,0.00175);
#901=CYLINDRICAL_SURFACE('',#6630,0.00175);
#902=CYLINDRICAL_SURFACE('',#6640,0.003);
#903=CYLINDRICAL_SURFACE('',#6642,0.003);
#904=CYLINDRICAL_SURFACE('',#6644,0.003);
#905=CYLINDRICAL_SURFACE('',#6651,0.02825);
#906=CYLINDRICAL_SURFACE('',#6673,0.00175);
#907=CYLINDRICAL_SURFACE('',#6676,0.00175);
#908=CYLINDRICAL_SURFACE('',#6679,0.00175);
#909=ORIENTED_EDGE('',*,*,#2807,.F.);
#910=ORIENTED_EDGE('',*,*,#2808,.T.);
#911=ORIENTED_EDGE('',*,*,#2809,.T.);
#912=ORIENTED_EDGE('',*,*,#2810,.F.);
#913=ORIENTED_EDGE('',*,*,#2811,.F.);
#914=ORIENTED_EDGE('',*,*,#2812,.F.);
#915=ORIENTED_EDGE('',*,*,#2813,.F.);
#916=ORIENTED_EDGE('',*,*,#2814,.T.);
#917=ORIENTED_EDGE('',*,*,#2815,.T.);
#918=ORIENTED_EDGE('',*,*,#2816,.F.);
#919=ORIENTED_EDGE('',*,*,#2817,.F.);
#920=ORIENTED_EDGE('',*,*,#2818,.F.);
#921=ORIENTED_EDGE('',*,*,#2819,.F.);
#922=ORIENTED_EDGE('',*,*,#2820,.T.);
#923=ORIENTED_EDGE('',*,*,#2821,.T.);
#924=ORIENTED_EDGE('',*,*,#2822,.F.);
#925=ORIENTED_EDGE('',*,*,#2823,.F.);
#926=ORIENTED_EDGE('',*,*,#2824,.F.);
#927=ORIENTED_EDGE('',*,*,#2825,.T.);
#928=ORIENTED_EDGE('',*,*,#2826,.T.);
#929=ORIENTED_EDGE('',*,*,#2827,.F.);
#930=ORIENTED_EDGE('',*,*,#2828,.T.);
#931=ORIENTED_EDGE('',*,*,#2829,.T.);
#932=ORIENTED_EDGE('',*,*,#2830,.T.);
#933=ORIENTED_EDGE('',*,*,#2831,.F.);
#934=ORIENTED_EDGE('',*,*,#2832,.T.);
#935=ORIENTED_EDGE('',*,*,#2833,.T.);
#936=ORIENTED_EDGE('',*,*,#2834,.T.);
#937=ORIENTED_EDGE('',*,*,#2835,.F.);
#938=ORIENTED_EDGE('',*,*,#2836,.T.);
#939=ORIENTED_EDGE('',*,*,#2837,.T.);
#940=ORIENTED_EDGE('',*,*,#2838,.T.);
#941=ORIENTED_EDGE('',*,*,#2839,.F.);
#942=ORIENTED_EDGE('',*,*,#2840,.T.);
#943=ORIENTED_EDGE('',*,*,#2841,.T.);
#944=ORIENTED_EDGE('',*,*,#2842,.T.);
#945=ORIENTED_EDGE('',*,*,#2843,.F.);
#946=ORIENTED_EDGE('',*,*,#2844,.T.);
#947=ORIENTED_EDGE('',*,*,#2845,.T.);
#948=ORIENTED_EDGE('',*,*,#2846,.T.);
#949=ORIENTED_EDGE('',*,*,#2847,.F.);
#950=ORIENTED_EDGE('',*,*,#2848,.T.);
#951=ORIENTED_EDGE('',*,*,#2849,.T.);
#952=ORIENTED_EDGE('',*,*,#2850,.T.);
#953=ORIENTED_EDGE('',*,*,#2851,.F.);
#954=ORIENTED_EDGE('',*,*,#2852,.T.);
#955=ORIENTED_EDGE('',*,*,#2853,.T.);
#956=ORIENTED_EDGE('',*,*,#2854,.T.);
#957=ORIENTED_EDGE('',*,*,#2855,.F.);
#958=ORIENTED_EDGE('',*,*,#2856,.T.);
#959=ORIENTED_EDGE('',*,*,#2857,.T.);
#960=ORIENTED_EDGE('',*,*,#2858,.T.);
#961=ORIENTED_EDGE('',*,*,#2859,.F.);
#962=ORIENTED_EDGE('',*,*,#2860,.T.);
#963=ORIENTED_EDGE('',*,*,#2861,.T.);
#964=ORIENTED_EDGE('',*,*,#2862,.T.);
#965=ORIENTED_EDGE('',*,*,#2863,.F.);
#966=ORIENTED_EDGE('',*,*,#2864,.T.);
#967=ORIENTED_EDGE('',*,*,#2865,.T.);
#968=ORIENTED_EDGE('',*,*,#2866,.T.);
#969=ORIENTED_EDGE('',*,*,#2867,.F.);
#970=ORIENTED_EDGE('',*,*,#2868,.T.);
#971=ORIENTED_EDGE('',*,*,#2869,.T.);
#972=ORIENTED_EDGE('',*,*,#2870,.T.);
#973=ORIENTED_EDGE('',*,*,#2871,.F.);
#974=ORIENTED_EDGE('',*,*,#2872,.T.);
#975=ORIENTED_EDGE('',*,*,#2873,.T.);
#976=ORIENTED_EDGE('',*,*,#2874,.T.);
#977=ORIENTED_EDGE('',*,*,#2875,.F.);
#978=ORIENTED_EDGE('',*,*,#2876,.T.);
#979=ORIENTED_EDGE('',*,*,#2877,.T.);
#980=ORIENTED_EDGE('',*,*,#2878,.T.);
#981=ORIENTED_EDGE('',*,*,#2879,.F.);
#982=ORIENTED_EDGE('',*,*,#2880,.T.);
#983=ORIENTED_EDGE('',*,*,#2881,.T.);
#984=ORIENTED_EDGE('',*,*,#2882,.T.);
#985=ORIENTED_EDGE('',*,*,#2883,.F.);
#986=ORIENTED_EDGE('',*,*,#2884,.T.);
#987=ORIENTED_EDGE('',*,*,#2885,.T.);
#988=ORIENTED_EDGE('',*,*,#2886,.T.);
#989=ORIENTED_EDGE('',*,*,#2887,.F.);
#990=ORIENTED_EDGE('',*,*,#2888,.T.);
#991=ORIENTED_EDGE('',*,*,#2889,.T.);
#992=ORIENTED_EDGE('',*,*,#2890,.T.);
#993=ORIENTED_EDGE('',*,*,#2891,.F.);
#994=ORIENTED_EDGE('',*,*,#2892,.T.);
#995=ORIENTED_EDGE('',*,*,#2893,.T.);
#996=ORIENTED_EDGE('',*,*,#2894,.T.);
#997=ORIENTED_EDGE('',*,*,#2895,.F.);
#998=ORIENTED_EDGE('',*,*,#2896,.T.);
#999=ORIENTED_EDGE('',*,*,#2897,.T.);
#1000=ORIENTED_EDGE('',*,*,#2898,.T.);
#1001=ORIENTED_EDGE('',*,*,#2899,.F.);
#1002=ORIENTED_EDGE('',*,*,#2900,.T.);
#1003=ORIENTED_EDGE('',*,*,#2901,.T.);
#1004=ORIENTED_EDGE('',*,*,#2902,.T.);
#1005=ORIENTED_EDGE('',*,*,#2903,.F.);
#1006=ORIENTED_EDGE('',*,*,#2904,.T.);
#1007=ORIENTED_EDGE('',*,*,#2905,.T.);
#1008=ORIENTED_EDGE('',*,*,#2906,.T.);
#1009=ORIENTED_EDGE('',*,*,#2907,.F.);
#1010=ORIENTED_EDGE('',*,*,#2908,.T.);
#1011=ORIENTED_EDGE('',*,*,#2909,.T.);
#1012=ORIENTED_EDGE('',*,*,#2910,.T.);
#1013=ORIENTED_EDGE('',*,*,#2911,.F.);
#1014=ORIENTED_EDGE('',*,*,#2912,.T.);
#1015=ORIENTED_EDGE('',*,*,#2913,.T.);
#1016=ORIENTED_EDGE('',*,*,#2914,.T.);
#1017=ORIENTED_EDGE('',*,*,#2915,.F.);
#1018=ORIENTED_EDGE('',*,*,#2916,.T.);
#1019=ORIENTED_EDGE('',*,*,#2917,.T.);
#1020=ORIENTED_EDGE('',*,*,#2918,.T.);
#1021=ORIENTED_EDGE('',*,*,#2919,.F.);
#1022=ORIENTED_EDGE('',*,*,#2920,.T.);
#1023=ORIENTED_EDGE('',*,*,#2921,.T.);
#1024=ORIENTED_EDGE('',*,*,#2922,.T.);
#1025=ORIENTED_EDGE('',*,*,#2923,.F.);
#1026=ORIENTED_EDGE('',*,*,#2924,.T.);
#1027=ORIENTED_EDGE('',*,*,#2925,.T.);
#1028=ORIENTED_EDGE('',*,*,#2926,.T.);
#1029=ORIENTED_EDGE('',*,*,#2927,.F.);
#1030=ORIENTED_EDGE('',*,*,#2928,.T.);
#1031=ORIENTED_EDGE('',*,*,#2929,.T.);
#1032=ORIENTED_EDGE('',*,*,#2930,.T.);
#1033=ORIENTED_EDGE('',*,*,#2931,.F.);
#1034=ORIENTED_EDGE('',*,*,#2932,.T.);
#1035=ORIENTED_EDGE('',*,*,#2933,.T.);
#1036=ORIENTED_EDGE('',*,*,#2934,.T.);
#1037=ORIENTED_EDGE('',*,*,#2935,.F.);
#1038=ORIENTED_EDGE('',*,*,#2936,.T.);
#1039=ORIENTED_EDGE('',*,*,#2937,.T.);
#1040=ORIENTED_EDGE('',*,*,#2938,.T.);
#1041=ORIENTED_EDGE('',*,*,#2939,.F.);
#1042=ORIENTED_EDGE('',*,*,#2940,.T.);
#1043=ORIENTED_EDGE('',*,*,#2941,.T.);
#1044=ORIENTED_EDGE('',*,*,#2942,.T.);
#1045=ORIENTED_EDGE('',*,*,#2943,.F.);
#1046=ORIENTED_EDGE('',*,*,#2944,.T.);
#1047=ORIENTED_EDGE('',*,*,#2945,.T.);
#1048=ORIENTED_EDGE('',*,*,#2946,.T.);
#1049=ORIENTED_EDGE('',*,*,#2947,.F.);
#1050=ORIENTED_EDGE('',*,*,#2948,.T.);
#1051=ORIENTED_EDGE('',*,*,#2949,.T.);
#1052=ORIENTED_EDGE('',*,*,#2950,.T.);
#1053=ORIENTED_EDGE('',*,*,#2951,.F.);
#1054=ORIENTED_EDGE('',*,*,#2952,.T.);
#1055=ORIENTED_EDGE('',*,*,#2953,.T.);
#1056=ORIENTED_EDGE('',*,*,#2954,.T.);
#1057=ORIENTED_EDGE('',*,*,#2955,.F.);
#1058=ORIENTED_EDGE('',*,*,#2956,.T.);
#1059=ORIENTED_EDGE('',*,*,#2957,.T.);
#1060=ORIENTED_EDGE('',*,*,#2958,.T.);
#1061=ORIENTED_EDGE('',*,*,#2959,.F.);
#1062=ORIENTED_EDGE('',*,*,#2960,.T.);
#1063=ORIENTED_EDGE('',*,*,#2961,.T.);
#1064=ORIENTED_EDGE('',*,*,#2962,.T.);
#1065=ORIENTED_EDGE('',*,*,#2963,.F.);
#1066=ORIENTED_EDGE('',*,*,#2964,.T.);
#1067=ORIENTED_EDGE('',*,*,#2965,.T.);
#1068=ORIENTED_EDGE('',*,*,#2966,.T.);
#1069=ORIENTED_EDGE('',*,*,#2967,.F.);
#1070=ORIENTED_EDGE('',*,*,#2968,.T.);
#1071=ORIENTED_EDGE('',*,*,#2969,.T.);
#1072=ORIENTED_EDGE('',*,*,#2970,.T.);
#1073=ORIENTED_EDGE('',*,*,#2971,.F.);
#1074=ORIENTED_EDGE('',*,*,#2972,.T.);
#1075=ORIENTED_EDGE('',*,*,#2973,.T.);
#1076=ORIENTED_EDGE('',*,*,#2974,.T.);
#1077=ORIENTED_EDGE('',*,*,#2975,.F.);
#1078=ORIENTED_EDGE('',*,*,#2976,.T.);
#1079=ORIENTED_EDGE('',*,*,#2977,.T.);
#1080=ORIENTED_EDGE('',*,*,#2978,.T.);
#1081=ORIENTED_EDGE('',*,*,#2979,.F.);
#1082=ORIENTED_EDGE('',*,*,#2980,.T.);
#1083=ORIENTED_EDGE('',*,*,#2981,.T.);
#1084=ORIENTED_EDGE('',*,*,#2982,.T.);
#1085=ORIENTED_EDGE('',*,*,#2983,.F.);
#1086=ORIENTED_EDGE('',*,*,#2984,.T.);
#1087=ORIENTED_EDGE('',*,*,#2985,.T.);
#1088=ORIENTED_EDGE('',*,*,#2986,.T.);
#1089=ORIENTED_EDGE('',*,*,#2987,.F.);
#1090=ORIENTED_EDGE('',*,*,#2988,.T.);
#1091=ORIENTED_EDGE('',*,*,#2989,.T.);
#1092=ORIENTED_EDGE('',*,*,#2990,.T.);
#1093=ORIENTED_EDGE('',*,*,#2991,.F.);
#1094=ORIENTED_EDGE('',*,*,#2992,.T.);
#1095=ORIENTED_EDGE('',*,*,#2993,.T.);
#1096=ORIENTED_EDGE('',*,*,#2994,.T.);
#1097=ORIENTED_EDGE('',*,*,#2995,.F.);
#1098=ORIENTED_EDGE('',*,*,#2996,.T.);
#1099=ORIENTED_EDGE('',*,*,#2997,.T.);
#1100=ORIENTED_EDGE('',*,*,#2998,.T.);
#1101=ORIENTED_EDGE('',*,*,#2999,.F.);
#1102=ORIENTED_EDGE('',*,*,#3000,.T.);
#1103=ORIENTED_EDGE('',*,*,#3001,.T.);
#1104=ORIENTED_EDGE('',*,*,#3002,.T.);
#1105=ORIENTED_EDGE('',*,*,#3003,.F.);
#1106=ORIENTED_EDGE('',*,*,#3004,.T.);
#1107=ORIENTED_EDGE('',*,*,#3005,.T.);
#1108=ORIENTED_EDGE('',*,*,#3006,.T.);
#1109=ORIENTED_EDGE('',*,*,#3007,.F.);
#1110=ORIENTED_EDGE('',*,*,#3008,.T.);
#1111=ORIENTED_EDGE('',*,*,#3009,.T.);
#1112=ORIENTED_EDGE('',*,*,#3010,.T.);
#1113=ORIENTED_EDGE('',*,*,#3011,.F.);
#1114=ORIENTED_EDGE('',*,*,#3012,.T.);
#1115=ORIENTED_EDGE('',*,*,#3013,.T.);
#1116=ORIENTED_EDGE('',*,*,#3014,.T.);
#1117=ORIENTED_EDGE('',*,*,#3015,.F.);
#1118=ORIENTED_EDGE('',*,*,#3016,.T.);
#1119=ORIENTED_EDGE('',*,*,#3017,.T.);
#1120=ORIENTED_EDGE('',*,*,#3018,.T.);
#1121=ORIENTED_EDGE('',*,*,#3019,.F.);
#1122=ORIENTED_EDGE('',*,*,#3020,.T.);
#1123=ORIENTED_EDGE('',*,*,#3021,.T.);
#1124=ORIENTED_EDGE('',*,*,#3022,.T.);
#1125=ORIENTED_EDGE('',*,*,#3023,.F.);
#1126=ORIENTED_EDGE('',*,*,#3024,.T.);
#1127=ORIENTED_EDGE('',*,*,#3025,.T.);
#1128=ORIENTED_EDGE('',*,*,#3026,.T.);
#1129=ORIENTED_EDGE('',*,*,#3027,.F.);
#1130=ORIENTED_EDGE('',*,*,#3028,.T.);
#1131=ORIENTED_EDGE('',*,*,#3029,.T.);
#1132=ORIENTED_EDGE('',*,*,#3030,.T.);
#1133=ORIENTED_EDGE('',*,*,#3031,.F.);
#1134=ORIENTED_EDGE('',*,*,#3032,.T.);
#1135=ORIENTED_EDGE('',*,*,#3033,.T.);
#1136=ORIENTED_EDGE('',*,*,#3034,.T.);
#1137=ORIENTED_EDGE('',*,*,#3035,.F.);
#1138=ORIENTED_EDGE('',*,*,#3036,.T.);
#1139=ORIENTED_EDGE('',*,*,#3037,.T.);
#1140=ORIENTED_EDGE('',*,*,#3038,.T.);
#1141=ORIENTED_EDGE('',*,*,#3039,.F.);
#1142=ORIENTED_EDGE('',*,*,#3040,.T.);
#1143=ORIENTED_EDGE('',*,*,#3041,.T.);
#1144=ORIENTED_EDGE('',*,*,#3042,.T.);
#1145=ORIENTED_EDGE('',*,*,#3043,.F.);
#1146=ORIENTED_EDGE('',*,*,#3044,.T.);
#1147=ORIENTED_EDGE('',*,*,#3045,.T.);
#1148=ORIENTED_EDGE('',*,*,#3046,.T.);
#1149=ORIENTED_EDGE('',*,*,#3047,.F.);
#1150=ORIENTED_EDGE('',*,*,#3048,.T.);
#1151=ORIENTED_EDGE('',*,*,#3049,.T.);
#1152=ORIENTED_EDGE('',*,*,#3050,.T.);
#1153=ORIENTED_EDGE('',*,*,#3051,.F.);
#1154=ORIENTED_EDGE('',*,*,#3052,.T.);
#1155=ORIENTED_EDGE('',*,*,#3053,.T.);
#1156=ORIENTED_EDGE('',*,*,#3054,.T.);
#1157=ORIENTED_EDGE('',*,*,#3055,.F.);
#1158=ORIENTED_EDGE('',*,*,#3056,.T.);
#1159=ORIENTED_EDGE('',*,*,#3057,.T.);
#1160=ORIENTED_EDGE('',*,*,#3058,.T.);
#1161=ORIENTED_EDGE('',*,*,#3059,.F.);
#1162=ORIENTED_EDGE('',*,*,#3060,.T.);
#1163=ORIENTED_EDGE('',*,*,#3061,.T.);
#1164=ORIENTED_EDGE('',*,*,#3062,.T.);
#1165=ORIENTED_EDGE('',*,*,#3063,.F.);
#1166=ORIENTED_EDGE('',*,*,#3064,.T.);
#1167=ORIENTED_EDGE('',*,*,#3065,.T.);
#1168=ORIENTED_EDGE('',*,*,#3066,.T.);
#1169=ORIENTED_EDGE('',*,*,#3067,.F.);
#1170=ORIENTED_EDGE('',*,*,#3068,.T.);
#1171=ORIENTED_EDGE('',*,*,#3069,.T.);
#1172=ORIENTED_EDGE('',*,*,#3070,.T.);
#1173=ORIENTED_EDGE('',*,*,#3071,.F.);
#1174=ORIENTED_EDGE('',*,*,#3072,.T.);
#1175=ORIENTED_EDGE('',*,*,#3073,.T.);
#1176=ORIENTED_EDGE('',*,*,#3074,.T.);
#1177=ORIENTED_EDGE('',*,*,#3075,.F.);
#1178=ORIENTED_EDGE('',*,*,#3076,.T.);
#1179=ORIENTED_EDGE('',*,*,#3077,.T.);
#1180=ORIENTED_EDGE('',*,*,#3078,.T.);
#1181=ORIENTED_EDGE('',*,*,#3079,.F.);
#1182=ORIENTED_EDGE('',*,*,#3080,.T.);
#1183=ORIENTED_EDGE('',*,*,#3081,.T.);
#1184=ORIENTED_EDGE('',*,*,#3082,.T.);
#1185=ORIENTED_EDGE('',*,*,#3083,.F.);
#1186=ORIENTED_EDGE('',*,*,#3084,.T.);
#1187=ORIENTED_EDGE('',*,*,#3085,.T.);
#1188=ORIENTED_EDGE('',*,*,#3086,.T.);
#1189=ORIENTED_EDGE('',*,*,#3087,.F.);
#1190=ORIENTED_EDGE('',*,*,#3088,.T.);
#1191=ORIENTED_EDGE('',*,*,#3089,.T.);
#1192=ORIENTED_EDGE('',*,*,#3090,.T.);
#1193=ORIENTED_EDGE('',*,*,#3091,.F.);
#1194=ORIENTED_EDGE('',*,*,#3092,.T.);
#1195=ORIENTED_EDGE('',*,*,#3093,.T.);
#1196=ORIENTED_EDGE('',*,*,#3094,.T.);
#1197=ORIENTED_EDGE('',*,*,#3095,.F.);
#1198=ORIENTED_EDGE('',*,*,#3096,.T.);
#1199=ORIENTED_EDGE('',*,*,#3097,.T.);
#1200=ORIENTED_EDGE('',*,*,#3098,.T.);
#1201=ORIENTED_EDGE('',*,*,#3099,.F.);
#1202=ORIENTED_EDGE('',*,*,#3100,.T.);
#1203=ORIENTED_EDGE('',*,*,#3101,.T.);
#1204=ORIENTED_EDGE('',*,*,#3102,.T.);
#1205=ORIENTED_EDGE('',*,*,#3103,.F.);
#1206=ORIENTED_EDGE('',*,*,#3104,.T.);
#1207=ORIENTED_EDGE('',*,*,#3105,.T.);
#1208=ORIENTED_EDGE('',*,*,#3106,.T.);
#1209=ORIENTED_EDGE('',*,*,#3107,.F.);
#1210=ORIENTED_EDGE('',*,*,#3108,.T.);
#1211=ORIENTED_EDGE('',*,*,#3109,.T.);
#1212=ORIENTED_EDGE('',*,*,#3110,.T.);
#1213=ORIENTED_EDGE('',*,*,#3111,.F.);
#1214=ORIENTED_EDGE('',*,*,#3112,.T.);
#1215=ORIENTED_EDGE('',*,*,#3019,.T.);
#1216=ORIENTED_EDGE('',*,*,#3113,.T.);
#1217=ORIENTED_EDGE('',*,*,#3114,.T.);
#1218=ORIENTED_EDGE('',*,*,#3115,.T.);
#1219=ORIENTED_EDGE('',*,*,#3116,.F.);
#1220=ORIENTED_EDGE('',*,*,#3109,.F.);
#1221=ORIENTED_EDGE('',*,*,#3117,.F.);
#1222=ORIENTED_EDGE('',*,*,#3118,.T.);
#1223=ORIENTED_EDGE('',*,*,#3114,.F.);
#1224=ORIENTED_EDGE('',*,*,#3119,.T.);
#1225=ORIENTED_EDGE('',*,*,#3118,.F.);
#1226=ORIENTED_EDGE('',*,*,#3120,.F.);
#1227=ORIENTED_EDGE('',*,*,#3111,.T.);
#1228=ORIENTED_EDGE('',*,*,#3121,.T.);
#1229=ORIENTED_EDGE('',*,*,#3122,.T.);
#1230=ORIENTED_EDGE('',*,*,#3123,.T.);
#1231=ORIENTED_EDGE('',*,*,#3124,.F.);
#1232=ORIENTED_EDGE('',*,*,#3105,.F.);
#1233=ORIENTED_EDGE('',*,*,#3125,.F.);
#1234=ORIENTED_EDGE('',*,*,#3126,.T.);
#1235=ORIENTED_EDGE('',*,*,#3122,.F.);
#1236=ORIENTED_EDGE('',*,*,#3127,.T.);
#1237=ORIENTED_EDGE('',*,*,#3126,.F.);
#1238=ORIENTED_EDGE('',*,*,#3128,.F.);
#1239=ORIENTED_EDGE('',*,*,#3107,.T.);
#1240=ORIENTED_EDGE('',*,*,#3129,.T.);
#1241=ORIENTED_EDGE('',*,*,#3130,.T.);
#1242=ORIENTED_EDGE('',*,*,#3131,.T.);
#1243=ORIENTED_EDGE('',*,*,#3132,.F.);
#1244=ORIENTED_EDGE('',*,*,#3101,.F.);
#1245=ORIENTED_EDGE('',*,*,#3133,.F.);
#1246=ORIENTED_EDGE('',*,*,#3134,.T.);
#1247=ORIENTED_EDGE('',*,*,#3130,.F.);
#1248=ORIENTED_EDGE('',*,*,#3135,.T.);
#1249=ORIENTED_EDGE('',*,*,#3134,.F.);
#1250=ORIENTED_EDGE('',*,*,#3136,.F.);
#1251=ORIENTED_EDGE('',*,*,#3103,.T.);
#1252=ORIENTED_EDGE('',*,*,#3137,.T.);
#1253=ORIENTED_EDGE('',*,*,#3138,.T.);
#1254=ORIENTED_EDGE('',*,*,#3139,.T.);
#1255=ORIENTED_EDGE('',*,*,#3140,.F.);
#1256=ORIENTED_EDGE('',*,*,#3097,.F.);
#1257=ORIENTED_EDGE('',*,*,#3141,.F.);
#1258=ORIENTED_EDGE('',*,*,#3142,.T.);
#1259=ORIENTED_EDGE('',*,*,#3138,.F.);
#1260=ORIENTED_EDGE('',*,*,#3143,.T.);
#1261=ORIENTED_EDGE('',*,*,#3142,.F.);
#1262=ORIENTED_EDGE('',*,*,#3144,.F.);
#1263=ORIENTED_EDGE('',*,*,#3099,.T.);
#1264=ORIENTED_EDGE('',*,*,#3145,.T.);
#1265=ORIENTED_EDGE('',*,*,#3146,.T.);
#1266=ORIENTED_EDGE('',*,*,#3147,.T.);
#1267=ORIENTED_EDGE('',*,*,#3148,.F.);
#1268=ORIENTED_EDGE('',*,*,#3093,.F.);
#1269=ORIENTED_EDGE('',*,*,#3149,.F.);
#1270=ORIENTED_EDGE('',*,*,#3150,.T.);
#1271=ORIENTED_EDGE('',*,*,#3146,.F.);
#1272=ORIENTED_EDGE('',*,*,#3151,.T.);
#1273=ORIENTED_EDGE('',*,*,#3150,.F.);
#1274=ORIENTED_EDGE('',*,*,#3152,.F.);
#1275=ORIENTED_EDGE('',*,*,#3095,.T.);
#1276=ORIENTED_EDGE('',*,*,#3153,.T.);
#1277=ORIENTED_EDGE('',*,*,#3154,.T.);
#1278=ORIENTED_EDGE('',*,*,#3155,.T.);
#1279=ORIENTED_EDGE('',*,*,#3156,.F.);
#1280=ORIENTED_EDGE('',*,*,#3089,.F.);
#1281=ORIENTED_EDGE('',*,*,#3157,.F.);
#1282=ORIENTED_EDGE('',*,*,#3158,.T.);
#1283=ORIENTED_EDGE('',*,*,#3154,.F.);
#1284=ORIENTED_EDGE('',*,*,#3159,.T.);
#1285=ORIENTED_EDGE('',*,*,#3158,.F.);
#1286=ORIENTED_EDGE('',*,*,#3160,.F.);
#1287=ORIENTED_EDGE('',*,*,#3091,.T.);
#1288=ORIENTED_EDGE('',*,*,#3161,.T.);
#1289=ORIENTED_EDGE('',*,*,#3162,.T.);
#1290=ORIENTED_EDGE('',*,*,#3163,.T.);
#1291=ORIENTED_EDGE('',*,*,#3164,.F.);
#1292=ORIENTED_EDGE('',*,*,#3085,.F.);
#1293=ORIENTED_EDGE('',*,*,#3165,.F.);
#1294=ORIENTED_EDGE('',*,*,#3166,.T.);
#1295=ORIENTED_EDGE('',*,*,#3162,.F.);
#1296=ORIENTED_EDGE('',*,*,#3167,.T.);
#1297=ORIENTED_EDGE('',*,*,#3166,.F.);
#1298=ORIENTED_EDGE('',*,*,#3168,.F.);
#1299=ORIENTED_EDGE('',*,*,#3087,.T.);
#1300=ORIENTED_EDGE('',*,*,#3169,.T.);
#1301=ORIENTED_EDGE('',*,*,#3170,.T.);
#1302=ORIENTED_EDGE('',*,*,#3171,.T.);
#1303=ORIENTED_EDGE('',*,*,#3172,.F.);
#1304=ORIENTED_EDGE('',*,*,#3081,.F.);
#1305=ORIENTED_EDGE('',*,*,#3173,.F.);
#1306=ORIENTED_EDGE('',*,*,#3174,.T.);
#1307=ORIENTED_EDGE('',*,*,#3170,.F.);
#1308=ORIENTED_EDGE('',*,*,#3175,.T.);
#1309=ORIENTED_EDGE('',*,*,#3174,.F.);
#1310=ORIENTED_EDGE('',*,*,#3176,.F.);
#1311=ORIENTED_EDGE('',*,*,#3015,.T.);
#1312=ORIENTED_EDGE('',*,*,#3177,.T.);
#1313=ORIENTED_EDGE('',*,*,#3178,.T.);
#1314=ORIENTED_EDGE('',*,*,#3179,.T.);
#1315=ORIENTED_EDGE('',*,*,#3180,.F.);
#1316=ORIENTED_EDGE('',*,*,#3077,.F.);
#1317=ORIENTED_EDGE('',*,*,#3181,.F.);
#1318=ORIENTED_EDGE('',*,*,#3182,.T.);
#1319=ORIENTED_EDGE('',*,*,#3178,.F.);
#1320=ORIENTED_EDGE('',*,*,#3183,.T.);
#1321=ORIENTED_EDGE('',*,*,#3182,.F.);
#1322=ORIENTED_EDGE('',*,*,#3184,.F.);
#1323=ORIENTED_EDGE('',*,*,#3079,.T.);
#1324=ORIENTED_EDGE('',*,*,#3185,.T.);
#1325=ORIENTED_EDGE('',*,*,#3186,.T.);
#1326=ORIENTED_EDGE('',*,*,#3187,.T.);
#1327=ORIENTED_EDGE('',*,*,#3188,.F.);
#1328=ORIENTED_EDGE('',*,*,#3073,.F.);
#1329=ORIENTED_EDGE('',*,*,#3189,.F.);
#1330=ORIENTED_EDGE('',*,*,#3190,.T.);
#1331=ORIENTED_EDGE('',*,*,#3186,.F.);
#1332=ORIENTED_EDGE('',*,*,#3191,.T.);
#1333=ORIENTED_EDGE('',*,*,#3190,.F.);
#1334=ORIENTED_EDGE('',*,*,#3192,.F.);
#1335=ORIENTED_EDGE('',*,*,#3075,.T.);
#1336=ORIENTED_EDGE('',*,*,#3193,.T.);
#1337=ORIENTED_EDGE('',*,*,#3194,.T.);
#1338=ORIENTED_EDGE('',*,*,#3195,.T.);
#1339=ORIENTED_EDGE('',*,*,#3196,.F.);
#1340=ORIENTED_EDGE('',*,*,#3069,.F.);
#1341=ORIENTED_EDGE('',*,*,#3197,.F.);
#1342=ORIENTED_EDGE('',*,*,#3198,.T.);
#1343=ORIENTED_EDGE('',*,*,#3194,.F.);
#1344=ORIENTED_EDGE('',*,*,#3199,.T.);
#1345=ORIENTED_EDGE('',*,*,#3198,.F.);
#1346=ORIENTED_EDGE('',*,*,#3200,.F.);
#1347=ORIENTED_EDGE('',*,*,#3071,.T.);
#1348=ORIENTED_EDGE('',*,*,#3201,.T.);
#1349=ORIENTED_EDGE('',*,*,#3202,.T.);
#1350=ORIENTED_EDGE('',*,*,#3203,.T.);
#1351=ORIENTED_EDGE('',*,*,#3204,.F.);
#1352=ORIENTED_EDGE('',*,*,#3065,.F.);
#1353=ORIENTED_EDGE('',*,*,#3205,.F.);
#1354=ORIENTED_EDGE('',*,*,#3206,.T.);
#1355=ORIENTED_EDGE('',*,*,#3202,.F.);
#1356=ORIENTED_EDGE('',*,*,#3207,.T.);
#1357=ORIENTED_EDGE('',*,*,#3206,.F.);
#1358=ORIENTED_EDGE('',*,*,#3208,.F.);
#1359=ORIENTED_EDGE('',*,*,#3055,.T.);
#1360=ORIENTED_EDGE('',*,*,#3209,.T.);
#1361=ORIENTED_EDGE('',*,*,#3210,.T.);
#1362=ORIENTED_EDGE('',*,*,#3211,.T.);
#1363=ORIENTED_EDGE('',*,*,#3212,.F.);
#1364=ORIENTED_EDGE('',*,*,#3061,.F.);
#1365=ORIENTED_EDGE('',*,*,#3213,.F.);
#1366=ORIENTED_EDGE('',*,*,#3214,.T.);
#1367=ORIENTED_EDGE('',*,*,#3210,.F.);
#1368=ORIENTED_EDGE('',*,*,#3215,.T.);
#1369=ORIENTED_EDGE('',*,*,#3214,.F.);
#1370=ORIENTED_EDGE('',*,*,#3216,.F.);
#1371=ORIENTED_EDGE('',*,*,#3063,.T.);
#1372=ORIENTED_EDGE('',*,*,#3217,.T.);
#1373=ORIENTED_EDGE('',*,*,#3218,.T.);
#1374=ORIENTED_EDGE('',*,*,#3219,.T.);
#1375=ORIENTED_EDGE('',*,*,#3220,.F.);
#1376=ORIENTED_EDGE('',*,*,#3057,.F.);
#1377=ORIENTED_EDGE('',*,*,#3221,.F.);
#1378=ORIENTED_EDGE('',*,*,#3222,.T.);
#1379=ORIENTED_EDGE('',*,*,#3218,.F.);
#1380=ORIENTED_EDGE('',*,*,#3223,.T.);
#1381=ORIENTED_EDGE('',*,*,#3222,.F.);
#1382=ORIENTED_EDGE('',*,*,#3224,.F.);
#1383=ORIENTED_EDGE('',*,*,#3051,.T.);
#1384=ORIENTED_EDGE('',*,*,#3225,.T.);
#1385=ORIENTED_EDGE('',*,*,#3226,.T.);
#1386=ORIENTED_EDGE('',*,*,#3227,.T.);
#1387=ORIENTED_EDGE('',*,*,#3228,.F.);
#1388=ORIENTED_EDGE('',*,*,#3053,.F.);
#1389=ORIENTED_EDGE('',*,*,#3229,.F.);
#1390=ORIENTED_EDGE('',*,*,#3230,.T.);
#1391=ORIENTED_EDGE('',*,*,#3226,.F.);
#1392=ORIENTED_EDGE('',*,*,#3231,.T.);
#1393=ORIENTED_EDGE('',*,*,#3230,.F.);
#1394=ORIENTED_EDGE('',*,*,#3232,.F.);
#1395=ORIENTED_EDGE('',*,*,#3067,.T.);
#1396=ORIENTED_EDGE('',*,*,#3233,.T.);
#1397=ORIENTED_EDGE('',*,*,#3234,.T.);
#1398=ORIENTED_EDGE('',*,*,#3235,.T.);
#1399=ORIENTED_EDGE('',*,*,#3236,.F.);
#1400=ORIENTED_EDGE('',*,*,#3049,.F.);
#1401=ORIENTED_EDGE('',*,*,#3237,.F.);
#1402=ORIENTED_EDGE('',*,*,#3238,.T.);
#1403=ORIENTED_EDGE('',*,*,#3234,.F.);
#1404=ORIENTED_EDGE('',*,*,#3239,.T.);
#1405=ORIENTED_EDGE('',*,*,#3238,.F.);
#1406=ORIENTED_EDGE('',*,*,#3240,.F.);
#1407=ORIENTED_EDGE('',*,*,#3043,.T.);
#1408=ORIENTED_EDGE('',*,*,#3241,.T.);
#1409=ORIENTED_EDGE('',*,*,#3242,.T.);
#1410=ORIENTED_EDGE('',*,*,#3243,.T.);
#1411=ORIENTED_EDGE('',*,*,#3244,.F.);
#1412=ORIENTED_EDGE('',*,*,#3045,.F.);
#1413=ORIENTED_EDGE('',*,*,#3245,.F.);
#1414=ORIENTED_EDGE('',*,*,#3246,.T.);
#1415=ORIENTED_EDGE('',*,*,#3242,.F.);
#1416=ORIENTED_EDGE('',*,*,#3247,.T.);
#1417=ORIENTED_EDGE('',*,*,#3246,.F.);
#1418=ORIENTED_EDGE('',*,*,#3248,.F.);
#1419=ORIENTED_EDGE('',*,*,#3059,.T.);
#1420=ORIENTED_EDGE('',*,*,#3249,.T.);
#1421=ORIENTED_EDGE('',*,*,#3250,.T.);
#1422=ORIENTED_EDGE('',*,*,#3251,.T.);
#1423=ORIENTED_EDGE('',*,*,#3252,.F.);
#1424=ORIENTED_EDGE('',*,*,#3041,.F.);
#1425=ORIENTED_EDGE('',*,*,#3253,.F.);
#1426=ORIENTED_EDGE('',*,*,#3254,.T.);
#1427=ORIENTED_EDGE('',*,*,#3250,.F.);
#1428=ORIENTED_EDGE('',*,*,#3255,.T.);
#1429=ORIENTED_EDGE('',*,*,#3254,.F.);
#1430=ORIENTED_EDGE('',*,*,#3256,.F.);
#1431=ORIENTED_EDGE('',*,*,#3047,.T.);
#1432=ORIENTED_EDGE('',*,*,#3257,.T.);
#1433=ORIENTED_EDGE('',*,*,#3258,.T.);
#1434=ORIENTED_EDGE('',*,*,#3259,.T.);
#1435=ORIENTED_EDGE('',*,*,#3260,.F.);
#1436=ORIENTED_EDGE('',*,*,#3037,.F.);
#1437=ORIENTED_EDGE('',*,*,#3261,.F.);
#1438=ORIENTED_EDGE('',*,*,#3262,.T.);
#1439=ORIENTED_EDGE('',*,*,#3258,.F.);
#1440=ORIENTED_EDGE('',*,*,#3263,.T.);
#1441=ORIENTED_EDGE('',*,*,#3262,.F.);
#1442=ORIENTED_EDGE('',*,*,#3264,.F.);
#1443=ORIENTED_EDGE('',*,*,#3039,.T.);
#1444=ORIENTED_EDGE('',*,*,#3265,.T.);
#1445=ORIENTED_EDGE('',*,*,#3266,.T.);
#1446=ORIENTED_EDGE('',*,*,#3267,.T.);
#1447=ORIENTED_EDGE('',*,*,#3268,.F.);
#1448=ORIENTED_EDGE('',*,*,#3033,.F.);
#1449=ORIENTED_EDGE('',*,*,#3269,.F.);
#1450=ORIENTED_EDGE('',*,*,#3270,.T.);
#1451=ORIENTED_EDGE('',*,*,#3266,.F.);
#1452=ORIENTED_EDGE('',*,*,#3271,.T.);
#1453=ORIENTED_EDGE('',*,*,#3270,.F.);
#1454=ORIENTED_EDGE('',*,*,#3272,.F.);
#1455=ORIENTED_EDGE('',*,*,#3035,.T.);
#1456=ORIENTED_EDGE('',*,*,#3273,.T.);
#1457=ORIENTED_EDGE('',*,*,#3274,.T.);
#1458=ORIENTED_EDGE('',*,*,#3275,.T.);
#1459=ORIENTED_EDGE('',*,*,#3276,.F.);
#1460=ORIENTED_EDGE('',*,*,#3029,.F.);
#1461=ORIENTED_EDGE('',*,*,#3277,.F.);
#1462=ORIENTED_EDGE('',*,*,#3278,.T.);
#1463=ORIENTED_EDGE('',*,*,#3274,.F.);
#1464=ORIENTED_EDGE('',*,*,#3279,.T.);
#1465=ORIENTED_EDGE('',*,*,#3278,.F.);
#1466=ORIENTED_EDGE('',*,*,#3280,.F.);
#1467=ORIENTED_EDGE('',*,*,#3031,.T.);
#1468=ORIENTED_EDGE('',*,*,#3281,.T.);
#1469=ORIENTED_EDGE('',*,*,#3282,.T.);
#1470=ORIENTED_EDGE('',*,*,#3283,.T.);
#1471=ORIENTED_EDGE('',*,*,#3284,.F.);
#1472=ORIENTED_EDGE('',*,*,#3025,.F.);
#1473=ORIENTED_EDGE('',*,*,#3285,.F.);
#1474=ORIENTED_EDGE('',*,*,#3286,.T.);
#1475=ORIENTED_EDGE('',*,*,#3282,.F.);
#1476=ORIENTED_EDGE('',*,*,#3287,.T.);
#1477=ORIENTED_EDGE('',*,*,#3286,.F.);
#1478=ORIENTED_EDGE('',*,*,#3288,.F.);
#1479=ORIENTED_EDGE('',*,*,#3027,.T.);
#1480=ORIENTED_EDGE('',*,*,#3289,.T.);
#1481=ORIENTED_EDGE('',*,*,#3290,.T.);
#1482=ORIENTED_EDGE('',*,*,#3291,.T.);
#1483=ORIENTED_EDGE('',*,*,#3292,.F.);
#1484=ORIENTED_EDGE('',*,*,#3021,.F.);
#1485=ORIENTED_EDGE('',*,*,#3293,.F.);
#1486=ORIENTED_EDGE('',*,*,#3294,.T.);
#1487=ORIENTED_EDGE('',*,*,#3290,.F.);
#1488=ORIENTED_EDGE('',*,*,#3295,.T.);
#1489=ORIENTED_EDGE('',*,*,#3294,.F.);
#1490=ORIENTED_EDGE('',*,*,#3296,.F.);
#1491=ORIENTED_EDGE('',*,*,#3023,.T.);
#1492=ORIENTED_EDGE('',*,*,#3297,.T.);
#1493=ORIENTED_EDGE('',*,*,#3298,.T.);
#1494=ORIENTED_EDGE('',*,*,#3299,.T.);
#1495=ORIENTED_EDGE('',*,*,#3300,.F.);
#1496=ORIENTED_EDGE('',*,*,#3017,.F.);
#1497=ORIENTED_EDGE('',*,*,#3301,.F.);
#1498=ORIENTED_EDGE('',*,*,#3302,.T.);
#1499=ORIENTED_EDGE('',*,*,#3298,.F.);
#1500=ORIENTED_EDGE('',*,*,#3303,.T.);
#1501=ORIENTED_EDGE('',*,*,#3302,.F.);
#1502=ORIENTED_EDGE('',*,*,#3304,.F.);
#1503=ORIENTED_EDGE('',*,*,#3011,.T.);
#1504=ORIENTED_EDGE('',*,*,#3305,.T.);
#1505=ORIENTED_EDGE('',*,*,#3306,.T.);
#1506=ORIENTED_EDGE('',*,*,#3307,.T.);
#1507=ORIENTED_EDGE('',*,*,#3308,.F.);
#1508=ORIENTED_EDGE('',*,*,#3013,.F.);
#1509=ORIENTED_EDGE('',*,*,#3309,.F.);
#1510=ORIENTED_EDGE('',*,*,#3310,.T.);
#1511=ORIENTED_EDGE('',*,*,#3306,.F.);
#1512=ORIENTED_EDGE('',*,*,#3311,.T.);
#1513=ORIENTED_EDGE('',*,*,#3310,.F.);
#1514=ORIENTED_EDGE('',*,*,#3312,.F.);
#1515=ORIENTED_EDGE('',*,*,#3007,.T.);
#1516=ORIENTED_EDGE('',*,*,#3313,.T.);
#1517=ORIENTED_EDGE('',*,*,#3314,.T.);
#1518=ORIENTED_EDGE('',*,*,#3315,.T.);
#1519=ORIENTED_EDGE('',*,*,#3316,.F.);
#1520=ORIENTED_EDGE('',*,*,#3009,.F.);
#1521=ORIENTED_EDGE('',*,*,#3317,.F.);
#1522=ORIENTED_EDGE('',*,*,#3318,.T.);
#1523=ORIENTED_EDGE('',*,*,#3314,.F.);
#1524=ORIENTED_EDGE('',*,*,#3319,.T.);
#1525=ORIENTED_EDGE('',*,*,#3318,.F.);
#1526=ORIENTED_EDGE('',*,*,#3320,.F.);
#1527=ORIENTED_EDGE('',*,*,#3003,.T.);
#1528=ORIENTED_EDGE('',*,*,#3321,.T.);
#1529=ORIENTED_EDGE('',*,*,#3322,.T.);
#1530=ORIENTED_EDGE('',*,*,#3323,.T.);
#1531=ORIENTED_EDGE('',*,*,#3324,.F.);
#1532=ORIENTED_EDGE('',*,*,#3005,.F.);
#1533=ORIENTED_EDGE('',*,*,#3325,.F.);
#1534=ORIENTED_EDGE('',*,*,#3326,.T.);
#1535=ORIENTED_EDGE('',*,*,#3322,.F.);
#1536=ORIENTED_EDGE('',*,*,#3327,.T.);
#1537=ORIENTED_EDGE('',*,*,#3326,.F.);
#1538=ORIENTED_EDGE('',*,*,#3328,.F.);
#1539=ORIENTED_EDGE('',*,*,#2999,.T.);
#1540=ORIENTED_EDGE('',*,*,#3329,.T.);
#1541=ORIENTED_EDGE('',*,*,#3330,.T.);
#1542=ORIENTED_EDGE('',*,*,#3331,.T.);
#1543=ORIENTED_EDGE('',*,*,#3332,.F.);
#1544=ORIENTED_EDGE('',*,*,#3001,.F.);
#1545=ORIENTED_EDGE('',*,*,#3333,.F.);
#1546=ORIENTED_EDGE('',*,*,#3334,.T.);
#1547=ORIENTED_EDGE('',*,*,#3330,.F.);
#1548=ORIENTED_EDGE('',*,*,#3335,.T.);
#1549=ORIENTED_EDGE('',*,*,#3334,.F.);
#1550=ORIENTED_EDGE('',*,*,#3336,.F.);
#1551=ORIENTED_EDGE('',*,*,#2995,.T.);
#1552=ORIENTED_EDGE('',*,*,#3337,.T.);
#1553=ORIENTED_EDGE('',*,*,#3338,.T.);
#1554=ORIENTED_EDGE('',*,*,#3339,.T.);
#1555=ORIENTED_EDGE('',*,*,#3340,.F.);
#1556=ORIENTED_EDGE('',*,*,#2997,.F.);
#1557=ORIENTED_EDGE('',*,*,#3341,.F.);
#1558=ORIENTED_EDGE('',*,*,#3342,.T.);
#1559=ORIENTED_EDGE('',*,*,#3338,.F.);
#1560=ORIENTED_EDGE('',*,*,#3343,.T.);
#1561=ORIENTED_EDGE('',*,*,#3342,.F.);
#1562=ORIENTED_EDGE('',*,*,#3344,.F.);
#1563=ORIENTED_EDGE('',*,*,#2991,.T.);
#1564=ORIENTED_EDGE('',*,*,#3345,.T.);
#1565=ORIENTED_EDGE('',*,*,#3346,.T.);
#1566=ORIENTED_EDGE('',*,*,#3347,.T.);
#1567=ORIENTED_EDGE('',*,*,#3348,.F.);
#1568=ORIENTED_EDGE('',*,*,#2993,.F.);
#1569=ORIENTED_EDGE('',*,*,#3349,.F.);
#1570=ORIENTED_EDGE('',*,*,#3350,.T.);
#1571=ORIENTED_EDGE('',*,*,#3346,.F.);
#1572=ORIENTED_EDGE('',*,*,#3351,.T.);
#1573=ORIENTED_EDGE('',*,*,#3350,.F.);
#1574=ORIENTED_EDGE('',*,*,#3352,.F.);
#1575=ORIENTED_EDGE('',*,*,#2987,.T.);
#1576=ORIENTED_EDGE('',*,*,#3353,.T.);
#1577=ORIENTED_EDGE('',*,*,#3354,.T.);
#1578=ORIENTED_EDGE('',*,*,#3355,.T.);
#1579=ORIENTED_EDGE('',*,*,#3356,.F.);
#1580=ORIENTED_EDGE('',*,*,#2989,.F.);
#1581=ORIENTED_EDGE('',*,*,#3357,.F.);
#1582=ORIENTED_EDGE('',*,*,#3358,.T.);
#1583=ORIENTED_EDGE('',*,*,#3354,.F.);
#1584=ORIENTED_EDGE('',*,*,#3359,.T.);
#1585=ORIENTED_EDGE('',*,*,#3358,.F.);
#1586=ORIENTED_EDGE('',*,*,#3360,.F.);
#1587=ORIENTED_EDGE('',*,*,#2963,.T.);
#1588=ORIENTED_EDGE('',*,*,#3361,.T.);
#1589=ORIENTED_EDGE('',*,*,#3362,.T.);
#1590=ORIENTED_EDGE('',*,*,#3363,.T.);
#1591=ORIENTED_EDGE('',*,*,#3364,.F.);
#1592=ORIENTED_EDGE('',*,*,#2985,.F.);
#1593=ORIENTED_EDGE('',*,*,#3365,.F.);
#1594=ORIENTED_EDGE('',*,*,#3366,.T.);
#1595=ORIENTED_EDGE('',*,*,#3362,.F.);
#1596=ORIENTED_EDGE('',*,*,#3367,.T.);
#1597=ORIENTED_EDGE('',*,*,#3366,.F.);
#1598=ORIENTED_EDGE('',*,*,#3368,.F.);
#1599=ORIENTED_EDGE('',*,*,#2951,.T.);
#1600=ORIENTED_EDGE('',*,*,#3369,.T.);
#1601=ORIENTED_EDGE('',*,*,#3370,.T.);
#1602=ORIENTED_EDGE('',*,*,#3371,.T.);
#1603=ORIENTED_EDGE('',*,*,#3372,.F.);
#1604=ORIENTED_EDGE('',*,*,#2981,.F.);
#1605=ORIENTED_EDGE('',*,*,#3373,.F.);
#1606=ORIENTED_EDGE('',*,*,#3374,.T.);
#1607=ORIENTED_EDGE('',*,*,#3370,.F.);
#1608=ORIENTED_EDGE('',*,*,#3375,.T.);
#1609=ORIENTED_EDGE('',*,*,#3374,.F.);
#1610=ORIENTED_EDGE('',*,*,#3376,.F.);
#1611=ORIENTED_EDGE('',*,*,#2983,.T.);
#1612=ORIENTED_EDGE('',*,*,#3377,.T.);
#1613=ORIENTED_EDGE('',*,*,#3378,.T.);
#1614=ORIENTED_EDGE('',*,*,#3379,.T.);
#1615=ORIENTED_EDGE('',*,*,#3380,.F.);
#1616=ORIENTED_EDGE('',*,*,#2977,.F.);
#1617=ORIENTED_EDGE('',*,*,#3381,.F.);
#1618=ORIENTED_EDGE('',*,*,#3382,.T.);
#1619=ORIENTED_EDGE('',*,*,#3378,.F.);
#1620=ORIENTED_EDGE('',*,*,#3383,.T.);
#1621=ORIENTED_EDGE('',*,*,#3382,.F.);
#1622=ORIENTED_EDGE('',*,*,#3384,.F.);
#1623=ORIENTED_EDGE('',*,*,#2979,.T.);
#1624=ORIENTED_EDGE('',*,*,#3385,.T.);
#1625=ORIENTED_EDGE('',*,*,#3386,.T.);
#1626=ORIENTED_EDGE('',*,*,#3387,.T.);
#1627=ORIENTED_EDGE('',*,*,#3388,.F.);
#1628=ORIENTED_EDGE('',*,*,#2973,.F.);
#1629=ORIENTED_EDGE('',*,*,#3389,.F.);
#1630=ORIENTED_EDGE('',*,*,#3390,.T.);
#1631=ORIENTED_EDGE('',*,*,#3386,.F.);
#1632=ORIENTED_EDGE('',*,*,#3391,.T.);
#1633=ORIENTED_EDGE('',*,*,#3390,.F.);
#1634=ORIENTED_EDGE('',*,*,#3392,.F.);
#1635=ORIENTED_EDGE('',*,*,#2975,.T.);
#1636=ORIENTED_EDGE('',*,*,#3393,.T.);
#1637=ORIENTED_EDGE('',*,*,#3394,.T.);
#1638=ORIENTED_EDGE('',*,*,#3395,.T.);
#1639=ORIENTED_EDGE('',*,*,#3396,.F.);
#1640=ORIENTED_EDGE('',*,*,#2969,.F.);
#1641=ORIENTED_EDGE('',*,*,#3397,.F.);
#1642=ORIENTED_EDGE('',*,*,#3398,.T.);
#1643=ORIENTED_EDGE('',*,*,#3394,.F.);
#1644=ORIENTED_EDGE('',*,*,#3399,.T.);
#1645=ORIENTED_EDGE('',*,*,#3398,.F.);
#1646=ORIENTED_EDGE('',*,*,#3400,.F.);
#1647=ORIENTED_EDGE('',*,*,#2955,.T.);
#1648=ORIENTED_EDGE('',*,*,#3401,.T.);
#1649=ORIENTED_EDGE('',*,*,#3402,.T.);
#1650=ORIENTED_EDGE('',*,*,#3403,.T.);
#1651=ORIENTED_EDGE('',*,*,#3404,.F.);
#1652=ORIENTED_EDGE('',*,*,#2965,.F.);
#1653=ORIENTED_EDGE('',*,*,#3405,.F.);
#1654=ORIENTED_EDGE('',*,*,#3406,.T.);
#1655=ORIENTED_EDGE('',*,*,#3402,.F.);
#1656=ORIENTED_EDGE('',*,*,#3407,.T.);
#1657=ORIENTED_EDGE('',*,*,#3406,.F.);
#1658=ORIENTED_EDGE('',*,*,#3408,.F.);
#1659=ORIENTED_EDGE('',*,*,#2967,.T.);
#1660=ORIENTED_EDGE('',*,*,#3409,.T.);
#1661=ORIENTED_EDGE('',*,*,#3410,.T.);
#1662=ORIENTED_EDGE('',*,*,#3411,.T.);
#1663=ORIENTED_EDGE('',*,*,#3412,.F.);
#1664=ORIENTED_EDGE('',*,*,#2961,.F.);
#1665=ORIENTED_EDGE('',*,*,#3413,.F.);
#1666=ORIENTED_EDGE('',*,*,#3414,.T.);
#1667=ORIENTED_EDGE('',*,*,#3410,.F.);
#1668=ORIENTED_EDGE('',*,*,#3415,.T.);
#1669=ORIENTED_EDGE('',*,*,#3414,.F.);
#1670=ORIENTED_EDGE('',*,*,#3416,.F.);
#1671=ORIENTED_EDGE('',*,*,#2971,.T.);
#1672=ORIENTED_EDGE('',*,*,#3417,.T.);
#1673=ORIENTED_EDGE('',*,*,#3418,.T.);
#1674=ORIENTED_EDGE('',*,*,#3419,.T.);
#1675=ORIENTED_EDGE('',*,*,#3420,.F.);
#1676=ORIENTED_EDGE('',*,*,#2957,.F.);
#1677=ORIENTED_EDGE('',*,*,#3421,.F.);
#1678=ORIENTED_EDGE('',*,*,#3422,.T.);
#1679=ORIENTED_EDGE('',*,*,#3418,.F.);
#1680=ORIENTED_EDGE('',*,*,#3423,.T.);
#1681=ORIENTED_EDGE('',*,*,#3422,.F.);
#1682=ORIENTED_EDGE('',*,*,#3424,.F.);
#1683=ORIENTED_EDGE('',*,*,#2959,.T.);
#1684=ORIENTED_EDGE('',*,*,#3425,.T.);
#1685=ORIENTED_EDGE('',*,*,#3426,.T.);
#1686=ORIENTED_EDGE('',*,*,#3427,.T.);
#1687=ORIENTED_EDGE('',*,*,#3428,.F.);
#1688=ORIENTED_EDGE('',*,*,#2953,.F.);
#1689=ORIENTED_EDGE('',*,*,#3429,.F.);
#1690=ORIENTED_EDGE('',*,*,#3430,.T.);
#1691=ORIENTED_EDGE('',*,*,#3426,.F.);
#1692=ORIENTED_EDGE('',*,*,#3431,.T.);
#1693=ORIENTED_EDGE('',*,*,#3430,.F.);
#1694=ORIENTED_EDGE('',*,*,#3432,.F.);
#1695=ORIENTED_EDGE('',*,*,#2947,.T.);
#1696=ORIENTED_EDGE('',*,*,#3433,.T.);
#1697=ORIENTED_EDGE('',*,*,#3434,.T.);
#1698=ORIENTED_EDGE('',*,*,#3435,.T.);
#1699=ORIENTED_EDGE('',*,*,#3436,.F.);
#1700=ORIENTED_EDGE('',*,*,#2949,.F.);
#1701=ORIENTED_EDGE('',*,*,#3437,.F.);
#1702=ORIENTED_EDGE('',*,*,#3438,.T.);
#1703=ORIENTED_EDGE('',*,*,#3434,.F.);
#1704=ORIENTED_EDGE('',*,*,#3439,.T.);
#1705=ORIENTED_EDGE('',*,*,#3438,.F.);
#1706=ORIENTED_EDGE('',*,*,#3440,.F.);
#1707=ORIENTED_EDGE('',*,*,#2943,.T.);
#1708=ORIENTED_EDGE('',*,*,#3441,.T.);
#1709=ORIENTED_EDGE('',*,*,#3442,.T.);
#1710=ORIENTED_EDGE('',*,*,#3443,.T.);
#1711=ORIENTED_EDGE('',*,*,#3444,.F.);
#1712=ORIENTED_EDGE('',*,*,#2945,.F.);
#1713=ORIENTED_EDGE('',*,*,#3445,.F.);
#1714=ORIENTED_EDGE('',*,*,#3446,.T.);
#1715=ORIENTED_EDGE('',*,*,#3442,.F.);
#1716=ORIENTED_EDGE('',*,*,#3447,.T.);
#1717=ORIENTED_EDGE('',*,*,#3446,.F.);
#1718=ORIENTED_EDGE('',*,*,#3448,.F.);
#1719=ORIENTED_EDGE('',*,*,#2939,.T.);
#1720=ORIENTED_EDGE('',*,*,#3449,.T.);
#1721=ORIENTED_EDGE('',*,*,#3450,.T.);
#1722=ORIENTED_EDGE('',*,*,#3451,.T.);
#1723=ORIENTED_EDGE('',*,*,#3452,.F.);
#1724=ORIENTED_EDGE('',*,*,#2941,.F.);
#1725=ORIENTED_EDGE('',*,*,#3453,.F.);
#1726=ORIENTED_EDGE('',*,*,#3454,.T.);
#1727=ORIENTED_EDGE('',*,*,#3450,.F.);
#1728=ORIENTED_EDGE('',*,*,#3455,.T.);
#1729=ORIENTED_EDGE('',*,*,#3454,.F.);
#1730=ORIENTED_EDGE('',*,*,#3456,.F.);
#1731=ORIENTED_EDGE('',*,*,#2935,.T.);
#1732=ORIENTED_EDGE('',*,*,#3457,.T.);
#1733=ORIENTED_EDGE('',*,*,#3458,.T.);
#1734=ORIENTED_EDGE('',*,*,#3459,.T.);
#1735=ORIENTED_EDGE('',*,*,#3460,.F.);
#1736=ORIENTED_EDGE('',*,*,#2937,.F.);
#1737=ORIENTED_EDGE('',*,*,#3461,.F.);
#1738=ORIENTED_EDGE('',*,*,#3462,.T.);
#1739=ORIENTED_EDGE('',*,*,#3458,.F.);
#1740=ORIENTED_EDGE('',*,*,#3463,.T.);
#1741=ORIENTED_EDGE('',*,*,#3462,.F.);
#1742=ORIENTED_EDGE('',*,*,#3464,.F.);
#1743=ORIENTED_EDGE('',*,*,#2931,.T.);
#1744=ORIENTED_EDGE('',*,*,#3465,.T.);
#1745=ORIENTED_EDGE('',*,*,#3466,.T.);
#1746=ORIENTED_EDGE('',*,*,#3467,.T.);
#1747=ORIENTED_EDGE('',*,*,#3468,.F.);
#1748=ORIENTED_EDGE('',*,*,#2933,.F.);
#1749=ORIENTED_EDGE('',*,*,#3469,.F.);
#1750=ORIENTED_EDGE('',*,*,#3470,.T.);
#1751=ORIENTED_EDGE('',*,*,#3466,.F.);
#1752=ORIENTED_EDGE('',*,*,#3471,.T.);
#1753=ORIENTED_EDGE('',*,*,#3470,.F.);
#1754=ORIENTED_EDGE('',*,*,#3472,.F.);
#1755=ORIENTED_EDGE('',*,*,#2927,.T.);
#1756=ORIENTED_EDGE('',*,*,#3473,.T.);
#1757=ORIENTED_EDGE('',*,*,#3474,.T.);
#1758=ORIENTED_EDGE('',*,*,#3475,.T.);
#1759=ORIENTED_EDGE('',*,*,#3476,.F.);
#1760=ORIENTED_EDGE('',*,*,#2929,.F.);
#1761=ORIENTED_EDGE('',*,*,#3477,.F.);
#1762=ORIENTED_EDGE('',*,*,#3478,.T.);
#1763=ORIENTED_EDGE('',*,*,#3474,.F.);
#1764=ORIENTED_EDGE('',*,*,#3479,.T.);
#1765=ORIENTED_EDGE('',*,*,#3478,.F.);
#1766=ORIENTED_EDGE('',*,*,#3480,.F.);
#1767=ORIENTED_EDGE('',*,*,#2923,.T.);
#1768=ORIENTED_EDGE('',*,*,#3481,.T.);
#1769=ORIENTED_EDGE('',*,*,#3482,.T.);
#1770=ORIENTED_EDGE('',*,*,#3483,.T.);
#1771=ORIENTED_EDGE('',*,*,#3484,.F.);
#1772=ORIENTED_EDGE('',*,*,#2925,.F.);
#1773=ORIENTED_EDGE('',*,*,#3485,.F.);
#1774=ORIENTED_EDGE('',*,*,#3486,.T.);
#1775=ORIENTED_EDGE('',*,*,#3482,.F.);
#1776=ORIENTED_EDGE('',*,*,#3487,.T.);
#1777=ORIENTED_EDGE('',*,*,#3486,.F.);
#1778=ORIENTED_EDGE('',*,*,#3488,.F.);
#1779=ORIENTED_EDGE('',*,*,#2891,.T.);
#1780=ORIENTED_EDGE('',*,*,#3489,.T.);
#1781=ORIENTED_EDGE('',*,*,#3490,.T.);
#1782=ORIENTED_EDGE('',*,*,#3491,.T.);
#1783=ORIENTED_EDGE('',*,*,#3492,.F.);
#1784=ORIENTED_EDGE('',*,*,#2921,.F.);
#1785=ORIENTED_EDGE('',*,*,#3493,.F.);
#1786=ORIENTED_EDGE('',*,*,#3494,.T.);
#1787=ORIENTED_EDGE('',*,*,#3490,.F.);
#1788=ORIENTED_EDGE('',*,*,#3495,.T.);
#1789=ORIENTED_EDGE('',*,*,#3494,.F.);
#1790=ORIENTED_EDGE('',*,*,#3496,.F.);
#1791=ORIENTED_EDGE('',*,*,#2911,.T.);
#1792=ORIENTED_EDGE('',*,*,#3497,.T.);
#1793=ORIENTED_EDGE('',*,*,#3498,.T.);
#1794=ORIENTED_EDGE('',*,*,#3499,.T.);
#1795=ORIENTED_EDGE('',*,*,#3500,.F.);
#1796=ORIENTED_EDGE('',*,*,#2917,.F.);
#1797=ORIENTED_EDGE('',*,*,#3501,.F.);
#1798=ORIENTED_EDGE('',*,*,#3502,.T.);
#1799=ORIENTED_EDGE('',*,*,#3498,.F.);
#1800=ORIENTED_EDGE('',*,*,#3503,.T.);
#1801=ORIENTED_EDGE('',*,*,#3502,.F.);
#1802=ORIENTED_EDGE('',*,*,#3504,.F.);
#1803=ORIENTED_EDGE('',*,*,#2919,.T.);
#1804=ORIENTED_EDGE('',*,*,#3505,.T.);
#1805=ORIENTED_EDGE('',*,*,#3506,.T.);
#1806=ORIENTED_EDGE('',*,*,#3507,.T.);
#1807=ORIENTED_EDGE('',*,*,#3508,.F.);
#1808=ORIENTED_EDGE('',*,*,#2913,.F.);
#1809=ORIENTED_EDGE('',*,*,#3509,.F.);
#1810=ORIENTED_EDGE('',*,*,#3510,.T.);
#1811=ORIENTED_EDGE('',*,*,#3506,.F.);
#1812=ORIENTED_EDGE('',*,*,#3511,.T.);
#1813=ORIENTED_EDGE('',*,*,#3510,.F.);
#1814=ORIENTED_EDGE('',*,*,#3512,.F.);
#1815=ORIENTED_EDGE('',*,*,#2907,.T.);
#1816=ORIENTED_EDGE('',*,*,#3513,.T.);
#1817=ORIENTED_EDGE('',*,*,#3514,.T.);
#1818=ORIENTED_EDGE('',*,*,#3515,.T.);
#1819=ORIENTED_EDGE('',*,*,#3516,.F.);
#1820=ORIENTED_EDGE('',*,*,#2909,.F.);
#1821=ORIENTED_EDGE('',*,*,#3517,.F.);
#1822=ORIENTED_EDGE('',*,*,#3518,.T.);
#1823=ORIENTED_EDGE('',*,*,#3514,.F.);
#1824=ORIENTED_EDGE('',*,*,#3519,.T.);
#1825=ORIENTED_EDGE('',*,*,#3518,.F.);
#1826=ORIENTED_EDGE('',*,*,#3520,.F.);
#1827=ORIENTED_EDGE('',*,*,#2887,.T.);
#1828=ORIENTED_EDGE('',*,*,#3521,.T.);
#1829=ORIENTED_EDGE('',*,*,#3522,.T.);
#1830=ORIENTED_EDGE('',*,*,#3523,.T.);
#1831=ORIENTED_EDGE('',*,*,#3524,.F.);
#1832=ORIENTED_EDGE('',*,*,#2905,.F.);
#1833=ORIENTED_EDGE('',*,*,#3525,.F.);
#1834=ORIENTED_EDGE('',*,*,#3526,.T.);
#1835=ORIENTED_EDGE('',*,*,#3522,.F.);
#1836=ORIENTED_EDGE('',*,*,#3527,.T.);
#1837=ORIENTED_EDGE('',*,*,#3526,.F.);
#1838=ORIENTED_EDGE('',*,*,#3528,.F.);
#1839=ORIENTED_EDGE('',*,*,#2899,.T.);
#1840=ORIENTED_EDGE('',*,*,#3529,.T.);
#1841=ORIENTED_EDGE('',*,*,#3530,.T.);
#1842=ORIENTED_EDGE('',*,*,#3531,.T.);
#1843=ORIENTED_EDGE('',*,*,#3532,.F.);
#1844=ORIENTED_EDGE('',*,*,#2901,.F.);
#1845=ORIENTED_EDGE('',*,*,#3533,.F.);
#1846=ORIENTED_EDGE('',*,*,#3534,.T.);
#1847=ORIENTED_EDGE('',*,*,#3530,.F.);
#1848=ORIENTED_EDGE('',*,*,#3535,.T.);
#1849=ORIENTED_EDGE('',*,*,#3534,.F.);
#1850=ORIENTED_EDGE('',*,*,#3536,.F.);
#1851=ORIENTED_EDGE('',*,*,#2915,.T.);
#1852=ORIENTED_EDGE('',*,*,#3537,.T.);
#1853=ORIENTED_EDGE('',*,*,#3538,.T.);
#1854=ORIENTED_EDGE('',*,*,#3539,.T.);
#1855=ORIENTED_EDGE('',*,*,#3540,.F.);
#1856=ORIENTED_EDGE('',*,*,#2897,.F.);
#1857=ORIENTED_EDGE('',*,*,#3541,.F.);
#1858=ORIENTED_EDGE('',*,*,#3542,.T.);
#1859=ORIENTED_EDGE('',*,*,#3538,.F.);
#1860=ORIENTED_EDGE('',*,*,#3543,.T.);
#1861=ORIENTED_EDGE('',*,*,#3542,.F.);
#1862=ORIENTED_EDGE('',*,*,#3544,.F.);
#1863=ORIENTED_EDGE('',*,*,#2903,.T.);
#1864=ORIENTED_EDGE('',*,*,#3545,.T.);
#1865=ORIENTED_EDGE('',*,*,#3546,.T.);
#1866=ORIENTED_EDGE('',*,*,#3547,.T.);
#1867=ORIENTED_EDGE('',*,*,#3548,.F.);
#1868=ORIENTED_EDGE('',*,*,#2893,.F.);
#1869=ORIENTED_EDGE('',*,*,#3549,.F.);
#1870=ORIENTED_EDGE('',*,*,#3550,.T.);
#1871=ORIENTED_EDGE('',*,*,#3546,.F.);
#1872=ORIENTED_EDGE('',*,*,#3551,.T.);
#1873=ORIENTED_EDGE('',*,*,#3550,.F.);
#1874=ORIENTED_EDGE('',*,*,#3552,.F.);
#1875=ORIENTED_EDGE('',*,*,#2895,.T.);
#1876=ORIENTED_EDGE('',*,*,#3553,.T.);
#1877=ORIENTED_EDGE('',*,*,#3554,.T.);
#1878=ORIENTED_EDGE('',*,*,#3555,.T.);
#1879=ORIENTED_EDGE('',*,*,#3556,.F.);
#1880=ORIENTED_EDGE('',*,*,#2889,.F.);
#1881=ORIENTED_EDGE('',*,*,#3557,.F.);
#1882=ORIENTED_EDGE('',*,*,#3558,.T.);
#1883=ORIENTED_EDGE('',*,*,#3554,.F.);
#1884=ORIENTED_EDGE('',*,*,#3559,.T.);
#1885=ORIENTED_EDGE('',*,*,#3558,.F.);
#1886=ORIENTED_EDGE('',*,*,#3560,.F.);
#1887=ORIENTED_EDGE('',*,*,#2883,.T.);
#1888=ORIENTED_EDGE('',*,*,#3561,.T.);
#1889=ORIENTED_EDGE('',*,*,#3562,.T.);
#1890=ORIENTED_EDGE('',*,*,#3563,.T.);
#1891=ORIENTED_EDGE('',*,*,#3564,.F.);
#1892=ORIENTED_EDGE('',*,*,#2885,.F.);
#1893=ORIENTED_EDGE('',*,*,#3565,.F.);
#1894=ORIENTED_EDGE('',*,*,#3566,.T.);
#1895=ORIENTED_EDGE('',*,*,#3562,.F.);
#1896=ORIENTED_EDGE('',*,*,#3567,.T.);
#1897=ORIENTED_EDGE('',*,*,#3566,.F.);
#1898=ORIENTED_EDGE('',*,*,#3568,.F.);
#1899=ORIENTED_EDGE('',*,*,#2879,.T.);
#1900=ORIENTED_EDGE('',*,*,#3569,.T.);
#1901=ORIENTED_EDGE('',*,*,#3570,.T.);
#1902=ORIENTED_EDGE('',*,*,#3571,.T.);
#1903=ORIENTED_EDGE('',*,*,#3572,.F.);
#1904=ORIENTED_EDGE('',*,*,#2881,.F.);
#1905=ORIENTED_EDGE('',*,*,#3573,.F.);
#1906=ORIENTED_EDGE('',*,*,#3574,.T.);
#1907=ORIENTED_EDGE('',*,*,#3570,.F.);
#1908=ORIENTED_EDGE('',*,*,#3575,.T.);
#1909=ORIENTED_EDGE('',*,*,#3574,.F.);
#1910=ORIENTED_EDGE('',*,*,#3576,.F.);
#1911=ORIENTED_EDGE('',*,*,#2875,.T.);
#1912=ORIENTED_EDGE('',*,*,#3577,.T.);
#1913=ORIENTED_EDGE('',*,*,#3578,.T.);
#1914=ORIENTED_EDGE('',*,*,#3579,.T.);
#1915=ORIENTED_EDGE('',*,*,#3580,.F.);
#1916=ORIENTED_EDGE('',*,*,#2877,.F.);
#1917=ORIENTED_EDGE('',*,*,#3581,.F.);
#1918=ORIENTED_EDGE('',*,*,#3582,.T.);
#1919=ORIENTED_EDGE('',*,*,#3578,.F.);
#1920=ORIENTED_EDGE('',*,*,#3583,.T.);
#1921=ORIENTED_EDGE('',*,*,#3582,.F.);
#1922=ORIENTED_EDGE('',*,*,#3584,.F.);
#1923=ORIENTED_EDGE('',*,*,#2871,.T.);
#1924=ORIENTED_EDGE('',*,*,#3585,.T.);
#1925=ORIENTED_EDGE('',*,*,#3586,.T.);
#1926=ORIENTED_EDGE('',*,*,#3587,.T.);
#1927=ORIENTED_EDGE('',*,*,#3588,.F.);
#1928=ORIENTED_EDGE('',*,*,#2873,.F.);
#1929=ORIENTED_EDGE('',*,*,#3589,.F.);
#1930=ORIENTED_EDGE('',*,*,#3590,.T.);
#1931=ORIENTED_EDGE('',*,*,#3586,.F.);
#1932=ORIENTED_EDGE('',*,*,#3591,.T.);
#1933=ORIENTED_EDGE('',*,*,#3590,.F.);
#1934=ORIENTED_EDGE('',*,*,#3592,.F.);
#1935=ORIENTED_EDGE('',*,*,#2867,.T.);
#1936=ORIENTED_EDGE('',*,*,#3593,.T.);
#1937=ORIENTED_EDGE('',*,*,#3594,.T.);
#1938=ORIENTED_EDGE('',*,*,#3595,.T.);
#1939=ORIENTED_EDGE('',*,*,#3596,.F.);
#1940=ORIENTED_EDGE('',*,*,#2869,.F.);
#1941=ORIENTED_EDGE('',*,*,#3597,.F.);
#1942=ORIENTED_EDGE('',*,*,#3598,.T.);
#1943=ORIENTED_EDGE('',*,*,#3594,.F.);
#1944=ORIENTED_EDGE('',*,*,#3599,.T.);
#1945=ORIENTED_EDGE('',*,*,#3598,.F.);
#1946=ORIENTED_EDGE('',*,*,#3600,.F.);
#1947=ORIENTED_EDGE('',*,*,#2863,.T.);
#1948=ORIENTED_EDGE('',*,*,#3601,.T.);
#1949=ORIENTED_EDGE('',*,*,#3602,.T.);
#1950=ORIENTED_EDGE('',*,*,#3603,.T.);
#1951=ORIENTED_EDGE('',*,*,#3604,.F.);
#1952=ORIENTED_EDGE('',*,*,#2865,.F.);
#1953=ORIENTED_EDGE('',*,*,#3605,.F.);
#1954=ORIENTED_EDGE('',*,*,#3606,.T.);
#1955=ORIENTED_EDGE('',*,*,#3602,.F.);
#1956=ORIENTED_EDGE('',*,*,#3607,.T.);
#1957=ORIENTED_EDGE('',*,*,#3606,.F.);
#1958=ORIENTED_EDGE('',*,*,#3608,.F.);
#1959=ORIENTED_EDGE('',*,*,#2859,.T.);
#1960=ORIENTED_EDGE('',*,*,#3609,.T.);
#1961=ORIENTED_EDGE('',*,*,#3610,.T.);
#1962=ORIENTED_EDGE('',*,*,#3611,.T.);
#1963=ORIENTED_EDGE('',*,*,#3612,.F.);
#1964=ORIENTED_EDGE('',*,*,#2861,.F.);
#1965=ORIENTED_EDGE('',*,*,#3613,.F.);
#1966=ORIENTED_EDGE('',*,*,#3614,.T.);
#1967=ORIENTED_EDGE('',*,*,#3610,.F.);
#1968=ORIENTED_EDGE('',*,*,#3615,.T.);
#1969=ORIENTED_EDGE('',*,*,#3614,.F.);
#1970=ORIENTED_EDGE('',*,*,#3616,.F.);
#1971=ORIENTED_EDGE('',*,*,#2855,.T.);
#1972=ORIENTED_EDGE('',*,*,#3617,.T.);
#1973=ORIENTED_EDGE('',*,*,#3618,.T.);
#1974=ORIENTED_EDGE('',*,*,#3619,.T.);
#1975=ORIENTED_EDGE('',*,*,#3620,.F.);
#1976=ORIENTED_EDGE('',*,*,#2857,.F.);
#1977=ORIENTED_EDGE('',*,*,#3621,.F.);
#1978=ORIENTED_EDGE('',*,*,#3622,.T.);
#1979=ORIENTED_EDGE('',*,*,#3618,.F.);
#1980=ORIENTED_EDGE('',*,*,#3623,.T.);
#1981=ORIENTED_EDGE('',*,*,#3622,.F.);
#1982=ORIENTED_EDGE('',*,*,#3624,.F.);
#1983=ORIENTED_EDGE('',*,*,#2851,.T.);
#1984=ORIENTED_EDGE('',*,*,#3625,.T.);
#1985=ORIENTED_EDGE('',*,*,#3626,.T.);
#1986=ORIENTED_EDGE('',*,*,#3627,.T.);
#1987=ORIENTED_EDGE('',*,*,#3628,.F.);
#1988=ORIENTED_EDGE('',*,*,#2853,.F.);
#1989=ORIENTED_EDGE('',*,*,#3629,.F.);
#1990=ORIENTED_EDGE('',*,*,#3630,.T.);
#1991=ORIENTED_EDGE('',*,*,#3626,.F.);
#1992=ORIENTED_EDGE('',*,*,#3631,.T.);
#1993=ORIENTED_EDGE('',*,*,#3630,.F.);
#1994=ORIENTED_EDGE('',*,*,#3632,.F.);
#1995=ORIENTED_EDGE('',*,*,#2847,.T.);
#1996=ORIENTED_EDGE('',*,*,#3633,.T.);
#1997=ORIENTED_EDGE('',*,*,#3634,.T.);
#1998=ORIENTED_EDGE('',*,*,#3635,.T.);
#1999=ORIENTED_EDGE('',*,*,#3636,.F.);
#2000=ORIENTED_EDGE('',*,*,#2849,.F.);
#2001=ORIENTED_EDGE('',*,*,#3637,.F.);
#2002=ORIENTED_EDGE('',*,*,#3638,.T.);
#2003=ORIENTED_EDGE('',*,*,#3634,.F.);
#2004=ORIENTED_EDGE('',*,*,#3639,.T.);
#2005=ORIENTED_EDGE('',*,*,#3638,.F.);
#2006=ORIENTED_EDGE('',*,*,#3640,.F.);
#2007=ORIENTED_EDGE('',*,*,#2843,.T.);
#2008=ORIENTED_EDGE('',*,*,#3641,.T.);
#2009=ORIENTED_EDGE('',*,*,#3642,.T.);
#2010=ORIENTED_EDGE('',*,*,#3643,.T.);
#2011=ORIENTED_EDGE('',*,*,#3644,.F.);
#2012=ORIENTED_EDGE('',*,*,#2845,.F.);
#2013=ORIENTED_EDGE('',*,*,#3645,.F.);
#2014=ORIENTED_EDGE('',*,*,#3646,.T.);
#2015=ORIENTED_EDGE('',*,*,#3642,.F.);
#2016=ORIENTED_EDGE('',*,*,#3647,.T.);
#2017=ORIENTED_EDGE('',*,*,#3646,.F.);
#2018=ORIENTED_EDGE('',*,*,#3648,.F.);
#2019=ORIENTED_EDGE('',*,*,#2831,.T.);
#2020=ORIENTED_EDGE('',*,*,#3649,.T.);
#2021=ORIENTED_EDGE('',*,*,#3650,.T.);
#2022=ORIENTED_EDGE('',*,*,#3651,.T.);
#2023=ORIENTED_EDGE('',*,*,#3652,.F.);
#2024=ORIENTED_EDGE('',*,*,#2841,.F.);
#2025=ORIENTED_EDGE('',*,*,#3653,.F.);
#2026=ORIENTED_EDGE('',*,*,#3654,.T.);
#2027=ORIENTED_EDGE('',*,*,#3650,.F.);
#2028=ORIENTED_EDGE('',*,*,#3655,.T.);
#2029=ORIENTED_EDGE('',*,*,#3654,.F.);
#2030=ORIENTED_EDGE('',*,*,#3656,.F.);
#2031=ORIENTED_EDGE('',*,*,#2835,.T.);
#2032=ORIENTED_EDGE('',*,*,#3657,.T.);
#2033=ORIENTED_EDGE('',*,*,#3658,.T.);
#2034=ORIENTED_EDGE('',*,*,#3659,.T.);
#2035=ORIENTED_EDGE('',*,*,#3660,.F.);
#2036=ORIENTED_EDGE('',*,*,#2837,.F.);
#2037=ORIENTED_EDGE('',*,*,#3661,.F.);
#2038=ORIENTED_EDGE('',*,*,#3662,.T.);
#2039=ORIENTED_EDGE('',*,*,#3658,.F.);
#2040=ORIENTED_EDGE('',*,*,#3663,.T.);
#2041=ORIENTED_EDGE('',*,*,#3662,.F.);
#2042=ORIENTED_EDGE('',*,*,#3664,.F.);
#2043=ORIENTED_EDGE('',*,*,#3083,.T.);
#2044=ORIENTED_EDGE('',*,*,#3665,.T.);
#2045=ORIENTED_EDGE('',*,*,#3666,.T.);
#2046=ORIENTED_EDGE('',*,*,#3667,.T.);
#2047=ORIENTED_EDGE('',*,*,#3668,.F.);
#2048=ORIENTED_EDGE('',*,*,#2833,.F.);
#2049=ORIENTED_EDGE('',*,*,#3669,.F.);
#2050=ORIENTED_EDGE('',*,*,#3670,.T.);
#2051=ORIENTED_EDGE('',*,*,#3666,.F.);
#2052=ORIENTED_EDGE('',*,*,#3671,.T.);
#2053=ORIENTED_EDGE('',*,*,#3670,.F.);
#2054=ORIENTED_EDGE('',*,*,#3672,.F.);
#2055=ORIENTED_EDGE('',*,*,#2827,.T.);
#2056=ORIENTED_EDGE('',*,*,#3673,.T.);
#2057=ORIENTED_EDGE('',*,*,#3674,.T.);
#2058=ORIENTED_EDGE('',*,*,#3675,.T.);
#2059=ORIENTED_EDGE('',*,*,#3676,.F.);
#2060=ORIENTED_EDGE('',*,*,#2829,.F.);
#2061=ORIENTED_EDGE('',*,*,#3677,.F.);
#2062=ORIENTED_EDGE('',*,*,#3678,.T.);
#2063=ORIENTED_EDGE('',*,*,#3674,.F.);
#2064=ORIENTED_EDGE('',*,*,#3679,.T.);
#2065=ORIENTED_EDGE('',*,*,#3678,.F.);
#2066=ORIENTED_EDGE('',*,*,#3680,.F.);
#2067=ORIENTED_EDGE('',*,*,#2839,.T.);
#2068=ORIENTED_EDGE('',*,*,#3681,.T.);
#2069=ORIENTED_EDGE('',*,*,#3682,.T.);
#2070=ORIENTED_EDGE('',*,*,#3683,.T.);
#2071=ORIENTED_EDGE('',*,*,#3684,.F.);
#2072=ORIENTED_EDGE('',*,*,#2825,.F.);
#2073=ORIENTED_EDGE('',*,*,#3685,.F.);
#2074=ORIENTED_EDGE('',*,*,#3686,.T.);
#2075=ORIENTED_EDGE('',*,*,#3682,.F.);
#2076=ORIENTED_EDGE('',*,*,#3687,.T.);
#2077=ORIENTED_EDGE('',*,*,#3686,.F.);
#2078=ORIENTED_EDGE('',*,*,#3688,.F.);
#2079=ORIENTED_EDGE('',*,*,#3689,.T.);
#2080=ORIENTED_EDGE('',*,*,#3690,.F.);
#2081=ORIENTED_EDGE('',*,*,#3691,.T.);
#2082=ORIENTED_EDGE('',*,*,#3692,.F.);
#2083=ORIENTED_EDGE('',*,*,#3693,.T.);
#2084=ORIENTED_EDGE('',*,*,#3694,.F.);
#2085=ORIENTED_EDGE('',*,*,#3695,.T.);
#2086=ORIENTED_EDGE('',*,*,#3696,.F.);
#2087=ORIENTED_EDGE('',*,*,#3697,.F.);
#2088=ORIENTED_EDGE('',*,*,#2811,.T.);
#2089=ORIENTED_EDGE('',*,*,#3698,.T.);
#2090=ORIENTED_EDGE('',*,*,#3699,.F.);
#2091=ORIENTED_EDGE('',*,*,#3700,.F.);
#2092=ORIENTED_EDGE('',*,*,#3701,.F.);
#2093=ORIENTED_EDGE('',*,*,#3702,.F.);
#2094=ORIENTED_EDGE('',*,*,#2817,.T.);
#2095=ORIENTED_EDGE('',*,*,#3703,.T.);
#2096=ORIENTED_EDGE('',*,*,#3704,.F.);
#2097=ORIENTED_EDGE('',*,*,#3705,.F.);
#2098=ORIENTED_EDGE('',*,*,#3706,.F.);
#2099=ORIENTED_EDGE('',*,*,#3707,.F.);
#2100=ORIENTED_EDGE('',*,*,#2823,.T.);
#2101=ORIENTED_EDGE('',*,*,#3708,.T.);
#2102=ORIENTED_EDGE('',*,*,#3709,.F.);
#2103=ORIENTED_EDGE('',*,*,#3710,.F.);
#2104=ORIENTED_EDGE('',*,*,#3711,.F.);
#2105=ORIENTED_EDGE('',*,*,#3712,.F.);
#2106=ORIENTED_EDGE('',*,*,#3713,.F.);
#2107=ORIENTED_EDGE('',*,*,#3714,.F.);
#2108=ORIENTED_EDGE('',*,*,#2828,.F.);
#2109=ORIENTED_EDGE('',*,*,#3675,.F.);
#2110=ORIENTED_EDGE('',*,*,#3680,.T.);
#2111=ORIENTED_EDGE('',*,*,#3677,.T.);
#2112=ORIENTED_EDGE('',*,*,#2832,.F.);
#2113=ORIENTED_EDGE('',*,*,#3651,.F.);
#2114=ORIENTED_EDGE('',*,*,#3656,.T.);
#2115=ORIENTED_EDGE('',*,*,#3653,.T.);
#2116=ORIENTED_EDGE('',*,*,#2844,.F.);
#2117=ORIENTED_EDGE('',*,*,#3643,.F.);
#2118=ORIENTED_EDGE('',*,*,#3648,.T.);
#2119=ORIENTED_EDGE('',*,*,#3645,.T.);
#2120=ORIENTED_EDGE('',*,*,#2848,.F.);
#2121=ORIENTED_EDGE('',*,*,#3635,.F.);
#2122=ORIENTED_EDGE('',*,*,#3640,.T.);
#2123=ORIENTED_EDGE('',*,*,#3637,.T.);
#2124=ORIENTED_EDGE('',*,*,#2852,.F.);
#2125=ORIENTED_EDGE('',*,*,#3627,.F.);
#2126=ORIENTED_EDGE('',*,*,#3632,.T.);
#2127=ORIENTED_EDGE('',*,*,#3629,.T.);
#2128=ORIENTED_EDGE('',*,*,#2856,.F.);
#2129=ORIENTED_EDGE('',*,*,#3619,.F.);
#2130=ORIENTED_EDGE('',*,*,#3624,.T.);
#2131=ORIENTED_EDGE('',*,*,#3621,.T.);
#2132=ORIENTED_EDGE('',*,*,#2860,.F.);
#2133=ORIENTED_EDGE('',*,*,#3611,.F.);
#2134=ORIENTED_EDGE('',*,*,#3616,.T.);
#2135=ORIENTED_EDGE('',*,*,#3613,.T.);
#2136=ORIENTED_EDGE('',*,*,#2864,.F.);
#2137=ORIENTED_EDGE('',*,*,#3603,.F.);
#2138=ORIENTED_EDGE('',*,*,#3608,.T.);
#2139=ORIENTED_EDGE('',*,*,#3605,.T.);
#2140=ORIENTED_EDGE('',*,*,#2868,.F.);
#2141=ORIENTED_EDGE('',*,*,#3595,.F.);
#2142=ORIENTED_EDGE('',*,*,#3600,.T.);
#2143=ORIENTED_EDGE('',*,*,#3597,.T.);
#2144=ORIENTED_EDGE('',*,*,#2872,.F.);
#2145=ORIENTED_EDGE('',*,*,#3587,.F.);
#2146=ORIENTED_EDGE('',*,*,#3592,.T.);
#2147=ORIENTED_EDGE('',*,*,#3589,.T.);
#2148=ORIENTED_EDGE('',*,*,#2876,.F.);
#2149=ORIENTED_EDGE('',*,*,#3579,.F.);
#2150=ORIENTED_EDGE('',*,*,#3584,.T.);
#2151=ORIENTED_EDGE('',*,*,#3581,.T.);
#2152=ORIENTED_EDGE('',*,*,#2880,.F.);
#2153=ORIENTED_EDGE('',*,*,#3571,.F.);
#2154=ORIENTED_EDGE('',*,*,#3576,.T.);
#2155=ORIENTED_EDGE('',*,*,#3573,.T.);
#2156=ORIENTED_EDGE('',*,*,#2884,.F.);
#2157=ORIENTED_EDGE('',*,*,#3563,.F.);
#2158=ORIENTED_EDGE('',*,*,#3568,.T.);
#2159=ORIENTED_EDGE('',*,*,#3565,.T.);
#2160=ORIENTED_EDGE('',*,*,#2888,.F.);
#2161=ORIENTED_EDGE('',*,*,#3523,.F.);
#2162=ORIENTED_EDGE('',*,*,#3528,.T.);
#2163=ORIENTED_EDGE('',*,*,#3525,.T.);
#2164=ORIENTED_EDGE('',*,*,#2908,.F.);
#2165=ORIENTED_EDGE('',*,*,#3515,.F.);
#2166=ORIENTED_EDGE('',*,*,#3520,.T.);
#2167=ORIENTED_EDGE('',*,*,#3517,.T.);
#2168=ORIENTED_EDGE('',*,*,#2912,.F.);
#2169=ORIENTED_EDGE('',*,*,#3499,.F.);
#2170=ORIENTED_EDGE('',*,*,#3504,.T.);
#2171=ORIENTED_EDGE('',*,*,#3501,.T.);
#2172=ORIENTED_EDGE('',*,*,#2920,.F.);
#2173=ORIENTED_EDGE('',*,*,#3507,.F.);
#2174=ORIENTED_EDGE('',*,*,#3512,.T.);
#2175=ORIENTED_EDGE('',*,*,#3509,.T.);
#2176=ORIENTED_EDGE('',*,*,#2916,.F.);
#2177=ORIENTED_EDGE('',*,*,#3539,.F.);
#2178=ORIENTED_EDGE('',*,*,#3544,.T.);
#2179=ORIENTED_EDGE('',*,*,#3541,.T.);
#2180=ORIENTED_EDGE('',*,*,#2900,.F.);
#2181=ORIENTED_EDGE('',*,*,#3531,.F.);
#2182=ORIENTED_EDGE('',*,*,#3536,.T.);
#2183=ORIENTED_EDGE('',*,*,#3533,.T.);
#2184=ORIENTED_EDGE('',*,*,#2904,.F.);
#2185=ORIENTED_EDGE('',*,*,#3547,.F.);
#2186=ORIENTED_EDGE('',*,*,#3552,.T.);
#2187=ORIENTED_EDGE('',*,*,#3549,.T.);
#2188=ORIENTED_EDGE('',*,*,#2896,.F.);
#2189=ORIENTED_EDGE('',*,*,#3555,.F.);
#2190=ORIENTED_EDGE('',*,*,#3560,.T.);
#2191=ORIENTED_EDGE('',*,*,#3557,.T.);
#2192=ORIENTED_EDGE('',*,*,#2892,.F.);
#2193=ORIENTED_EDGE('',*,*,#3491,.F.);
#2194=ORIENTED_EDGE('',*,*,#3496,.T.);
#2195=ORIENTED_EDGE('',*,*,#3493,.T.);
#2196=ORIENTED_EDGE('',*,*,#2924,.F.);
#2197=ORIENTED_EDGE('',*,*,#3483,.F.);
#2198=ORIENTED_EDGE('',*,*,#3488,.T.);
#2199=ORIENTED_EDGE('',*,*,#3485,.T.);
#2200=ORIENTED_EDGE('',*,*,#2928,.F.);
#2201=ORIENTED_EDGE('',*,*,#3475,.F.);
#2202=ORIENTED_EDGE('',*,*,#3480,.T.);
#2203=ORIENTED_EDGE('',*,*,#3477,.T.);
#2204=ORIENTED_EDGE('',*,*,#2932,.F.);
#2205=ORIENTED_EDGE('',*,*,#3467,.F.);
#2206=ORIENTED_EDGE('',*,*,#3472,.T.);
#2207=ORIENTED_EDGE('',*,*,#3469,.T.);
#2208=ORIENTED_EDGE('',*,*,#2936,.F.);
#2209=ORIENTED_EDGE('',*,*,#3459,.F.);
#2210=ORIENTED_EDGE('',*,*,#3464,.T.);
#2211=ORIENTED_EDGE('',*,*,#3461,.T.);
#2212=ORIENTED_EDGE('',*,*,#2940,.F.);
#2213=ORIENTED_EDGE('',*,*,#3451,.F.);
#2214=ORIENTED_EDGE('',*,*,#3456,.T.);
#2215=ORIENTED_EDGE('',*,*,#3453,.T.);
#2216=ORIENTED_EDGE('',*,*,#2944,.F.);
#2217=ORIENTED_EDGE('',*,*,#3443,.F.);
#2218=ORIENTED_EDGE('',*,*,#3448,.T.);
#2219=ORIENTED_EDGE('',*,*,#3445,.T.);
#2220=ORIENTED_EDGE('',*,*,#2948,.F.);
#2221=ORIENTED_EDGE('',*,*,#3435,.F.);
#2222=ORIENTED_EDGE('',*,*,#3440,.T.);
#2223=ORIENTED_EDGE('',*,*,#3437,.T.);
#2224=ORIENTED_EDGE('',*,*,#2952,.F.);
#2225=ORIENTED_EDGE('',*,*,#3371,.F.);
#2226=ORIENTED_EDGE('',*,*,#3376,.T.);
#2227=ORIENTED_EDGE('',*,*,#3373,.T.);
#2228=ORIENTED_EDGE('',*,*,#2984,.F.);
#2229=ORIENTED_EDGE('',*,*,#3379,.F.);
#2230=ORIENTED_EDGE('',*,*,#3384,.T.);
#2231=ORIENTED_EDGE('',*,*,#3381,.T.);
#2232=ORIENTED_EDGE('',*,*,#2980,.F.);
#2233=ORIENTED_EDGE('',*,*,#3387,.F.);
#2234=ORIENTED_EDGE('',*,*,#3392,.T.);
#2235=ORIENTED_EDGE('',*,*,#3389,.T.);
#2236=ORIENTED_EDGE('',*,*,#2976,.F.);
#2237=ORIENTED_EDGE('',*,*,#3395,.F.);
#2238=ORIENTED_EDGE('',*,*,#3400,.T.);
#2239=ORIENTED_EDGE('',*,*,#3397,.T.);
#2240=ORIENTED_EDGE('',*,*,#2972,.F.);
#2241=ORIENTED_EDGE('',*,*,#3419,.F.);
#2242=ORIENTED_EDGE('',*,*,#3424,.T.);
#2243=ORIENTED_EDGE('',*,*,#3421,.T.);
#2244=ORIENTED_EDGE('',*,*,#2960,.F.);
#2245=ORIENTED_EDGE('',*,*,#3427,.F.);
#2246=ORIENTED_EDGE('',*,*,#3432,.T.);
#2247=ORIENTED_EDGE('',*,*,#3429,.T.);
#2248=ORIENTED_EDGE('',*,*,#2956,.F.);
#2249=ORIENTED_EDGE('',*,*,#3403,.F.);
#2250=ORIENTED_EDGE('',*,*,#3408,.T.);
#2251=ORIENTED_EDGE('',*,*,#3405,.T.);
#2252=ORIENTED_EDGE('',*,*,#2968,.F.);
#2253=ORIENTED_EDGE('',*,*,#3411,.F.);
#2254=ORIENTED_EDGE('',*,*,#3416,.T.);
#2255=ORIENTED_EDGE('',*,*,#3413,.T.);
#2256=ORIENTED_EDGE('',*,*,#2964,.F.);
#2257=ORIENTED_EDGE('',*,*,#3363,.F.);
#2258=ORIENTED_EDGE('',*,*,#3368,.T.);
#2259=ORIENTED_EDGE('',*,*,#3365,.T.);
#2260=ORIENTED_EDGE('',*,*,#2988,.F.);
#2261=ORIENTED_EDGE('',*,*,#3355,.F.);
#2262=ORIENTED_EDGE('',*,*,#3360,.T.);
#2263=ORIENTED_EDGE('',*,*,#3357,.T.);
#2264=ORIENTED_EDGE('',*,*,#2992,.F.);
#2265=ORIENTED_EDGE('',*,*,#3347,.F.);
#2266=ORIENTED_EDGE('',*,*,#3352,.T.);
#2267=ORIENTED_EDGE('',*,*,#3349,.T.);
#2268=ORIENTED_EDGE('',*,*,#2996,.F.);
#2269=ORIENTED_EDGE('',*,*,#3339,.F.);
#2270=ORIENTED_EDGE('',*,*,#3344,.T.);
#2271=ORIENTED_EDGE('',*,*,#3341,.T.);
#2272=ORIENTED_EDGE('',*,*,#3000,.F.);
#2273=ORIENTED_EDGE('',*,*,#3331,.F.);
#2274=ORIENTED_EDGE('',*,*,#3336,.T.);
#2275=ORIENTED_EDGE('',*,*,#3333,.T.);
#2276=ORIENTED_EDGE('',*,*,#3004,.F.);
#2277=ORIENTED_EDGE('',*,*,#3323,.F.);
#2278=ORIENTED_EDGE('',*,*,#3328,.T.);
#2279=ORIENTED_EDGE('',*,*,#3325,.T.);
#2280=ORIENTED_EDGE('',*,*,#3008,.F.);
#2281=ORIENTED_EDGE('',*,*,#3315,.F.);
#2282=ORIENTED_EDGE('',*,*,#3320,.T.);
#2283=ORIENTED_EDGE('',*,*,#3317,.T.);
#2284=ORIENTED_EDGE('',*,*,#3012,.F.);
#2285=ORIENTED_EDGE('',*,*,#3307,.F.);
#2286=ORIENTED_EDGE('',*,*,#3312,.T.);
#2287=ORIENTED_EDGE('',*,*,#3309,.T.);
#2288=ORIENTED_EDGE('',*,*,#3016,.F.);
#2289=ORIENTED_EDGE('',*,*,#3179,.F.);
#2290=ORIENTED_EDGE('',*,*,#3184,.T.);
#2291=ORIENTED_EDGE('',*,*,#3181,.T.);
#2292=ORIENTED_EDGE('',*,*,#3080,.F.);
#2293=ORIENTED_EDGE('',*,*,#3187,.F.);
#2294=ORIENTED_EDGE('',*,*,#3192,.T.);
#2295=ORIENTED_EDGE('',*,*,#3189,.T.);
#2296=ORIENTED_EDGE('',*,*,#3076,.F.);
#2297=ORIENTED_EDGE('',*,*,#3195,.F.);
#2298=ORIENTED_EDGE('',*,*,#3200,.T.);
#2299=ORIENTED_EDGE('',*,*,#3197,.T.);
#2300=ORIENTED_EDGE('',*,*,#3072,.F.);
#2301=ORIENTED_EDGE('',*,*,#3203,.F.);
#2302=ORIENTED_EDGE('',*,*,#3208,.T.);
#2303=ORIENTED_EDGE('',*,*,#3205,.T.);
#2304=ORIENTED_EDGE('',*,*,#3068,.F.);
#2305=ORIENTED_EDGE('',*,*,#3235,.F.);
#2306=ORIENTED_EDGE('',*,*,#3240,.T.);
#2307=ORIENTED_EDGE('',*,*,#3237,.T.);
#2308=ORIENTED_EDGE('',*,*,#3052,.F.);
#2309=ORIENTED_EDGE('',*,*,#3227,.F.);
#2310=ORIENTED_EDGE('',*,*,#3232,.T.);
#2311=ORIENTED_EDGE('',*,*,#3229,.T.);
#2312=ORIENTED_EDGE('',*,*,#3056,.F.);
#2313=ORIENTED_EDGE('',*,*,#3211,.F.);
#2314=ORIENTED_EDGE('',*,*,#3216,.T.);
#2315=ORIENTED_EDGE('',*,*,#3213,.T.);
#2316=ORIENTED_EDGE('',*,*,#3064,.F.);
#2317=ORIENTED_EDGE('',*,*,#3219,.F.);
#2318=ORIENTED_EDGE('',*,*,#3224,.T.);
#2319=ORIENTED_EDGE('',*,*,#3221,.T.);
#2320=ORIENTED_EDGE('',*,*,#3060,.F.);
#2321=ORIENTED_EDGE('',*,*,#3251,.F.);
#2322=ORIENTED_EDGE('',*,*,#3256,.T.);
#2323=ORIENTED_EDGE('',*,*,#3253,.T.);
#2324=ORIENTED_EDGE('',*,*,#3044,.F.);
#2325=ORIENTED_EDGE('',*,*,#3243,.F.);
#2326=ORIENTED_EDGE('',*,*,#3248,.T.);
#2327=ORIENTED_EDGE('',*,*,#3245,.T.);
#2328=ORIENTED_EDGE('',*,*,#3048,.F.);
#2329=ORIENTED_EDGE('',*,*,#3259,.F.);
#2330=ORIENTED_EDGE('',*,*,#3264,.T.);
#2331=ORIENTED_EDGE('',*,*,#3261,.T.);
#2332=ORIENTED_EDGE('',*,*,#3040,.F.);
#2333=ORIENTED_EDGE('',*,*,#3267,.F.);
#2334=ORIENTED_EDGE('',*,*,#3272,.T.);
#2335=ORIENTED_EDGE('',*,*,#3269,.T.);
#2336=ORIENTED_EDGE('',*,*,#3036,.F.);
#2337=ORIENTED_EDGE('',*,*,#3275,.F.);
#2338=ORIENTED_EDGE('',*,*,#3280,.T.);
#2339=ORIENTED_EDGE('',*,*,#3277,.T.);
#2340=ORIENTED_EDGE('',*,*,#3032,.F.);
#2341=ORIENTED_EDGE('',*,*,#3283,.F.);
#2342=ORIENTED_EDGE('',*,*,#3288,.T.);
#2343=ORIENTED_EDGE('',*,*,#3285,.T.);
#2344=ORIENTED_EDGE('',*,*,#3028,.F.);
#2345=ORIENTED_EDGE('',*,*,#3291,.F.);
#2346=ORIENTED_EDGE('',*,*,#3296,.T.);
#2347=ORIENTED_EDGE('',*,*,#3293,.T.);
#2348=ORIENTED_EDGE('',*,*,#3024,.F.);
#2349=ORIENTED_EDGE('',*,*,#3299,.F.);
#2350=ORIENTED_EDGE('',*,*,#3304,.T.);
#2351=ORIENTED_EDGE('',*,*,#3301,.T.);
#2352=ORIENTED_EDGE('',*,*,#3020,.F.);
#2353=ORIENTED_EDGE('',*,*,#3115,.F.);
#2354=ORIENTED_EDGE('',*,*,#3120,.T.);
#2355=ORIENTED_EDGE('',*,*,#3117,.T.);
#2356=ORIENTED_EDGE('',*,*,#3112,.F.);
#2357=ORIENTED_EDGE('',*,*,#3123,.F.);
#2358=ORIENTED_EDGE('',*,*,#3128,.T.);
#2359=ORIENTED_EDGE('',*,*,#3125,.T.);
#2360=ORIENTED_EDGE('',*,*,#3108,.F.);
#2361=ORIENTED_EDGE('',*,*,#3131,.F.);
#2362=ORIENTED_EDGE('',*,*,#3136,.T.);
#2363=ORIENTED_EDGE('',*,*,#3133,.T.);
#2364=ORIENTED_EDGE('',*,*,#3104,.F.);
#2365=ORIENTED_EDGE('',*,*,#3139,.F.);
#2366=ORIENTED_EDGE('',*,*,#3144,.T.);
#2367=ORIENTED_EDGE('',*,*,#3141,.T.);
#2368=ORIENTED_EDGE('',*,*,#3100,.F.);
#2369=ORIENTED_EDGE('',*,*,#3147,.F.);
#2370=ORIENTED_EDGE('',*,*,#3152,.T.);
#2371=ORIENTED_EDGE('',*,*,#3149,.T.);
#2372=ORIENTED_EDGE('',*,*,#3096,.F.);
#2373=ORIENTED_EDGE('',*,*,#3155,.F.);
#2374=ORIENTED_EDGE('',*,*,#3160,.T.);
#2375=ORIENTED_EDGE('',*,*,#3157,.T.);
#2376=ORIENTED_EDGE('',*,*,#3092,.F.);
#2377=ORIENTED_EDGE('',*,*,#3163,.F.);
#2378=ORIENTED_EDGE('',*,*,#3168,.T.);
#2379=ORIENTED_EDGE('',*,*,#3165,.T.);
#2380=ORIENTED_EDGE('',*,*,#3088,.F.);
#2381=ORIENTED_EDGE('',*,*,#3171,.F.);
#2382=ORIENTED_EDGE('',*,*,#3176,.T.);
#2383=ORIENTED_EDGE('',*,*,#3173,.T.);
#2384=ORIENTED_EDGE('',*,*,#3084,.F.);
#2385=ORIENTED_EDGE('',*,*,#3667,.F.);
#2386=ORIENTED_EDGE('',*,*,#3672,.T.);
#2387=ORIENTED_EDGE('',*,*,#3669,.T.);
#2388=ORIENTED_EDGE('',*,*,#2836,.F.);
#2389=ORIENTED_EDGE('',*,*,#3659,.F.);
#2390=ORIENTED_EDGE('',*,*,#3664,.T.);
#2391=ORIENTED_EDGE('',*,*,#3661,.T.);
#2392=ORIENTED_EDGE('',*,*,#2840,.F.);
#2393=ORIENTED_EDGE('',*,*,#3683,.F.);
#2394=ORIENTED_EDGE('',*,*,#3688,.T.);
#2395=ORIENTED_EDGE('',*,*,#3685,.T.);
#2396=ORIENTED_EDGE('',*,*,#3715,.F.);
#2397=ORIENTED_EDGE('',*,*,#3716,.T.);
#2398=ORIENTED_EDGE('',*,*,#3703,.F.);
#2399=ORIENTED_EDGE('',*,*,#2816,.T.);
#2400=ORIENTED_EDGE('',*,*,#3717,.T.);
#2401=ORIENTED_EDGE('',*,*,#2820,.F.);
#2402=ORIENTED_EDGE('',*,*,#3718,.F.);
#2403=ORIENTED_EDGE('',*,*,#3719,.T.);
#2404=ORIENTED_EDGE('',*,*,#3708,.F.);
#2405=ORIENTED_EDGE('',*,*,#2822,.T.);
#2406=ORIENTED_EDGE('',*,*,#3720,.T.);
#2407=ORIENTED_EDGE('',*,*,#2808,.F.);
#2408=ORIENTED_EDGE('',*,*,#3721,.F.);
#2409=ORIENTED_EDGE('',*,*,#3722,.T.);
#2410=ORIENTED_EDGE('',*,*,#3698,.F.);
#2411=ORIENTED_EDGE('',*,*,#2810,.T.);
#2412=ORIENTED_EDGE('',*,*,#3723,.T.);
#2413=ORIENTED_EDGE('',*,*,#2814,.F.);
#2414=ORIENTED_EDGE('',*,*,#3712,.T.);
#2415=ORIENTED_EDGE('',*,*,#3724,.F.);
#2416=ORIENTED_EDGE('',*,*,#3713,.T.);
#2417=ORIENTED_EDGE('',*,*,#3725,.F.);
#2418=ORIENTED_EDGE('',*,*,#3714,.T.);
#2419=ORIENTED_EDGE('',*,*,#3726,.F.);
#2420=ORIENTED_EDGE('',*,*,#3691,.F.);
#2421=ORIENTED_EDGE('',*,*,#3695,.F.);
#2422=ORIENTED_EDGE('',*,*,#3693,.F.);
#2423=ORIENTED_EDGE('',*,*,#3717,.F.);
#2424=ORIENTED_EDGE('',*,*,#2815,.F.);
#2425=ORIENTED_EDGE('',*,*,#3723,.F.);
#2426=ORIENTED_EDGE('',*,*,#2809,.F.);
#2427=ORIENTED_EDGE('',*,*,#3720,.F.);
#2428=ORIENTED_EDGE('',*,*,#2821,.F.);
#2429=ORIENTED_EDGE('',*,*,#3727,.F.);
#2430=ORIENTED_EDGE('',*,*,#3726,.T.);
#2431=ORIENTED_EDGE('',*,*,#3692,.T.);
#2432=ORIENTED_EDGE('',*,*,#3725,.T.);
#2433=ORIENTED_EDGE('',*,*,#3694,.T.);
#2434=ORIENTED_EDGE('',*,*,#3724,.T.);
#2435=ORIENTED_EDGE('',*,*,#3696,.T.);
#2436=ORIENTED_EDGE('',*,*,#3728,.F.);
#2437=ORIENTED_EDGE('',*,*,#3727,.T.);
#2438=ORIENTED_EDGE('',*,*,#3728,.T.);
#2439=ORIENTED_EDGE('',*,*,#3689,.F.);
#2440=ORIENTED_EDGE('',*,*,#3407,.F.);
#2441=ORIENTED_EDGE('',*,*,#3401,.F.);
#2442=ORIENTED_EDGE('',*,*,#2954,.F.);
#2443=ORIENTED_EDGE('',*,*,#3428,.T.);
#2444=ORIENTED_EDGE('',*,*,#3431,.F.);
#2445=ORIENTED_EDGE('',*,*,#3425,.F.);
#2446=ORIENTED_EDGE('',*,*,#2958,.F.);
#2447=ORIENTED_EDGE('',*,*,#3420,.T.);
#2448=ORIENTED_EDGE('',*,*,#3423,.F.);
#2449=ORIENTED_EDGE('',*,*,#3417,.F.);
#2450=ORIENTED_EDGE('',*,*,#2970,.F.);
#2451=ORIENTED_EDGE('',*,*,#3396,.T.);
#2452=ORIENTED_EDGE('',*,*,#3399,.F.);
#2453=ORIENTED_EDGE('',*,*,#3393,.F.);
#2454=ORIENTED_EDGE('',*,*,#2974,.F.);
#2455=ORIENTED_EDGE('',*,*,#3388,.T.);
#2456=ORIENTED_EDGE('',*,*,#3391,.F.);
#2457=ORIENTED_EDGE('',*,*,#3385,.F.);
#2458=ORIENTED_EDGE('',*,*,#2978,.F.);
#2459=ORIENTED_EDGE('',*,*,#3380,.T.);
#2460=ORIENTED_EDGE('',*,*,#3383,.F.);
#2461=ORIENTED_EDGE('',*,*,#3377,.F.);
#2462=ORIENTED_EDGE('',*,*,#2982,.F.);
#2463=ORIENTED_EDGE('',*,*,#3372,.T.);
#2464=ORIENTED_EDGE('',*,*,#3375,.F.);
#2465=ORIENTED_EDGE('',*,*,#3369,.F.);
#2466=ORIENTED_EDGE('',*,*,#2950,.F.);
#2467=ORIENTED_EDGE('',*,*,#3436,.T.);
#2468=ORIENTED_EDGE('',*,*,#3439,.F.);
#2469=ORIENTED_EDGE('',*,*,#3433,.F.);
#2470=ORIENTED_EDGE('',*,*,#2946,.F.);
#2471=ORIENTED_EDGE('',*,*,#3444,.T.);
#2472=ORIENTED_EDGE('',*,*,#3447,.F.);
#2473=ORIENTED_EDGE('',*,*,#3441,.F.);
#2474=ORIENTED_EDGE('',*,*,#2942,.F.);
#2475=ORIENTED_EDGE('',*,*,#3452,.T.);
#2476=ORIENTED_EDGE('',*,*,#3455,.F.);
#2477=ORIENTED_EDGE('',*,*,#3449,.F.);
#2478=ORIENTED_EDGE('',*,*,#2938,.F.);
#2479=ORIENTED_EDGE('',*,*,#3460,.T.);
#2480=ORIENTED_EDGE('',*,*,#3463,.F.);
#2481=ORIENTED_EDGE('',*,*,#3457,.F.);
#2482=ORIENTED_EDGE('',*,*,#2934,.F.);
#2483=ORIENTED_EDGE('',*,*,#3468,.T.);
#2484=ORIENTED_EDGE('',*,*,#3471,.F.);
#2485=ORIENTED_EDGE('',*,*,#3465,.F.);
#2486=ORIENTED_EDGE('',*,*,#2930,.F.);
#2487=ORIENTED_EDGE('',*,*,#3476,.T.);
#2488=ORIENTED_EDGE('',*,*,#3479,.F.);
#2489=ORIENTED_EDGE('',*,*,#3473,.F.);
#2490=ORIENTED_EDGE('',*,*,#2926,.F.);
#2491=ORIENTED_EDGE('',*,*,#3484,.T.);
#2492=ORIENTED_EDGE('',*,*,#3487,.F.);
#2493=ORIENTED_EDGE('',*,*,#3481,.F.);
#2494=ORIENTED_EDGE('',*,*,#2922,.F.);
#2495=ORIENTED_EDGE('',*,*,#3492,.T.);
#2496=ORIENTED_EDGE('',*,*,#3495,.F.);
#2497=ORIENTED_EDGE('',*,*,#3489,.F.);
#2498=ORIENTED_EDGE('',*,*,#2890,.F.);
#2499=ORIENTED_EDGE('',*,*,#3556,.T.);
#2500=ORIENTED_EDGE('',*,*,#3559,.F.);
#2501=ORIENTED_EDGE('',*,*,#3553,.F.);
#2502=ORIENTED_EDGE('',*,*,#2894,.F.);
#2503=ORIENTED_EDGE('',*,*,#3548,.T.);
#2504=ORIENTED_EDGE('',*,*,#3551,.F.);
#2505=ORIENTED_EDGE('',*,*,#3545,.F.);
#2506=ORIENTED_EDGE('',*,*,#2902,.F.);
#2507=ORIENTED_EDGE('',*,*,#3532,.T.);
#2508=ORIENTED_EDGE('',*,*,#3535,.F.);
#2509=ORIENTED_EDGE('',*,*,#3529,.F.);
#2510=ORIENTED_EDGE('',*,*,#2898,.F.);
#2511=ORIENTED_EDGE('',*,*,#3540,.T.);
#2512=ORIENTED_EDGE('',*,*,#3543,.F.);
#2513=ORIENTED_EDGE('',*,*,#3537,.F.);
#2514=ORIENTED_EDGE('',*,*,#2914,.F.);
#2515=ORIENTED_EDGE('',*,*,#3508,.T.);
#2516=ORIENTED_EDGE('',*,*,#3511,.F.);
#2517=ORIENTED_EDGE('',*,*,#3505,.F.);
#2518=ORIENTED_EDGE('',*,*,#2918,.F.);
#2519=ORIENTED_EDGE('',*,*,#3500,.T.);
#2520=ORIENTED_EDGE('',*,*,#3503,.F.);
#2521=ORIENTED_EDGE('',*,*,#3497,.F.);
#2522=ORIENTED_EDGE('',*,*,#2910,.F.);
#2523=ORIENTED_EDGE('',*,*,#3516,.T.);
#2524=ORIENTED_EDGE('',*,*,#3519,.F.);
#2525=ORIENTED_EDGE('',*,*,#3513,.F.);
#2526=ORIENTED_EDGE('',*,*,#2906,.F.);
#2527=ORIENTED_EDGE('',*,*,#3524,.T.);
#2528=ORIENTED_EDGE('',*,*,#3527,.F.);
#2529=ORIENTED_EDGE('',*,*,#3521,.F.);
#2530=ORIENTED_EDGE('',*,*,#2886,.F.);
#2531=ORIENTED_EDGE('',*,*,#3564,.T.);
#2532=ORIENTED_EDGE('',*,*,#3567,.F.);
#2533=ORIENTED_EDGE('',*,*,#3561,.F.);
#2534=ORIENTED_EDGE('',*,*,#2882,.F.);
#2535=ORIENTED_EDGE('',*,*,#3572,.T.);
#2536=ORIENTED_EDGE('',*,*,#3575,.F.);
#2537=ORIENTED_EDGE('',*,*,#3569,.F.);
#2538=ORIENTED_EDGE('',*,*,#2878,.F.);
#2539=ORIENTED_EDGE('',*,*,#3580,.T.);
#2540=ORIENTED_EDGE('',*,*,#3583,.F.);
#2541=ORIENTED_EDGE('',*,*,#3577,.F.);
#2542=ORIENTED_EDGE('',*,*,#2874,.F.);
#2543=ORIENTED_EDGE('',*,*,#3588,.T.);
#2544=ORIENTED_EDGE('',*,*,#3591,.F.);
#2545=ORIENTED_EDGE('',*,*,#3585,.F.);
#2546=ORIENTED_EDGE('',*,*,#2870,.F.);
#2547=ORIENTED_EDGE('',*,*,#3596,.T.);
#2548=ORIENTED_EDGE('',*,*,#3599,.F.);
#2549=ORIENTED_EDGE('',*,*,#3593,.F.);
#2550=ORIENTED_EDGE('',*,*,#2866,.F.);
#2551=ORIENTED_EDGE('',*,*,#3604,.T.);
#2552=ORIENTED_EDGE('',*,*,#3607,.F.);
#2553=ORIENTED_EDGE('',*,*,#3601,.F.);
#2554=ORIENTED_EDGE('',*,*,#2862,.F.);
#2555=ORIENTED_EDGE('',*,*,#3612,.T.);
#2556=ORIENTED_EDGE('',*,*,#3615,.F.);
#2557=ORIENTED_EDGE('',*,*,#3609,.F.);
#2558=ORIENTED_EDGE('',*,*,#2858,.F.);
#2559=ORIENTED_EDGE('',*,*,#3620,.T.);
#2560=ORIENTED_EDGE('',*,*,#3623,.F.);
#2561=ORIENTED_EDGE('',*,*,#3617,.F.);
#2562=ORIENTED_EDGE('',*,*,#2854,.F.);
#2563=ORIENTED_EDGE('',*,*,#3628,.T.);
#2564=ORIENTED_EDGE('',*,*,#3631,.F.);
#2565=ORIENTED_EDGE('',*,*,#3625,.F.);
#2566=ORIENTED_EDGE('',*,*,#2850,.F.);
#2567=ORIENTED_EDGE('',*,*,#3636,.T.);
#2568=ORIENTED_EDGE('',*,*,#3639,.F.);
#2569=ORIENTED_EDGE('',*,*,#3633,.F.);
#2570=ORIENTED_EDGE('',*,*,#2846,.F.);
#2571=ORIENTED_EDGE('',*,*,#3644,.T.);
#2572=ORIENTED_EDGE('',*,*,#3647,.F.);
#2573=ORIENTED_EDGE('',*,*,#3641,.F.);
#2574=ORIENTED_EDGE('',*,*,#2842,.F.);
#2575=ORIENTED_EDGE('',*,*,#3652,.T.);
#2576=ORIENTED_EDGE('',*,*,#3655,.F.);
#2577=ORIENTED_EDGE('',*,*,#3649,.F.);
#2578=ORIENTED_EDGE('',*,*,#2830,.F.);
#2579=ORIENTED_EDGE('',*,*,#3676,.T.);
#2580=ORIENTED_EDGE('',*,*,#3679,.F.);
#2581=ORIENTED_EDGE('',*,*,#3673,.F.);
#2582=ORIENTED_EDGE('',*,*,#2826,.F.);
#2583=ORIENTED_EDGE('',*,*,#3684,.T.);
#2584=ORIENTED_EDGE('',*,*,#3687,.F.);
#2585=ORIENTED_EDGE('',*,*,#3681,.F.);
#2586=ORIENTED_EDGE('',*,*,#2838,.F.);
#2587=ORIENTED_EDGE('',*,*,#3660,.T.);
#2588=ORIENTED_EDGE('',*,*,#3663,.F.);
#2589=ORIENTED_EDGE('',*,*,#3657,.F.);
#2590=ORIENTED_EDGE('',*,*,#2834,.F.);
#2591=ORIENTED_EDGE('',*,*,#3668,.T.);
#2592=ORIENTED_EDGE('',*,*,#3671,.F.);
#2593=ORIENTED_EDGE('',*,*,#3665,.F.);
#2594=ORIENTED_EDGE('',*,*,#3082,.F.);
#2595=ORIENTED_EDGE('',*,*,#3172,.T.);
#2596=ORIENTED_EDGE('',*,*,#3175,.F.);
#2597=ORIENTED_EDGE('',*,*,#3169,.F.);
#2598=ORIENTED_EDGE('',*,*,#3086,.F.);
#2599=ORIENTED_EDGE('',*,*,#3164,.T.);
#2600=ORIENTED_EDGE('',*,*,#3167,.F.);
#2601=ORIENTED_EDGE('',*,*,#3161,.F.);
#2602=ORIENTED_EDGE('',*,*,#3090,.F.);
#2603=ORIENTED_EDGE('',*,*,#3156,.T.);
#2604=ORIENTED_EDGE('',*,*,#3159,.F.);
#2605=ORIENTED_EDGE('',*,*,#3153,.F.);
#2606=ORIENTED_EDGE('',*,*,#3094,.F.);
#2607=ORIENTED_EDGE('',*,*,#3148,.T.);
#2608=ORIENTED_EDGE('',*,*,#3151,.F.);
#2609=ORIENTED_EDGE('',*,*,#3145,.F.);
#2610=ORIENTED_EDGE('',*,*,#3098,.F.);
#2611=ORIENTED_EDGE('',*,*,#3140,.T.);
#2612=ORIENTED_EDGE('',*,*,#3143,.F.);
#2613=ORIENTED_EDGE('',*,*,#3137,.F.);
#2614=ORIENTED_EDGE('',*,*,#3102,.F.);
#2615=ORIENTED_EDGE('',*,*,#3132,.T.);
#2616=ORIENTED_EDGE('',*,*,#3135,.F.);
#2617=ORIENTED_EDGE('',*,*,#3129,.F.);
#2618=ORIENTED_EDGE('',*,*,#3106,.F.);
#2619=ORIENTED_EDGE('',*,*,#3124,.T.);
#2620=ORIENTED_EDGE('',*,*,#3127,.F.);
#2621=ORIENTED_EDGE('',*,*,#3121,.F.);
#2622=ORIENTED_EDGE('',*,*,#3110,.F.);
#2623=ORIENTED_EDGE('',*,*,#3116,.T.);
#2624=ORIENTED_EDGE('',*,*,#3119,.F.);
#2625=ORIENTED_EDGE('',*,*,#3113,.F.);
#2626=ORIENTED_EDGE('',*,*,#3018,.F.);
#2627=ORIENTED_EDGE('',*,*,#3300,.T.);
#2628=ORIENTED_EDGE('',*,*,#3303,.F.);
#2629=ORIENTED_EDGE('',*,*,#3297,.F.);
#2630=ORIENTED_EDGE('',*,*,#3022,.F.);
#2631=ORIENTED_EDGE('',*,*,#3292,.T.);
#2632=ORIENTED_EDGE('',*,*,#3295,.F.);
#2633=ORIENTED_EDGE('',*,*,#3289,.F.);
#2634=ORIENTED_EDGE('',*,*,#3026,.F.);
#2635=ORIENTED_EDGE('',*,*,#3284,.T.);
#2636=ORIENTED_EDGE('',*,*,#3287,.F.);
#2637=ORIENTED_EDGE('',*,*,#3281,.F.);
#2638=ORIENTED_EDGE('',*,*,#3030,.F.);
#2639=ORIENTED_EDGE('',*,*,#3276,.T.);
#2640=ORIENTED_EDGE('',*,*,#3279,.F.);
#2641=ORIENTED_EDGE('',*,*,#3273,.F.);
#2642=ORIENTED_EDGE('',*,*,#3034,.F.);
#2643=ORIENTED_EDGE('',*,*,#3268,.T.);
#2644=ORIENTED_EDGE('',*,*,#3271,.F.);
#2645=ORIENTED_EDGE('',*,*,#3265,.F.);
#2646=ORIENTED_EDGE('',*,*,#3038,.F.);
#2647=ORIENTED_EDGE('',*,*,#3260,.T.);
#2648=ORIENTED_EDGE('',*,*,#3263,.F.);
#2649=ORIENTED_EDGE('',*,*,#3257,.F.);
#2650=ORIENTED_EDGE('',*,*,#3046,.F.);
#2651=ORIENTED_EDGE('',*,*,#3244,.T.);
#2652=ORIENTED_EDGE('',*,*,#3247,.F.);
#2653=ORIENTED_EDGE('',*,*,#3241,.F.);
#2654=ORIENTED_EDGE('',*,*,#3042,.F.);
#2655=ORIENTED_EDGE('',*,*,#3252,.T.);
#2656=ORIENTED_EDGE('',*,*,#3255,.F.);
#2657=ORIENTED_EDGE('',*,*,#3249,.F.);
#2658=ORIENTED_EDGE('',*,*,#3058,.F.);
#2659=ORIENTED_EDGE('',*,*,#3220,.T.);
#2660=ORIENTED_EDGE('',*,*,#3223,.F.);
#2661=ORIENTED_EDGE('',*,*,#3217,.F.);
#2662=ORIENTED_EDGE('',*,*,#3062,.F.);
#2663=ORIENTED_EDGE('',*,*,#3212,.T.);
#2664=ORIENTED_EDGE('',*,*,#3215,.F.);
#2665=ORIENTED_EDGE('',*,*,#3209,.F.);
#2666=ORIENTED_EDGE('',*,*,#3054,.F.);
#2667=ORIENTED_EDGE('',*,*,#3228,.T.);
#2668=ORIENTED_EDGE('',*,*,#3231,.F.);
#2669=ORIENTED_EDGE('',*,*,#3225,.F.);
#2670=ORIENTED_EDGE('',*,*,#3050,.F.);
#2671=ORIENTED_EDGE('',*,*,#3236,.T.);
#2672=ORIENTED_EDGE('',*,*,#3239,.F.);
#2673=ORIENTED_EDGE('',*,*,#3233,.F.);
#2674=ORIENTED_EDGE('',*,*,#3066,.F.);
#2675=ORIENTED_EDGE('',*,*,#3204,.T.);
#2676=ORIENTED_EDGE('',*,*,#3207,.F.);
#2677=ORIENTED_EDGE('',*,*,#3201,.F.);
#2678=ORIENTED_EDGE('',*,*,#3070,.F.);
#2679=ORIENTED_EDGE('',*,*,#3196,.T.);
#2680=ORIENTED_EDGE('',*,*,#3199,.F.);
#2681=ORIENTED_EDGE('',*,*,#3193,.F.);
#2682=ORIENTED_EDGE('',*,*,#3074,.F.);
#2683=ORIENTED_EDGE('',*,*,#3188,.T.);
#2684=ORIENTED_EDGE('',*,*,#3191,.F.);
#2685=ORIENTED_EDGE('',*,*,#3185,.F.);
#2686=ORIENTED_EDGE('',*,*,#3078,.F.);
#2687=ORIENTED_EDGE('',*,*,#3180,.T.);
#2688=ORIENTED_EDGE('',*,*,#3183,.F.);
#2689=ORIENTED_EDGE('',*,*,#3177,.F.);
#2690=ORIENTED_EDGE('',*,*,#3014,.F.);
#2691=ORIENTED_EDGE('',*,*,#3308,.T.);
#2692=ORIENTED_EDGE('',*,*,#3311,.F.);
#2693=ORIENTED_EDGE('',*,*,#3305,.F.);
#2694=ORIENTED_EDGE('',*,*,#3010,.F.);
#2695=ORIENTED_EDGE('',*,*,#3316,.T.);
#2696=ORIENTED_EDGE('',*,*,#3319,.F.);
#2697=ORIENTED_EDGE('',*,*,#3313,.F.);
#2698=ORIENTED_EDGE('',*,*,#3006,.F.);
#2699=ORIENTED_EDGE('',*,*,#3324,.T.);
#2700=ORIENTED_EDGE('',*,*,#3327,.F.);
#2701=ORIENTED_EDGE('',*,*,#3321,.F.);
#2702=ORIENTED_EDGE('',*,*,#3002,.F.);
#2703=ORIENTED_EDGE('',*,*,#3332,.T.);
#2704=ORIENTED_EDGE('',*,*,#3335,.F.);
#2705=ORIENTED_EDGE('',*,*,#3329,.F.);
#2706=ORIENTED_EDGE('',*,*,#2998,.F.);
#2707=ORIENTED_EDGE('',*,*,#3340,.T.);
#2708=ORIENTED_EDGE('',*,*,#3343,.F.);
#2709=ORIENTED_EDGE('',*,*,#3337,.F.);
#2710=ORIENTED_EDGE('',*,*,#2994,.F.);
#2711=ORIENTED_EDGE('',*,*,#3348,.T.);
#2712=ORIENTED_EDGE('',*,*,#3351,.F.);
#2713=ORIENTED_EDGE('',*,*,#3345,.F.);
#2714=ORIENTED_EDGE('',*,*,#2990,.F.);
#2715=ORIENTED_EDGE('',*,*,#3356,.T.);
#2716=ORIENTED_EDGE('',*,*,#3359,.F.);
#2717=ORIENTED_EDGE('',*,*,#3353,.F.);
#2718=ORIENTED_EDGE('',*,*,#2986,.F.);
#2719=ORIENTED_EDGE('',*,*,#3364,.T.);
#2720=ORIENTED_EDGE('',*,*,#3367,.F.);
#2721=ORIENTED_EDGE('',*,*,#3361,.F.);
#2722=ORIENTED_EDGE('',*,*,#2962,.F.);
#2723=ORIENTED_EDGE('',*,*,#3412,.T.);
#2724=ORIENTED_EDGE('',*,*,#3415,.F.);
#2725=ORIENTED_EDGE('',*,*,#3409,.F.);
#2726=ORIENTED_EDGE('',*,*,#2966,.F.);
#2727=ORIENTED_EDGE('',*,*,#3404,.T.);
#2728=ORIENTED_EDGE('',*,*,#3690,.T.);
#2729=ORIENTED_EDGE('',*,*,#3707,.T.);
#2730=ORIENTED_EDGE('',*,*,#3729,.F.);
#2731=ORIENTED_EDGE('',*,*,#3730,.F.);
#2732=ORIENTED_EDGE('',*,*,#2824,.T.);
#2733=ORIENTED_EDGE('',*,*,#3706,.T.);
#2734=ORIENTED_EDGE('',*,*,#3731,.F.);
#2735=ORIENTED_EDGE('',*,*,#3732,.F.);
#2736=ORIENTED_EDGE('',*,*,#3729,.T.);
#2737=ORIENTED_EDGE('',*,*,#3705,.T.);
#2738=ORIENTED_EDGE('',*,*,#3733,.F.);
#2739=ORIENTED_EDGE('',*,*,#3734,.F.);
#2740=ORIENTED_EDGE('',*,*,#3731,.T.);
#2741=ORIENTED_EDGE('',*,*,#3704,.T.);
#2742=ORIENTED_EDGE('',*,*,#3716,.F.);
#2743=ORIENTED_EDGE('',*,*,#3735,.F.);
#2744=ORIENTED_EDGE('',*,*,#3733,.T.);
#2745=ORIENTED_EDGE('',*,*,#3736,.F.);
#2746=ORIENTED_EDGE('',*,*,#2819,.T.);
#2747=ORIENTED_EDGE('',*,*,#3730,.T.);
#2748=ORIENTED_EDGE('',*,*,#3732,.T.);
#2749=ORIENTED_EDGE('',*,*,#3734,.T.);
#2750=ORIENTED_EDGE('',*,*,#3735,.T.);
#2751=ORIENTED_EDGE('',*,*,#3715,.T.);
#2752=ORIENTED_EDGE('',*,*,#3702,.T.);
#2753=ORIENTED_EDGE('',*,*,#3737,.F.);
#2754=ORIENTED_EDGE('',*,*,#3738,.F.);
#2755=ORIENTED_EDGE('',*,*,#2818,.T.);
#2756=ORIENTED_EDGE('',*,*,#3701,.T.);
#2757=ORIENTED_EDGE('',*,*,#3739,.F.);
#2758=ORIENTED_EDGE('',*,*,#3740,.F.);
#2759=ORIENTED_EDGE('',*,*,#3737,.T.);
#2760=ORIENTED_EDGE('',*,*,#3700,.T.);
#2761=ORIENTED_EDGE('',*,*,#3741,.F.);
#2762=ORIENTED_EDGE('',*,*,#3742,.F.);
#2763=ORIENTED_EDGE('',*,*,#3739,.T.);
#2764=ORIENTED_EDGE('',*,*,#3699,.T.);
#2765=ORIENTED_EDGE('',*,*,#3722,.F.);
#2766=ORIENTED_EDGE('',*,*,#3743,.F.);
#2767=ORIENTED_EDGE('',*,*,#3741,.T.);
#2768=ORIENTED_EDGE('',*,*,#3744,.F.);
#2769=ORIENTED_EDGE('',*,*,#2813,.T.);
#2770=ORIENTED_EDGE('',*,*,#3738,.T.);
#2771=ORIENTED_EDGE('',*,*,#3740,.T.);
#2772=ORIENTED_EDGE('',*,*,#3742,.T.);
#2773=ORIENTED_EDGE('',*,*,#3743,.T.);
#2774=ORIENTED_EDGE('',*,*,#3721,.T.);
#2775=ORIENTED_EDGE('',*,*,#3697,.T.);
#2776=ORIENTED_EDGE('',*,*,#3745,.F.);
#2777=ORIENTED_EDGE('',*,*,#3746,.F.);
#2778=ORIENTED_EDGE('',*,*,#2812,.T.);
#2779=ORIENTED_EDGE('',*,*,#3711,.T.);
#2780=ORIENTED_EDGE('',*,*,#3747,.F.);
#2781=ORIENTED_EDGE('',*,*,#3748,.F.);
#2782=ORIENTED_EDGE('',*,*,#3745,.T.);
#2783=ORIENTED_EDGE('',*,*,#3710,.T.);
#2784=ORIENTED_EDGE('',*,*,#3749,.F.);
#2785=ORIENTED_EDGE('',*,*,#3750,.F.);
#2786=ORIENTED_EDGE('',*,*,#3747,.T.);
#2787=ORIENTED_EDGE('',*,*,#3709,.T.);
#2788=ORIENTED_EDGE('',*,*,#3719,.F.);
#2789=ORIENTED_EDGE('',*,*,#3751,.F.);
#2790=ORIENTED_EDGE('',*,*,#3749,.T.);
#2791=ORIENTED_EDGE('',*,*,#3752,.F.);
#2792=ORIENTED_EDGE('',*,*,#2807,.T.);
#2793=ORIENTED_EDGE('',*,*,#3746,.T.);
#2794=ORIENTED_EDGE('',*,*,#3748,.T.);
#2795=ORIENTED_EDGE('',*,*,#3750,.T.);
#2796=ORIENTED_EDGE('',*,*,#3751,.T.);
#2797=ORIENTED_EDGE('',*,*,#3718,.T.);
#2798=ORIENTED_EDGE('',*,*,#3753,.F.);
#2799=ORIENTED_EDGE('',*,*,#3752,.T.);
#2800=ORIENTED_EDGE('',*,*,#3753,.T.);
#2801=ORIENTED_EDGE('',*,*,#3754,.F.);
#2802=ORIENTED_EDGE('',*,*,#3744,.T.);
#2803=ORIENTED_EDGE('',*,*,#3754,.T.);
#2804=ORIENTED_EDGE('',*,*,#3755,.F.);
#2805=ORIENTED_EDGE('',*,*,#3736,.T.);
#2806=ORIENTED_EDGE('',*,*,#3755,.T.);
#2807=EDGE_CURVE('',#3756,#3757,#4396,.T.);
#2808=EDGE_CURVE('',#3756,#3758,#4397,.T.);
#2809=EDGE_CURVE('',#3758,#3759,#4398,.T.);
#2810=EDGE_CURVE('',#3760,#3759,#4399,.T.);
#2811=EDGE_CURVE('',#3761,#3760,#4400,.T.);
#2812=EDGE_CURVE('',#3757,#3761,#4401,.T.);
#2813=EDGE_CURVE('',#3762,#3763,#4402,.T.);
#2814=EDGE_CURVE('',#3762,#3764,#4403,.T.);
#2815=EDGE_CURVE('',#3764,#3765,#4404,.T.);
#2816=EDGE_CURVE('',#3766,#3765,#4405,.T.);
#2817=EDGE_CURVE('',#3767,#3766,#4406,.T.);
#2818=EDGE_CURVE('',#3763,#3767,#4407,.T.);
#2819=EDGE_CURVE('',#3768,#3769,#4408,.T.);
#2820=EDGE_CURVE('',#3768,#3770,#4409,.T.);
#2821=EDGE_CURVE('',#3770,#3771,#4410,.T.);
#2822=EDGE_CURVE('',#3772,#3771,#4411,.T.);
#2823=EDGE_CURVE('',#3773,#3772,#4412,.T.);
#2824=EDGE_CURVE('',#3769,#3773,#4413,.T.);
#2825=EDGE_CURVE('',#3774,#3775,#4414,.T.);
#2826=EDGE_CURVE('',#3775,#3776,#444,.T.);
#2827=EDGE_CURVE('',#3777,#3776,#4415,.T.);
#2828=EDGE_CURVE('',#3777,#3774,#445,.T.);
#2829=EDGE_CURVE('',#3778,#3779,#4416,.T.);
#2830=EDGE_CURVE('',#3779,#3780,#446,.T.);
#2831=EDGE_CURVE('',#3781,#3780,#4417,.T.);
#2832=EDGE_CURVE('',#3781,#3778,#447,.T.);
#2833=EDGE_CURVE('',#3782,#3783,#4418,.T.);
#2834=EDGE_CURVE('',#3783,#3784,#448,.T.);
#2835=EDGE_CURVE('',#3785,#3784,#4419,.T.);
#2836=EDGE_CURVE('',#3785,#3782,#449,.T.);
#2837=EDGE_CURVE('',#3786,#3787,#4420,.T.);
#2838=EDGE_CURVE('',#3787,#3788,#450,.T.);
#2839=EDGE_CURVE('',#3789,#3788,#4421,.T.);
#2840=EDGE_CURVE('',#3789,#3786,#451,.T.);
#2841=EDGE_CURVE('',#3790,#3791,#4422,.T.);
#2842=EDGE_CURVE('',#3791,#3792,#452,.T.);
#2843=EDGE_CURVE('',#3793,#3792,#4423,.T.);
#2844=EDGE_CURVE('',#3793,#3790,#453,.T.);
#2845=EDGE_CURVE('',#3794,#3795,#4424,.T.);
#2846=EDGE_CURVE('',#3795,#3796,#454,.T.);
#2847=EDGE_CURVE('',#3797,#3796,#4425,.T.);
#2848=EDGE_CURVE('',#3797,#3794,#455,.T.);
#2849=EDGE_CURVE('',#3798,#3799,#4426,.T.);
#2850=EDGE_CURVE('',#3799,#3800,#456,.T.);
#2851=EDGE_CURVE('',#3801,#3800,#4427,.T.);
#2852=EDGE_CURVE('',#3801,#3798,#457,.T.);
#2853=EDGE_CURVE('',#3802,#3803,#4428,.T.);
#2854=EDGE_CURVE('',#3803,#3804,#458,.T.);
#2855=EDGE_CURVE('',#3805,#3804,#4429,.T.);
#2856=EDGE_CURVE('',#3805,#3802,#459,.T.);
#2857=EDGE_CURVE('',#3806,#3807,#4430,.T.);
#2858=EDGE_CURVE('',#3807,#3808,#460,.T.);
#2859=EDGE_CURVE('',#3809,#3808,#4431,.T.);
#2860=EDGE_CURVE('',#3809,#3806,#461,.T.);
#2861=EDGE_CURVE('',#3810,#3811,#4432,.T.);
#2862=EDGE_CURVE('',#3811,#3812,#462,.T.);
#2863=EDGE_CURVE('',#3813,#3812,#4433,.T.);
#2864=EDGE_CURVE('',#3813,#3810,#463,.T.);
#2865=EDGE_CURVE('',#3814,#3815,#4434,.T.);
#2866=EDGE_CURVE('',#3815,#3816,#464,.T.);
#2867=EDGE_CURVE('',#3817,#3816,#4435,.T.);
#2868=EDGE_CURVE('',#3817,#3814,#465,.T.);
#2869=EDGE_CURVE('',#3818,#3819,#4436,.T.);
#2870=EDGE_CURVE('',#3819,#3820,#466,.T.);
#2871=EDGE_CURVE('',#3821,#3820,#4437,.T.);
#2872=EDGE_CURVE('',#3821,#3818,#467,.T.);
#2873=EDGE_CURVE('',#3822,#3823,#4438,.T.);
#2874=EDGE_CURVE('',#3823,#3824,#468,.T.);
#2875=EDGE_CURVE('',#3825,#3824,#4439,.T.);
#2876=EDGE_CURVE('',#3825,#3822,#469,.T.);
#2877=EDGE_CURVE('',#3826,#3827,#4440,.T.);
#2878=EDGE_CURVE('',#3827,#3828,#470,.T.);
#2879=EDGE_CURVE('',#3829,#3828,#4441,.T.);
#2880=EDGE_CURVE('',#3829,#3826,#471,.T.);
#2881=EDGE_CURVE('',#3830,#3831,#4442,.T.);
#2882=EDGE_CURVE('',#3831,#3832,#472,.T.);
#2883=EDGE_CURVE('',#3833,#3832,#4443,.T.);
#2884=EDGE_CURVE('',#3833,#3830,#473,.T.);
#2885=EDGE_CURVE('',#3834,#3835,#4444,.T.);
#2886=EDGE_CURVE('',#3835,#3836,#474,.T.);
#2887=EDGE_CURVE('',#3837,#3836,#4445,.T.);
#2888=EDGE_CURVE('',#3837,#3834,#475,.T.);
#2889=EDGE_CURVE('',#3838,#3839,#4446,.T.);
#2890=EDGE_CURVE('',#3839,#3840,#476,.T.);
#2891=EDGE_CURVE('',#3841,#3840,#4447,.T.);
#2892=EDGE_CURVE('',#3841,#3838,#477,.T.);
#2893=EDGE_CURVE('',#3842,#3843,#4448,.T.);
#2894=EDGE_CURVE('',#3843,#3844,#478,.T.);
#2895=EDGE_CURVE('',#3845,#3844,#4449,.T.);
#2896=EDGE_CURVE('',#3845,#3842,#479,.T.);
#2897=EDGE_CURVE('',#3846,#3847,#4450,.T.);
#2898=EDGE_CURVE('',#3847,#3848,#480,.T.);
#2899=EDGE_CURVE('',#3849,#3848,#4451,.T.);
#2900=EDGE_CURVE('',#3849,#3846,#481,.T.);
#2901=EDGE_CURVE('',#3850,#3851,#4452,.T.);
#2902=EDGE_CURVE('',#3851,#3852,#482,.T.);
#2903=EDGE_CURVE('',#3853,#3852,#4453,.T.);
#2904=EDGE_CURVE('',#3853,#3850,#483,.T.);
#2905=EDGE_CURVE('',#3854,#3855,#4454,.T.);
#2906=EDGE_CURVE('',#3855,#3856,#484,.T.);
#2907=EDGE_CURVE('',#3857,#3856,#4455,.T.);
#2908=EDGE_CURVE('',#3857,#3854,#485,.T.);
#2909=EDGE_CURVE('',#3858,#3859,#4456,.T.);
#2910=EDGE_CURVE('',#3859,#3860,#486,.T.);
#2911=EDGE_CURVE('',#3861,#3860,#4457,.T.);
#2912=EDGE_CURVE('',#3861,#3858,#487,.T.);
#2913=EDGE_CURVE('',#3862,#3863,#4458,.T.);
#2914=EDGE_CURVE('',#3863,#3864,#488,.T.);
#2915=EDGE_CURVE('',#3865,#3864,#4459,.T.);
#2916=EDGE_CURVE('',#3865,#3862,#489,.T.);
#2917=EDGE_CURVE('',#3866,#3867,#4460,.T.);
#2918=EDGE_CURVE('',#3867,#3868,#490,.T.);
#2919=EDGE_CURVE('',#3869,#3868,#4461,.T.);
#2920=EDGE_CURVE('',#3869,#3866,#491,.T.);
#2921=EDGE_CURVE('',#3870,#3871,#4462,.T.);
#2922=EDGE_CURVE('',#3871,#3872,#492,.T.);
#2923=EDGE_CURVE('',#3873,#3872,#4463,.T.);
#2924=EDGE_CURVE('',#3873,#3870,#493,.T.);
#2925=EDGE_CURVE('',#3874,#3875,#4464,.T.);
#2926=EDGE_CURVE('',#3875,#3876,#494,.T.);
#2927=EDGE_CURVE('',#3877,#3876,#4465,.T.);
#2928=EDGE_CURVE('',#3877,#3874,#495,.T.);
#2929=EDGE_CURVE('',#3878,#3879,#4466,.T.);
#2930=EDGE_CURVE('',#3879,#3880,#496,.T.);
#2931=EDGE_CURVE('',#3881,#3880,#4467,.T.);
#2932=EDGE_CURVE('',#3881,#3878,#497,.T.);
#2933=EDGE_CURVE('',#3882,#3883,#4468,.T.);
#2934=EDGE_CURVE('',#3883,#3884,#498,.T.);
#2935=EDGE_CURVE('',#3885,#3884,#4469,.T.);
#2936=EDGE_CURVE('',#3885,#3882,#499,.T.);
#2937=EDGE_CURVE('',#3886,#3887,#4470,.T.);
#2938=EDGE_CURVE('',#3887,#3888,#500,.T.);
#2939=EDGE_CURVE('',#3889,#3888,#4471,.T.);
#2940=EDGE_CURVE('',#3889,#3886,#501,.T.);
#2941=EDGE_CURVE('',#3890,#3891,#4472,.T.);
#2942=EDGE_CURVE('',#3891,#3892,#502,.T.);
#2943=EDGE_CURVE('',#3893,#3892,#4473,.T.);
#2944=EDGE_CURVE('',#3893,#3890,#503,.T.);
#2945=EDGE_CURVE('',#3894,#3895,#4474,.T.);
#2946=EDGE_CURVE('',#3895,#3896,#504,.T.);
#2947=EDGE_CURVE('',#3897,#3896,#4475,.T.);
#2948=EDGE_CURVE('',#3897,#3894,#505,.T.);
#2949=EDGE_CURVE('',#3898,#3899,#4476,.T.);
#2950=EDGE_CURVE('',#3899,#3900,#506,.T.);
#2951=EDGE_CURVE('',#3901,#3900,#4477,.T.);
#2952=EDGE_CURVE('',#3901,#3898,#507,.T.);
#2953=EDGE_CURVE('',#3902,#3903,#4478,.T.);
#2954=EDGE_CURVE('',#3903,#3904,#508,.T.);
#2955=EDGE_CURVE('',#3905,#3904,#4479,.T.);
#2956=EDGE_CURVE('',#3905,#3902,#509,.T.);
#2957=EDGE_CURVE('',#3906,#3907,#4480,.T.);
#2958=EDGE_CURVE('',#3907,#3908,#510,.T.);
#2959=EDGE_CURVE('',#3909,#3908,#4481,.T.);
#2960=EDGE_CURVE('',#3909,#3906,#511,.T.);
#2961=EDGE_CURVE('',#3910,#3911,#4482,.T.);
#2962=EDGE_CURVE('',#3911,#3912,#512,.T.);
#2963=EDGE_CURVE('',#3913,#3912,#4483,.T.);
#2964=EDGE_CURVE('',#3913,#3910,#513,.T.);
#2965=EDGE_CURVE('',#3914,#3915,#4484,.T.);
#2966=EDGE_CURVE('',#3915,#3916,#514,.T.);
#2967=EDGE_CURVE('',#3917,#3916,#4485,.T.);
#2968=EDGE_CURVE('',#3917,#3914,#515,.T.);
#2969=EDGE_CURVE('',#3918,#3919,#4486,.T.);
#2970=EDGE_CURVE('',#3919,#3920,#516,.T.);
#2971=EDGE_CURVE('',#3921,#3920,#4487,.T.);
#2972=EDGE_CURVE('',#3921,#3918,#517,.T.);
#2973=EDGE_CURVE('',#3922,#3923,#4488,.T.);
#2974=EDGE_CURVE('',#3923,#3924,#518,.T.);
#2975=EDGE_CURVE('',#3925,#3924,#4489,.T.);
#2976=EDGE_CURVE('',#3925,#3922,#519,.T.);
#2977=EDGE_CURVE('',#3926,#3927,#4490,.T.);
#2978=EDGE_CURVE('',#3927,#3928,#520,.T.);
#2979=EDGE_CURVE('',#3929,#3928,#4491,.T.);
#2980=EDGE_CURVE('',#3929,#3926,#521,.T.);
#2981=EDGE_CURVE('',#3930,#3931,#4492,.T.);
#2982=EDGE_CURVE('',#3931,#3932,#522,.T.);
#2983=EDGE_CURVE('',#3933,#3932,#4493,.T.);
#2984=EDGE_CURVE('',#3933,#3930,#523,.T.);
#2985=EDGE_CURVE('',#3934,#3935,#4494,.T.);
#2986=EDGE_CURVE('',#3935,#3936,#524,.T.);
#2987=EDGE_CURVE('',#3937,#3936,#4495,.T.);
#2988=EDGE_CURVE('',#3937,#3934,#525,.T.);
#2989=EDGE_CURVE('',#3938,#3939,#4496,.T.);
#2990=EDGE_CURVE('',#3939,#3940,#526,.T.);
#2991=EDGE_CURVE('',#3941,#3940,#4497,.T.);
#2992=EDGE_CURVE('',#3941,#3938,#527,.T.);
#2993=EDGE_CURVE('',#3942,#3943,#4498,.T.);
#2994=EDGE_CURVE('',#3943,#3944,#528,.T.);
#2995=EDGE_CURVE('',#3945,#3944,#4499,.T.);
#2996=EDGE_CURVE('',#3945,#3942,#529,.T.);
#2997=EDGE_CURVE('',#3946,#3947,#4500,.T.);
#2998=EDGE_CURVE('',#3947,#3948,#530,.T.);
#2999=EDGE_CURVE('',#3949,#3948,#4501,.T.);
#3000=EDGE_CURVE('',#3949,#3946,#531,.T.);
#3001=EDGE_CURVE('',#3950,#3951,#4502,.T.);
#3002=EDGE_CURVE('',#3951,#3952,#532,.T.);
#3003=EDGE_CURVE('',#3953,#3952,#4503,.T.);
#3004=EDGE_CURVE('',#3953,#3950,#533,.T.);
#3005=EDGE_CURVE('',#3954,#3955,#4504,.T.);
#3006=EDGE_CURVE('',#3955,#3956,#534,.T.);
#3007=EDGE_CURVE('',#3957,#3956,#4505,.T.);
#3008=EDGE_CURVE('',#3957,#3954,#535,.T.);
#3009=EDGE_CURVE('',#3958,#3959,#4506,.T.);
#3010=EDGE_CURVE('',#3959,#3960,#536,.T.);
#3011=EDGE_CURVE('',#3961,#3960,#4507,.T.);
#3012=EDGE_CURVE('',#3961,#3958,#537,.T.);
#3013=EDGE_CURVE('',#3962,#3963,#4508,.T.);
#3014=EDGE_CURVE('',#3963,#3964,#538,.T.);
#3015=EDGE_CURVE('',#3965,#3964,#4509,.T.);
#3016=EDGE_CURVE('',#3965,#3962,#539,.T.);
#3017=EDGE_CURVE('',#3966,#3967,#4510,.T.);
#3018=EDGE_CURVE('',#3967,#3968,#540,.T.);
#3019=EDGE_CURVE('',#3969,#3968,#4511,.T.);
#3020=EDGE_CURVE('',#3969,#3966,#541,.T.);
#3021=EDGE_CURVE('',#3970,#3971,#4512,.T.);
#3022=EDGE_CURVE('',#3971,#3972,#542,.T.);
#3023=EDGE_CURVE('',#3973,#3972,#4513,.T.);
#3024=EDGE_CURVE('',#3973,#3970,#543,.T.);
#3025=EDGE_CURVE('',#3974,#3975,#4514,.T.);
#3026=EDGE_CURVE('',#3975,#3976,#544,.T.);
#3027=EDGE_CURVE('',#3977,#3976,#4515,.T.);
#3028=EDGE_CURVE('',#3977,#3974,#545,.T.);
#3029=EDGE_CURVE('',#3978,#3979,#4516,.T.);
#3030=EDGE_CURVE('',#3979,#3980,#546,.T.);
#3031=EDGE_CURVE('',#3981,#3980,#4517,.T.);
#3032=EDGE_CURVE('',#3981,#3978,#547,.T.);
#3033=EDGE_CURVE('',#3982,#3983,#4518,.T.);
#3034=EDGE_CURVE('',#3983,#3984,#548,.T.);
#3035=EDGE_CURVE('',#3985,#3984,#4519,.T.);
#3036=EDGE_CURVE('',#3985,#3982,#549,.T.);
#3037=EDGE_CURVE('',#3986,#3987,#4520,.T.);
#3038=EDGE_CURVE('',#3987,#3988,#550,.T.);
#3039=EDGE_CURVE('',#3989,#3988,#4521,.T.);
#3040=EDGE_CURVE('',#3989,#3986,#551,.T.);
#3041=EDGE_CURVE('',#3990,#3991,#4522,.T.);
#3042=EDGE_CURVE('',#3991,#3992,#552,.T.);
#3043=EDGE_CURVE('',#3993,#3992,#4523,.T.);
#3044=EDGE_CURVE('',#3993,#3990,#553,.T.);
#3045=EDGE_CURVE('',#3994,#3995,#4524,.T.);
#3046=EDGE_CURVE('',#3995,#3996,#554,.T.);
#3047=EDGE_CURVE('',#3997,#3996,#4525,.T.);
#3048=EDGE_CURVE('',#3997,#3994,#555,.T.);
#3049=EDGE_CURVE('',#3998,#3999,#4526,.T.);
#3050=EDGE_CURVE('',#3999,#4000,#556,.T.);
#3051=EDGE_CURVE('',#4001,#4000,#4527,.T.);
#3052=EDGE_CURVE('',#4001,#3998,#557,.T.);
#3053=EDGE_CURVE('',#4002,#4003,#4528,.T.);
#3054=EDGE_CURVE('',#4003,#4004,#558,.T.);
#3055=EDGE_CURVE('',#4005,#4004,#4529,.T.);
#3056=EDGE_CURVE('',#4005,#4002,#559,.T.);
#3057=EDGE_CURVE('',#4006,#4007,#4530,.T.);
#3058=EDGE_CURVE('',#4007,#4008,#560,.T.);
#3059=EDGE_CURVE('',#4009,#4008,#4531,.T.);
#3060=EDGE_CURVE('',#4009,#4006,#561,.T.);
#3061=EDGE_CURVE('',#4010,#4011,#4532,.T.);
#3062=EDGE_CURVE('',#4011,#4012,#562,.T.);
#3063=EDGE_CURVE('',#4013,#4012,#4533,.T.);
#3064=EDGE_CURVE('',#4013,#4010,#563,.T.);
#3065=EDGE_CURVE('',#4014,#4015,#4534,.T.);
#3066=EDGE_CURVE('',#4015,#4016,#564,.T.);
#3067=EDGE_CURVE('',#4017,#4016,#4535,.T.);
#3068=EDGE_CURVE('',#4017,#4014,#565,.T.);
#3069=EDGE_CURVE('',#4018,#4019,#4536,.T.);
#3070=EDGE_CURVE('',#4019,#4020,#566,.T.);
#3071=EDGE_CURVE('',#4021,#4020,#4537,.T.);
#3072=EDGE_CURVE('',#4021,#4018,#567,.T.);
#3073=EDGE_CURVE('',#4022,#4023,#4538,.T.);
#3074=EDGE_CURVE('',#4023,#4024,#568,.T.);
#3075=EDGE_CURVE('',#4025,#4024,#4539,.T.);
#3076=EDGE_CURVE('',#4025,#4022,#569,.T.);
#3077=EDGE_CURVE('',#4026,#4027,#4540,.T.);
#3078=EDGE_CURVE('',#4027,#4028,#570,.T.);
#3079=EDGE_CURVE('',#4029,#4028,#4541,.T.);
#3080=EDGE_CURVE('',#4029,#4026,#571,.T.);
#3081=EDGE_CURVE('',#4030,#4031,#4542,.T.);
#3082=EDGE_CURVE('',#4031,#4032,#572,.T.);
#3083=EDGE_CURVE('',#4033,#4032,#4543,.T.);
#3084=EDGE_CURVE('',#4033,#4030,#573,.T.);
#3085=EDGE_CURVE('',#4034,#4035,#4544,.T.);
#3086=EDGE_CURVE('',#4035,#4036,#574,.T.);
#3087=EDGE_CURVE('',#4037,#4036,#4545,.T.);
#3088=EDGE_CURVE('',#4037,#4034,#575,.T.);
#3089=EDGE_CURVE('',#4038,#4039,#4546,.T.);
#3090=EDGE_CURVE('',#4039,#4040,#576,.T.);
#3091=EDGE_CURVE('',#4041,#4040,#4547,.T.);
#3092=EDGE_CURVE('',#4041,#4038,#577,.T.);
#3093=EDGE_CURVE('',#4042,#4043,#4548,.T.);
#3094=EDGE_CURVE('',#4043,#4044,#578,.T.);
#3095=EDGE_CURVE('',#4045,#4044,#4549,.T.);
#3096=EDGE_CURVE('',#4045,#4042,#579,.T.);
#3097=EDGE_CURVE('',#4046,#4047,#4550,.T.);
#3098=EDGE_CURVE('',#4047,#4048,#580,.T.);
#3099=EDGE_CURVE('',#4049,#4048,#4551,.T.);
#3100=EDGE_CURVE('',#4049,#4046,#581,.T.);
#3101=EDGE_CURVE('',#4050,#4051,#4552,.T.);
#3102=EDGE_CURVE('',#4051,#4052,#582,.T.);
#3103=EDGE_CURVE('',#4053,#4052,#4553,.T.);
#3104=EDGE_CURVE('',#4053,#4050,#583,.T.);
#3105=EDGE_CURVE('',#4054,#4055,#4554,.T.);
#3106=EDGE_CURVE('',#4055,#4056,#584,.T.);
#3107=EDGE_CURVE('',#4057,#4056,#4555,.T.);
#3108=EDGE_CURVE('',#4057,#4054,#585,.T.);
#3109=EDGE_CURVE('',#4058,#4059,#4556,.T.);
#3110=EDGE_CURVE('',#4059,#4060,#586,.T.);
#3111=EDGE_CURVE('',#4061,#4060,#4557,.T.);
#3112=EDGE_CURVE('',#4061,#4058,#587,.T.);
#3113=EDGE_CURVE('',#3968,#4062,#12,.F.);
#3114=EDGE_CURVE('',#4062,#4063,#4558,.F.);
#3115=EDGE_CURVE('',#4063,#3969,#13,.T.);
#3116=EDGE_CURVE('',#4059,#4064,#14,.F.);
#3117=EDGE_CURVE('',#4065,#4058,#15,.T.);
#3118=EDGE_CURVE('',#4065,#4064,#4559,.T.);
#3119=EDGE_CURVE('',#4062,#4064,#588,.F.);
#3120=EDGE_CURVE('',#4063,#4065,#589,.T.);
#3121=EDGE_CURVE('',#4060,#4066,#16,.F.);
#3122=EDGE_CURVE('',#4066,#4067,#4560,.F.);
#3123=EDGE_CURVE('',#4067,#4061,#17,.T.);
#3124=EDGE_CURVE('',#4055,#4068,#18,.F.);
#3125=EDGE_CURVE('',#4069,#4054,#19,.T.);
#3126=EDGE_CURVE('',#4069,#4068,#4561,.T.);
#3127=EDGE_CURVE('',#4066,#4068,#590,.F.);
#3128=EDGE_CURVE('',#4067,#4069,#591,.T.);
#3129=EDGE_CURVE('',#4056,#4070,#20,.F.);
#3130=EDGE_CURVE('',#4070,#4071,#4562,.F.);
#3131=EDGE_CURVE('',#4071,#4057,#21,.T.);
#3132=EDGE_CURVE('',#4051,#4072,#22,.F.);
#3133=EDGE_CURVE('',#4073,#4050,#23,.T.);
#3134=EDGE_CURVE('',#4073,#4072,#4563,.T.);
#3135=EDGE_CURVE('',#4070,#4072,#592,.F.);
#3136=EDGE_CURVE('',#4071,#4073,#593,.T.);
#3137=EDGE_CURVE('',#4052,#4074,#24,.F.);
#3138=EDGE_CURVE('',#4074,#4075,#4564,.F.);
#3139=EDGE_CURVE('',#4075,#4053,#25,.T.);
#3140=EDGE_CURVE('',#4047,#4076,#26,.F.);
#3141=EDGE_CURVE('',#4077,#4046,#27,.T.);
#3142=EDGE_CURVE('',#4077,#4076,#4565,.T.);
#3143=EDGE_CURVE('',#4074,#4076,#594,.F.);
#3144=EDGE_CURVE('',#4075,#4077,#595,.T.);
#3145=EDGE_CURVE('',#4048,#4078,#28,.F.);
#3146=EDGE_CURVE('',#4078,#4079,#4566,.F.);
#3147=EDGE_CURVE('',#4079,#4049,#29,.T.);
#3148=EDGE_CURVE('',#4043,#4080,#30,.F.);
#3149=EDGE_CURVE('',#4081,#4042,#31,.T.);
#3150=EDGE_CURVE('',#4081,#4080,#4567,.T.);
#3151=EDGE_CURVE('',#4078,#4080,#596,.F.);
#3152=EDGE_CURVE('',#4079,#4081,#597,.T.);
#3153=EDGE_CURVE('',#4044,#4082,#32,.F.);
#3154=EDGE_CURVE('',#4082,#4083,#4568,.F.);
#3155=EDGE_CURVE('',#4083,#4045,#33,.T.);
#3156=EDGE_CURVE('',#4039,#4084,#34,.F.);
#3157=EDGE_CURVE('',#4085,#4038,#35,.T.);
#3158=EDGE_CURVE('',#4085,#4084,#4569,.T.);
#3159=EDGE_CURVE('',#4082,#4084,#598,.F.);
#3160=EDGE_CURVE('',#4083,#4085,#599,.T.);
#3161=EDGE_CURVE('',#4040,#4086,#36,.F.);
#3162=EDGE_CURVE('',#4086,#4087,#4570,.F.);
#3163=EDGE_CURVE('',#4087,#4041,#37,.T.);
#3164=EDGE_CURVE('',#4035,#4088,#38,.F.);
#3165=EDGE_CURVE('',#4089,#4034,#39,.T.);
#3166=EDGE_CURVE('',#4089,#4088,#4571,.T.);
#3167=EDGE_CURVE('',#4086,#4088,#600,.F.);
#3168=EDGE_CURVE('',#4087,#4089,#601,.T.);
#3169=EDGE_CURVE('',#4036,#4090,#40,.F.);
#3170=EDGE_CURVE('',#4090,#4091,#4572,.F.);
#3171=EDGE_CURVE('',#4091,#4037,#41,.T.);
#3172=EDGE_CURVE('',#4031,#4092,#42,.F.);
#3173=EDGE_CURVE('',#4093,#4030,#43,.T.);
#3174=EDGE_CURVE('',#4093,#4092,#4573,.T.);
#3175=EDGE_CURVE('',#4090,#4092,#602,.F.);
#3176=EDGE_CURVE('',#4091,#4093,#603,.T.);
#3177=EDGE_CURVE('',#3964,#4094,#44,.F.);
#3178=EDGE_CURVE('',#4094,#4095,#4574,.F.);
#3179=EDGE_CURVE('',#4095,#3965,#45,.T.);
#3180=EDGE_CURVE('',#4027,#4096,#46,.F.);
#3181=EDGE_CURVE('',#4097,#4026,#47,.T.);
#3182=EDGE_CURVE('',#4097,#4096,#4575,.T.);
#3183=EDGE_CURVE('',#4094,#4096,#604,.F.);
#3184=EDGE_CURVE('',#4095,#4097,#605,.T.);
#3185=EDGE_CURVE('',#4028,#4098,#48,.F.);
#3186=EDGE_CURVE('',#4098,#4099,#4576,.F.);
#3187=EDGE_CURVE('',#4099,#4029,#49,.T.);
#3188=EDGE_CURVE('',#4023,#4100,#50,.F.);
#3189=EDGE_CURVE('',#4101,#4022,#51,.T.);
#3190=EDGE_CURVE('',#4101,#4100,#4577,.T.);
#3191=EDGE_CURVE('',#4098,#4100,#606,.F.);
#3192=EDGE_CURVE('',#4099,#4101,#607,.T.);
#3193=EDGE_CURVE('',#4024,#4102,#52,.F.);
#3194=EDGE_CURVE('',#4102,#4103,#4578,.F.);
#3195=EDGE_CURVE('',#4103,#4025,#53,.T.);
#3196=EDGE_CURVE('',#4019,#4104,#54,.F.);
#3197=EDGE_CURVE('',#4105,#4018,#55,.T.);
#3198=EDGE_CURVE('',#4105,#4104,#4579,.T.);
#3199=EDGE_CURVE('',#4102,#4104,#608,.F.);
#3200=EDGE_CURVE('',#4103,#4105,#609,.T.);
#3201=EDGE_CURVE('',#4020,#4106,#56,.F.);
#3202=EDGE_CURVE('',#4106,#4107,#4580,.F.);
#3203=EDGE_CURVE('',#4107,#4021,#57,.T.);
#3204=EDGE_CURVE('',#4015,#4108,#58,.F.);
#3205=EDGE_CURVE('',#4109,#4014,#59,.T.);
#3206=EDGE_CURVE('',#4109,#4108,#4581,.T.);
#3207=EDGE_CURVE('',#4106,#4108,#610,.F.);
#3208=EDGE_CURVE('',#4107,#4109,#611,.T.);
#3209=EDGE_CURVE('',#4004,#4110,#60,.F.);
#3210=EDGE_CURVE('',#4110,#4111,#4582,.F.);
#3211=EDGE_CURVE('',#4111,#4005,#61,.T.);
#3212=EDGE_CURVE('',#4011,#4112,#62,.F.);
#3213=EDGE_CURVE('',#4113,#4010,#63,.T.);
#3214=EDGE_CURVE('',#4113,#4112,#4583,.T.);
#3215=EDGE_CURVE('',#4110,#4112,#612,.F.);
#3216=EDGE_CURVE('',#4111,#4113,#613,.T.);
#3217=EDGE_CURVE('',#4012,#4114,#64,.F.);
#3218=EDGE_CURVE('',#4114,#4115,#4584,.F.);
#3219=EDGE_CURVE('',#4115,#4013,#65,.T.);
#3220=EDGE_CURVE('',#4007,#4116,#66,.F.);
#3221=EDGE_CURVE('',#4117,#4006,#67,.T.);
#3222=EDGE_CURVE('',#4117,#4116,#4585,.T.);
#3223=EDGE_CURVE('',#4114,#4116,#614,.F.);
#3224=EDGE_CURVE('',#4115,#4117,#615,.T.);
#3225=EDGE_CURVE('',#4000,#4118,#68,.F.);
#3226=EDGE_CURVE('',#4118,#4119,#4586,.F.);
#3227=EDGE_CURVE('',#4119,#4001,#69,.T.);
#3228=EDGE_CURVE('',#4003,#4120,#70,.F.);
#3229=EDGE_CURVE('',#4121,#4002,#71,.T.);
#3230=EDGE_CURVE('',#4121,#4120,#4587,.T.);
#3231=EDGE_CURVE('',#4118,#4120,#616,.F.);
#3232=EDGE_CURVE('',#4119,#4121,#617,.T.);
#3233=EDGE_CURVE('',#4016,#4122,#72,.F.);
#3234=EDGE_CURVE('',#4122,#4123,#4588,.F.);
#3235=EDGE_CURVE('',#4123,#4017,#73,.T.);
#3236=EDGE_CURVE('',#3999,#4124,#74,.F.);
#3237=EDGE_CURVE('',#4125,#3998,#75,.T.);
#3238=EDGE_CURVE('',#4125,#4124,#4589,.T.);
#3239=EDGE_CURVE('',#4122,#4124,#618,.F.);
#3240=EDGE_CURVE('',#4123,#4125,#619,.T.);
#3241=EDGE_CURVE('',#3992,#4126,#76,.F.);
#3242=EDGE_CURVE('',#4126,#4127,#4590,.F.);
#3243=EDGE_CURVE('',#4127,#3993,#77,.T.);
#3244=EDGE_CURVE('',#3995,#4128,#78,.F.);
#3245=EDGE_CURVE('',#4129,#3994,#79,.T.);
#3246=EDGE_CURVE('',#4129,#4128,#4591,.T.);
#3247=EDGE_CURVE('',#4126,#4128,#620,.F.);
#3248=EDGE_CURVE('',#4127,#4129,#621,.T.);
#3249=EDGE_CURVE('',#4008,#4130,#80,.F.);
#3250=EDGE_CURVE('',#4130,#4131,#4592,.F.);
#3251=EDGE_CURVE('',#4131,#4009,#81,.T.);
#3252=EDGE_CURVE('',#3991,#4132,#82,.F.);
#3253=EDGE_CURVE('',#4133,#3990,#83,.T.);
#3254=EDGE_CURVE('',#4133,#4132,#4593,.T.);
#3255=EDGE_CURVE('',#4130,#4132,#622,.F.);
#3256=EDGE_CURVE('',#4131,#4133,#623,.T.);
#3257=EDGE_CURVE('',#3996,#4134,#84,.F.);
#3258=EDGE_CURVE('',#4134,#4135,#4594,.F.);
#3259=EDGE_CURVE('',#4135,#3997,#85,.T.);
#3260=EDGE_CURVE('',#3987,#4136,#86,.F.);
#3261=EDGE_CURVE('',#4137,#3986,#87,.T.);
#3262=EDGE_CURVE('',#4137,#4136,#4595,.T.);
#3263=EDGE_CURVE('',#4134,#4136,#624,.F.);
#3264=EDGE_CURVE('',#4135,#4137,#625,.T.);
#3265=EDGE_CURVE('',#3988,#4138,#88,.F.);
#3266=EDGE_CURVE('',#4138,#4139,#4596,.F.);
#3267=EDGE_CURVE('',#4139,#3989,#89,.T.);
#3268=EDGE_CURVE('',#3983,#4140,#90,.F.);
#3269=EDGE_CURVE('',#4141,#3982,#91,.T.);
#3270=EDGE_CURVE('',#4141,#4140,#4597,.T.);
#3271=EDGE_CURVE('',#4138,#4140,#626,.F.);
#3272=EDGE_CURVE('',#4139,#4141,#627,.T.);
#3273=EDGE_CURVE('',#3984,#4142,#92,.F.);
#3274=EDGE_CURVE('',#4142,#4143,#4598,.F.);
#3275=EDGE_CURVE('',#4143,#3985,#93,.T.);
#3276=EDGE_CURVE('',#3979,#4144,#94,.F.);
#3277=EDGE_CURVE('',#4145,#3978,#95,.T.);
#3278=EDGE_CURVE('',#4145,#4144,#4599,.T.);
#3279=EDGE_CURVE('',#4142,#4144,#628,.F.);
#3280=EDGE_CURVE('',#4143,#4145,#629,.T.);
#3281=EDGE_CURVE('',#3980,#4146,#96,.F.);
#3282=EDGE_CURVE('',#4146,#4147,#4600,.F.);
#3283=EDGE_CURVE('',#4147,#3981,#97,.T.);
#3284=EDGE_CURVE('',#3975,#4148,#98,.F.);
#3285=EDGE_CURVE('',#4149,#3974,#99,.T.);
#3286=EDGE_CURVE('',#4149,#4148,#4601,.T.);
#3287=EDGE_CURVE('',#4146,#4148,#630,.F.);
#3288=EDGE_CURVE('',#4147,#4149,#631,.T.);
#3289=EDGE_CURVE('',#3976,#4150,#100,.F.);
#3290=EDGE_CURVE('',#4150,#4151,#4602,.F.);
#3291=EDGE_CURVE('',#4151,#3977,#101,.T.);
#3292=EDGE_CURVE('',#3971,#4152,#102,.F.);
#3293=EDGE_CURVE('',#4153,#3970,#103,.T.);
#3294=EDGE_CURVE('',#4153,#4152,#4603,.T.);
#3295=EDGE_CURVE('',#4150,#4152,#632,.F.);
#3296=EDGE_CURVE('',#4151,#4153,#633,.T.);
#3297=EDGE_CURVE('',#3972,#4154,#104,.F.);
#3298=EDGE_CURVE('',#4154,#4155,#4604,.F.);
#3299=EDGE_CURVE('',#4155,#3973,#105,.T.);
#3300=EDGE_CURVE('',#3967,#4156,#106,.F.);
#3301=EDGE_CURVE('',#4157,#3966,#107,.T.);
#3302=EDGE_CURVE('',#4157,#4156,#4605,.T.);
#3303=EDGE_CURVE('',#4154,#4156,#634,.F.);
#3304=EDGE_CURVE('',#4155,#4157,#635,.T.);
#3305=EDGE_CURVE('',#3960,#4158,#108,.F.);
#3306=EDGE_CURVE('',#4158,#4159,#4606,.F.);
#3307=EDGE_CURVE('',#4159,#3961,#109,.T.);
#3308=EDGE_CURVE('',#3963,#4160,#110,.F.);
#3309=EDGE_CURVE('',#4161,#3962,#111,.T.);
#3310=EDGE_CURVE('',#4161,#4160,#4607,.T.);
#3311=EDGE_CURVE('',#4158,#4160,#636,.F.);
#3312=EDGE_CURVE('',#4159,#4161,#637,.T.);
#3313=EDGE_CURVE('',#3956,#4162,#112,.F.);
#3314=EDGE_CURVE('',#4162,#4163,#4608,.F.);
#3315=EDGE_CURVE('',#4163,#3957,#113,.T.);
#3316=EDGE_CURVE('',#3959,#4164,#114,.F.);
#3317=EDGE_CURVE('',#4165,#3958,#115,.T.);
#3318=EDGE_CURVE('',#4165,#4164,#4609,.T.);
#3319=EDGE_CURVE('',#4162,#4164,#638,.F.);
#3320=EDGE_CURVE('',#4163,#4165,#639,.T.);
#3321=EDGE_CURVE('',#3952,#4166,#116,.F.);
#3322=EDGE_CURVE('',#4166,#4167,#4610,.F.);
#3323=EDGE_CURVE('',#4167,#3953,#117,.T.);
#3324=EDGE_CURVE('',#3955,#4168,#118,.F.);
#3325=EDGE_CURVE('',#4169,#3954,#119,.T.);
#3326=EDGE_CURVE('',#4169,#4168,#4611,.T.);
#3327=EDGE_CURVE('',#4166,#4168,#640,.F.);
#3328=EDGE_CURVE('',#4167,#4169,#641,.T.);
#3329=EDGE_CURVE('',#3948,#4170,#120,.F.);
#3330=EDGE_CURVE('',#4170,#4171,#4612,.F.);
#3331=EDGE_CURVE('',#4171,#3949,#121,.T.);
#3332=EDGE_CURVE('',#3951,#4172,#122,.F.);
#3333=EDGE_CURVE('',#4173,#3950,#123,.T.);
#3334=EDGE_CURVE('',#4173,#4172,#4613,.T.);
#3335=EDGE_CURVE('',#4170,#4172,#642,.F.);
#3336=EDGE_CURVE('',#4171,#4173,#643,.T.);
#3337=EDGE_CURVE('',#3944,#4174,#124,.F.);
#3338=EDGE_CURVE('',#4174,#4175,#4614,.F.);
#3339=EDGE_CURVE('',#4175,#3945,#125,.T.);
#3340=EDGE_CURVE('',#3947,#4176,#126,.F.);
#3341=EDGE_CURVE('',#4177,#3946,#127,.T.);
#3342=EDGE_CURVE('',#4177,#4176,#4615,.T.);
#3343=EDGE_CURVE('',#4174,#4176,#644,.F.);
#3344=EDGE_CURVE('',#4175,#4177,#645,.T.);
#3345=EDGE_CURVE('',#3940,#4178,#128,.F.);
#3346=EDGE_CURVE('',#4178,#4179,#4616,.F.);
#3347=EDGE_CURVE('',#4179,#3941,#129,.T.);
#3348=EDGE_CURVE('',#3943,#4180,#130,.F.);
#3349=EDGE_CURVE('',#4181,#3942,#131,.T.);
#3350=EDGE_CURVE('',#4181,#4180,#4617,.T.);
#3351=EDGE_CURVE('',#4178,#4180,#646,.F.);
#3352=EDGE_CURVE('',#4179,#4181,#647,.T.);
#3353=EDGE_CURVE('',#3936,#4182,#132,.F.);
#3354=EDGE_CURVE('',#4182,#4183,#4618,.F.);
#3355=EDGE_CURVE('',#4183,#3937,#133,.T.);
#3356=EDGE_CURVE('',#3939,#4184,#134,.F.);
#3357=EDGE_CURVE('',#4185,#3938,#135,.T.);
#3358=EDGE_CURVE('',#4185,#4184,#4619,.T.);
#3359=EDGE_CURVE('',#4182,#4184,#648,.F.);
#3360=EDGE_CURVE('',#4183,#4185,#649,.T.);
#3361=EDGE_CURVE('',#3912,#4186,#136,.F.);
#3362=EDGE_CURVE('',#4186,#4187,#4620,.F.);
#3363=EDGE_CURVE('',#4187,#3913,#137,.T.);
#3364=EDGE_CURVE('',#3935,#4188,#138,.F.);
#3365=EDGE_CURVE('',#4189,#3934,#139,.T.);
#3366=EDGE_CURVE('',#4189,#4188,#4621,.T.);
#3367=EDGE_CURVE('',#4186,#4188,#650,.F.);
#3368=EDGE_CURVE('',#4187,#4189,#651,.T.);
#3369=EDGE_CURVE('',#3900,#4190,#140,.F.);
#3370=EDGE_CURVE('',#4190,#4191,#4622,.F.);
#3371=EDGE_CURVE('',#4191,#3901,#141,.T.);
#3372=EDGE_CURVE('',#3931,#4192,#142,.F.);
#3373=EDGE_CURVE('',#4193,#3930,#143,.T.);
#3374=EDGE_CURVE('',#4193,#4192,#4623,.T.);
#3375=EDGE_CURVE('',#4190,#4192,#652,.F.);
#3376=EDGE_CURVE('',#4191,#4193,#653,.T.);
#3377=EDGE_CURVE('',#3932,#4194,#144,.F.);
#3378=EDGE_CURVE('',#4194,#4195,#4624,.F.);
#3379=EDGE_CURVE('',#4195,#3933,#145,.T.);
#3380=EDGE_CURVE('',#3927,#4196,#146,.F.);
#3381=EDGE_CURVE('',#4197,#3926,#147,.T.);
#3382=EDGE_CURVE('',#4197,#4196,#4625,.T.);
#3383=EDGE_CURVE('',#4194,#4196,#654,.F.);
#3384=EDGE_CURVE('',#4195,#4197,#655,.T.);
#3385=EDGE_CURVE('',#3928,#4198,#148,.F.);
#3386=EDGE_CURVE('',#4198,#4199,#4626,.F.);
#3387=EDGE_CURVE('',#4199,#3929,#149,.T.);
#3388=EDGE_CURVE('',#3923,#4200,#150,.F.);
#3389=EDGE_CURVE('',#4201,#3922,#151,.T.);
#3390=EDGE_CURVE('',#4201,#4200,#4627,.T.);
#3391=EDGE_CURVE('',#4198,#4200,#656,.F.);
#3392=EDGE_CURVE('',#4199,#4201,#657,.T.);
#3393=EDGE_CURVE('',#3924,#4202,#152,.F.);
#3394=EDGE_CURVE('',#4202,#4203,#4628,.F.);
#3395=EDGE_CURVE('',#4203,#3925,#153,.T.);
#3396=EDGE_CURVE('',#3919,#4204,#154,.F.);
#3397=EDGE_CURVE('',#4205,#3918,#155,.T.);
#3398=EDGE_CURVE('',#4205,#4204,#4629,.T.);
#3399=EDGE_CURVE('',#4202,#4204,#658,.F.);
#3400=EDGE_CURVE('',#4203,#4205,#659,.T.);
#3401=EDGE_CURVE('',#3904,#4206,#156,.F.);
#3402=EDGE_CURVE('',#4206,#4207,#4630,.F.);
#3403=EDGE_CURVE('',#4207,#3905,#157,.T.);
#3404=EDGE_CURVE('',#3915,#4208,#158,.F.);
#3405=EDGE_CURVE('',#4209,#3914,#159,.T.);
#3406=EDGE_CURVE('',#4209,#4208,#4631,.T.);
#3407=EDGE_CURVE('',#4206,#4208,#660,.F.);
#3408=EDGE_CURVE('',#4207,#4209,#661,.T.);
#3409=EDGE_CURVE('',#3916,#4210,#160,.F.);
#3410=EDGE_CURVE('',#4210,#4211,#4632,.F.);
#3411=EDGE_CURVE('',#4211,#3917,#161,.T.);
#3412=EDGE_CURVE('',#3911,#4212,#162,.F.);
#3413=EDGE_CURVE('',#4213,#3910,#163,.T.);
#3414=EDGE_CURVE('',#4213,#4212,#4633,.T.);
#3415=EDGE_CURVE('',#4210,#4212,#662,.F.);
#3416=EDGE_CURVE('',#4211,#4213,#663,.T.);
#3417=EDGE_CURVE('',#3920,#4214,#164,.F.);
#3418=EDGE_CURVE('',#4214,#4215,#4634,.F.);
#3419=EDGE_CURVE('',#4215,#3921,#165,.T.);
#3420=EDGE_CURVE('',#3907,#4216,#166,.F.);
#3421=EDGE_CURVE('',#4217,#3906,#167,.T.);
#3422=EDGE_CURVE('',#4217,#4216,#4635,.T.);
#3423=EDGE_CURVE('',#4214,#4216,#664,.F.);
#3424=EDGE_CURVE('',#4215,#4217,#665,.T.);
#3425=EDGE_CURVE('',#3908,#4218,#168,.F.);
#3426=EDGE_CURVE('',#4218,#4219,#4636,.F.);
#3427=EDGE_CURVE('',#4219,#3909,#169,.T.);
#3428=EDGE_CURVE('',#3903,#4220,#170,.F.);
#3429=EDGE_CURVE('',#4221,#3902,#171,.T.);
#3430=EDGE_CURVE('',#4221,#4220,#4637,.T.);
#3431=EDGE_CURVE('',#4218,#4220,#666,.F.);
#3432=EDGE_CURVE('',#4219,#4221,#667,.T.);
#3433=EDGE_CURVE('',#3896,#4222,#172,.F.);
#3434=EDGE_CURVE('',#4222,#4223,#4638,.F.);
#3435=EDGE_CURVE('',#4223,#3897,#173,.T.);
#3436=EDGE_CURVE('',#3899,#4224,#174,.F.);
#3437=EDGE_CURVE('',#4225,#3898,#175,.T.);
#3438=EDGE_CURVE('',#4225,#4224,#4639,.T.);
#3439=EDGE_CURVE('',#4222,#4224,#668,.F.);
#3440=EDGE_CURVE('',#4223,#4225,#669,.T.);
#3441=EDGE_CURVE('',#3892,#4226,#176,.F.);
#3442=EDGE_CURVE('',#4226,#4227,#4640,.F.);
#3443=EDGE_CURVE('',#4227,#3893,#177,.T.);
#3444=EDGE_CURVE('',#3895,#4228,#178,.F.);
#3445=EDGE_CURVE('',#4229,#3894,#179,.T.);
#3446=EDGE_CURVE('',#4229,#4228,#4641,.T.);
#3447=EDGE_CURVE('',#4226,#4228,#670,.F.);
#3448=EDGE_CURVE('',#4227,#4229,#671,.T.);
#3449=EDGE_CURVE('',#3888,#4230,#180,.F.);
#3450=EDGE_CURVE('',#4230,#4231,#4642,.F.);
#3451=EDGE_CURVE('',#4231,#3889,#181,.T.);
#3452=EDGE_CURVE('',#3891,#4232,#182,.F.);
#3453=EDGE_CURVE('',#4233,#3890,#183,.T.);
#3454=EDGE_CURVE('',#4233,#4232,#4643,.T.);
#3455=EDGE_CURVE('',#4230,#4232,#672,.F.);
#3456=EDGE_CURVE('',#4231,#4233,#673,.T.);
#3457=EDGE_CURVE('',#3884,#4234,#184,.F.);
#3458=EDGE_CURVE('',#4234,#4235,#4644,.F.);
#3459=EDGE_CURVE('',#4235,#3885,#185,.T.);
#3460=EDGE_CURVE('',#3887,#4236,#186,.F.);
#3461=EDGE_CURVE('',#4237,#3886,#187,.T.);
#3462=EDGE_CURVE('',#4237,#4236,#4645,.T.);
#3463=EDGE_CURVE('',#4234,#4236,#674,.F.);
#3464=EDGE_CURVE('',#4235,#4237,#675,.T.);
#3465=EDGE_CURVE('',#3880,#4238,#188,.F.);
#3466=EDGE_CURVE('',#4238,#4239,#4646,.F.);
#3467=EDGE_CURVE('',#4239,#3881,#189,.T.);
#3468=EDGE_CURVE('',#3883,#4240,#190,.F.);
#3469=EDGE_CURVE('',#4241,#3882,#191,.T.);
#3470=EDGE_CURVE('',#4241,#4240,#4647,.T.);
#3471=EDGE_CURVE('',#4238,#4240,#676,.F.);
#3472=EDGE_CURVE('',#4239,#4241,#677,.T.);
#3473=EDGE_CURVE('',#3876,#4242,#192,.F.);
#3474=EDGE_CURVE('',#4242,#4243,#4648,.F.);
#3475=EDGE_CURVE('',#4243,#3877,#193,.T.);
#3476=EDGE_CURVE('',#3879,#4244,#194,.F.);
#3477=EDGE_CURVE('',#4245,#3878,#195,.T.);
#3478=EDGE_CURVE('',#4245,#4244,#4649,.T.);
#3479=EDGE_CURVE('',#4242,#4244,#678,.F.);
#3480=EDGE_CURVE('',#4243,#4245,#679,.T.);
#3481=EDGE_CURVE('',#3872,#4246,#196,.F.);
#3482=EDGE_CURVE('',#4246,#4247,#4650,.F.);
#3483=EDGE_CURVE('',#4247,#3873,#197,.T.);
#3484=EDGE_CURVE('',#3875,#4248,#198,.F.);
#3485=EDGE_CURVE('',#4249,#3874,#199,.T.);
#3486=EDGE_CURVE('',#4249,#4248,#4651,.T.);
#3487=EDGE_CURVE('',#4246,#4248,#680,.F.);
#3488=EDGE_CURVE('',#4247,#4249,#681,.T.);
#3489=EDGE_CURVE('',#3840,#4250,#200,.F.);
#3490=EDGE_CURVE('',#4250,#4251,#4652,.F.);
#3491=EDGE_CURVE('',#4251,#3841,#201,.T.);
#3492=EDGE_CURVE('',#3871,#4252,#202,.F.);
#3493=EDGE_CURVE('',#4253,#3870,#203,.T.);
#3494=EDGE_CURVE('',#4253,#4252,#4653,.T.);
#3495=EDGE_CURVE('',#4250,#4252,#682,.F.);
#3496=EDGE_CURVE('',#4251,#4253,#683,.T.);
#3497=EDGE_CURVE('',#3860,#4254,#204,.F.);
#3498=EDGE_CURVE('',#4254,#4255,#4654,.F.);
#3499=EDGE_CURVE('',#4255,#3861,#205,.T.);
#3500=EDGE_CURVE('',#3867,#4256,#206,.F.);
#3501=EDGE_CURVE('',#4257,#3866,#207,.T.);
#3502=EDGE_CURVE('',#4257,#4256,#4655,.T.);
#3503=EDGE_CURVE('',#4254,#4256,#684,.F.);
#3504=EDGE_CURVE('',#4255,#4257,#685,.T.);
#3505=EDGE_CURVE('',#3868,#4258,#208,.F.);
#3506=EDGE_CURVE('',#4258,#4259,#4656,.F.);
#3507=EDGE_CURVE('',#4259,#3869,#209,.T.);
#3508=EDGE_CURVE('',#3863,#4260,#210,.F.);
#3509=EDGE_CURVE('',#4261,#3862,#211,.T.);
#3510=EDGE_CURVE('',#4261,#4260,#4657,.T.);
#3511=EDGE_CURVE('',#4258,#4260,#686,.F.);
#3512=EDGE_CURVE('',#4259,#4261,#687,.T.);
#3513=EDGE_CURVE('',#3856,#4262,#212,.F.);
#3514=EDGE_CURVE('',#4262,#4263,#4658,.F.);
#3515=EDGE_CURVE('',#4263,#3857,#213,.T.);
#3516=EDGE_CURVE('',#3859,#4264,#214,.F.);
#3517=EDGE_CURVE('',#4265,#3858,#215,.T.);
#3518=EDGE_CURVE('',#4265,#4264,#4659,.T.);
#3519=EDGE_CURVE('',#4262,#4264,#688,.F.);
#3520=EDGE_CURVE('',#4263,#4265,#689,.T.);
#3521=EDGE_CURVE('',#3836,#4266,#216,.F.);
#3522=EDGE_CURVE('',#4266,#4267,#4660,.F.);
#3523=EDGE_CURVE('',#4267,#3837,#217,.T.);
#3524=EDGE_CURVE('',#3855,#4268,#218,.F.);
#3525=EDGE_CURVE('',#4269,#3854,#219,.T.);
#3526=EDGE_CURVE('',#4269,#4268,#4661,.T.);
#3527=EDGE_CURVE('',#4266,#4268,#690,.F.);
#3528=EDGE_CURVE('',#4267,#4269,#691,.T.);
#3529=EDGE_CURVE('',#3848,#4270,#220,.F.);
#3530=EDGE_CURVE('',#4270,#4271,#4662,.F.);
#3531=EDGE_CURVE('',#4271,#3849,#221,.T.);
#3532=EDGE_CURVE('',#3851,#4272,#222,.F.);
#3533=EDGE_CURVE('',#4273,#3850,#223,.T.);
#3534=EDGE_CURVE('',#4273,#4272,#4663,.T.);
#3535=EDGE_CURVE('',#4270,#4272,#692,.F.);
#3536=EDGE_CURVE('',#4271,#4273,#693,.T.);
#3537=EDGE_CURVE('',#3864,#4274,#224,.F.);
#3538=EDGE_CURVE('',#4274,#4275,#4664,.F.);
#3539=EDGE_CURVE('',#4275,#3865,#225,.T.);
#3540=EDGE_CURVE('',#3847,#4276,#226,.F.);
#3541=EDGE_CURVE('',#4277,#3846,#227,.T.);
#3542=EDGE_CURVE('',#4277,#4276,#4665,.T.);
#3543=EDGE_CURVE('',#4274,#4276,#694,.F.);
#3544=EDGE_CURVE('',#4275,#4277,#695,.T.);
#3545=EDGE_CURVE('',#3852,#4278,#228,.F.);
#3546=EDGE_CURVE('',#4278,#4279,#4666,.F.);
#3547=EDGE_CURVE('',#4279,#3853,#229,.T.);
#3548=EDGE_CURVE('',#3843,#4280,#230,.F.);
#3549=EDGE_CURVE('',#4281,#3842,#231,.T.);
#3550=EDGE_CURVE('',#4281,#4280,#4667,.T.);
#3551=EDGE_CURVE('',#4278,#4280,#696,.F.);
#3552=EDGE_CURVE('',#4279,#4281,#697,.T.);
#3553=EDGE_CURVE('',#3844,#4282,#232,.F.);
#3554=EDGE_CURVE('',#4282,#4283,#4668,.F.);
#3555=EDGE_CURVE('',#4283,#3845,#233,.T.);
#3556=EDGE_CURVE('',#3839,#4284,#234,.F.);
#3557=EDGE_CURVE('',#4285,#3838,#235,.T.);
#3558=EDGE_CURVE('',#4285,#4284,#4669,.T.);
#3559=EDGE_CURVE('',#4282,#4284,#698,.F.);
#3560=EDGE_CURVE('',#4283,#4285,#699,.T.);
#3561=EDGE_CURVE('',#3832,#4286,#236,.F.);
#3562=EDGE_CURVE('',#4286,#4287,#4670,.F.);
#3563=EDGE_CURVE('',#4287,#3833,#237,.T.);
#3564=EDGE_CURVE('',#3835,#4288,#238,.F.);
#3565=EDGE_CURVE('',#4289,#3834,#239,.T.);
#3566=EDGE_CURVE('',#4289,#4288,#4671,.T.);
#3567=EDGE_CURVE('',#4286,#4288,#700,.F.);
#3568=EDGE_CURVE('',#4287,#4289,#701,.T.);
#3569=EDGE_CURVE('',#3828,#4290,#240,.F.);
#3570=EDGE_CURVE('',#4290,#4291,#4672,.F.);
#3571=EDGE_CURVE('',#4291,#3829,#241,.T.);
#3572=EDGE_CURVE('',#3831,#4292,#242,.F.);
#3573=EDGE_CURVE('',#4293,#3830,#243,.T.);
#3574=EDGE_CURVE('',#4293,#4292,#4673,.T.);
#3575=EDGE_CURVE('',#4290,#4292,#702,.F.);
#3576=EDGE_CURVE('',#4291,#4293,#703,.T.);
#3577=EDGE_CURVE('',#3824,#4294,#244,.F.);
#3578=EDGE_CURVE('',#4294,#4295,#4674,.F.);
#3579=EDGE_CURVE('',#4295,#3825,#245,.T.);
#3580=EDGE_CURVE('',#3827,#4296,#246,.F.);
#3581=EDGE_CURVE('',#4297,#3826,#247,.T.);
#3582=EDGE_CURVE('',#4297,#4296,#4675,.T.);
#3583=EDGE_CURVE('',#4294,#4296,#704,.F.);
#3584=EDGE_CURVE('',#4295,#4297,#705,.T.);
#3585=EDGE_CURVE('',#3820,#4298,#248,.F.);
#3586=EDGE_CURVE('',#4298,#4299,#4676,.F.);
#3587=EDGE_CURVE('',#4299,#3821,#249,.T.);
#3588=EDGE_CURVE('',#3823,#4300,#250,.F.);
#3589=EDGE_CURVE('',#4301,#3822,#251,.T.);
#3590=EDGE_CURVE('',#4301,#4300,#4677,.T.);
#3591=EDGE_CURVE('',#4298,#4300,#706,.F.);
#3592=EDGE_CURVE('',#4299,#4301,#707,.T.);
#3593=EDGE_CURVE('',#3816,#4302,#252,.F.);
#3594=EDGE_CURVE('',#4302,#4303,#4678,.F.);
#3595=EDGE_CURVE('',#4303,#3817,#253,.T.);
#3596=EDGE_CURVE('',#3819,#4304,#254,.F.);
#3597=EDGE_CURVE('',#4305,#3818,#255,.T.);
#3598=EDGE_CURVE('',#4305,#4304,#4679,.T.);
#3599=EDGE_CURVE('',#4302,#4304,#708,.F.);
#3600=EDGE_CURVE('',#4303,#4305,#709,.T.);
#3601=EDGE_CURVE('',#3812,#4306,#256,.F.);
#3602=EDGE_CURVE('',#4306,#4307,#4680,.F.);
#3603=EDGE_CURVE('',#4307,#3813,#257,.T.);
#3604=EDGE_CURVE('',#3815,#4308,#258,.F.);
#3605=EDGE_CURVE('',#4309,#3814,#259,.T.);
#3606=EDGE_CURVE('',#4309,#4308,#4681,.T.);
#3607=EDGE_CURVE('',#4306,#4308,#710,.F.);
#3608=EDGE_CURVE('',#4307,#4309,#711,.T.);
#3609=EDGE_CURVE('',#3808,#4310,#260,.F.);
#3610=EDGE_CURVE('',#4310,#4311,#4682,.F.);
#3611=EDGE_CURVE('',#4311,#3809,#261,.T.);
#3612=EDGE_CURVE('',#3811,#4312,#262,.F.);
#3613=EDGE_CURVE('',#4313,#3810,#263,.T.);
#3614=EDGE_CURVE('',#4313,#4312,#4683,.T.);
#3615=EDGE_CURVE('',#4310,#4312,#712,.F.);
#3616=EDGE_CURVE('',#4311,#4313,#713,.T.);
#3617=EDGE_CURVE('',#3804,#4314,#264,.F.);
#3618=EDGE_CURVE('',#4314,#4315,#4684,.F.);
#3619=EDGE_CURVE('',#4315,#3805,#265,.T.);
#3620=EDGE_CURVE('',#3807,#4316,#266,.F.);
#3621=EDGE_CURVE('',#4317,#3806,#267,.T.);
#3622=EDGE_CURVE('',#4317,#4316,#4685,.T.);
#3623=EDGE_CURVE('',#4314,#4316,#714,.F.);
#3624=EDGE_CURVE('',#4315,#4317,#715,.T.);
#3625=EDGE_CURVE('',#3800,#4318,#268,.F.);
#3626=EDGE_CURVE('',#4318,#4319,#4686,.F.);
#3627=EDGE_CURVE('',#4319,#3801,#269,.T.);
#3628=EDGE_CURVE('',#3803,#4320,#270,.F.);
#3629=EDGE_CURVE('',#4321,#3802,#271,.T.);
#3630=EDGE_CURVE('',#4321,#4320,#4687,.T.);
#3631=EDGE_CURVE('',#4318,#4320,#716,.F.);
#3632=EDGE_CURVE('',#4319,#4321,#717,.T.);
#3633=EDGE_CURVE('',#3796,#4322,#272,.F.);
#3634=EDGE_CURVE('',#4322,#4323,#4688,.F.);
#3635=EDGE_CURVE('',#4323,#3797,#273,.T.);
#3636=EDGE_CURVE('',#3799,#4324,#274,.F.);
#3637=EDGE_CURVE('',#4325,#3798,#275,.T.);
#3638=EDGE_CURVE('',#4325,#4324,#4689,.T.);
#3639=EDGE_CURVE('',#4322,#4324,#718,.F.);
#3640=EDGE_CURVE('',#4323,#4325,#719,.T.);
#3641=EDGE_CURVE('',#3792,#4326,#276,.F.);
#3642=EDGE_CURVE('',#4326,#4327,#4690,.F.);
#3643=EDGE_CURVE('',#4327,#3793,#277,.T.);
#3644=EDGE_CURVE('',#3795,#4328,#278,.F.);
#3645=EDGE_CURVE('',#4329,#3794,#279,.T.);
#3646=EDGE_CURVE('',#4329,#4328,#4691,.T.);
#3647=EDGE_CURVE('',#4326,#4328,#720,.F.);
#3648=EDGE_CURVE('',#4327,#4329,#721,.T.);
#3649=EDGE_CURVE('',#3780,#4330,#280,.F.);
#3650=EDGE_CURVE('',#4330,#4331,#4692,.F.);
#3651=EDGE_CURVE('',#4331,#3781,#281,.T.);
#3652=EDGE_CURVE('',#3791,#4332,#282,.F.);
#3653=EDGE_CURVE('',#4333,#3790,#283,.T.);
#3654=EDGE_CURVE('',#4333,#4332,#4693,.T.);
#3655=EDGE_CURVE('',#4330,#4332,#722,.F.);
#3656=EDGE_CURVE('',#4331,#4333,#723,.T.);
#3657=EDGE_CURVE('',#3784,#4334,#284,.F.);
#3658=EDGE_CURVE('',#4334,#4335,#4694,.F.);
#3659=EDGE_CURVE('',#4335,#3785,#285,.T.);
#3660=EDGE_CURVE('',#3787,#4336,#286,.F.);
#3661=EDGE_CURVE('',#4337,#3786,#287,.T.);
#3662=EDGE_CURVE('',#4337,#4336,#4695,.T.);
#3663=EDGE_CURVE('',#4334,#4336,#724,.F.);
#3664=EDGE_CURVE('',#4335,#4337,#725,.T.);
#3665=EDGE_CURVE('',#4032,#4338,#288,.F.);
#3666=EDGE_CURVE('',#4338,#4339,#4696,.F.);
#3667=EDGE_CURVE('',#4339,#4033,#289,.T.);
#3668=EDGE_CURVE('',#3783,#4340,#290,.F.);
#3669=EDGE_CURVE('',#4341,#3782,#291,.T.);
#3670=EDGE_CURVE('',#4341,#4340,#4697,.T.);
#3671=EDGE_CURVE('',#4338,#4340,#726,.F.);
#3672=EDGE_CURVE('',#4339,#4341,#727,.T.);
#3673=EDGE_CURVE('',#3776,#4342,#292,.F.);
#3674=EDGE_CURVE('',#4342,#4343,#4698,.F.);
#3675=EDGE_CURVE('',#4343,#3777,#293,.T.);
#3676=EDGE_CURVE('',#3779,#4344,#294,.F.);
#3677=EDGE_CURVE('',#4345,#3778,#295,.T.);
#3678=EDGE_CURVE('',#4345,#4344,#4699,.T.);
#3679=EDGE_CURVE('',#4342,#4344,#728,.F.);
#3680=EDGE_CURVE('',#4343,#4345,#729,.T.);
#3681=EDGE_CURVE('',#3788,#4346,#296,.F.);
#3682=EDGE_CURVE('',#4346,#4347,#4700,.F.);
#3683=EDGE_CURVE('',#4347,#3789,#297,.T.);
#3684=EDGE_CURVE('',#3775,#4348,#298,.F.);
#3685=EDGE_CURVE('',#4349,#3774,#299,.T.);
#3686=EDGE_CURVE('',#4349,#4348,#4701,.T.);
#3687=EDGE_CURVE('',#4346,#4348,#730,.F.);
#3688=EDGE_CURVE('',#4347,#4349,#731,.T.);
#3689=EDGE_CURVE('',#4350,#4350,#732,.T.);
#3690=EDGE_CURVE('',#4351,#4351,#733,.T.);
#3691=EDGE_CURVE('',#4352,#4352,#734,.T.);
#3692=EDGE_CURVE('',#4353,#4353,#735,.F.);
#3693=EDGE_CURVE('',#4354,#4354,#736,.T.);
#3694=EDGE_CURVE('',#4355,#4355,#737,.F.);
#3695=EDGE_CURVE('',#4356,#4356,#738,.T.);
#3696=EDGE_CURVE('',#4357,#4357,#739,.F.);
#3697=EDGE_CURVE('',#3761,#4358,#4702,.T.);
#3698=EDGE_CURVE('',#3760,#4359,#4703,.T.);
#3699=EDGE_CURVE('',#4360,#4359,#4704,.T.);
#3700=EDGE_CURVE('',#4361,#4360,#4705,.T.);
#3701=EDGE_CURVE('',#4362,#4361,#4706,.T.);
#3702=EDGE_CURVE('',#3767,#4362,#4707,.T.);
#3703=EDGE_CURVE('',#3766,#4363,#4708,.T.);
#3704=EDGE_CURVE('',#4364,#4363,#4709,.T.);
#3705=EDGE_CURVE('',#4365,#4364,#4710,.T.);
#3706=EDGE_CURVE('',#4366,#4365,#4711,.T.);
#3707=EDGE_CURVE('',#3773,#4366,#4712,.T.);
#3708=EDGE_CURVE('',#3772,#4367,#4713,.T.);
#3709=EDGE_CURVE('',#4368,#4367,#4714,.T.);
#3710=EDGE_CURVE('',#4369,#4368,#4715,.T.);
#3711=EDGE_CURVE('',#4358,#4369,#4716,.T.);
#3712=EDGE_CURVE('',#4370,#4370,#740,.T.);
#3713=EDGE_CURVE('',#4371,#4371,#741,.T.);
#3714=EDGE_CURVE('',#4372,#4372,#742,.T.);
#3715=EDGE_CURVE('',#4373,#3768,#4717,.T.);
#3716=EDGE_CURVE('',#4373,#4363,#4718,.T.);
#3717=EDGE_CURVE('',#3765,#3770,#4719,.T.);
#3718=EDGE_CURVE('',#4374,#3756,#4720,.T.);
#3719=EDGE_CURVE('',#4374,#4367,#4721,.T.);
#3720=EDGE_CURVE('',#3771,#3758,#4722,.T.);
#3721=EDGE_CURVE('',#4375,#3762,#4723,.T.);
#3722=EDGE_CURVE('',#4375,#4359,#4724,.T.);
#3723=EDGE_CURVE('',#3759,#3764,#4725,.T.);
#3724=EDGE_CURVE('',#4376,#4376,#743,.T.);
#3725=EDGE_CURVE('',#4377,#4377,#744,.T.);
#3726=EDGE_CURVE('',#4378,#4378,#745,.T.);
#3727=EDGE_CURVE('',#4379,#4379,#746,.T.);
#3728=EDGE_CURVE('',#4380,#4380,#747,.T.);
#3729=EDGE_CURVE('',#4381,#4366,#4726,.T.);
#3730=EDGE_CURVE('',#3769,#4381,#4727,.T.);
#3731=EDGE_CURVE('',#4382,#4365,#4728,.T.);
#3732=EDGE_CURVE('',#4381,#4382,#4729,.T.);
#3733=EDGE_CURVE('',#4383,#4364,#4730,.T.);
#3734=EDGE_CURVE('',#4382,#4383,#4731,.T.);
#3735=EDGE_CURVE('',#4383,#4373,#4732,.T.);
#3736=EDGE_CURVE('',#4384,#4384,#748,.T.);
#3737=EDGE_CURVE('',#4385,#4362,#4733,.T.);
#3738=EDGE_CURVE('',#3763,#4385,#4734,.T.);
#3739=EDGE_CURVE('',#4386,#4361,#4735,.T.);
#3740=EDGE_CURVE('',#4385,#4386,#4736,.T.);
#3741=EDGE_CURVE('',#4387,#4360,#4737,.T.);
#3742=EDGE_CURVE('',#4386,#4387,#4738,.T.);
#3743=EDGE_CURVE('',#4387,#4375,#4739,.T.);
#3744=EDGE_CURVE('',#4388,#4388,#749,.T.);
#3745=EDGE_CURVE('',#4389,#4358,#4740,.T.);
#3746=EDGE_CURVE('',#3757,#4389,#4741,.T.);
#3747=EDGE_CURVE('',#4390,#4369,#4742,.T.);
#3748=EDGE_CURVE('',#4389,#4390,#4743,.T.);
#3749=EDGE_CURVE('',#4391,#4368,#4744,.T.);
#3750=EDGE_CURVE('',#4390,#4391,#4745,.T.);
#3751=EDGE_CURVE('',#4391,#4374,#4746,.T.);
#3752=EDGE_CURVE('',#4392,#4392,#750,.T.);
#3753=EDGE_CURVE('',#4393,#4393,#751,.T.);
#3754=EDGE_CURVE('',#4394,#4394,#752,.T.);
#3755=EDGE_CURVE('',#4395,#4395,#753,.T.);
#3756=VERTEX_POINT('',#8030);
#3757=VERTEX_POINT('',#8031);
#3758=VERTEX_POINT('',#8033);
#3759=VERTEX_POINT('',#8035);
#3760=VERTEX_POINT('',#8037);
#3761=VERTEX_POINT('',#8039);
#3762=VERTEX_POINT('',#8043);
#3763=VERTEX_POINT('',#8044);
#3764=VERTEX_POINT('',#8046);
#3765=VERTEX_POINT('',#8048);
#3766=VERTEX_POINT('',#8050);
#3767=VERTEX_POINT('',#8052);
#3768=VERTEX_POINT('',#8056);
#3769=VERTEX_POINT('',#8057);
#3770=VERTEX_POINT('',#8059);
#3771=VERTEX_POINT('',#8061);
#3772=VERTEX_POINT('',#8063);
#3773=VERTEX_POINT('',#8065);
#3774=VERTEX_POINT('',#8069);
#3775=VERTEX_POINT('',#8070);
#3776=VERTEX_POINT('',#8072);
#3777=VERTEX_POINT('',#8074);
#3778=VERTEX_POINT('',#8078);
#3779=VERTEX_POINT('',#8079);
#3780=VERTEX_POINT('',#8081);
#3781=VERTEX_POINT('',#8083);
#3782=VERTEX_POINT('',#8087);
#3783=VERTEX_POINT('',#8088);
#3784=VERTEX_POINT('',#8090);
#3785=VERTEX_POINT('',#8092);
#3786=VERTEX_POINT('',#8096);
#3787=VERTEX_POINT('',#8097);
#3788=VERTEX_POINT('',#8099);
#3789=VERTEX_POINT('',#8101);
#3790=VERTEX_POINT('',#8105);
#3791=VERTEX_POINT('',#8106);
#3792=VERTEX_POINT('',#8108);
#3793=VERTEX_POINT('',#8110);
#3794=VERTEX_POINT('',#8114);
#3795=VERTEX_POINT('',#8115);
#3796=VERTEX_POINT('',#8117);
#3797=VERTEX_POINT('',#8119);
#3798=VERTEX_POINT('',#8123);
#3799=VERTEX_POINT('',#8124);
#3800=VERTEX_POINT('',#8126);
#3801=VERTEX_POINT('',#8128);
#3802=VERTEX_POINT('',#8132);
#3803=VERTEX_POINT('',#8133);
#3804=VERTEX_POINT('',#8135);
#3805=VERTEX_POINT('',#8137);
#3806=VERTEX_POINT('',#8141);
#3807=VERTEX_POINT('',#8142);
#3808=VERTEX_POINT('',#8144);
#3809=VERTEX_POINT('',#8146);
#3810=VERTEX_POINT('',#8150);
#3811=VERTEX_POINT('',#8151);
#3812=VERTEX_POINT('',#8153);
#3813=VERTEX_POINT('',#8155);
#3814=VERTEX_POINT('',#8159);
#3815=VERTEX_POINT('',#8160);
#3816=VERTEX_POINT('',#8162);
#3817=VERTEX_POINT('',#8164);
#3818=VERTEX_POINT('',#8168);
#3819=VERTEX_POINT('',#8169);
#3820=VERTEX_POINT('',#8171);
#3821=VERTEX_POINT('',#8173);
#3822=VERTEX_POINT('',#8177);
#3823=VERTEX_POINT('',#8178);
#3824=VERTEX_POINT('',#8180);
#3825=VERTEX_POINT('',#8182);
#3826=VERTEX_POINT('',#8186);
#3827=VERTEX_POINT('',#8187);
#3828=VERTEX_POINT('',#8189);
#3829=VERTEX_POINT('',#8191);
#3830=VERTEX_POINT('',#8195);
#3831=VERTEX_POINT('',#8196);
#3832=VERTEX_POINT('',#8198);
#3833=VERTEX_POINT('',#8200);
#3834=VERTEX_POINT('',#8204);
#3835=VERTEX_POINT('',#8205);
#3836=VERTEX_POINT('',#8207);
#3837=VERTEX_POINT('',#8209);
#3838=VERTEX_POINT('',#8213);
#3839=VERTEX_POINT('',#8214);
#3840=VERTEX_POINT('',#8216);
#3841=VERTEX_POINT('',#8218);
#3842=VERTEX_POINT('',#8222);
#3843=VERTEX_POINT('',#8223);
#3844=VERTEX_POINT('',#8225);
#3845=VERTEX_POINT('',#8227);
#3846=VERTEX_POINT('',#8231);
#3847=VERTEX_POINT('',#8232);
#3848=VERTEX_POINT('',#8234);
#3849=VERTEX_POINT('',#8236);
#3850=VERTEX_POINT('',#8240);
#3851=VERTEX_POINT('',#8241);
#3852=VERTEX_POINT('',#8243);
#3853=VERTEX_POINT('',#8245);
#3854=VERTEX_POINT('',#8249);
#3855=VERTEX_POINT('',#8250);
#3856=VERTEX_POINT('',#8252);
#3857=VERTEX_POINT('',#8254);
#3858=VERTEX_POINT('',#8258);
#3859=VERTEX_POINT('',#8259);
#3860=VERTEX_POINT('',#8261);
#3861=VERTEX_POINT('',#8263);
#3862=VERTEX_POINT('',#8267);
#3863=VERTEX_POINT('',#8268);
#3864=VERTEX_POINT('',#8270);
#3865=VERTEX_POINT('',#8272);
#3866=VERTEX_POINT('',#8276);
#3867=VERTEX_POINT('',#8277);
#3868=VERTEX_POINT('',#8279);
#3869=VERTEX_POINT('',#8281);
#3870=VERTEX_POINT('',#8285);
#3871=VERTEX_POINT('',#8286);
#3872=VERTEX_POINT('',#8288);
#3873=VERTEX_POINT('',#8290);
#3874=VERTEX_POINT('',#8294);
#3875=VERTEX_POINT('',#8295);
#3876=VERTEX_POINT('',#8297);
#3877=VERTEX_POINT('',#8299);
#3878=VERTEX_POINT('',#8303);
#3879=VERTEX_POINT('',#8304);
#3880=VERTEX_POINT('',#8306);
#3881=VERTEX_POINT('',#8308);
#3882=VERTEX_POINT('',#8312);
#3883=VERTEX_POINT('',#8313);
#3884=VERTEX_POINT('',#8315);
#3885=VERTEX_POINT('',#8317);
#3886=VERTEX_POINT('',#8321);
#3887=VERTEX_POINT('',#8322);
#3888=VERTEX_POINT('',#8324);
#3889=VERTEX_POINT('',#8326);
#3890=VERTEX_POINT('',#8330);
#3891=VERTEX_POINT('',#8331);
#3892=VERTEX_POINT('',#8333);
#3893=VERTEX_POINT('',#8335);
#3894=VERTEX_POINT('',#8339);
#3895=VERTEX_POINT('',#8340);
#3896=VERTEX_POINT('',#8342);
#3897=VERTEX_POINT('',#8344);
#3898=VERTEX_POINT('',#8348);
#3899=VERTEX_POINT('',#8349);
#3900=VERTEX_POINT('',#8351);
#3901=VERTEX_POINT('',#8353);
#3902=VERTEX_POINT('',#8357);
#3903=VERTEX_POINT('',#8358);
#3904=VERTEX_POINT('',#8360);
#3905=VERTEX_POINT('',#8362);
#3906=VERTEX_POINT('',#8366);
#3907=VERTEX_POINT('',#8367);
#3908=VERTEX_POINT('',#8369);
#3909=VERTEX_POINT('',#8371);
#3910=VERTEX_POINT('',#8375);
#3911=VERTEX_POINT('',#8376);
#3912=VERTEX_POINT('',#8378);
#3913=VERTEX_POINT('',#8380);
#3914=VERTEX_POINT('',#8384);
#3915=VERTEX_POINT('',#8385);
#3916=VERTEX_POINT('',#8387);
#3917=VERTEX_POINT('',#8389);
#3918=VERTEX_POINT('',#8393);
#3919=VERTEX_POINT('',#8394);
#3920=VERTEX_POINT('',#8396);
#3921=VERTEX_POINT('',#8398);
#3922=VERTEX_POINT('',#8402);
#3923=VERTEX_POINT('',#8403);
#3924=VERTEX_POINT('',#8405);
#3925=VERTEX_POINT('',#8407);
#3926=VERTEX_POINT('',#8411);
#3927=VERTEX_POINT('',#8412);
#3928=VERTEX_POINT('',#8414);
#3929=VERTEX_POINT('',#8416);
#3930=VERTEX_POINT('',#8420);
#3931=VERTEX_POINT('',#8421);
#3932=VERTEX_POINT('',#8423);
#3933=VERTEX_POINT('',#8425);
#3934=VERTEX_POINT('',#8429);
#3935=VERTEX_POINT('',#8430);
#3936=VERTEX_POINT('',#8432);
#3937=VERTEX_POINT('',#8434);
#3938=VERTEX_POINT('',#8438);
#3939=VERTEX_POINT('',#8439);
#3940=VERTEX_POINT('',#8441);
#3941=VERTEX_POINT('',#8443);
#3942=VERTEX_POINT('',#8447);
#3943=VERTEX_POINT('',#8448);
#3944=VERTEX_POINT('',#8450);
#3945=VERTEX_POINT('',#8452);
#3946=VERTEX_POINT('',#8456);
#3947=VERTEX_POINT('',#8457);
#3948=VERTEX_POINT('',#8459);
#3949=VERTEX_POINT('',#8461);
#3950=VERTEX_POINT('',#8465);
#3951=VERTEX_POINT('',#8466);
#3952=VERTEX_POINT('',#8468);
#3953=VERTEX_POINT('',#8470);
#3954=VERTEX_POINT('',#8474);
#3955=VERTEX_POINT('',#8475);
#3956=VERTEX_POINT('',#8477);
#3957=VERTEX_POINT('',#8479);
#3958=VERTEX_POINT('',#8483);
#3959=VERTEX_POINT('',#8484);
#3960=VERTEX_POINT('',#8486);
#3961=VERTEX_POINT('',#8488);
#3962=VERTEX_POINT('',#8492);
#3963=VERTEX_POINT('',#8493);
#3964=VERTEX_POINT('',#8495);
#3965=VERTEX_POINT('',#8497);
#3966=VERTEX_POINT('',#8501);
#3967=VERTEX_POINT('',#8502);
#3968=VERTEX_POINT('',#8504);
#3969=VERTEX_POINT('',#8506);
#3970=VERTEX_POINT('',#8510);
#3971=VERTEX_POINT('',#8511);
#3972=VERTEX_POINT('',#8513);
#3973=VERTEX_POINT('',#8515);
#3974=VERTEX_POINT('',#8519);
#3975=VERTEX_POINT('',#8520);
#3976=VERTEX_POINT('',#8522);
#3977=VERTEX_POINT('',#8524);
#3978=VERTEX_POINT('',#8528);
#3979=VERTEX_POINT('',#8529);
#3980=VERTEX_POINT('',#8531);
#3981=VERTEX_POINT('',#8533);
#3982=VERTEX_POINT('',#8537);
#3983=VERTEX_POINT('',#8538);
#3984=VERTEX_POINT('',#8540);
#3985=VERTEX_POINT('',#8542);
#3986=VERTEX_POINT('',#8546);
#3987=VERTEX_POINT('',#8547);
#3988=VERTEX_POINT('',#8549);
#3989=VERTEX_POINT('',#8551);
#3990=VERTEX_POINT('',#8555);
#3991=VERTEX_POINT('',#8556);
#3992=VERTEX_POINT('',#8558);
#3993=VERTEX_POINT('',#8560);
#3994=VERTEX_POINT('',#8564);
#3995=VERTEX_POINT('',#8565);
#3996=VERTEX_POINT('',#8567);
#3997=VERTEX_POINT('',#8569);
#3998=VERTEX_POINT('',#8573);
#3999=VERTEX_POINT('',#8574);
#4000=VERTEX_POINT('',#8576);
#4001=VERTEX_POINT('',#8578);
#4002=VERTEX_POINT('',#8582);
#4003=VERTEX_POINT('',#8583);
#4004=VERTEX_POINT('',#8585);
#4005=VERTEX_POINT('',#8587);
#4006=VERTEX_POINT('',#8591);
#4007=VERTEX_POINT('',#8592);
#4008=VERTEX_POINT('',#8594);
#4009=VERTEX_POINT('',#8596);
#4010=VERTEX_POINT('',#8600);
#4011=VERTEX_POINT('',#8601);
#4012=VERTEX_POINT('',#8603);
#4013=VERTEX_POINT('',#8605);
#4014=VERTEX_POINT('',#8609);
#4015=VERTEX_POINT('',#8610);
#4016=VERTEX_POINT('',#8612);
#4017=VERTEX_POINT('',#8614);
#4018=VERTEX_POINT('',#8618);
#4019=VERTEX_POINT('',#8619);
#4020=VERTEX_POINT('',#8621);
#4021=VERTEX_POINT('',#8623);
#4022=VERTEX_POINT('',#8627);
#4023=VERTEX_POINT('',#8628);
#4024=VERTEX_POINT('',#8630);
#4025=VERTEX_POINT('',#8632);
#4026=VERTEX_POINT('',#8636);
#4027=VERTEX_POINT('',#8637);
#4028=VERTEX_POINT('',#8639);
#4029=VERTEX_POINT('',#8641);
#4030=VERTEX_POINT('',#8645);
#4031=VERTEX_POINT('',#8646);
#4032=VERTEX_POINT('',#8648);
#4033=VERTEX_POINT('',#8650);
#4034=VERTEX_POINT('',#8654);
#4035=VERTEX_POINT('',#8655);
#4036=VERTEX_POINT('',#8657);
#4037=VERTEX_POINT('',#8659);
#4038=VERTEX_POINT('',#8663);
#4039=VERTEX_POINT('',#8664);
#4040=VERTEX_POINT('',#8666);
#4041=VERTEX_POINT('',#8668);
#4042=VERTEX_POINT('',#8672);
#4043=VERTEX_POINT('',#8673);
#4044=VERTEX_POINT('',#8675);
#4045=VERTEX_POINT('',#8677);
#4046=VERTEX_POINT('',#8681);
#4047=VERTEX_POINT('',#8682);
#4048=VERTEX_POINT('',#8684);
#4049=VERTEX_POINT('',#8686);
#4050=VERTEX_POINT('',#8690);
#4051=VERTEX_POINT('',#8691);
#4052=VERTEX_POINT('',#8693);
#4053=VERTEX_POINT('',#8695);
#4054=VERTEX_POINT('',#8699);
#4055=VERTEX_POINT('',#8700);
#4056=VERTEX_POINT('',#8702);
#4057=VERTEX_POINT('',#8704);
#4058=VERTEX_POINT('',#8708);
#4059=VERTEX_POINT('',#8709);
#4060=VERTEX_POINT('',#8711);
#4061=VERTEX_POINT('',#8713);
#4062=VERTEX_POINT('',#8738);
#4063=VERTEX_POINT('',#8740);
#4064=VERTEX_POINT('',#8779);
#4065=VERTEX_POINT('',#8795);
#4066=VERTEX_POINT('',#8823);
#4067=VERTEX_POINT('',#8825);
#4068=VERTEX_POINT('',#8864);
#4069=VERTEX_POINT('',#8880);
#4070=VERTEX_POINT('',#8908);
#4071=VERTEX_POINT('',#8910);
#4072=VERTEX_POINT('',#8949);
#4073=VERTEX_POINT('',#8965);
#4074=VERTEX_POINT('',#8993);
#4075=VERTEX_POINT('',#8995);
#4076=VERTEX_POINT('',#9034);
#4077=VERTEX_POINT('',#9050);
#4078=VERTEX_POINT('',#9078);
#4079=VERTEX_POINT('',#9080);
#4080=VERTEX_POINT('',#9119);
#4081=VERTEX_POINT('',#9135);
#4082=VERTEX_POINT('',#9163);
#4083=VERTEX_POINT('',#9165);
#4084=VERTEX_POINT('',#9204);
#4085=VERTEX_POINT('',#9220);
#4086=VERTEX_POINT('',#9248);
#4087=VERTEX_POINT('',#9250);
#4088=VERTEX_POINT('',#9289);
#4089=VERTEX_POINT('',#9305);
#4090=VERTEX_POINT('',#9333);
#4091=VERTEX_POINT('',#9335);
#4092=VERTEX_POINT('',#9374);
#4093=VERTEX_POINT('',#9390);
#4094=VERTEX_POINT('',#9418);
#4095=VERTEX_POINT('',#9420);
#4096=VERTEX_POINT('',#9459);
#4097=VERTEX_POINT('',#9475);
#4098=VERTEX_POINT('',#9503);
#4099=VERTEX_POINT('',#9505);
#4100=VERTEX_POINT('',#9544);
#4101=VERTEX_POINT('',#9560);
#4102=VERTEX_POINT('',#9588);
#4103=VERTEX_POINT('',#9590);
#4104=VERTEX_POINT('',#9629);
#4105=VERTEX_POINT('',#9645);
#4106=VERTEX_POINT('',#9673);
#4107=VERTEX_POINT('',#9675);
#4108=VERTEX_POINT('',#9714);
#4109=VERTEX_POINT('',#9730);
#4110=VERTEX_POINT('',#9758);
#4111=VERTEX_POINT('',#9760);
#4112=VERTEX_POINT('',#9799);
#4113=VERTEX_POINT('',#9815);
#4114=VERTEX_POINT('',#9843);
#4115=VERTEX_POINT('',#9845);
#4116=VERTEX_POINT('',#9884);
#4117=VERTEX_POINT('',#9900);
#4118=VERTEX_POINT('',#9928);
#4119=VERTEX_POINT('',#9930);
#4120=VERTEX_POINT('',#9969);
#4121=VERTEX_POINT('',#9985);
#4122=VERTEX_POINT('',#10013);
#4123=VERTEX_POINT('',#10015);
#4124=VERTEX_POINT('',#10054);
#4125=VERTEX_POINT('',#10070);
#4126=VERTEX_POINT('',#10098);
#4127=VERTEX_POINT('',#10100);
#4128=VERTEX_POINT('',#10139);
#4129=VERTEX_POINT('',#10155);
#4130=VERTEX_POINT('',#10183);
#4131=VERTEX_POINT('',#10185);
#4132=VERTEX_POINT('',#10224);
#4133=VERTEX_POINT('',#10240);
#4134=VERTEX_POINT('',#10268);
#4135=VERTEX_POINT('',#10270);
#4136=VERTEX_POINT('',#10309);
#4137=VERTEX_POINT('',#10325);
#4138=VERTEX_POINT('',#10353);
#4139=VERTEX_POINT('',#10355);
#4140=VERTEX_POINT('',#10394);
#4141=VERTEX_POINT('',#10410);
#4142=VERTEX_POINT('',#10438);
#4143=VERTEX_POINT('',#10440);
#4144=VERTEX_POINT('',#10479);
#4145=VERTEX_POINT('',#10495);
#4146=VERTEX_POINT('',#10523);
#4147=VERTEX_POINT('',#10525);
#4148=VERTEX_POINT('',#10564);
#4149=VERTEX_POINT('',#10580);
#4150=VERTEX_POINT('',#10608);
#4151=VERTEX_POINT('',#10610);
#4152=VERTEX_POINT('',#10649);
#4153=VERTEX_POINT('',#10665);
#4154=VERTEX_POINT('',#10693);
#4155=VERTEX_POINT('',#10695);
#4156=VERTEX_POINT('',#10734);
#4157=VERTEX_POINT('',#10750);
#4158=VERTEX_POINT('',#10778);
#4159=VERTEX_POINT('',#10780);
#4160=VERTEX_POINT('',#10819);
#4161=VERTEX_POINT('',#10835);
#4162=VERTEX_POINT('',#10863);
#4163=VERTEX_POINT('',#10865);
#4164=VERTEX_POINT('',#10904);
#4165=VERTEX_POINT('',#10920);
#4166=VERTEX_POINT('',#10948);
#4167=VERTEX_POINT('',#10950);
#4168=VERTEX_POINT('',#10989);
#4169=VERTEX_POINT('',#11005);
#4170=VERTEX_POINT('',#11033);
#4171=VERTEX_POINT('',#11035);
#4172=VERTEX_POINT('',#11074);
#4173=VERTEX_POINT('',#11090);
#4174=VERTEX_POINT('',#11118);
#4175=VERTEX_POINT('',#11120);
#4176=VERTEX_POINT('',#11159);
#4177=VERTEX_POINT('',#11175);
#4178=VERTEX_POINT('',#11203);
#4179=VERTEX_POINT('',#11205);
#4180=VERTEX_POINT('',#11244);
#4181=VERTEX_POINT('',#11260);
#4182=VERTEX_POINT('',#11288);
#4183=VERTEX_POINT('',#11290);
#4184=VERTEX_POINT('',#11329);
#4185=VERTEX_POINT('',#11345);
#4186=VERTEX_POINT('',#11373);
#4187=VERTEX_POINT('',#11375);
#4188=VERTEX_POINT('',#11414);
#4189=VERTEX_POINT('',#11430);
#4190=VERTEX_POINT('',#11458);
#4191=VERTEX_POINT('',#11460);
#4192=VERTEX_POINT('',#11499);
#4193=VERTEX_POINT('',#11515);
#4194=VERTEX_POINT('',#11543);
#4195=VERTEX_POINT('',#11545);
#4196=VERTEX_POINT('',#11584);
#4197=VERTEX_POINT('',#11600);
#4198=VERTEX_POINT('',#11628);
#4199=VERTEX_POINT('',#11630);
#4200=VERTEX_POINT('',#11669);
#4201=VERTEX_POINT('',#11685);
#4202=VERTEX_POINT('',#11713);
#4203=VERTEX_POINT('',#11715);
#4204=VERTEX_POINT('',#11754);
#4205=VERTEX_POINT('',#11770);
#4206=VERTEX_POINT('',#11798);
#4207=VERTEX_POINT('',#11800);
#4208=VERTEX_POINT('',#11839);
#4209=VERTEX_POINT('',#11855);
#4210=VERTEX_POINT('',#11883);
#4211=VERTEX_POINT('',#11885);
#4212=VERTEX_POINT('',#11924);
#4213=VERTEX_POINT('',#11940);
#4214=VERTEX_POINT('',#11968);
#4215=VERTEX_POINT('',#11970);
#4216=VERTEX_POINT('',#12009);
#4217=VERTEX_POINT('',#12025);
#4218=VERTEX_POINT('',#12053);
#4219=VERTEX_POINT('',#12055);
#4220=VERTEX_POINT('',#12094);
#4221=VERTEX_POINT('',#12110);
#4222=VERTEX_POINT('',#12138);
#4223=VERTEX_POINT('',#12140);
#4224=VERTEX_POINT('',#12179);
#4225=VERTEX_POINT('',#12195);
#4226=VERTEX_POINT('',#12223);
#4227=VERTEX_POINT('',#12225);
#4228=VERTEX_POINT('',#12264);
#4229=VERTEX_POINT('',#12280);
#4230=VERTEX_POINT('',#12308);
#4231=VERTEX_POINT('',#12310);
#4232=VERTEX_POINT('',#12349);
#4233=VERTEX_POINT('',#12365);
#4234=VERTEX_POINT('',#12393);
#4235=VERTEX_POINT('',#12395);
#4236=VERTEX_POINT('',#12434);
#4237=VERTEX_POINT('',#12450);
#4238=VERTEX_POINT('',#12478);
#4239=VERTEX_POINT('',#12480);
#4240=VERTEX_POINT('',#12519);
#4241=VERTEX_POINT('',#12535);
#4242=VERTEX_POINT('',#12563);
#4243=VERTEX_POINT('',#12565);
#4244=VERTEX_POINT('',#12604);
#4245=VERTEX_POINT('',#12620);
#4246=VERTEX_POINT('',#12648);
#4247=VERTEX_POINT('',#12650);
#4248=VERTEX_POINT('',#12689);
#4249=VERTEX_POINT('',#12705);
#4250=VERTEX_POINT('',#12733);
#4251=VERTEX_POINT('',#12735);
#4252=VERTEX_POINT('',#12774);
#4253=VERTEX_POINT('',#12790);
#4254=VERTEX_POINT('',#12818);
#4255=VERTEX_POINT('',#12820);
#4256=VERTEX_POINT('',#12859);
#4257=VERTEX_POINT('',#12875);
#4258=VERTEX_POINT('',#12903);
#4259=VERTEX_POINT('',#12905);
#4260=VERTEX_POINT('',#12944);
#4261=VERTEX_POINT('',#12960);
#4262=VERTEX_POINT('',#12988);
#4263=VERTEX_POINT('',#12990);
#4264=VERTEX_POINT('',#13029);
#4265=VERTEX_POINT('',#13045);
#4266=VERTEX_POINT('',#13073);
#4267=VERTEX_POINT('',#13075);
#4268=VERTEX_POINT('',#13114);
#4269=VERTEX_POINT('',#13130);
#4270=VERTEX_POINT('',#13158);
#4271=VERTEX_POINT('',#13160);
#4272=VERTEX_POINT('',#13199);
#4273=VERTEX_POINT('',#13215);
#4274=VERTEX_POINT('',#13243);
#4275=VERTEX_POINT('',#13245);
#4276=VERTEX_POINT('',#13284);
#4277=VERTEX_POINT('',#13300);
#4278=VERTEX_POINT('',#13328);
#4279=VERTEX_POINT('',#13330);
#4280=VERTEX_POINT('',#13369);
#4281=VERTEX_POINT('',#13385);
#4282=VERTEX_POINT('',#13413);
#4283=VERTEX_POINT('',#13415);
#4284=VERTEX_POINT('',#13454);
#4285=VERTEX_POINT('',#13470);
#4286=VERTEX_POINT('',#13498);
#4287=VERTEX_POINT('',#13500);
#4288=VERTEX_POINT('',#13539);
#4289=VERTEX_POINT('',#13555);
#4290=VERTEX_POINT('',#13583);
#4291=VERTEX_POINT('',#13585);
#4292=VERTEX_POINT('',#13624);
#4293=VERTEX_POINT('',#13640);
#4294=VERTEX_POINT('',#13668);
#4295=VERTEX_POINT('',#13670);
#4296=VERTEX_POINT('',#13709);
#4297=VERTEX_POINT('',#13725);
#4298=VERTEX_POINT('',#13753);
#4299=VERTEX_POINT('',#13755);
#4300=VERTEX_POINT('',#13794);
#4301=VERTEX_POINT('',#13810);
#4302=VERTEX_POINT('',#13838);
#4303=VERTEX_POINT('',#13840);
#4304=VERTEX_POINT('',#13879);
#4305=VERTEX_POINT('',#13895);
#4306=VERTEX_POINT('',#13923);
#4307=VERTEX_POINT('',#13925);
#4308=VERTEX_POINT('',#13964);
#4309=VERTEX_POINT('',#13980);
#4310=VERTEX_POINT('',#14008);
#4311=VERTEX_POINT('',#14010);
#4312=VERTEX_POINT('',#14049);
#4313=VERTEX_POINT('',#14065);
#4314=VERTEX_POINT('',#14093);
#4315=VERTEX_POINT('',#14095);
#4316=VERTEX_POINT('',#14134);
#4317=VERTEX_POINT('',#14150);
#4318=VERTEX_POINT('',#14178);
#4319=VERTEX_POINT('',#14180);
#4320=VERTEX_POINT('',#14219);
#4321=VERTEX_POINT('',#14235);
#4322=VERTEX_POINT('',#14263);
#4323=VERTEX_POINT('',#14265);
#4324=VERTEX_POINT('',#14304);
#4325=VERTEX_POINT('',#14320);
#4326=VERTEX_POINT('',#14348);
#4327=VERTEX_POINT('',#14350);
#4328=VERTEX_POINT('',#14389);
#4329=VERTEX_POINT('',#14405);
#4330=VERTEX_POINT('',#14433);
#4331=VERTEX_POINT('',#14435);
#4332=VERTEX_POINT('',#14474);
#4333=VERTEX_POINT('',#14490);
#4334=VERTEX_POINT('',#14518);
#4335=VERTEX_POINT('',#14520);
#4336=VERTEX_POINT('',#14559);
#4337=VERTEX_POINT('',#14575);
#4338=VERTEX_POINT('',#14603);
#4339=VERTEX_POINT('',#14605);
#4340=VERTEX_POINT('',#14644);
#4341=VERTEX_POINT('',#14660);
#4342=VERTEX_POINT('',#14688);
#4343=VERTEX_POINT('',#14690);
#4344=VERTEX_POINT('',#14729);
#4345=VERTEX_POINT('',#14745);
#4346=VERTEX_POINT('',#14773);
#4347=VERTEX_POINT('',#14775);
#4348=VERTEX_POINT('',#14814);
#4349=VERTEX_POINT('',#14830);
#4350=VERTEX_POINT('',#14837);
#4351=VERTEX_POINT('',#14839);
#4352=VERTEX_POINT('',#14842);
#4353=VERTEX_POINT('',#14844);
#4354=VERTEX_POINT('',#14847);
#4355=VERTEX_POINT('',#14849);
#4356=VERTEX_POINT('',#14852);
#4357=VERTEX_POINT('',#14854);
#4358=VERTEX_POINT('',#14857);
#4359=VERTEX_POINT('',#14859);
#4360=VERTEX_POINT('',#14861);
#4361=VERTEX_POINT('',#14863);
#4362=VERTEX_POINT('',#14865);
#4363=VERTEX_POINT('',#14868);
#4364=VERTEX_POINT('',#14870);
#4365=VERTEX_POINT('',#14872);
#4366=VERTEX_POINT('',#14874);
#4367=VERTEX_POINT('',#14877);
#4368=VERTEX_POINT('',#14879);
#4369=VERTEX_POINT('',#14881);
#4370=VERTEX_POINT('',#14884);
#4371=VERTEX_POINT('',#14886);
#4372=VERTEX_POINT('',#14888);
#4373=VERTEX_POINT('',#14891);
#4374=VERTEX_POINT('',#14896);
#4375=VERTEX_POINT('',#14901);
#4376=VERTEX_POINT('',#14906);
#4377=VERTEX_POINT('',#14909);
#4378=VERTEX_POINT('',#14912);
#4379=VERTEX_POINT('',#14915);
#4380=VERTEX_POINT('',#14921);
#4381=VERTEX_POINT('',#14926);
#4382=VERTEX_POINT('',#14930);
#4383=VERTEX_POINT('',#14934);
#4384=VERTEX_POINT('',#14940);
#4385=VERTEX_POINT('',#14943);
#4386=VERTEX_POINT('',#14947);
#4387=VERTEX_POINT('',#14951);
#4388=VERTEX_POINT('',#14957);
#4389=VERTEX_POINT('',#14960);
#4390=VERTEX_POINT('',#14964);
#4391=VERTEX_POINT('',#14968);
#4392=VERTEX_POINT('',#14974);
#4393=VERTEX_POINT('',#14977);
#4394=VERTEX_POINT('',#14981);
#4395=VERTEX_POINT('',#14985);
#4396=LINE('',#8029,#4747);
#4397=LINE('',#8032,#4748);
#4398=LINE('',#8034,#4749);
#4399=LINE('',#8036,#4750);
#4400=LINE('',#8038,#4751);
#4401=LINE('',#8040,#4752);
#4402=LINE('',#8042,#4753);
#4403=LINE('',#8045,#4754);
#4404=LINE('',#8047,#4755);
#4405=LINE('',#8049,#4756);
#4406=LINE('',#8051,#4757);
#4407=LINE('',#8053,#4758);
#4408=LINE('',#8055,#4759);
#4409=LINE('',#8058,#4760);
#4410=LINE('',#8060,#4761);
#4411=LINE('',#8062,#4762);
#4412=LINE('',#8064,#4763);
#4413=LINE('',#8066,#4764);
#4414=LINE('',#8068,#4765);
#4415=LINE('',#8073,#4766);
#4416=LINE('',#8077,#4767);
#4417=LINE('',#8082,#4768);
#4418=LINE('',#8086,#4769);
#4419=LINE('',#8091,#4770);
#4420=LINE('',#8095,#4771);
#4421=LINE('',#8100,#4772);
#4422=LINE('',#8104,#4773);
#4423=LINE('',#8109,#4774);
#4424=LINE('',#8113,#4775);
#4425=LINE('',#8118,#4776);
#4426=LINE('',#8122,#4777);
#4427=LINE('',#8127,#4778);
#4428=LINE('',#8131,#4779);
#4429=LINE('',#8136,#4780);
#4430=LINE('',#8140,#4781);
#4431=LINE('',#8145,#4782);
#4432=LINE('',#8149,#4783);
#4433=LINE('',#8154,#4784);
#4434=LINE('',#8158,#4785);
#4435=LINE('',#8163,#4786);
#4436=LINE('',#8167,#4787);
#4437=LINE('',#8172,#4788);
#4438=LINE('',#8176,#4789);
#4439=LINE('',#8181,#4790);
#4440=LINE('',#8185,#4791);
#4441=LINE('',#8190,#4792);
#4442=LINE('',#8194,#4793);
#4443=LINE('',#8199,#4794);
#4444=LINE('',#8203,#4795);
#4445=LINE('',#8208,#4796);
#4446=LINE('',#8212,#4797);
#4447=LINE('',#8217,#4798);
#4448=LINE('',#8221,#4799);
#4449=LINE('',#8226,#4800);
#4450=LINE('',#8230,#4801);
#4451=LINE('',#8235,#4802);
#4452=LINE('',#8239,#4803);
#4453=LINE('',#8244,#4804);
#4454=LINE('',#8248,#4805);
#4455=LINE('',#8253,#4806);
#4456=LINE('',#8257,#4807);
#4457=LINE('',#8262,#4808);
#4458=LINE('',#8266,#4809);
#4459=LINE('',#8271,#4810);
#4460=LINE('',#8275,#4811);
#4461=LINE('',#8280,#4812);
#4462=LINE('',#8284,#4813);
#4463=LINE('',#8289,#4814);
#4464=LINE('',#8293,#4815);
#4465=LINE('',#8298,#4816);
#4466=LINE('',#8302,#4817);
#4467=LINE('',#8307,#4818);
#4468=LINE('',#8311,#4819);
#4469=LINE('',#8316,#4820);
#4470=LINE('',#8320,#4821);
#4471=LINE('',#8325,#4822);
#4472=LINE('',#8329,#4823);
#4473=LINE('',#8334,#4824);
#4474=LINE('',#8338,#4825);
#4475=LINE('',#8343,#4826);
#4476=LINE('',#8347,#4827);
#4477=LINE('',#8352,#4828);
#4478=LINE('',#8356,#4829);
#4479=LINE('',#8361,#4830);
#4480=LINE('',#8365,#4831);
#4481=LINE('',#8370,#4832);
#4482=LINE('',#8374,#4833);
#4483=LINE('',#8379,#4834);
#4484=LINE('',#8383,#4835);
#4485=LINE('',#8388,#4836);
#4486=LINE('',#8392,#4837);
#4487=LINE('',#8397,#4838);
#4488=LINE('',#8401,#4839);
#4489=LINE('',#8406,#4840);
#4490=LINE('',#8410,#4841);
#4491=LINE('',#8415,#4842);
#4492=LINE('',#8419,#4843);
#4493=LINE('',#8424,#4844);
#4494=LINE('',#8428,#4845);
#4495=LINE('',#8433,#4846);
#4496=LINE('',#8437,#4847);
#4497=LINE('',#8442,#4848);
#4498=LINE('',#8446,#4849);
#4499=LINE('',#8451,#4850);
#4500=LINE('',#8455,#4851);
#4501=LINE('',#8460,#4852);
#4502=LINE('',#8464,#4853);
#4503=LINE('',#8469,#4854);
#4504=LINE('',#8473,#4855);
#4505=LINE('',#8478,#4856);
#4506=LINE('',#8482,#4857);
#4507=LINE('',#8487,#4858);
#4508=LINE('',#8491,#4859);
#4509=LINE('',#8496,#4860);
#4510=LINE('',#8500,#4861);
#4511=LINE('',#8505,#4862);
#4512=LINE('',#8509,#4863);
#4513=LINE('',#8514,#4864);
#4514=LINE('',#8518,#4865);
#4515=LINE('',#8523,#4866);
#4516=LINE('',#8527,#4867);
#4517=LINE('',#8532,#4868);
#4518=LINE('',#8536,#4869);
#4519=LINE('',#8541,#4870);
#4520=LINE('',#8545,#4871);
#4521=LINE('',#8550,#4872);
#4522=LINE('',#8554,#4873);
#4523=LINE('',#8559,#4874);
#4524=LINE('',#8563,#4875);
#4525=LINE('',#8568,#4876);
#4526=LINE('',#8572,#4877);
#4527=LINE('',#8577,#4878);
#4528=LINE('',#8581,#4879);
#4529=LINE('',#8586,#4880);
#4530=LINE('',#8590,#4881);
#4531=LINE('',#8595,#4882);
#4532=LINE('',#8599,#4883);
#4533=LINE('',#8604,#4884);
#4534=LINE('',#8608,#4885);
#4535=LINE('',#8613,#4886);
#4536=LINE('',#8617,#4887);
#4537=LINE('',#8622,#4888);
#4538=LINE('',#8626,#4889);
#4539=LINE('',#8631,#4890);
#4540=LINE('',#8635,#4891);
#4541=LINE('',#8640,#4892);
#4542=LINE('',#8644,#4893);
#4543=LINE('',#8649,#4894);
#4544=LINE('',#8653,#4895);
#4545=LINE('',#8658,#4896);
#4546=LINE('',#8662,#4897);
#4547=LINE('',#8667,#4898);
#4548=LINE('',#8671,#4899);
#4549=LINE('',#8676,#4900);
#4550=LINE('',#8680,#4901);
#4551=LINE('',#8685,#4902);
#4552=LINE('',#8689,#4903);
#4553=LINE('',#8694,#4904);
#4554=LINE('',#8698,#4905);
#4555=LINE('',#8703,#4906);
#4556=LINE('',#8707,#4907);
#4557=LINE('',#8712,#4908);
#4558=LINE('',#8739,#4909);
#4559=LINE('',#8796,#4910);
#4560=LINE('',#8824,#4911);
#4561=LINE('',#8881,#4912);
#4562=LINE('',#8909,#4913);
#4563=LINE('',#8966,#4914);
#4564=LINE('',#8994,#4915);
#4565=LINE('',#9051,#4916);
#4566=LINE('',#9079,#4917);
#4567=LINE('',#9136,#4918);
#4568=LINE('',#9164,#4919);
#4569=LINE('',#9221,#4920);
#4570=LINE('',#9249,#4921);
#4571=LINE('',#9306,#4922);
#4572=LINE('',#9334,#4923);
#4573=LINE('',#9391,#4924);
#4574=LINE('',#9419,#4925);
#4575=LINE('',#9476,#4926);
#4576=LINE('',#9504,#4927);
#4577=LINE('',#9561,#4928);
#4578=LINE('',#9589,#4929);
#4579=LINE('',#9646,#4930);
#4580=LINE('',#9674,#4931);
#4581=LINE('',#9731,#4932);
#4582=LINE('',#9759,#4933);
#4583=LINE('',#9816,#4934);
#4584=LINE('',#9844,#4935);
#4585=LINE('',#9901,#4936);
#4586=LINE('',#9929,#4937);
#4587=LINE('',#9986,#4938);
#4588=LINE('',#10014,#4939);
#4589=LINE('',#10071,#4940);
#4590=LINE('',#10099,#4941);
#4591=LINE('',#10156,#4942);
#4592=LINE('',#10184,#4943);
#4593=LINE('',#10241,#4944);
#4594=LINE('',#10269,#4945);
#4595=LINE('',#10326,#4946);
#4596=LINE('',#10354,#4947);
#4597=LINE('',#10411,#4948);
#4598=LINE('',#10439,#4949);
#4599=LINE('',#10496,#4950);
#4600=LINE('',#10524,#4951);
#4601=LINE('',#10581,#4952);
#4602=LINE('',#10609,#4953);
#4603=LINE('',#10666,#4954);
#4604=LINE('',#10694,#4955);
#4605=LINE('',#10751,#4956);
#4606=LINE('',#10779,#4957);
#4607=LINE('',#10836,#4958);
#4608=LINE('',#10864,#4959);
#4609=LINE('',#10921,#4960);
#4610=LINE('',#10949,#4961);
#4611=LINE('',#11006,#4962);
#4612=LINE('',#11034,#4963);
#4613=LINE('',#11091,#4964);
#4614=LINE('',#11119,#4965);
#4615=LINE('',#11176,#4966);
#4616=LINE('',#11204,#4967);
#4617=LINE('',#11261,#4968);
#4618=LINE('',#11289,#4969);
#4619=LINE('',#11346,#4970);
#4620=LINE('',#11374,#4971);
#4621=LINE('',#11431,#4972);
#4622=LINE('',#11459,#4973);
#4623=LINE('',#11516,#4974);
#4624=LINE('',#11544,#4975);
#4625=LINE('',#11601,#4976);
#4626=LINE('',#11629,#4977);
#4627=LINE('',#11686,#4978);
#4628=LINE('',#11714,#4979);
#4629=LINE('',#11771,#4980);
#4630=LINE('',#11799,#4981);
#4631=LINE('',#11856,#4982);
#4632=LINE('',#11884,#4983);
#4633=LINE('',#11941,#4984);
#4634=LINE('',#11969,#4985);
#4635=LINE('',#12026,#4986);
#4636=LINE('',#12054,#4987);
#4637=LINE('',#12111,#4988);
#4638=LINE('',#12139,#4989);
#4639=LINE('',#12196,#4990);
#4640=LINE('',#12224,#4991);
#4641=LINE('',#12281,#4992);
#4642=LINE('',#12309,#4993);
#4643=LINE('',#12366,#4994);
#4644=LINE('',#12394,#4995);
#4645=LINE('',#12451,#4996);
#4646=LINE('',#12479,#4997);
#4647=LINE('',#12536,#4998);
#4648=LINE('',#12564,#4999);
#4649=LINE('',#12621,#5000);
#4650=LINE('',#12649,#5001);
#4651=LINE('',#12706,#5002);
#4652=LINE('',#12734,#5003);
#4653=LINE('',#12791,#5004);
#4654=LINE('',#12819,#5005);
#4655=LINE('',#12876,#5006);
#4656=LINE('',#12904,#5007);
#4657=LINE('',#12961,#5008);
#4658=LINE('',#12989,#5009);
#4659=LINE('',#13046,#5010);
#4660=LINE('',#13074,#5011);
#4661=LINE('',#13131,#5012);
#4662=LINE('',#13159,#5013);
#4663=LINE('',#13216,#5014);
#4664=LINE('',#13244,#5015);
#4665=LINE('',#13301,#5016);
#4666=LINE('',#13329,#5017);
#4667=LINE('',#13386,#5018);
#4668=LINE('',#13414,#5019);
#4669=LINE('',#13471,#5020);
#4670=LINE('',#13499,#5021);
#4671=LINE('',#13556,#5022);
#4672=LINE('',#13584,#5023);
#4673=LINE('',#13641,#5024);
#4674=LINE('',#13669,#5025);
#4675=LINE('',#13726,#5026);
#4676=LINE('',#13754,#5027);
#4677=LINE('',#13811,#5028);
#4678=LINE('',#13839,#5029);
#4679=LINE('',#13896,#5030);
#4680=LINE('',#13924,#5031);
#4681=LINE('',#13981,#5032);
#4682=LINE('',#14009,#5033);
#4683=LINE('',#14066,#5034);
#4684=LINE('',#14094,#5035);
#4685=LINE('',#14151,#5036);
#4686=LINE('',#14179,#5037);
#4687=LINE('',#14236,#5038);
#4688=LINE('',#14264,#5039);
#4689=LINE('',#14321,#5040);
#4690=LINE('',#14349,#5041);
#4691=LINE('',#14406,#5042);
#4692=LINE('',#14434,#5043);
#4693=LINE('',#14491,#5044);
#4694=LINE('',#14519,#5045);
#4695=LINE('',#14576,#5046);
#4696=LINE('',#14604,#5047);
#4697=LINE('',#14661,#5048);
#4698=LINE('',#14689,#5049);
#4699=LINE('',#14746,#5050);
#4700=LINE('',#14774,#5051);
#4701=LINE('',#14831,#5052);
#4702=LINE('',#14856,#5053);
#4703=LINE('',#14858,#5054);
#4704=LINE('',#14860,#5055);
#4705=LINE('',#14862,#5056);
#4706=LINE('',#14864,#5057);
#4707=LINE('',#14866,#5058);
#4708=LINE('',#14867,#5059);
#4709=LINE('',#14869,#5060);
#4710=LINE('',#14871,#5061);
#4711=LINE('',#14873,#5062);
#4712=LINE('',#14875,#5063);
#4713=LINE('',#14876,#5064);
#4714=LINE('',#14878,#5065);
#4715=LINE('',#14880,#5066);
#4716=LINE('',#14882,#5067);
#4717=LINE('',#14890,#5068);
#4718=LINE('',#14892,#5069);
#4719=LINE('',#14893,#5070);
#4720=LINE('',#14895,#5071);
#4721=LINE('',#14897,#5072);
#4722=LINE('',#14898,#5073);
#4723=LINE('',#14900,#5074);
#4724=LINE('',#14902,#5075);
#4725=LINE('',#14903,#5076);
#4726=LINE('',#14925,#5077);
#4727=LINE('',#14927,#5078);
#4728=LINE('',#14929,#5079);
#4729=LINE('',#14931,#5080);
#4730=LINE('',#14933,#5081);
#4731=LINE('',#14935,#5082);
#4732=LINE('',#14937,#5083);
#4733=LINE('',#14942,#5084);
#4734=LINE('',#14944,#5085);
#4735=LINE('',#14946,#5086);
#4736=LINE('',#14948,#5087);
#4737=LINE('',#14950,#5088);
#4738=LINE('',#14952,#5089);
#4739=LINE('',#14954,#5090);
#4740=LINE('',#14959,#5091);
#4741=LINE('',#14961,#5092);
#4742=LINE('',#14963,#5093);
#4743=LINE('',#14965,#5094);
#4744=LINE('',#14967,#5095);
#4745=LINE('',#14969,#5096);
#4746=LINE('',#14971,#5097);
#4747=VECTOR('',#6686,1.);
#4748=VECTOR('',#6687,1.);
#4749=VECTOR('',#6688,1.);
#4750=VECTOR('',#6689,1.);
#4751=VECTOR('',#6690,1.);
#4752=VECTOR('',#6691,1.);
#4753=VECTOR('',#6694,1.);
#4754=VECTOR('',#6695,1.);
#4755=VECTOR('',#6696,1.);
#4756=VECTOR('',#6697,1.);
#4757=VECTOR('',#6698,1.);
#4758=VECTOR('',#6699,1.);
#4759=VECTOR('',#6702,1.);
#4760=VECTOR('',#6703,1.);
#4761=VECTOR('',#6704,1.);
#4762=VECTOR('',#6705,1.);
#4763=VECTOR('',#6706,1.);
#4764=VECTOR('',#6707,1.);
#4765=VECTOR('',#6710,1.);
#4766=VECTOR('',#6713,1.);
#4767=VECTOR('',#6718,1.);
#4768=VECTOR('',#6721,1.);
#4769=VECTOR('',#6726,1.);
#4770=VECTOR('',#6729,1.);
#4771=VECTOR('',#6734,1.);
#4772=VECTOR('',#6737,1.);
#4773=VECTOR('',#6742,1.);
#4774=VECTOR('',#6745,1.);
#4775=VECTOR('',#6750,1.);
#4776=VECTOR('',#6753,1.);
#4777=VECTOR('',#6758,1.);
#4778=VECTOR('',#6761,1.);
#4779=VECTOR('',#6766,1.);
#4780=VECTOR('',#6769,1.);
#4781=VECTOR('',#6774,1.);
#4782=VECTOR('',#6777,1.);
#4783=VECTOR('',#6782,1.);
#4784=VECTOR('',#6785,1.);
#4785=VECTOR('',#6790,1.);
#4786=VECTOR('',#6793,1.);
#4787=VECTOR('',#6798,1.);
#4788=VECTOR('',#6801,1.);
#4789=VECTOR('',#6806,1.);
#4790=VECTOR('',#6809,1.);
#4791=VECTOR('',#6814,1.);
#4792=VECTOR('',#6817,1.);
#4793=VECTOR('',#6822,1.);
#4794=VECTOR('',#6825,1.);
#4795=VECTOR('',#6830,1.);
#4796=VECTOR('',#6833,1.);
#4797=VECTOR('',#6838,1.);
#4798=VECTOR('',#6841,1.);
#4799=VECTOR('',#6846,1.);
#4800=VECTOR('',#6849,1.);
#4801=VECTOR('',#6854,1.);
#4802=VECTOR('',#6857,1.);
#4803=VECTOR('',#6862,1.);
#4804=VECTOR('',#6865,1.);
#4805=VECTOR('',#6870,1.);
#4806=VECTOR('',#6873,1.);
#4807=VECTOR('',#6878,1.);
#4808=VECTOR('',#6881,1.);
#4809=VECTOR('',#6886,1.);
#4810=VECTOR('',#6889,1.);
#4811=VECTOR('',#6894,1.);
#4812=VECTOR('',#6897,1.);
#4813=VECTOR('',#6902,1.);
#4814=VECTOR('',#6905,1.);
#4815=VECTOR('',#6910,1.);
#4816=VECTOR('',#6913,1.);
#4817=VECTOR('',#6918,1.);
#4818=VECTOR('',#6921,1.);
#4819=VECTOR('',#6926,1.);
#4820=VECTOR('',#6929,1.);
#4821=VECTOR('',#6934,1.);
#4822=VECTOR('',#6937,1.);
#4823=VECTOR('',#6942,1.);
#4824=VECTOR('',#6945,1.);
#4825=VECTOR('',#6950,1.);
#4826=VECTOR('',#6953,1.);
#4827=VECTOR('',#6958,1.);
#4828=VECTOR('',#6961,1.);
#4829=VECTOR('',#6966,1.);
#4830=VECTOR('',#6969,1.);
#4831=VECTOR('',#6974,1.);
#4832=VECTOR('',#6977,1.);
#4833=VECTOR('',#6982,1.);
#4834=VECTOR('',#6985,1.);
#4835=VECTOR('',#6990,1.);
#4836=VECTOR('',#6993,1.);
#4837=VECTOR('',#6998,1.);
#4838=VECTOR('',#7001,1.);
#4839=VECTOR('',#7006,1.);
#4840=VECTOR('',#7009,1.);
#4841=VECTOR('',#7014,1.);
#4842=VECTOR('',#7017,1.);
#4843=VECTOR('',#7022,1.);
#4844=VECTOR('',#7025,1.);
#4845=VECTOR('',#7030,1.);
#4846=VECTOR('',#7033,1.);
#4847=VECTOR('',#7038,1.);
#4848=VECTOR('',#7041,1.);
#4849=VECTOR('',#7046,1.);
#4850=VECTOR('',#7049,1.);
#4851=VECTOR('',#7054,1.);
#4852=VECTOR('',#7057,1.);
#4853=VECTOR('',#7062,1.);
#4854=VECTOR('',#7065,1.);
#4855=VECTOR('',#7070,1.);
#4856=VECTOR('',#7073,1.);
#4857=VECTOR('',#7078,1.);
#4858=VECTOR('',#7081,1.);
#4859=VECTOR('',#7086,1.);
#4860=VECTOR('',#7089,1.);
#4861=VECTOR('',#7094,1.);
#4862=VECTOR('',#7097,1.);
#4863=VECTOR('',#7102,1.);
#4864=VECTOR('',#7105,1.);
#4865=VECTOR('',#7110,1.);
#4866=VECTOR('',#7113,1.);
#4867=VECTOR('',#7118,1.);
#4868=VECTOR('',#7121,1.);
#4869=VECTOR('',#7126,1.);
#4870=VECTOR('',#7129,1.);
#4871=VECTOR('',#7134,1.);
#4872=VECTOR('',#7137,1.);
#4873=VECTOR('',#7142,1.);
#4874=VECTOR('',#7145,1.);
#4875=VECTOR('',#7150,1.);
#4876=VECTOR('',#7153,1.);
#4877=VECTOR('',#7158,1.);
#4878=VECTOR('',#7161,1.);
#4879=VECTOR('',#7166,1.);
#4880=VECTOR('',#7169,1.);
#4881=VECTOR('',#7174,1.);
#4882=VECTOR('',#7177,1.);
#4883=VECTOR('',#7182,1.);
#4884=VECTOR('',#7185,1.);
#4885=VECTOR('',#7190,1.);
#4886=VECTOR('',#7193,1.);
#4887=VECTOR('',#7198,1.);
#4888=VECTOR('',#7201,1.);
#4889=VECTOR('',#7206,1.);
#4890=VECTOR('',#7209,1.);
#4891=VECTOR('',#7214,1.);
#4892=VECTOR('',#7217,1.);
#4893=VECTOR('',#7222,1.);
#4894=VECTOR('',#7225,1.);
#4895=VECTOR('',#7230,1.);
#4896=VECTOR('',#7233,1.);
#4897=VECTOR('',#7238,1.);
#4898=VECTOR('',#7241,1.);
#4899=VECTOR('',#7246,1.);
#4900=VECTOR('',#7249,1.);
#4901=VECTOR('',#7254,1.);
#4902=VECTOR('',#7257,1.);
#4903=VECTOR('',#7262,1.);
#4904=VECTOR('',#7265,1.);
#4905=VECTOR('',#7270,1.);
#4906=VECTOR('',#7273,1.);
#4907=VECTOR('',#7278,1.);
#4908=VECTOR('',#7281,1.);
#4909=VECTOR('',#7284,1.);
#4910=VECTOR('',#7285,1.);
#4911=VECTOR('',#7292,1.);
#4912=VECTOR('',#7293,1.);
#4913=VECTOR('',#7300,1.);
#4914=VECTOR('',#7301,1.);
#4915=VECTOR('',#7308,1.);
#4916=VECTOR('',#7309,1.);
#4917=VECTOR('',#7316,1.);
#4918=VECTOR('',#7317,1.);
#4919=VECTOR('',#7324,1.);
#4920=VECTOR('',#7325,1.);
#4921=VECTOR('',#7332,1.);
#4922=VECTOR('',#7333,1.);
#4923=VECTOR('',#7340,1.);
#4924=VECTOR('',#7341,1.);
#4925=VECTOR('',#7348,1.);
#4926=VECTOR('',#7349,1.);
#4927=VECTOR('',#7356,1.);
#4928=VECTOR('',#7357,1.);
#4929=VECTOR('',#7364,1.);
#4930=VECTOR('',#7365,1.);
#4931=VECTOR('',#7372,1.);
#4932=VECTOR('',#7373,1.);
#4933=VECTOR('',#7380,1.);
#4934=VECTOR('',#7381,1.);
#4935=VECTOR('',#7388,1.);
#4936=VECTOR('',#7389,1.);
#4937=VECTOR('',#7396,1.);
#4938=VECTOR('',#7397,1.);
#4939=VECTOR('',#7404,1.);
#4940=VECTOR('',#7405,1.);
#4941=VECTOR('',#7412,1.);
#4942=VECTOR('',#7413,1.);
#4943=VECTOR('',#7420,1.);
#4944=VECTOR('',#7421,1.);
#4945=VECTOR('',#7428,1.);
#4946=VECTOR('',#7429,1.);
#4947=VECTOR('',#7436,1.);
#4948=VECTOR('',#7437,1.);
#4949=VECTOR('',#7444,1.);
#4950=VECTOR('',#7445,1.);
#4951=VECTOR('',#7452,1.);
#4952=VECTOR('',#7453,1.);
#4953=VECTOR('',#7460,1.);
#4954=VECTOR('',#7461,1.);
#4955=VECTOR('',#7468,1.);
#4956=VECTOR('',#7469,1.);
#4957=VECTOR('',#7476,1.);
#4958=VECTOR('',#7477,1.);
#4959=VECTOR('',#7484,1.);
#4960=VECTOR('',#7485,1.);
#4961=VECTOR('',#7492,1.);
#4962=VECTOR('',#7493,1.);
#4963=VECTOR('',#7500,1.);
#4964=VECTOR('',#7501,1.);
#4965=VECTOR('',#7508,1.);
#4966=VECTOR('',#7509,1.);
#4967=VECTOR('',#7516,1.);
#4968=VECTOR('',#7517,1.);
#4969=VECTOR('',#7524,1.);
#4970=VECTOR('',#7525,1.);
#4971=VECTOR('',#7532,1.);
#4972=VECTOR('',#7533,1.);
#4973=VECTOR('',#7540,1.);
#4974=VECTOR('',#7541,1.);
#4975=VECTOR('',#7548,1.);
#4976=VECTOR('',#7549,1.);
#4977=VECTOR('',#7556,1.);
#4978=VECTOR('',#7557,1.);
#4979=VECTOR('',#7564,1.);
#4980=VECTOR('',#7565,1.);
#4981=VECTOR('',#7572,1.);
#4982=VECTOR('',#7573,1.);
#4983=VECTOR('',#7580,1.);
#4984=VECTOR('',#7581,1.);
#4985=VECTOR('',#7588,1.);
#4986=VECTOR('',#7589,1.);
#4987=VECTOR('',#7596,1.);
#4988=VECTOR('',#7597,1.);
#4989=VECTOR('',#7604,1.);
#4990=VECTOR('',#7605,1.);
#4991=VECTOR('',#7612,1.);
#4992=VECTOR('',#7613,1.);
#4993=VECTOR('',#7620,1.);
#4994=VECTOR('',#7621,1.);
#4995=VECTOR('',#7628,1.);
#4996=VECTOR('',#7629,1.);
#4997=VECTOR('',#7636,1.);
#4998=VECTOR('',#7637,1.);
#4999=VECTOR('',#7644,1.);
#5000=VECTOR('',#7645,1.);
#5001=VECTOR('',#7652,1.);
#5002=VECTOR('',#7653,1.);
#5003=VECTOR('',#7660,1.);
#5004=VECTOR('',#7661,1.);
#5005=VECTOR('',#7668,1.);
#5006=VECTOR('',#7669,1.);
#5007=VECTOR('',#7676,1.);
#5008=VECTOR('',#7677,1.);
#5009=VECTOR('',#7684,1.);
#5010=VECTOR('',#7685,1.);
#5011=VECTOR('',#7692,1.);
#5012=VECTOR('',#7693,1.);
#5013=VECTOR('',#7700,1.);
#5014=VECTOR('',#7701,1.);
#5015=VECTOR('',#7708,1.);
#5016=VECTOR('',#7709,1.);
#5017=VECTOR('',#7716,1.);
#5018=VECTOR('',#7717,1.);
#5019=VECTOR('',#7724,1.);
#5020=VECTOR('',#7725,1.);
#5021=VECTOR('',#7732,1.);
#5022=VECTOR('',#7733,1.);
#5023=VECTOR('',#7740,1.);
#5024=VECTOR('',#7741,1.);
#5025=VECTOR('',#7748,1.);
#5026=VECTOR('',#7749,1.);
#5027=VECTOR('',#7756,1.);
#5028=VECTOR('',#7757,1.);
#5029=VECTOR('',#7764,1.);
#5030=VECTOR('',#7765,1.);
#5031=VECTOR('',#7772,1.);
#5032=VECTOR('',#7773,1.);
#5033=VECTOR('',#7780,1.);
#5034=VECTOR('',#7781,1.);
#5035=VECTOR('',#7788,1.);
#5036=VECTOR('',#7789,1.);
#5037=VECTOR('',#7796,1.);
#5038=VECTOR('',#7797,1.);
#5039=VECTOR('',#7804,1.);
#5040=VECTOR('',#7805,1.);
#5041=VECTOR('',#7812,1.);
#5042=VECTOR('',#7813,1.);
#5043=VECTOR('',#7820,1.);
#5044=VECTOR('',#7821,1.);
#5045=VECTOR('',#7828,1.);
#5046=VECTOR('',#7829,1.);
#5047=VECTOR('',#7836,1.);
#5048=VECTOR('',#7837,1.);
#5049=VECTOR('',#7844,1.);
#5050=VECTOR('',#7845,1.);
#5051=VECTOR('',#7852,1.);
#5052=VECTOR('',#7853,1.);
#5053=VECTOR('',#7886,1.);
#5054=VECTOR('',#7887,1.);
#5055=VECTOR('',#7888,1.);
#5056=VECTOR('',#7889,1.);
#5057=VECTOR('',#7890,1.);
#5058=VECTOR('',#7891,1.);
#5059=VECTOR('',#7892,1.);
#5060=VECTOR('',#7893,1.);
#5061=VECTOR('',#7894,1.);
#5062=VECTOR('',#7895,1.);
#5063=VECTOR('',#7896,1.);
#5064=VECTOR('',#7897,1.);
#5065=VECTOR('',#7898,1.);
#5066=VECTOR('',#7899,1.);
#5067=VECTOR('',#7900,1.);
#5068=VECTOR('',#7909,1.);
#5069=VECTOR('',#7910,1.);
#5070=VECTOR('',#7911,1.);
#5071=VECTOR('',#7914,1.);
#5072=VECTOR('',#7915,1.);
#5073=VECTOR('',#7916,1.);
#5074=VECTOR('',#7919,1.);
#5075=VECTOR('',#7920,1.);
#5076=VECTOR('',#7921,1.);
#5077=VECTOR('',#7954,1.);
#5078=VECTOR('',#7955,1.);
#5079=VECTOR('',#7958,1.);
#5080=VECTOR('',#7959,1.);
#5081=VECTOR('',#7962,1.);
#5082=VECTOR('',#7963,1.);
#5083=VECTOR('',#7966,1.);
#5084=VECTOR('',#7973,1.);
#5085=VECTOR('',#7974,1.);
#5086=VECTOR('',#7977,1.);
#5087=VECTOR('',#7978,1.);
#5088=VECTOR('',#7981,1.);
#5089=VECTOR('',#7982,1.);
#5090=VECTOR('',#7985,1.);
#5091=VECTOR('',#7992,1.);
#5092=VECTOR('',#7993,1.);
#5093=VECTOR('',#7996,1.);
#5094=VECTOR('',#7997,1.);
#5095=VECTOR('',#8000,1.);
#5096=VECTOR('',#8001,1.);
#5097=VECTOR('',#8004,1.);
#5098=EDGE_LOOP('',(#909,#910,#911,#912,#913,#914));
#5099=EDGE_LOOP('',(#915,#916,#917,#918,#919,#920));
#5100=EDGE_LOOP('',(#921,#922,#923,#924,#925,#926));
#5101=EDGE_LOOP('',(#927,#928,#929,#930));
#5102=EDGE_LOOP('',(#931,#932,#933,#934));
#5103=EDGE_LOOP('',(#935,#936,#937,#938));
#5104=EDGE_LOOP('',(#939,#940,#941,#942));
#5105=EDGE_LOOP('',(#943,#944,#945,#946));
#5106=EDGE_LOOP('',(#947,#948,#949,#950));
#5107=EDGE_LOOP('',(#951,#952,#953,#954));
#5108=EDGE_LOOP('',(#955,#956,#957,#958));
#5109=EDGE_LOOP('',(#959,#960,#961,#962));
#5110=EDGE_LOOP('',(#963,#964,#965,#966));
#5111=EDGE_LOOP('',(#967,#968,#969,#970));
#5112=EDGE_LOOP('',(#971,#972,#973,#974));
#5113=EDGE_LOOP('',(#975,#976,#977,#978));
#5114=EDGE_LOOP('',(#979,#980,#981,#982));
#5115=EDGE_LOOP('',(#983,#984,#985,#986));
#5116=EDGE_LOOP('',(#987,#988,#989,#990));
#5117=EDGE_LOOP('',(#991,#992,#993,#994));
#5118=EDGE_LOOP('',(#995,#996,#997,#998));
#5119=EDGE_LOOP('',(#999,#1000,#1001,#1002));
#5120=EDGE_LOOP('',(#1003,#1004,#1005,#1006));
#5121=EDGE_LOOP('',(#1007,#1008,#1009,#1010));
#5122=EDGE_LOOP('',(#1011,#1012,#1013,#1014));
#5123=EDGE_LOOP('',(#1015,#1016,#1017,#1018));
#5124=EDGE_LOOP('',(#1019,#1020,#1021,#1022));
#5125=EDGE_LOOP('',(#1023,#1024,#1025,#1026));
#5126=EDGE_LOOP('',(#1027,#1028,#1029,#1030));
#5127=EDGE_LOOP('',(#1031,#1032,#1033,#1034));
#5128=EDGE_LOOP('',(#1035,#1036,#1037,#1038));
#5129=EDGE_LOOP('',(#1039,#1040,#1041,#1042));
#5130=EDGE_LOOP('',(#1043,#1044,#1045,#1046));
#5131=EDGE_LOOP('',(#1047,#1048,#1049,#1050));
#5132=EDGE_LOOP('',(#1051,#1052,#1053,#1054));
#5133=EDGE_LOOP('',(#1055,#1056,#1057,#1058));
#5134=EDGE_LOOP('',(#1059,#1060,#1061,#1062));
#5135=EDGE_LOOP('',(#1063,#1064,#1065,#1066));
#5136=EDGE_LOOP('',(#1067,#1068,#1069,#1070));
#5137=EDGE_LOOP('',(#1071,#1072,#1073,#1074));
#5138=EDGE_LOOP('',(#1075,#1076,#1077,#1078));
#5139=EDGE_LOOP('',(#1079,#1080,#1081,#1082));
#5140=EDGE_LOOP('',(#1083,#1084,#1085,#1086));
#5141=EDGE_LOOP('',(#1087,#1088,#1089,#1090));
#5142=EDGE_LOOP('',(#1091,#1092,#1093,#1094));
#5143=EDGE_LOOP('',(#1095,#1096,#1097,#1098));
#5144=EDGE_LOOP('',(#1099,#1100,#1101,#1102));
#5145=EDGE_LOOP('',(#1103,#1104,#1105,#1106));
#5146=EDGE_LOOP('',(#1107,#1108,#1109,#1110));
#5147=EDGE_LOOP('',(#1111,#1112,#1113,#1114));
#5148=EDGE_LOOP('',(#1115,#1116,#1117,#1118));
#5149=EDGE_LOOP('',(#1119,#1120,#1121,#1122));
#5150=EDGE_LOOP('',(#1123,#1124,#1125,#1126));
#5151=EDGE_LOOP('',(#1127,#1128,#1129,#1130));
#5152=EDGE_LOOP('',(#1131,#1132,#1133,#1134));
#5153=EDGE_LOOP('',(#1135,#1136,#1137,#1138));
#5154=EDGE_LOOP('',(#1139,#1140,#1141,#1142));
#5155=EDGE_LOOP('',(#1143,#1144,#1145,#1146));
#5156=EDGE_LOOP('',(#1147,#1148,#1149,#1150));
#5157=EDGE_LOOP('',(#1151,#1152,#1153,#1154));
#5158=EDGE_LOOP('',(#1155,#1156,#1157,#1158));
#5159=EDGE_LOOP('',(#1159,#1160,#1161,#1162));
#5160=EDGE_LOOP('',(#1163,#1164,#1165,#1166));
#5161=EDGE_LOOP('',(#1167,#1168,#1169,#1170));
#5162=EDGE_LOOP('',(#1171,#1172,#1173,#1174));
#5163=EDGE_LOOP('',(#1175,#1176,#1177,#1178));
#5164=EDGE_LOOP('',(#1179,#1180,#1181,#1182));
#5165=EDGE_LOOP('',(#1183,#1184,#1185,#1186));
#5166=EDGE_LOOP('',(#1187,#1188,#1189,#1190));
#5167=EDGE_LOOP('',(#1191,#1192,#1193,#1194));
#5168=EDGE_LOOP('',(#1195,#1196,#1197,#1198));
#5169=EDGE_LOOP('',(#1199,#1200,#1201,#1202));
#5170=EDGE_LOOP('',(#1203,#1204,#1205,#1206));
#5171=EDGE_LOOP('',(#1207,#1208,#1209,#1210));
#5172=EDGE_LOOP('',(#1211,#1212,#1213,#1214));
#5173=EDGE_LOOP('',(#1215,#1216,#1217,#1218));
#5174=EDGE_LOOP('',(#1219,#1220,#1221,#1222));
#5175=EDGE_LOOP('',(#1223,#1224,#1225,#1226));
#5176=EDGE_LOOP('',(#1227,#1228,#1229,#1230));
#5177=EDGE_LOOP('',(#1231,#1232,#1233,#1234));
#5178=EDGE_LOOP('',(#1235,#1236,#1237,#1238));
#5179=EDGE_LOOP('',(#1239,#1240,#1241,#1242));
#5180=EDGE_LOOP('',(#1243,#1244,#1245,#1246));
#5181=EDGE_LOOP('',(#1247,#1248,#1249,#1250));
#5182=EDGE_LOOP('',(#1251,#1252,#1253,#1254));
#5183=EDGE_LOOP('',(#1255,#1256,#1257,#1258));
#5184=EDGE_LOOP('',(#1259,#1260,#1261,#1262));
#5185=EDGE_LOOP('',(#1263,#1264,#1265,#1266));
#5186=EDGE_LOOP('',(#1267,#1268,#1269,#1270));
#5187=EDGE_LOOP('',(#1271,#1272,#1273,#1274));
#5188=EDGE_LOOP('',(#1275,#1276,#1277,#1278));
#5189=EDGE_LOOP('',(#1279,#1280,#1281,#1282));
#5190=EDGE_LOOP('',(#1283,#1284,#1285,#1286));
#5191=EDGE_LOOP('',(#1287,#1288,#1289,#1290));
#5192=EDGE_LOOP('',(#1291,#1292,#1293,#1294));
#5193=EDGE_LOOP('',(#1295,#1296,#1297,#1298));
#5194=EDGE_LOOP('',(#1299,#1300,#1301,#1302));
#5195=EDGE_LOOP('',(#1303,#1304,#1305,#1306));
#5196=EDGE_LOOP('',(#1307,#1308,#1309,#1310));
#5197=EDGE_LOOP('',(#1311,#1312,#1313,#1314));
#5198=EDGE_LOOP('',(#1315,#1316,#1317,#1318));
#5199=EDGE_LOOP('',(#1319,#1320,#1321,#1322));
#5200=EDGE_LOOP('',(#1323,#1324,#1325,#1326));
#5201=EDGE_LOOP('',(#1327,#1328,#1329,#1330));
#5202=EDGE_LOOP('',(#1331,#1332,#1333,#1334));
#5203=EDGE_LOOP('',(#1335,#1336,#1337,#1338));
#5204=EDGE_LOOP('',(#1339,#1340,#1341,#1342));
#5205=EDGE_LOOP('',(#1343,#1344,#1345,#1346));
#5206=EDGE_LOOP('',(#1347,#1348,#1349,#1350));
#5207=EDGE_LOOP('',(#1351,#1352,#1353,#1354));
#5208=EDGE_LOOP('',(#1355,#1356,#1357,#1358));
#5209=EDGE_LOOP('',(#1359,#1360,#1361,#1362));
#5210=EDGE_LOOP('',(#1363,#1364,#1365,#1366));
#5211=EDGE_LOOP('',(#1367,#1368,#1369,#1370));
#5212=EDGE_LOOP('',(#1371,#1372,#1373,#1374));
#5213=EDGE_LOOP('',(#1375,#1376,#1377,#1378));
#5214=EDGE_LOOP('',(#1379,#1380,#1381,#1382));
#5215=EDGE_LOOP('',(#1383,#1384,#1385,#1386));
#5216=EDGE_LOOP('',(#1387,#1388,#1389,#1390));
#5217=EDGE_LOOP('',(#1391,#1392,#1393,#1394));
#5218=EDGE_LOOP('',(#1395,#1396,#1397,#1398));
#5219=EDGE_LOOP('',(#1399,#1400,#1401,#1402));
#5220=EDGE_LOOP('',(#1403,#1404,#1405,#1406));
#5221=EDGE_LOOP('',(#1407,#1408,#1409,#1410));
#5222=EDGE_LOOP('',(#1411,#1412,#1413,#1414));
#5223=EDGE_LOOP('',(#1415,#1416,#1417,#1418));
#5224=EDGE_LOOP('',(#1419,#1420,#1421,#1422));
#5225=EDGE_LOOP('',(#1423,#1424,#1425,#1426));
#5226=EDGE_LOOP('',(#1427,#1428,#1429,#1430));
#5227=EDGE_LOOP('',(#1431,#1432,#1433,#1434));
#5228=EDGE_LOOP('',(#1435,#1436,#1437,#1438));
#5229=EDGE_LOOP('',(#1439,#1440,#1441,#1442));
#5230=EDGE_LOOP('',(#1443,#1444,#1445,#1446));
#5231=EDGE_LOOP('',(#1447,#1448,#1449,#1450));
#5232=EDGE_LOOP('',(#1451,#1452,#1453,#1454));
#5233=EDGE_LOOP('',(#1455,#1456,#1457,#1458));
#5234=EDGE_LOOP('',(#1459,#1460,#1461,#1462));
#5235=EDGE_LOOP('',(#1463,#1464,#1465,#1466));
#5236=EDGE_LOOP('',(#1467,#1468,#1469,#1470));
#5237=EDGE_LOOP('',(#1471,#1472,#1473,#1474));
#5238=EDGE_LOOP('',(#1475,#1476,#1477,#1478));
#5239=EDGE_LOOP('',(#1479,#1480,#1481,#1482));
#5240=EDGE_LOOP('',(#1483,#1484,#1485,#1486));
#5241=EDGE_LOOP('',(#1487,#1488,#1489,#1490));
#5242=EDGE_LOOP('',(#1491,#1492,#1493,#1494));
#5243=EDGE_LOOP('',(#1495,#1496,#1497,#1498));
#5244=EDGE_LOOP('',(#1499,#1500,#1501,#1502));
#5245=EDGE_LOOP('',(#1503,#1504,#1505,#1506));
#5246=EDGE_LOOP('',(#1507,#1508,#1509,#1510));
#5247=EDGE_LOOP('',(#1511,#1512,#1513,#1514));
#5248=EDGE_LOOP('',(#1515,#1516,#1517,#1518));
#5249=EDGE_LOOP('',(#1519,#1520,#1521,#1522));
#5250=EDGE_LOOP('',(#1523,#1524,#1525,#1526));
#5251=EDGE_LOOP('',(#1527,#1528,#1529,#1530));
#5252=EDGE_LOOP('',(#1531,#1532,#1533,#1534));
#5253=EDGE_LOOP('',(#1535,#1536,#1537,#1538));
#5254=EDGE_LOOP('',(#1539,#1540,#1541,#1542));
#5255=EDGE_LOOP('',(#1543,#1544,#1545,#1546));
#5256=EDGE_LOOP('',(#1547,#1548,#1549,#1550));
#5257=EDGE_LOOP('',(#1551,#1552,#1553,#1554));
#5258=EDGE_LOOP('',(#1555,#1556,#1557,#1558));
#5259=EDGE_LOOP('',(#1559,#1560,#1561,#1562));
#5260=EDGE_LOOP('',(#1563,#1564,#1565,#1566));
#5261=EDGE_LOOP('',(#1567,#1568,#1569,#1570));
#5262=EDGE_LOOP('',(#1571,#1572,#1573,#1574));
#5263=EDGE_LOOP('',(#1575,#1576,#1577,#1578));
#5264=EDGE_LOOP('',(#1579,#1580,#1581,#1582));
#5265=EDGE_LOOP('',(#1583,#1584,#1585,#1586));
#5266=EDGE_LOOP('',(#1587,#1588,#1589,#1590));
#5267=EDGE_LOOP('',(#1591,#1592,#1593,#1594));
#5268=EDGE_LOOP('',(#1595,#1596,#1597,#1598));
#5269=EDGE_LOOP('',(#1599,#1600,#1601,#1602));
#5270=EDGE_LOOP('',(#1603,#1604,#1605,#1606));
#5271=EDGE_LOOP('',(#1607,#1608,#1609,#1610));
#5272=EDGE_LOOP('',(#1611,#1612,#1613,#1614));
#5273=EDGE_LOOP('',(#1615,#1616,#1617,#1618));
#5274=EDGE_LOOP('',(#1619,#1620,#1621,#1622));
#5275=EDGE_LOOP('',(#1623,#1624,#1625,#1626));
#5276=EDGE_LOOP('',(#1627,#1628,#1629,#1630));
#5277=EDGE_LOOP('',(#1631,#1632,#1633,#1634));
#5278=EDGE_LOOP('',(#1635,#1636,#1637,#1638));
#5279=EDGE_LOOP('',(#1639,#1640,#1641,#1642));
#5280=EDGE_LOOP('',(#1643,#1644,#1645,#1646));
#5281=EDGE_LOOP('',(#1647,#1648,#1649,#1650));
#5282=EDGE_LOOP('',(#1651,#1652,#1653,#1654));
#5283=EDGE_LOOP('',(#1655,#1656,#1657,#1658));
#5284=EDGE_LOOP('',(#1659,#1660,#1661,#1662));
#5285=EDGE_LOOP('',(#1663,#1664,#1665,#1666));
#5286=EDGE_LOOP('',(#1667,#1668,#1669,#1670));
#5287=EDGE_LOOP('',(#1671,#1672,#1673,#1674));
#5288=EDGE_LOOP('',(#1675,#1676,#1677,#1678));
#5289=EDGE_LOOP('',(#1679,#1680,#1681,#1682));
#5290=EDGE_LOOP('',(#1683,#1684,#1685,#1686));
#5291=EDGE_LOOP('',(#1687,#1688,#1689,#1690));
#5292=EDGE_LOOP('',(#1691,#1692,#1693,#1694));
#5293=EDGE_LOOP('',(#1695,#1696,#1697,#1698));
#5294=EDGE_LOOP('',(#1699,#1700,#1701,#1702));
#5295=EDGE_LOOP('',(#1703,#1704,#1705,#1706));
#5296=EDGE_LOOP('',(#1707,#1708,#1709,#1710));
#5297=EDGE_LOOP('',(#1711,#1712,#1713,#1714));
#5298=EDGE_LOOP('',(#1715,#1716,#1717,#1718));
#5299=EDGE_LOOP('',(#1719,#1720,#1721,#1722));
#5300=EDGE_LOOP('',(#1723,#1724,#1725,#1726));
#5301=EDGE_LOOP('',(#1727,#1728,#1729,#1730));
#5302=EDGE_LOOP('',(#1731,#1732,#1733,#1734));
#5303=EDGE_LOOP('',(#1735,#1736,#1737,#1738));
#5304=EDGE_LOOP('',(#1739,#1740,#1741,#1742));
#5305=EDGE_LOOP('',(#1743,#1744,#1745,#1746));
#5306=EDGE_LOOP('',(#1747,#1748,#1749,#1750));
#5307=EDGE_LOOP('',(#1751,#1752,#1753,#1754));
#5308=EDGE_LOOP('',(#1755,#1756,#1757,#1758));
#5309=EDGE_LOOP('',(#1759,#1760,#1761,#1762));
#5310=EDGE_LOOP('',(#1763,#1764,#1765,#1766));
#5311=EDGE_LOOP('',(#1767,#1768,#1769,#1770));
#5312=EDGE_LOOP('',(#1771,#1772,#1773,#1774));
#5313=EDGE_LOOP('',(#1775,#1776,#1777,#1778));
#5314=EDGE_LOOP('',(#1779,#1780,#1781,#1782));
#5315=EDGE_LOOP('',(#1783,#1784,#1785,#1786));
#5316=EDGE_LOOP('',(#1787,#1788,#1789,#1790));
#5317=EDGE_LOOP('',(#1791,#1792,#1793,#1794));
#5318=EDGE_LOOP('',(#1795,#1796,#1797,#1798));
#5319=EDGE_LOOP('',(#1799,#1800,#1801,#1802));
#5320=EDGE_LOOP('',(#1803,#1804,#1805,#1806));
#5321=EDGE_LOOP('',(#1807,#1808,#1809,#1810));
#5322=EDGE_LOOP('',(#1811,#1812,#1813,#1814));
#5323=EDGE_LOOP('',(#1815,#1816,#1817,#1818));
#5324=EDGE_LOOP('',(#1819,#1820,#1821,#1822));
#5325=EDGE_LOOP('',(#1823,#1824,#1825,#1826));
#5326=EDGE_LOOP('',(#1827,#1828,#1829,#1830));
#5327=EDGE_LOOP('',(#1831,#1832,#1833,#1834));
#5328=EDGE_LOOP('',(#1835,#1836,#1837,#1838));
#5329=EDGE_LOOP('',(#1839,#1840,#1841,#1842));
#5330=EDGE_LOOP('',(#1843,#1844,#1845,#1846));
#5331=EDGE_LOOP('',(#1847,#1848,#1849,#1850));
#5332=EDGE_LOOP('',(#1851,#1852,#1853,#1854));
#5333=EDGE_LOOP('',(#1855,#1856,#1857,#1858));
#5334=EDGE_LOOP('',(#1859,#1860,#1861,#1862));
#5335=EDGE_LOOP('',(#1863,#1864,#1865,#1866));
#5336=EDGE_LOOP('',(#1867,#1868,#1869,#1870));
#5337=EDGE_LOOP('',(#1871,#1872,#1873,#1874));
#5338=EDGE_LOOP('',(#1875,#1876,#1877,#1878));
#5339=EDGE_LOOP('',(#1879,#1880,#1881,#1882));
#5340=EDGE_LOOP('',(#1883,#1884,#1885,#1886));
#5341=EDGE_LOOP('',(#1887,#1888,#1889,#1890));
#5342=EDGE_LOOP('',(#1891,#1892,#1893,#1894));
#5343=EDGE_LOOP('',(#1895,#1896,#1897,#1898));
#5344=EDGE_LOOP('',(#1899,#1900,#1901,#1902));
#5345=EDGE_LOOP('',(#1903,#1904,#1905,#1906));
#5346=EDGE_LOOP('',(#1907,#1908,#1909,#1910));
#5347=EDGE_LOOP('',(#1911,#1912,#1913,#1914));
#5348=EDGE_LOOP('',(#1915,#1916,#1917,#1918));
#5349=EDGE_LOOP('',(#1919,#1920,#1921,#1922));
#5350=EDGE_LOOP('',(#1923,#1924,#1925,#1926));
#5351=EDGE_LOOP('',(#1927,#1928,#1929,#1930));
#5352=EDGE_LOOP('',(#1931,#1932,#1933,#1934));
#5353=EDGE_LOOP('',(#1935,#1936,#1937,#1938));
#5354=EDGE_LOOP('',(#1939,#1940,#1941,#1942));
#5355=EDGE_LOOP('',(#1943,#1944,#1945,#1946));
#5356=EDGE_LOOP('',(#1947,#1948,#1949,#1950));
#5357=EDGE_LOOP('',(#1951,#1952,#1953,#1954));
#5358=EDGE_LOOP('',(#1955,#1956,#1957,#1958));
#5359=EDGE_LOOP('',(#1959,#1960,#1961,#1962));
#5360=EDGE_LOOP('',(#1963,#1964,#1965,#1966));
#5361=EDGE_LOOP('',(#1967,#1968,#1969,#1970));
#5362=EDGE_LOOP('',(#1971,#1972,#1973,#1974));
#5363=EDGE_LOOP('',(#1975,#1976,#1977,#1978));
#5364=EDGE_LOOP('',(#1979,#1980,#1981,#1982));
#5365=EDGE_LOOP('',(#1983,#1984,#1985,#1986));
#5366=EDGE_LOOP('',(#1987,#1988,#1989,#1990));
#5367=EDGE_LOOP('',(#1991,#1992,#1993,#1994));
#5368=EDGE_LOOP('',(#1995,#1996,#1997,#1998));
#5369=EDGE_LOOP('',(#1999,#2000,#2001,#2002));
#5370=EDGE_LOOP('',(#2003,#2004,#2005,#2006));
#5371=EDGE_LOOP('',(#2007,#2008,#2009,#2010));
#5372=EDGE_LOOP('',(#2011,#2012,#2013,#2014));
#5373=EDGE_LOOP('',(#2015,#2016,#2017,#2018));
#5374=EDGE_LOOP('',(#2019,#2020,#2021,#2022));
#5375=EDGE_LOOP('',(#2023,#2024,#2025,#2026));
#5376=EDGE_LOOP('',(#2027,#2028,#2029,#2030));
#5377=EDGE_LOOP('',(#2031,#2032,#2033,#2034));
#5378=EDGE_LOOP('',(#2035,#2036,#2037,#2038));
#5379=EDGE_LOOP('',(#2039,#2040,#2041,#2042));
#5380=EDGE_LOOP('',(#2043,#2044,#2045,#2046));
#5381=EDGE_LOOP('',(#2047,#2048,#2049,#2050));
#5382=EDGE_LOOP('',(#2051,#2052,#2053,#2054));
#5383=EDGE_LOOP('',(#2055,#2056,#2057,#2058));
#5384=EDGE_LOOP('',(#2059,#2060,#2061,#2062));
#5385=EDGE_LOOP('',(#2063,#2064,#2065,#2066));
#5386=EDGE_LOOP('',(#2067,#2068,#2069,#2070));
#5387=EDGE_LOOP('',(#2071,#2072,#2073,#2074));
#5388=EDGE_LOOP('',(#2075,#2076,#2077,#2078));
#5389=EDGE_LOOP('',(#2079));
#5390=EDGE_LOOP('',(#2080));
#5391=EDGE_LOOP('',(#2081));
#5392=EDGE_LOOP('',(#2082));
#5393=EDGE_LOOP('',(#2083));
#5394=EDGE_LOOP('',(#2084));
#5395=EDGE_LOOP('',(#2085));
#5396=EDGE_LOOP('',(#2086));
#5397=EDGE_LOOP('',(#2087,#2088,#2089,#2090,#2091,#2092,#2093,#2094,#2095,
#2096,#2097,#2098,#2099,#2100,#2101,#2102,#2103,#2104));
#5398=EDGE_LOOP('',(#2105));
#5399=EDGE_LOOP('',(#2106));
#5400=EDGE_LOOP('',(#2107));
#5401=EDGE_LOOP('',(#2108,#2109,#2110,#2111,#2112,#2113,#2114,#2115,#2116,
#2117,#2118,#2119,#2120,#2121,#2122,#2123,#2124,#2125,#2126,#2127,#2128,
#2129,#2130,#2131,#2132,#2133,#2134,#2135,#2136,#2137,#2138,#2139,#2140,
#2141,#2142,#2143,#2144,#2145,#2146,#2147,#2148,#2149,#2150,#2151,#2152,
#2153,#2154,#2155,#2156,#2157,#2158,#2159,#2160,#2161,#2162,#2163,#2164,
#2165,#2166,#2167,#2168,#2169,#2170,#2171,#2172,#2173,#2174,#2175,#2176,
#2177,#2178,#2179,#2180,#2181,#2182,#2183,#2184,#2185,#2186,#2187,#2188,
#2189,#2190,#2191,#2192,#2193,#2194,#2195,#2196,#2197,#2198,#2199,#2200,
#2201,#2202,#2203,#2204,#2205,#2206,#2207,#2208,#2209,#2210,#2211,#2212,
#2213,#2214,#2215,#2216,#2217,#2218,#2219,#2220,#2221,#2222,#2223,#2224,
#2225,#2226,#2227,#2228,#2229,#2230,#2231,#2232,#2233,#2234,#2235,#2236,
#2237,#2238,#2239,#2240,#2241,#2242,#2243,#2244,#2245,#2246,#2247,#2248,
#2249,#2250,#2251,#2252,#2253,#2254,#2255,#2256,#2257,#2258,#2259,#2260,
#2261,#2262,#2263,#2264,#2265,#2266,#2267,#2268,#2269,#2270,#2271,#2272,
#2273,#2274,#2275,#2276,#2277,#2278,#2279,#2280,#2281,#2282,#2283,#2284,
#2285,#2286,#2287,#2288,#2289,#2290,#2291,#2292,#2293,#2294,#2295,#2296,
#2297,#2298,#2299,#2300,#2301,#2302,#2303,#2304,#2305,#2306,#2307,#2308,
#2309,#2310,#2311,#2312,#2313,#2314,#2315,#2316,#2317,#2318,#2319,#2320,
#2321,#2322,#2323,#2324,#2325,#2326,#2327,#2328,#2329,#2330,#2331,#2332,
#2333,#2334,#2335,#2336,#2337,#2338,#2339,#2340,#2341,#2342,#2343,#2344,
#2345,#2346,#2347,#2348,#2349,#2350,#2351,#2352,#2353,#2354,#2355,#2356,
#2357,#2358,#2359,#2360,#2361,#2362,#2363,#2364,#2365,#2366,#2367,#2368,
#2369,#2370,#2371,#2372,#2373,#2374,#2375,#2376,#2377,#2378,#2379,#2380,
#2381,#2382,#2383,#2384,#2385,#2386,#2387,#2388,#2389,#2390,#2391,#2392,
#2393,#2394,#2395));
#5402=EDGE_LOOP('',(#2396,#2397,#2398,#2399,#2400,#2401));
#5403=EDGE_LOOP('',(#2402,#2403,#2404,#2405,#2406,#2407));
#5404=EDGE_LOOP('',(#2408,#2409,#2410,#2411,#2412,#2413));
#5405=EDGE_LOOP('',(#2414));
#5406=EDGE_LOOP('',(#2415));
#5407=EDGE_LOOP('',(#2416));
#5408=EDGE_LOOP('',(#2417));
#5409=EDGE_LOOP('',(#2418));
#5410=EDGE_LOOP('',(#2419));
#5411=EDGE_LOOP('',(#2420));
#5412=EDGE_LOOP('',(#2421));
#5413=EDGE_LOOP('',(#2422));
#5414=EDGE_LOOP('',(#2423,#2424,#2425,#2426,#2427,#2428));
#5415=EDGE_LOOP('',(#2429));
#5416=EDGE_LOOP('',(#2430));
#5417=EDGE_LOOP('',(#2431));
#5418=EDGE_LOOP('',(#2432));
#5419=EDGE_LOOP('',(#2433));
#5420=EDGE_LOOP('',(#2434));
#5421=EDGE_LOOP('',(#2435));
#5422=EDGE_LOOP('',(#2436));
#5423=EDGE_LOOP('',(#2437));
#5424=EDGE_LOOP('',(#2438));
#5425=EDGE_LOOP('',(#2439));
#5426=EDGE_LOOP('',(#2440,#2441,#2442,#2443,#2444,#2445,#2446,#2447,#2448,
#2449,#2450,#2451,#2452,#2453,#2454,#2455,#2456,#2457,#2458,#2459,#2460,
#2461,#2462,#2463,#2464,#2465,#2466,#2467,#2468,#2469,#2470,#2471,#2472,
#2473,#2474,#2475,#2476,#2477,#2478,#2479,#2480,#2481,#2482,#2483,#2484,
#2485,#2486,#2487,#2488,#2489,#2490,#2491,#2492,#2493,#2494,#2495,#2496,
#2497,#2498,#2499,#2500,#2501,#2502,#2503,#2504,#2505,#2506,#2507,#2508,
#2509,#2510,#2511,#2512,#2513,#2514,#2515,#2516,#2517,#2518,#2519,#2520,
#2521,#2522,#2523,#2524,#2525,#2526,#2527,#2528,#2529,#2530,#2531,#2532,
#2533,#2534,#2535,#2536,#2537,#2538,#2539,#2540,#2541,#2542,#2543,#2544,
#2545,#2546,#2547,#2548,#2549,#2550,#2551,#2552,#2553,#2554,#2555,#2556,
#2557,#2558,#2559,#2560,#2561,#2562,#2563,#2564,#2565,#2566,#2567,#2568,
#2569,#2570,#2571,#2572,#2573,#2574,#2575,#2576,#2577,#2578,#2579,#2580,
#2581,#2582,#2583,#2584,#2585,#2586,#2587,#2588,#2589,#2590,#2591,#2592,
#2593,#2594,#2595,#2596,#2597,#2598,#2599,#2600,#2601,#2602,#2603,#2604,
#2605,#2606,#2607,#2608,#2609,#2610,#2611,#2612,#2613,#2614,#2615,#2616,
#2617,#2618,#2619,#2620,#2621,#2622,#2623,#2624,#2625,#2626,#2627,#2628,
#2629,#2630,#2631,#2632,#2633,#2634,#2635,#2636,#2637,#2638,#2639,#2640,
#2641,#2642,#2643,#2644,#2645,#2646,#2647,#2648,#2649,#2650,#2651,#2652,
#2653,#2654,#2655,#2656,#2657,#2658,#2659,#2660,#2661,#2662,#2663,#2664,
#2665,#2666,#2667,#2668,#2669,#2670,#2671,#2672,#2673,#2674,#2675,#2676,
#2677,#2678,#2679,#2680,#2681,#2682,#2683,#2684,#2685,#2686,#2687,#2688,
#2689,#2690,#2691,#2692,#2693,#2694,#2695,#2696,#2697,#2698,#2699,#2700,
#2701,#2702,#2703,#2704,#2705,#2706,#2707,#2708,#2709,#2710,#2711,#2712,
#2713,#2714,#2715,#2716,#2717,#2718,#2719,#2720,#2721,#2722,#2723,#2724,
#2725,#2726,#2727));
#5427=EDGE_LOOP('',(#2728));
#5428=EDGE_LOOP('',(#2729,#2730,#2731,#2732));
#5429=EDGE_LOOP('',(#2733,#2734,#2735,#2736));
#5430=EDGE_LOOP('',(#2737,#2738,#2739,#2740));
#5431=EDGE_LOOP('',(#2741,#2742,#2743,#2744));
#5432=EDGE_LOOP('',(#2745));
#5433=EDGE_LOOP('',(#2746,#2747,#2748,#2749,#2750,#2751));
#5434=EDGE_LOOP('',(#2752,#2753,#2754,#2755));
#5435=EDGE_LOOP('',(#2756,#2757,#2758,#2759));
#5436=EDGE_LOOP('',(#2760,#2761,#2762,#2763));
#5437=EDGE_LOOP('',(#2764,#2765,#2766,#2767));
#5438=EDGE_LOOP('',(#2768));
#5439=EDGE_LOOP('',(#2769,#2770,#2771,#2772,#2773,#2774));
#5440=EDGE_LOOP('',(#2775,#2776,#2777,#2778));
#5441=EDGE_LOOP('',(#2779,#2780,#2781,#2782));
#5442=EDGE_LOOP('',(#2783,#2784,#2785,#2786));
#5443=EDGE_LOOP('',(#2787,#2788,#2789,#2790));
#5444=EDGE_LOOP('',(#2791));
#5445=EDGE_LOOP('',(#2792,#2793,#2794,#2795,#2796,#2797));
#5446=EDGE_LOOP('',(#2798));
#5447=EDGE_LOOP('',(#2799));
#5448=EDGE_LOOP('',(#2800));
#5449=EDGE_LOOP('',(#2801));
#5450=EDGE_LOOP('',(#2802));
#5451=EDGE_LOOP('',(#2803));
#5452=EDGE_LOOP('',(#2804));
#5453=EDGE_LOOP('',(#2805));
#5454=EDGE_LOOP('',(#2806));
#5455=FACE_BOUND('',#5098,.T.);
#5456=FACE_BOUND('',#5099,.T.);
#5457=FACE_BOUND('',#5100,.T.);
#5458=FACE_BOUND('',#5101,.T.);
#5459=FACE_BOUND('',#5102,.T.);
#5460=FACE_BOUND('',#5103,.T.);
#5461=FACE_BOUND('',#5104,.T.);
#5462=FACE_BOUND('',#5105,.T.);
#5463=FACE_BOUND('',#5106,.T.);
#5464=FACE_BOUND('',#5107,.T.);
#5465=FACE_BOUND('',#5108,.T.);
#5466=FACE_BOUND('',#5109,.T.);
#5467=FACE_BOUND('',#5110,.T.);
#5468=FACE_BOUND('',#5111,.T.);
#5469=FACE_BOUND('',#5112,.T.);
#5470=FACE_BOUND('',#5113,.T.);
#5471=FACE_BOUND('',#5114,.T.);
#5472=FACE_BOUND('',#5115,.T.);
#5473=FACE_BOUND('',#5116,.T.);
#5474=FACE_BOUND('',#5117,.T.);
#5475=FACE_BOUND('',#5118,.T.);
#5476=FACE_BOUND('',#5119,.T.);
#5477=FACE_BOUND('',#5120,.T.);
#5478=FACE_BOUND('',#5121,.T.);
#5479=FACE_BOUND('',#5122,.T.);
#5480=FACE_BOUND('',#5123,.T.);
#5481=FACE_BOUND('',#5124,.T.);
#5482=FACE_BOUND('',#5125,.T.);
#5483=FACE_BOUND('',#5126,.T.);
#5484=FACE_BOUND('',#5127,.T.);
#5485=FACE_BOUND('',#5128,.T.);
#5486=FACE_BOUND('',#5129,.T.);
#5487=FACE_BOUND('',#5130,.T.);
#5488=FACE_BOUND('',#5131,.T.);
#5489=FACE_BOUND('',#5132,.T.);
#5490=FACE_BOUND('',#5133,.T.);
#5491=FACE_BOUND('',#5134,.T.);
#5492=FACE_BOUND('',#5135,.T.);
#5493=FACE_BOUND('',#5136,.T.);
#5494=FACE_BOUND('',#5137,.T.);
#5495=FACE_BOUND('',#5138,.T.);
#5496=FACE_BOUND('',#5139,.T.);
#5497=FACE_BOUND('',#5140,.T.);
#5498=FACE_BOUND('',#5141,.T.);
#5499=FACE_BOUND('',#5142,.T.);
#5500=FACE_BOUND('',#5143,.T.);
#5501=FACE_BOUND('',#5144,.T.);
#5502=FACE_BOUND('',#5145,.T.);
#5503=FACE_BOUND('',#5146,.T.);
#5504=FACE_BOUND('',#5147,.T.);
#5505=FACE_BOUND('',#5148,.T.);
#5506=FACE_BOUND('',#5149,.T.);
#5507=FACE_BOUND('',#5150,.T.);
#5508=FACE_BOUND('',#5151,.T.);
#5509=FACE_BOUND('',#5152,.T.);
#5510=FACE_BOUND('',#5153,.T.);
#5511=FACE_BOUND('',#5154,.T.);
#5512=FACE_BOUND('',#5155,.T.);
#5513=FACE_BOUND('',#5156,.T.);
#5514=FACE_BOUND('',#5157,.T.);
#5515=FACE_BOUND('',#5158,.T.);
#5516=FACE_BOUND('',#5159,.T.);
#5517=FACE_BOUND('',#5160,.T.);
#5518=FACE_BOUND('',#5161,.T.);
#5519=FACE_BOUND('',#5162,.T.);
#5520=FACE_BOUND('',#5163,.T.);
#5521=FACE_BOUND('',#5164,.T.);
#5522=FACE_BOUND('',#5165,.T.);
#5523=FACE_BOUND('',#5166,.T.);
#5524=FACE_BOUND('',#5167,.T.);
#5525=FACE_BOUND('',#5168,.T.);
#5526=FACE_BOUND('',#5169,.T.);
#5527=FACE_BOUND('',#5170,.T.);
#5528=FACE_BOUND('',#5171,.T.);
#5529=FACE_BOUND('',#5172,.T.);
#5530=FACE_BOUND('',#5173,.T.);
#5531=FACE_BOUND('',#5174,.T.);
#5532=FACE_BOUND('',#5175,.T.);
#5533=FACE_BOUND('',#5176,.T.);
#5534=FACE_BOUND('',#5177,.T.);
#5535=FACE_BOUND('',#5178,.T.);
#5536=FACE_BOUND('',#5179,.T.);
#5537=FACE_BOUND('',#5180,.T.);
#5538=FACE_BOUND('',#5181,.T.);
#5539=FACE_BOUND('',#5182,.T.);
#5540=FACE_BOUND('',#5183,.T.);
#5541=FACE_BOUND('',#5184,.T.);
#5542=FACE_BOUND('',#5185,.T.);
#5543=FACE_BOUND('',#5186,.T.);
#5544=FACE_BOUND('',#5187,.T.);
#5545=FACE_BOUND('',#5188,.T.);
#5546=FACE_BOUND('',#5189,.T.);
#5547=FACE_BOUND('',#5190,.T.);
#5548=FACE_BOUND('',#5191,.T.);
#5549=FACE_BOUND('',#5192,.T.);
#5550=FACE_BOUND('',#5193,.T.);
#5551=FACE_BOUND('',#5194,.T.);
#5552=FACE_BOUND('',#5195,.T.);
#5553=FACE_BOUND('',#5196,.T.);
#5554=FACE_BOUND('',#5197,.T.);
#5555=FACE_BOUND('',#5198,.T.);
#5556=FACE_BOUND('',#5199,.T.);
#5557=FACE_BOUND('',#5200,.T.);
#5558=FACE_BOUND('',#5201,.T.);
#5559=FACE_BOUND('',#5202,.T.);
#5560=FACE_BOUND('',#5203,.T.);
#5561=FACE_BOUND('',#5204,.T.);
#5562=FACE_BOUND('',#5205,.T.);
#5563=FACE_BOUND('',#5206,.T.);
#5564=FACE_BOUND('',#5207,.T.);
#5565=FACE_BOUND('',#5208,.T.);
#5566=FACE_BOUND('',#5209,.T.);
#5567=FACE_BOUND('',#5210,.T.);
#5568=FACE_BOUND('',#5211,.T.);
#5569=FACE_BOUND('',#5212,.T.);
#5570=FACE_BOUND('',#5213,.T.);
#5571=FACE_BOUND('',#5214,.T.);
#5572=FACE_BOUND('',#5215,.T.);
#5573=FACE_BOUND('',#5216,.T.);
#5574=FACE_BOUND('',#5217,.T.);
#5575=FACE_BOUND('',#5218,.T.);
#5576=FACE_BOUND('',#5219,.T.);
#5577=FACE_BOUND('',#5220,.T.);
#5578=FACE_BOUND('',#5221,.T.);
#5579=FACE_BOUND('',#5222,.T.);
#5580=FACE_BOUND('',#5223,.T.);
#5581=FACE_BOUND('',#5224,.T.);
#5582=FACE_BOUND('',#5225,.T.);
#5583=FACE_BOUND('',#5226,.T.);
#5584=FACE_BOUND('',#5227,.T.);
#5585=FACE_BOUND('',#5228,.T.);
#5586=FACE_BOUND('',#5229,.T.);
#5587=FACE_BOUND('',#5230,.T.);
#5588=FACE_BOUND('',#5231,.T.);
#5589=FACE_BOUND('',#5232,.T.);
#5590=FACE_BOUND('',#5233,.T.);
#5591=FACE_BOUND('',#5234,.T.);
#5592=FACE_BOUND('',#5235,.T.);
#5593=FACE_BOUND('',#5236,.T.);
#5594=FACE_BOUND('',#5237,.T.);
#5595=FACE_BOUND('',#5238,.T.);
#5596=FACE_BOUND('',#5239,.T.);
#5597=FACE_BOUND('',#5240,.T.);
#5598=FACE_BOUND('',#5241,.T.);
#5599=FACE_BOUND('',#5242,.T.);
#5600=FACE_BOUND('',#5243,.T.);
#5601=FACE_BOUND('',#5244,.T.);
#5602=FACE_BOUND('',#5245,.T.);
#5603=FACE_BOUND('',#5246,.T.);
#5604=FACE_BOUND('',#5247,.T.);
#5605=FACE_BOUND('',#5248,.T.);
#5606=FACE_BOUND('',#5249,.T.);
#5607=FACE_BOUND('',#5250,.T.);
#5608=FACE_BOUND('',#5251,.T.);
#5609=FACE_BOUND('',#5252,.T.);
#5610=FACE_BOUND('',#5253,.T.);
#5611=FACE_BOUND('',#5254,.T.);
#5612=FACE_BOUND('',#5255,.T.);
#5613=FACE_BOUND('',#5256,.T.);
#5614=FACE_BOUND('',#5257,.T.);
#5615=FACE_BOUND('',#5258,.T.);
#5616=FACE_BOUND('',#5259,.T.);
#5617=FACE_BOUND('',#5260,.T.);
#5618=FACE_BOUND('',#5261,.T.);
#5619=FACE_BOUND('',#5262,.T.);
#5620=FACE_BOUND('',#5263,.T.);
#5621=FACE_BOUND('',#5264,.T.);
#5622=FACE_BOUND('',#5265,.T.);
#5623=FACE_BOUND('',#5266,.T.);
#5624=FACE_BOUND('',#5267,.T.);
#5625=FACE_BOUND('',#5268,.T.);
#5626=FACE_BOUND('',#5269,.T.);
#5627=FACE_BOUND('',#5270,.T.);
#5628=FACE_BOUND('',#5271,.T.);
#5629=FACE_BOUND('',#5272,.T.);
#5630=FACE_BOUND('',#5273,.T.);
#5631=FACE_BOUND('',#5274,.T.);
#5632=FACE_BOUND('',#5275,.T.);
#5633=FACE_BOUND('',#5276,.T.);
#5634=FACE_BOUND('',#5277,.T.);
#5635=FACE_BOUND('',#5278,.T.);
#5636=FACE_BOUND('',#5279,.T.);
#5637=FACE_BOUND('',#5280,.T.);
#5638=FACE_BOUND('',#5281,.T.);
#5639=FACE_BOUND('',#5282,.T.);
#5640=FACE_BOUND('',#5283,.T.);
#5641=FACE_BOUND('',#5284,.T.);
#5642=FACE_BOUND('',#5285,.T.);
#5643=FACE_BOUND('',#5286,.T.);
#5644=FACE_BOUND('',#5287,.T.);
#5645=FACE_BOUND('',#5288,.T.);
#5646=FACE_BOUND('',#5289,.T.);
#5647=FACE_BOUND('',#5290,.T.);
#5648=FACE_BOUND('',#5291,.T.);
#5649=FACE_BOUND('',#5292,.T.);
#5650=FACE_BOUND('',#5293,.T.);
#5651=FACE_BOUND('',#5294,.T.);
#5652=FACE_BOUND('',#5295,.T.);
#5653=FACE_BOUND('',#5296,.T.);
#5654=FACE_BOUND('',#5297,.T.);
#5655=FACE_BOUND('',#5298,.T.);
#5656=FACE_BOUND('',#5299,.T.);
#5657=FACE_BOUND('',#5300,.T.);
#5658=FACE_BOUND('',#5301,.T.);
#5659=FACE_BOUND('',#5302,.T.);
#5660=FACE_BOUND('',#5303,.T.);
#5661=FACE_BOUND('',#5304,.T.);
#5662=FACE_BOUND('',#5305,.T.);
#5663=FACE_BOUND('',#5306,.T.);
#5664=FACE_BOUND('',#5307,.T.);
#5665=FACE_BOUND('',#5308,.T.);
#5666=FACE_BOUND('',#5309,.T.);
#5667=FACE_BOUND('',#5310,.T.);
#5668=FACE_BOUND('',#5311,.T.);
#5669=FACE_BOUND('',#5312,.T.);
#5670=FACE_BOUND('',#5313,.T.);
#5671=FACE_BOUND('',#5314,.T.);
#5672=FACE_BOUND('',#5315,.T.);
#5673=FACE_BOUND('',#5316,.T.);
#5674=FACE_BOUND('',#5317,.T.);
#5675=FACE_BOUND('',#5318,.T.);
#5676=FACE_BOUND('',#5319,.T.);
#5677=FACE_BOUND('',#5320,.T.);
#5678=FACE_BOUND('',#5321,.T.);
#5679=FACE_BOUND('',#5322,.T.);
#5680=FACE_BOUND('',#5323,.T.);
#5681=FACE_BOUND('',#5324,.T.);
#5682=FACE_BOUND('',#5325,.T.);
#5683=FACE_BOUND('',#5326,.T.);
#5684=FACE_BOUND('',#5327,.T.);
#5685=FACE_BOUND('',#5328,.T.);
#5686=FACE_BOUND('',#5329,.T.);
#5687=FACE_BOUND('',#5330,.T.);
#5688=FACE_BOUND('',#5331,.T.);
#5689=FACE_BOUND('',#5332,.T.);
#5690=FACE_BOUND('',#5333,.T.);
#5691=FACE_BOUND('',#5334,.T.);
#5692=FACE_BOUND('',#5335,.T.);
#5693=FACE_BOUND('',#5336,.T.);
#5694=FACE_BOUND('',#5337,.T.);
#5695=FACE_BOUND('',#5338,.T.);
#5696=FACE_BOUND('',#5339,.T.);
#5697=FACE_BOUND('',#5340,.T.);
#5698=FACE_BOUND('',#5341,.T.);
#5699=FACE_BOUND('',#5342,.T.);
#5700=FACE_BOUND('',#5343,.T.);
#5701=FACE_BOUND('',#5344,.T.);
#5702=FACE_BOUND('',#5345,.T.);
#5703=FACE_BOUND('',#5346,.T.);
#5704=FACE_BOUND('',#5347,.T.);
#5705=FACE_BOUND('',#5348,.T.);
#5706=FACE_BOUND('',#5349,.T.);
#5707=FACE_BOUND('',#5350,.T.);
#5708=FACE_BOUND('',#5351,.T.);
#5709=FACE_BOUND('',#5352,.T.);
#5710=FACE_BOUND('',#5353,.T.);
#5711=FACE_BOUND('',#5354,.T.);
#5712=FACE_BOUND('',#5355,.T.);
#5713=FACE_BOUND('',#5356,.T.);
#5714=FACE_BOUND('',#5357,.T.);
#5715=FACE_BOUND('',#5358,.T.);
#5716=FACE_BOUND('',#5359,.T.);
#5717=FACE_BOUND('',#5360,.T.);
#5718=FACE_BOUND('',#5361,.T.);
#5719=FACE_BOUND('',#5362,.T.);
#5720=FACE_BOUND('',#5363,.T.);
#5721=FACE_BOUND('',#5364,.T.);
#5722=FACE_BOUND('',#5365,.T.);
#5723=FACE_BOUND('',#5366,.T.);
#5724=FACE_BOUND('',#5367,.T.);
#5725=FACE_BOUND('',#5368,.T.);
#5726=FACE_BOUND('',#5369,.T.);
#5727=FACE_BOUND('',#5370,.T.);
#5728=FACE_BOUND('',#5371,.T.);
#5729=FACE_BOUND('',#5372,.T.);
#5730=FACE_BOUND('',#5373,.T.);
#5731=FACE_BOUND('',#5374,.T.);
#5732=FACE_BOUND('',#5375,.T.);
#5733=FACE_BOUND('',#5376,.T.);
#5734=FACE_BOUND('',#5377,.T.);
#5735=FACE_BOUND('',#5378,.T.);
#5736=FACE_BOUND('',#5379,.T.);
#5737=FACE_BOUND('',#5380,.T.);
#5738=FACE_BOUND('',#5381,.T.);
#5739=FACE_BOUND('',#5382,.T.);
#5740=FACE_BOUND('',#5383,.T.);
#5741=FACE_BOUND('',#5384,.T.);
#5742=FACE_BOUND('',#5385,.T.);
#5743=FACE_BOUND('',#5386,.T.);
#5744=FACE_BOUND('',#5387,.T.);
#5745=FACE_BOUND('',#5388,.T.);
#5746=FACE_BOUND('',#5389,.T.);
#5747=FACE_BOUND('',#5390,.T.);
#5748=FACE_BOUND('',#5391,.T.);
#5749=FACE_BOUND('',#5392,.T.);
#5750=FACE_BOUND('',#5393,.T.);
#5751=FACE_BOUND('',#5394,.T.);
#5752=FACE_BOUND('',#5395,.T.);
#5753=FACE_BOUND('',#5396,.T.);
#5754=FACE_BOUND('',#5397,.T.);
#5755=FACE_BOUND('',#5398,.T.);
#5756=FACE_BOUND('',#5399,.T.);
#5757=FACE_BOUND('',#5400,.T.);
#5758=FACE_BOUND('',#5401,.T.);
#5759=FACE_BOUND('',#5402,.T.);
#5760=FACE_BOUND('',#5403,.T.);
#5761=FACE_BOUND('',#5404,.T.);
#5762=FACE_BOUND('',#5405,.T.);
#5763=FACE_BOUND('',#5406,.T.);
#5764=FACE_BOUND('',#5407,.T.);
#5765=FACE_BOUND('',#5408,.T.);
#5766=FACE_BOUND('',#5409,.T.);
#5767=FACE_BOUND('',#5410,.T.);
#5768=FACE_BOUND('',#5411,.T.);
#5769=FACE_BOUND('',#5412,.T.);
#5770=FACE_BOUND('',#5413,.T.);
#5771=FACE_BOUND('',#5414,.T.);
#5772=FACE_BOUND('',#5415,.T.);
#5773=FACE_BOUND('',#5416,.T.);
#5774=FACE_BOUND('',#5417,.T.);
#5775=FACE_BOUND('',#5418,.T.);
#5776=FACE_BOUND('',#5419,.T.);
#5777=FACE_BOUND('',#5420,.T.);
#5778=FACE_BOUND('',#5421,.T.);
#5779=FACE_BOUND('',#5422,.T.);
#5780=FACE_BOUND('',#5423,.T.);
#5781=FACE_BOUND('',#5424,.T.);
#5782=FACE_BOUND('',#5425,.T.);
#5783=FACE_BOUND('',#5426,.T.);
#5784=FACE_BOUND('',#5427,.T.);
#5785=FACE_BOUND('',#5428,.T.);
#5786=FACE_BOUND('',#5429,.T.);
#5787=FACE_BOUND('',#5430,.T.);
#5788=FACE_BOUND('',#5431,.T.);
#5789=FACE_BOUND('',#5432,.T.);
#5790=FACE_BOUND('',#5433,.T.);
#5791=FACE_BOUND('',#5434,.T.);
#5792=FACE_BOUND('',#5435,.T.);
#5793=FACE_BOUND('',#5436,.T.);
#5794=FACE_BOUND('',#5437,.T.);
#5795=FACE_BOUND('',#5438,.T.);
#5796=FACE_BOUND('',#5439,.T.);
#5797=FACE_BOUND('',#5440,.T.);
#5798=FACE_BOUND('',#5441,.T.);
#5799=FACE_BOUND('',#5442,.T.);
#5800=FACE_BOUND('',#5443,.T.);
#5801=FACE_BOUND('',#5444,.T.);
#5802=FACE_BOUND('',#5445,.T.);
#5803=FACE_BOUND('',#5446,.T.);
#5804=FACE_BOUND('',#5447,.T.);
#5805=FACE_BOUND('',#5448,.T.);
#5806=FACE_BOUND('',#5449,.T.);
#5807=FACE_BOUND('',#5450,.T.);
#5808=FACE_BOUND('',#5451,.T.);
#5809=FACE_BOUND('',#5452,.T.);
#5810=FACE_BOUND('',#5453,.T.);
#5811=FACE_BOUND('',#5454,.T.);
#5812=PLANE('',#6186);
#5813=PLANE('',#6187);
#5814=PLANE('',#6188);
#5815=PLANE('',#6633);
#5816=PLANE('',#6637);
#5817=PLANE('',#6638);
#5818=PLANE('',#6639);
#5819=PLANE('',#6646);
#5820=PLANE('',#6648);
#5821=PLANE('',#6649);
#5822=PLANE('',#6650);
#5823=PLANE('',#6653);
#5824=PLANE('',#6654);
#5825=PLANE('',#6655);
#5826=PLANE('',#6656);
#5827=PLANE('',#6657);
#5828=PLANE('',#6658);
#5829=PLANE('',#6659);
#5830=PLANE('',#6661);
#5831=PLANE('',#6662);
#5832=PLANE('',#6663);
#5833=PLANE('',#6664);
#5834=PLANE('',#6665);
#5835=PLANE('',#6667);
#5836=PLANE('',#6668);
#5837=PLANE('',#6669);
#5838=PLANE('',#6670);
#5839=PLANE('',#6671);
#5840=PLANE('',#6675);
#5841=PLANE('',#6678);
#5842=PLANE('',#6681);
#5843=ADVANCED_FACE('',(#5455),#5812,.F.);
#5844=ADVANCED_FACE('',(#5456),#5813,.F.);
#5845=ADVANCED_FACE('',(#5457),#5814,.F.);
#5846=ADVANCED_FACE('',(#5458),#754,.F.);
#5847=ADVANCED_FACE('',(#5459),#755,.F.);
#5848=ADVANCED_FACE('',(#5460),#756,.F.);
#5849=ADVANCED_FACE('',(#5461),#757,.F.);
#5850=ADVANCED_FACE('',(#5462),#758,.F.);
#5851=ADVANCED_FACE('',(#5463),#759,.F.);
#5852=ADVANCED_FACE('',(#5464),#760,.F.);
#5853=ADVANCED_FACE('',(#5465),#761,.F.);
#5854=ADVANCED_FACE('',(#5466),#762,.F.);
#5855=ADVANCED_FACE('',(#5467),#763,.F.);
#5856=ADVANCED_FACE('',(#5468),#764,.F.);
#5857=ADVANCED_FACE('',(#5469),#765,.F.);
#5858=ADVANCED_FACE('',(#5470),#766,.F.);
#5859=ADVANCED_FACE('',(#5471),#767,.F.);
#5860=ADVANCED_FACE('',(#5472),#768,.F.);
#5861=ADVANCED_FACE('',(#5473),#769,.F.);
#5862=ADVANCED_FACE('',(#5474),#770,.F.);
#5863=ADVANCED_FACE('',(#5475),#771,.F.);
#5864=ADVANCED_FACE('',(#5476),#772,.F.);
#5865=ADVANCED_FACE('',(#5477),#773,.F.);
#5866=ADVANCED_FACE('',(#5478),#774,.F.);
#5867=ADVANCED_FACE('',(#5479),#775,.F.);
#5868=ADVANCED_FACE('',(#5480),#776,.F.);
#5869=ADVANCED_FACE('',(#5481),#777,.F.);
#5870=ADVANCED_FACE('',(#5482),#778,.F.);
#5871=ADVANCED_FACE('',(#5483),#779,.F.);
#5872=ADVANCED_FACE('',(#5484),#780,.F.);
#5873=ADVANCED_FACE('',(#5485),#781,.F.);
#5874=ADVANCED_FACE('',(#5486),#782,.F.);
#5875=ADVANCED_FACE('',(#5487),#783,.F.);
#5876=ADVANCED_FACE('',(#5488),#784,.F.);
#5877=ADVANCED_FACE('',(#5489),#785,.F.);
#5878=ADVANCED_FACE('',(#5490),#786,.F.);
#5879=ADVANCED_FACE('',(#5491),#787,.F.);
#5880=ADVANCED_FACE('',(#5492),#788,.F.);
#5881=ADVANCED_FACE('',(#5493),#789,.F.);
#5882=ADVANCED_FACE('',(#5494),#790,.F.);
#5883=ADVANCED_FACE('',(#5495),#791,.F.);
#5884=ADVANCED_FACE('',(#5496),#792,.F.);
#5885=ADVANCED_FACE('',(#5497),#793,.F.);
#5886=ADVANCED_FACE('',(#5498),#794,.F.);
#5887=ADVANCED_FACE('',(#5499),#795,.F.);
#5888=ADVANCED_FACE('',(#5500),#796,.F.);
#5889=ADVANCED_FACE('',(#5501),#797,.F.);
#5890=ADVANCED_FACE('',(#5502),#798,.F.);
#5891=ADVANCED_FACE('',(#5503),#799,.F.);
#5892=ADVANCED_FACE('',(#5504),#800,.F.);
#5893=ADVANCED_FACE('',(#5505),#801,.F.);
#5894=ADVANCED_FACE('',(#5506),#802,.F.);
#5895=ADVANCED_FACE('',(#5507),#803,.F.);
#5896=ADVANCED_FACE('',(#5508),#804,.F.);
#5897=ADVANCED_FACE('',(#5509),#805,.F.);
#5898=ADVANCED_FACE('',(#5510),#806,.F.);
#5899=ADVANCED_FACE('',(#5511),#807,.F.);
#5900=ADVANCED_FACE('',(#5512),#808,.F.);
#5901=ADVANCED_FACE('',(#5513),#809,.F.);
#5902=ADVANCED_FACE('',(#5514),#810,.F.);
#5903=ADVANCED_FACE('',(#5515),#811,.F.);
#5904=ADVANCED_FACE('',(#5516),#812,.F.);
#5905=ADVANCED_FACE('',(#5517),#813,.F.);
#5906=ADVANCED_FACE('',(#5518),#814,.F.);
#5907=ADVANCED_FACE('',(#5519),#815,.F.);
#5908=ADVANCED_FACE('',(#5520),#816,.F.);
#5909=ADVANCED_FACE('',(#5521),#817,.F.);
#5910=ADVANCED_FACE('',(#5522),#818,.F.);
#5911=ADVANCED_FACE('',(#5523),#819,.F.);
#5912=ADVANCED_FACE('',(#5524),#820,.F.);
#5913=ADVANCED_FACE('',(#5525),#821,.F.);
#5914=ADVANCED_FACE('',(#5526),#822,.F.);
#5915=ADVANCED_FACE('',(#5527),#823,.F.);
#5916=ADVANCED_FACE('',(#5528),#824,.F.);
#5917=ADVANCED_FACE('',(#5529),#825,.F.);
#5918=ADVANCED_FACE('',(#5530),#300,.T.);
#5919=ADVANCED_FACE('',(#5531),#301,.F.);
#5920=ADVANCED_FACE('',(#5532),#826,.T.);
#5921=ADVANCED_FACE('',(#5533),#302,.T.);
#5922=ADVANCED_FACE('',(#5534),#303,.F.);
#5923=ADVANCED_FACE('',(#5535),#827,.T.);
#5924=ADVANCED_FACE('',(#5536),#304,.T.);
#5925=ADVANCED_FACE('',(#5537),#305,.F.);
#5926=ADVANCED_FACE('',(#5538),#828,.T.);
#5927=ADVANCED_FACE('',(#5539),#306,.T.);
#5928=ADVANCED_FACE('',(#5540),#307,.F.);
#5929=ADVANCED_FACE('',(#5541),#829,.T.);
#5930=ADVANCED_FACE('',(#5542),#308,.T.);
#5931=ADVANCED_FACE('',(#5543),#309,.F.);
#5932=ADVANCED_FACE('',(#5544),#830,.T.);
#5933=ADVANCED_FACE('',(#5545),#310,.T.);
#5934=ADVANCED_FACE('',(#5546),#311,.F.);
#5935=ADVANCED_FACE('',(#5547),#831,.T.);
#5936=ADVANCED_FACE('',(#5548),#312,.T.);
#5937=ADVANCED_FACE('',(#5549),#313,.F.);
#5938=ADVANCED_FACE('',(#5550),#832,.T.);
#5939=ADVANCED_FACE('',(#5551),#314,.T.);
#5940=ADVANCED_FACE('',(#5552),#315,.F.);
#5941=ADVANCED_FACE('',(#5553),#833,.T.);
#5942=ADVANCED_FACE('',(#5554),#316,.T.);
#5943=ADVANCED_FACE('',(#5555),#317,.F.);
#5944=ADVANCED_FACE('',(#5556),#834,.T.);
#5945=ADVANCED_FACE('',(#5557),#318,.T.);
#5946=ADVANCED_FACE('',(#5558),#319,.F.);
#5947=ADVANCED_FACE('',(#5559),#835,.T.);
#5948=ADVANCED_FACE('',(#5560),#320,.T.);
#5949=ADVANCED_FACE('',(#5561),#321,.F.);
#5950=ADVANCED_FACE('',(#5562),#836,.T.);
#5951=ADVANCED_FACE('',(#5563),#322,.T.);
#5952=ADVANCED_FACE('',(#5564),#323,.F.);
#5953=ADVANCED_FACE('',(#5565),#837,.T.);
#5954=ADVANCED_FACE('',(#5566),#324,.T.);
#5955=ADVANCED_FACE('',(#5567),#325,.F.);
#5956=ADVANCED_FACE('',(#5568),#838,.T.);
#5957=ADVANCED_FACE('',(#5569),#326,.T.);
#5958=ADVANCED_FACE('',(#5570),#327,.F.);
#5959=ADVANCED_FACE('',(#5571),#839,.T.);
#5960=ADVANCED_FACE('',(#5572),#328,.T.);
#5961=ADVANCED_FACE('',(#5573),#329,.F.);
#5962=ADVANCED_FACE('',(#5574),#840,.T.);
#5963=ADVANCED_FACE('',(#5575),#330,.T.);
#5964=ADVANCED_FACE('',(#5576),#331,.F.);
#5965=ADVANCED_FACE('',(#5577),#841,.T.);
#5966=ADVANCED_FACE('',(#5578),#332,.T.);
#5967=ADVANCED_FACE('',(#5579),#333,.F.);
#5968=ADVANCED_FACE('',(#5580),#842,.T.);
#5969=ADVANCED_FACE('',(#5581),#334,.T.);
#5970=ADVANCED_FACE('',(#5582),#335,.F.);
#5971=ADVANCED_FACE('',(#5583),#843,.T.);
#5972=ADVANCED_FACE('',(#5584),#336,.T.);
#5973=ADVANCED_FACE('',(#5585),#337,.F.);
#5974=ADVANCED_FACE('',(#5586),#844,.T.);
#5975=ADVANCED_FACE('',(#5587),#338,.T.);
#5976=ADVANCED_FACE('',(#5588),#339,.F.);
#5977=ADVANCED_FACE('',(#5589),#845,.T.);
#5978=ADVANCED_FACE('',(#5590),#340,.T.);
#5979=ADVANCED_FACE('',(#5591),#341,.F.);
#5980=ADVANCED_FACE('',(#5592),#846,.T.);
#5981=ADVANCED_FACE('',(#5593),#342,.T.);
#5982=ADVANCED_FACE('',(#5594),#343,.F.);
#5983=ADVANCED_FACE('',(#5595),#847,.T.);
#5984=ADVANCED_FACE('',(#5596),#344,.T.);
#5985=ADVANCED_FACE('',(#5597),#345,.F.);
#5986=ADVANCED_FACE('',(#5598),#848,.T.);
#5987=ADVANCED_FACE('',(#5599),#346,.T.);
#5988=ADVANCED_FACE('',(#5600),#347,.F.);
#5989=ADVANCED_FACE('',(#5601),#849,.T.);
#5990=ADVANCED_FACE('',(#5602),#348,.T.);
#5991=ADVANCED_FACE('',(#5603),#349,.F.);
#5992=ADVANCED_FACE('',(#5604),#850,.T.);
#5993=ADVANCED_FACE('',(#5605),#350,.T.);
#5994=ADVANCED_FACE('',(#5606),#351,.F.);
#5995=ADVANCED_FACE('',(#5607),#851,.T.);
#5996=ADVANCED_FACE('',(#5608),#352,.T.);
#5997=ADVANCED_FACE('',(#5609),#353,.F.);
#5998=ADVANCED_FACE('',(#5610),#852,.T.);
#5999=ADVANCED_FACE('',(#5611),#354,.T.);
#6000=ADVANCED_FACE('',(#5612),#355,.F.);
#6001=ADVANCED_FACE('',(#5613),#853,.T.);
#6002=ADVANCED_FACE('',(#5614),#356,.T.);
#6003=ADVANCED_FACE('',(#5615),#357,.F.);
#6004=ADVANCED_FACE('',(#5616),#854,.T.);
#6005=ADVANCED_FACE('',(#5617),#358,.T.);
#6006=ADVANCED_FACE('',(#5618),#359,.F.);
#6007=ADVANCED_FACE('',(#5619),#855,.T.);
#6008=ADVANCED_FACE('',(#5620),#360,.T.);
#6009=ADVANCED_FACE('',(#5621),#361,.F.);
#6010=ADVANCED_FACE('',(#5622),#856,.T.);
#6011=ADVANCED_FACE('',(#5623),#362,.T.);
#6012=ADVANCED_FACE('',(#5624),#363,.F.);
#6013=ADVANCED_FACE('',(#5625),#857,.T.);
#6014=ADVANCED_FACE('',(#5626),#364,.T.);
#6015=ADVANCED_FACE('',(#5627),#365,.F.);
#6016=ADVANCED_FACE('',(#5628),#858,.T.);
#6017=ADVANCED_FACE('',(#5629),#366,.T.);
#6018=ADVANCED_FACE('',(#5630),#367,.F.);
#6019=ADVANCED_FACE('',(#5631),#859,.T.);
#6020=ADVANCED_FACE('',(#5632),#368,.T.);
#6021=ADVANCED_FACE('',(#5633),#369,.F.);
#6022=ADVANCED_FACE('',(#5634),#860,.T.);
#6023=ADVANCED_FACE('',(#5635),#370,.T.);
#6024=ADVANCED_FACE('',(#5636),#371,.F.);
#6025=ADVANCED_FACE('',(#5637),#861,.T.);
#6026=ADVANCED_FACE('',(#5638),#372,.T.);
#6027=ADVANCED_FACE('',(#5639),#373,.F.);
#6028=ADVANCED_FACE('',(#5640),#862,.T.);
#6029=ADVANCED_FACE('',(#5641),#374,.T.);
#6030=ADVANCED_FACE('',(#5642),#375,.F.);
#6031=ADVANCED_FACE('',(#5643),#863,.T.);
#6032=ADVANCED_FACE('',(#5644),#376,.T.);
#6033=ADVANCED_FACE('',(#5645),#377,.F.);
#6034=ADVANCED_FACE('',(#5646),#864,.T.);
#6035=ADVANCED_FACE('',(#5647),#378,.T.);
#6036=ADVANCED_FACE('',(#5648),#379,.F.);
#6037=ADVANCED_FACE('',(#5649),#865,.T.);
#6038=ADVANCED_FACE('',(#5650),#380,.T.);
#6039=ADVANCED_FACE('',(#5651),#381,.F.);
#6040=ADVANCED_FACE('',(#5652),#866,.T.);
#6041=ADVANCED_FACE('',(#5653),#382,.T.);
#6042=ADVANCED_FACE('',(#5654),#383,.F.);
#6043=ADVANCED_FACE('',(#5655),#867,.T.);
#6044=ADVANCED_FACE('',(#5656),#384,.T.);
#6045=ADVANCED_FACE('',(#5657),#385,.F.);
#6046=ADVANCED_FACE('',(#5658),#868,.T.);
#6047=ADVANCED_FACE('',(#5659),#386,.T.);
#6048=ADVANCED_FACE('',(#5660),#387,.F.);
#6049=ADVANCED_FACE('',(#5661),#869,.T.);
#6050=ADVANCED_FACE('',(#5662),#388,.T.);
#6051=ADVANCED_FACE('',(#5663),#389,.F.);
#6052=ADVANCED_FACE('',(#5664),#870,.T.);
#6053=ADVANCED_FACE('',(#5665),#390,.T.);
#6054=ADVANCED_FACE('',(#5666),#391,.F.);
#6055=ADVANCED_FACE('',(#5667),#871,.T.);
#6056=ADVANCED_FACE('',(#5668),#392,.T.);
#6057=ADVANCED_FACE('',(#5669),#393,.F.);
#6058=ADVANCED_FACE('',(#5670),#872,.T.);
#6059=ADVANCED_FACE('',(#5671),#394,.T.);
#6060=ADVANCED_FACE('',(#5672),#395,.F.);
#6061=ADVANCED_FACE('',(#5673),#873,.T.);
#6062=ADVANCED_FACE('',(#5674),#396,.T.);
#6063=ADVANCED_FACE('',(#5675),#397,.F.);
#6064=ADVANCED_FACE('',(#5676),#874,.T.);
#6065=ADVANCED_FACE('',(#5677),#398,.T.);
#6066=ADVANCED_FACE('',(#5678),#399,.F.);
#6067=ADVANCED_FACE('',(#5679),#875,.T.);
#6068=ADVANCED_FACE('',(#5680),#400,.T.);
#6069=ADVANCED_FACE('',(#5681),#401,.F.);
#6070=ADVANCED_FACE('',(#5682),#876,.T.);
#6071=ADVANCED_FACE('',(#5683),#402,.T.);
#6072=ADVANCED_FACE('',(#5684),#403,.F.);
#6073=ADVANCED_FACE('',(#5685),#877,.T.);
#6074=ADVANCED_FACE('',(#5686),#404,.T.);
#6075=ADVANCED_FACE('',(#5687),#405,.F.);
#6076=ADVANCED_FACE('',(#5688),#878,.T.);
#6077=ADVANCED_FACE('',(#5689),#406,.T.);
#6078=ADVANCED_FACE('',(#5690),#407,.F.);
#6079=ADVANCED_FACE('',(#5691),#879,.T.);
#6080=ADVANCED_FACE('',(#5692),#408,.T.);
#6081=ADVANCED_FACE('',(#5693),#409,.F.);
#6082=ADVANCED_FACE('',(#5694),#880,.T.);
#6083=ADVANCED_FACE('',(#5695),#410,.T.);
#6084=ADVANCED_FACE('',(#5696),#411,.F.);
#6085=ADVANCED_FACE('',(#5697),#881,.T.);
#6086=ADVANCED_FACE('',(#5698),#412,.T.);
#6087=ADVANCED_FACE('',(#5699),#413,.F.);
#6088=ADVANCED_FACE('',(#5700),#882,.T.);
#6089=ADVANCED_FACE('',(#5701),#414,.T.);
#6090=ADVANCED_FACE('',(#5702),#415,.F.);
#6091=ADVANCED_FACE('',(#5703),#883,.T.);
#6092=ADVANCED_FACE('',(#5704),#416,.T.);
#6093=ADVANCED_FACE('',(#5705),#417,.F.);
#6094=ADVANCED_FACE('',(#5706),#884,.T.);
#6095=ADVANCED_FACE('',(#5707),#418,.T.);
#6096=ADVANCED_FACE('',(#5708),#419,.F.);
#6097=ADVANCED_FACE('',(#5709),#885,.T.);
#6098=ADVANCED_FACE('',(#5710),#420,.T.);
#6099=ADVANCED_FACE('',(#5711),#421,.F.);
#6100=ADVANCED_FACE('',(#5712),#886,.T.);
#6101=ADVANCED_FACE('',(#5713),#422,.T.);
#6102=ADVANCED_FACE('',(#5714),#423,.F.);
#6103=ADVANCED_FACE('',(#5715),#887,.T.);
#6104=ADVANCED_FACE('',(#5716),#424,.T.);
#6105=ADVANCED_FACE('',(#5717),#425,.F.);
#6106=ADVANCED_FACE('',(#5718),#888,.T.);
#6107=ADVANCED_FACE('',(#5719),#426,.T.);
#6108=ADVANCED_FACE('',(#5720),#427,.F.);
#6109=ADVANCED_FACE('',(#5721),#889,.T.);
#6110=ADVANCED_FACE('',(#5722),#428,.T.);
#6111=ADVANCED_FACE('',(#5723),#429,.F.);
#6112=ADVANCED_FACE('',(#5724),#890,.T.);
#6113=ADVANCED_FACE('',(#5725),#430,.T.);
#6114=ADVANCED_FACE('',(#5726),#431,.F.);
#6115=ADVANCED_FACE('',(#5727),#891,.T.);
#6116=ADVANCED_FACE('',(#5728),#432,.T.);
#6117=ADVANCED_FACE('',(#5729),#433,.F.);
#6118=ADVANCED_FACE('',(#5730),#892,.T.);
#6119=ADVANCED_FACE('',(#5731),#434,.T.);
#6120=ADVANCED_FACE('',(#5732),#435,.F.);
#6121=ADVANCED_FACE('',(#5733),#893,.T.);
#6122=ADVANCED_FACE('',(#5734),#436,.T.);
#6123=ADVANCED_FACE('',(#5735),#437,.F.);
#6124=ADVANCED_FACE('',(#5736),#894,.T.);
#6125=ADVANCED_FACE('',(#5737),#438,.T.);
#6126=ADVANCED_FACE('',(#5738),#439,.F.);
#6127=ADVANCED_FACE('',(#5739),#895,.T.);
#6128=ADVANCED_FACE('',(#5740),#440,.T.);
#6129=ADVANCED_FACE('',(#5741),#441,.F.);
#6130=ADVANCED_FACE('',(#5742),#896,.T.);
#6131=ADVANCED_FACE('',(#5743),#442,.T.);
#6132=ADVANCED_FACE('',(#5744),#443,.F.);
#6133=ADVANCED_FACE('',(#5745),#897,.T.);
#6134=ADVANCED_FACE('',(#5746,#5747),#898,.F.);
#6135=ADVANCED_FACE('',(#5748,#5749),#899,.F.);
#6136=ADVANCED_FACE('',(#5750,#5751),#900,.F.);
#6137=ADVANCED_FACE('',(#5752,#5753),#901,.F.);
#6138=ADVANCED_FACE('',(#5754,#5755,#5756,#5757,#5758),#5815,.T.);
#6139=ADVANCED_FACE('',(#5759),#5816,.F.);
#6140=ADVANCED_FACE('',(#5760),#5817,.F.);
#6141=ADVANCED_FACE('',(#5761),#5818,.F.);
#6142=ADVANCED_FACE('',(#5762,#5763),#902,.F.);
#6143=ADVANCED_FACE('',(#5764,#5765),#903,.F.);
#6144=ADVANCED_FACE('',(#5766,#5767),#904,.F.);
#6145=ADVANCED_FACE('',(#5768,#5769,#5770,#5771,#5772),#5819,.T.);
#6146=ADVANCED_FACE('',(#5773,#5774),#5820,.T.);
#6147=ADVANCED_FACE('',(#5775,#5776),#5821,.T.);
#6148=ADVANCED_FACE('',(#5777,#5778),#5822,.T.);
#6149=ADVANCED_FACE('',(#5779,#5780),#905,.F.);
#6150=ADVANCED_FACE('',(#5781,#5782),#5823,.F.);
#6151=ADVANCED_FACE('',(#5783,#5784),#5824,.F.);
#6152=ADVANCED_FACE('',(#5785),#5825,.F.);
#6153=ADVANCED_FACE('',(#5786),#5826,.F.);
#6154=ADVANCED_FACE('',(#5787),#5827,.F.);
#6155=ADVANCED_FACE('',(#5788),#5828,.F.);
#6156=ADVANCED_FACE('',(#5789,#5790),#5829,.T.);
#6157=ADVANCED_FACE('',(#5791),#5830,.F.);
#6158=ADVANCED_FACE('',(#5792),#5831,.F.);
#6159=ADVANCED_FACE('',(#5793),#5832,.F.);
#6160=ADVANCED_FACE('',(#5794),#5833,.F.);
#6161=ADVANCED_FACE('',(#5795,#5796),#5834,.T.);
#6162=ADVANCED_FACE('',(#5797),#5835,.F.);
#6163=ADVANCED_FACE('',(#5798),#5836,.F.);
#6164=ADVANCED_FACE('',(#5799),#5837,.F.);
#6165=ADVANCED_FACE('',(#5800),#5838,.F.);
#6166=ADVANCED_FACE('',(#5801,#5802),#5839,.T.);
#6167=ADVANCED_FACE('',(#5803,#5804),#906,.F.);
#6168=ADVANCED_FACE('',(#5805),#5840,.T.);
#6169=ADVANCED_FACE('',(#5806,#5807),#907,.F.);
#6170=ADVANCED_FACE('',(#5808),#5841,.T.);
#6171=ADVANCED_FACE('',(#5809,#5810),#908,.F.);
#6172=ADVANCED_FACE('',(#5811),#5842,.T.);
#6173=CLOSED_SHELL('',(#5843,#5844,#5845,#5846,#5847,#5848,#5849,#5850,
#5851,#5852,#5853,#5854,#5855,#5856,#5857,#5858,#5859,#5860,#5861,#5862,
#5863,#5864,#5865,#5866,#5867,#5868,#5869,#5870,#5871,#5872,#5873,#5874,
#5875,#5876,#5877,#5878,#5879,#5880,#5881,#5882,#5883,#5884,#5885,#5886,
#5887,#5888,#5889,#5890,#5891,#5892,#5893,#5894,#5895,#5896,#5897,#5898,
#5899,#5900,#5901,#5902,#5903,#5904,#5905,#5906,#5907,#5908,#5909,#5910,
#5911,#5912,#5913,#5914,#5915,#5916,#5917,#5918,#5919,#5920,#5921,#5922,
#5923,#5924,#5925,#5926,#5927,#5928,#5929,#5930,#5931,#5932,#5933,#5934,
#5935,#5936,#5937,#5938,#5939,#5940,#5941,#5942,#5943,#5944,#5945,#5946,
#5947,#5948,#5949,#5950,#5951,#5952,#5953,#5954,#5955,#5956,#5957,#5958,
#5959,#5960,#5961,#5962,#5963,#5964,#5965,#5966,#5967,#5968,#5969,#5970,
#5971,#5972,#5973,#5974,#5975,#5976,#5977,#5978,#5979,#5980,#5981,#5982,
#5983,#5984,#5985,#5986,#5987,#5988,#5989,#5990,#5991,#5992,#5993,#5994,
#5995,#5996,#5997,#5998,#5999,#6000,#6001,#6002,#6003,#6004,#6005,#6006,
#6007,#6008,#6009,#6010,#6011,#6012,#6013,#6014,#6015,#6016,#6017,#6018,
#6019,#6020,#6021,#6022,#6023,#6024,#6025,#6026,#6027,#6028,#6029,#6030,
#6031,#6032,#6033,#6034,#6035,#6036,#6037,#6038,#6039,#6040,#6041,#6042,
#6043,#6044,#6045,#6046,#6047,#6048,#6049,#6050,#6051,#6052,#6053,#6054,
#6055,#6056,#6057,#6058,#6059,#6060,#6061,#6062,#6063,#6064,#6065,#6066,
#6067,#6068,#6069,#6070,#6071,#6072,#6073,#6074,#6075,#6076,#6077,#6078,
#6079,#6080,#6081,#6082,#6083,#6084,#6085,#6086,#6087,#6088,#6089,#6090,
#6091,#6092,#6093,#6094,#6095,#6096,#6097,#6098,#6099,#6100,#6101,#6102,
#6103,#6104,#6105,#6106,#6107,#6108,#6109,#6110,#6111,#6112,#6113,#6114,
#6115,#6116,#6117,#6118,#6119,#6120,#6121,#6122,#6123,#6124,#6125,#6126,
#6127,#6128,#6129,#6130,#6131,#6132,#6133,#6134,#6135,#6136,#6137,#6138,
#6139,#6140,#6141,#6142,#6143,#6144,#6145,#6146,#6147,#6148,#6149,#6150,
#6151,#6152,#6153,#6154,#6155,#6156,#6157,#6158,#6159,#6160,#6161,#6162,
#6163,#6164,#6165,#6166,#6167,#6168,#6169,#6170,#6171,#6172));
#6174=STYLED_ITEM('',(#6175),#6182);
#6175=PRESENTATION_STYLE_ASSIGNMENT((#6176));
#6176=SURFACE_STYLE_USAGE(.BOTH.,#6177);
#6177=SURFACE_SIDE_STYLE('',(#6178));
#6178=SURFACE_STYLE_FILL_AREA(#6179);
#6179=FILL_AREA_STYLE('',(#6180));
#6180=FILL_AREA_STYLE_COLOUR('',#6181);
#6181=COLOUR_RGB('',0.615686274509804,0.811764705882353,0.929411764705882);
#6182=MANIFOLD_SOLID_BREP('Part 1',#6173);
#6183=SHAPE_DEFINITION_REPRESENTATION(#14993,#6184);
#6184=SHAPE_REPRESENTATION('Part 1',(#6185),#14988);
#6185=AXIS2_PLACEMENT_3D('',#8027,#6682,#6683);
#6186=AXIS2_PLACEMENT_3D('',#8028,#6684,#6685);
#6187=AXIS2_PLACEMENT_3D('',#8041,#6692,#6693);
#6188=AXIS2_PLACEMENT_3D('',#8054,#6700,#6701);
#6189=AXIS2_PLACEMENT_3D('',#8067,#6708,#6709);
#6190=AXIS2_PLACEMENT_3D('',#8071,#6711,#6712);
#6191=AXIS2_PLACEMENT_3D('',#8075,#6714,#6715);
#6192=AXIS2_PLACEMENT_3D('',#8076,#6716,#6717);
#6193=AXIS2_PLACEMENT_3D('',#8080,#6719,#6720);
#6194=AXIS2_PLACEMENT_3D('',#8084,#6722,#6723);
#6195=AXIS2_PLACEMENT_3D('',#8085,#6724,#6725);
#6196=AXIS2_PLACEMENT_3D('',#8089,#6727,#6728);
#6197=AXIS2_PLACEMENT_3D('',#8093,#6730,#6731);
#6198=AXIS2_PLACEMENT_3D('',#8094,#6732,#6733);
#6199=AXIS2_PLACEMENT_3D('',#8098,#6735,#6736);
#6200=AXIS2_PLACEMENT_3D('',#8102,#6738,#6739);
#6201=AXIS2_PLACEMENT_3D('',#8103,#6740,#6741);
#6202=AXIS2_PLACEMENT_3D('',#8107,#6743,#6744);
#6203=AXIS2_PLACEMENT_3D('',#8111,#6746,#6747);
#6204=AXIS2_PLACEMENT_3D('',#8112,#6748,#6749);
#6205=AXIS2_PLACEMENT_3D('',#8116,#6751,#6752);
#6206=AXIS2_PLACEMENT_3D('',#8120,#6754,#6755);
#6207=AXIS2_PLACEMENT_3D('',#8121,#6756,#6757);
#6208=AXIS2_PLACEMENT_3D('',#8125,#6759,#6760);
#6209=AXIS2_PLACEMENT_3D('',#8129,#6762,#6763);
#6210=AXIS2_PLACEMENT_3D('',#8130,#6764,#6765);
#6211=AXIS2_PLACEMENT_3D('',#8134,#6767,#6768);
#6212=AXIS2_PLACEMENT_3D('',#8138,#6770,#6771);
#6213=AXIS2_PLACEMENT_3D('',#8139,#6772,#6773);
#6214=AXIS2_PLACEMENT_3D('',#8143,#6775,#6776);
#6215=AXIS2_PLACEMENT_3D('',#8147,#6778,#6779);
#6216=AXIS2_PLACEMENT_3D('',#8148,#6780,#6781);
#6217=AXIS2_PLACEMENT_3D('',#8152,#6783,#6784);
#6218=AXIS2_PLACEMENT_3D('',#8156,#6786,#6787);
#6219=AXIS2_PLACEMENT_3D('',#8157,#6788,#6789);
#6220=AXIS2_PLACEMENT_3D('',#8161,#6791,#6792);
#6221=AXIS2_PLACEMENT_3D('',#8165,#6794,#6795);
#6222=AXIS2_PLACEMENT_3D('',#8166,#6796,#6797);
#6223=AXIS2_PLACEMENT_3D('',#8170,#6799,#6800);
#6224=AXIS2_PLACEMENT_3D('',#8174,#6802,#6803);
#6225=AXIS2_PLACEMENT_3D('',#8175,#6804,#6805);
#6226=AXIS2_PLACEMENT_3D('',#8179,#6807,#6808);
#6227=AXIS2_PLACEMENT_3D('',#8183,#6810,#6811);
#6228=AXIS2_PLACEMENT_3D('',#8184,#6812,#6813);
#6229=AXIS2_PLACEMENT_3D('',#8188,#6815,#6816);
#6230=AXIS2_PLACEMENT_3D('',#8192,#6818,#6819);
#6231=AXIS2_PLACEMENT_3D('',#8193,#6820,#6821);
#6232=AXIS2_PLACEMENT_3D('',#8197,#6823,#6824);
#6233=AXIS2_PLACEMENT_3D('',#8201,#6826,#6827);
#6234=AXIS2_PLACEMENT_3D('',#8202,#6828,#6829);
#6235=AXIS2_PLACEMENT_3D('',#8206,#6831,#6832);
#6236=AXIS2_PLACEMENT_3D('',#8210,#6834,#6835);
#6237=AXIS2_PLACEMENT_3D('',#8211,#6836,#6837);
#6238=AXIS2_PLACEMENT_3D('',#8215,#6839,#6840);
#6239=AXIS2_PLACEMENT_3D('',#8219,#6842,#6843);
#6240=AXIS2_PLACEMENT_3D('',#8220,#6844,#6845);
#6241=AXIS2_PLACEMENT_3D('',#8224,#6847,#6848);
#6242=AXIS2_PLACEMENT_3D('',#8228,#6850,#6851);
#6243=AXIS2_PLACEMENT_3D('',#8229,#6852,#6853);
#6244=AXIS2_PLACEMENT_3D('',#8233,#6855,#6856);
#6245=AXIS2_PLACEMENT_3D('',#8237,#6858,#6859);
#6246=AXIS2_PLACEMENT_3D('',#8238,#6860,#6861);
#6247=AXIS2_PLACEMENT_3D('',#8242,#6863,#6864);
#6248=AXIS2_PLACEMENT_3D('',#8246,#6866,#6867);
#6249=AXIS2_PLACEMENT_3D('',#8247,#6868,#6869);
#6250=AXIS2_PLACEMENT_3D('',#8251,#6871,#6872);
#6251=AXIS2_PLACEMENT_3D('',#8255,#6874,#6875);
#6252=AXIS2_PLACEMENT_3D('',#8256,#6876,#6877);
#6253=AXIS2_PLACEMENT_3D('',#8260,#6879,#6880);
#6254=AXIS2_PLACEMENT_3D('',#8264,#6882,#6883);
#6255=AXIS2_PLACEMENT_3D('',#8265,#6884,#6885);
#6256=AXIS2_PLACEMENT_3D('',#8269,#6887,#6888);
#6257=AXIS2_PLACEMENT_3D('',#8273,#6890,#6891);
#6258=AXIS2_PLACEMENT_3D('',#8274,#6892,#6893);
#6259=AXIS2_PLACEMENT_3D('',#8278,#6895,#6896);
#6260=AXIS2_PLACEMENT_3D('',#8282,#6898,#6899);
#6261=AXIS2_PLACEMENT_3D('',#8283,#6900,#6901);
#6262=AXIS2_PLACEMENT_3D('',#8287,#6903,#6904);
#6263=AXIS2_PLACEMENT_3D('',#8291,#6906,#6907);
#6264=AXIS2_PLACEMENT_3D('',#8292,#6908,#6909);
#6265=AXIS2_PLACEMENT_3D('',#8296,#6911,#6912);
#6266=AXIS2_PLACEMENT_3D('',#8300,#6914,#6915);
#6267=AXIS2_PLACEMENT_3D('',#8301,#6916,#6917);
#6268=AXIS2_PLACEMENT_3D('',#8305,#6919,#6920);
#6269=AXIS2_PLACEMENT_3D('',#8309,#6922,#6923);
#6270=AXIS2_PLACEMENT_3D('',#8310,#6924,#6925);
#6271=AXIS2_PLACEMENT_3D('',#8314,#6927,#6928);
#6272=AXIS2_PLACEMENT_3D('',#8318,#6930,#6931);
#6273=AXIS2_PLACEMENT_3D('',#8319,#6932,#6933);
#6274=AXIS2_PLACEMENT_3D('',#8323,#6935,#6936);
#6275=AXIS2_PLACEMENT_3D('',#8327,#6938,#6939);
#6276=AXIS2_PLACEMENT_3D('',#8328,#6940,#6941);
#6277=AXIS2_PLACEMENT_3D('',#8332,#6943,#6944);
#6278=AXIS2_PLACEMENT_3D('',#8336,#6946,#6947);
#6279=AXIS2_PLACEMENT_3D('',#8337,#6948,#6949);
#6280=AXIS2_PLACEMENT_3D('',#8341,#6951,#6952);
#6281=AXIS2_PLACEMENT_3D('',#8345,#6954,#6955);
#6282=AXIS2_PLACEMENT_3D('',#8346,#6956,#6957);
#6283=AXIS2_PLACEMENT_3D('',#8350,#6959,#6960);
#6284=AXIS2_PLACEMENT_3D('',#8354,#6962,#6963);
#6285=AXIS2_PLACEMENT_3D('',#8355,#6964,#6965);
#6286=AXIS2_PLACEMENT_3D('',#8359,#6967,#6968);
#6287=AXIS2_PLACEMENT_3D('',#8363,#6970,#6971);
#6288=AXIS2_PLACEMENT_3D('',#8364,#6972,#6973);
#6289=AXIS2_PLACEMENT_3D('',#8368,#6975,#6976);
#6290=AXIS2_PLACEMENT_3D('',#8372,#6978,#6979);
#6291=AXIS2_PLACEMENT_3D('',#8373,#6980,#6981);
#6292=AXIS2_PLACEMENT_3D('',#8377,#6983,#6984);
#6293=AXIS2_PLACEMENT_3D('',#8381,#6986,#6987);
#6294=AXIS2_PLACEMENT_3D('',#8382,#6988,#6989);
#6295=AXIS2_PLACEMENT_3D('',#8386,#6991,#6992);
#6296=AXIS2_PLACEMENT_3D('',#8390,#6994,#6995);
#6297=AXIS2_PLACEMENT_3D('',#8391,#6996,#6997);
#6298=AXIS2_PLACEMENT_3D('',#8395,#6999,#7000);
#6299=AXIS2_PLACEMENT_3D('',#8399,#7002,#7003);
#6300=AXIS2_PLACEMENT_3D('',#8400,#7004,#7005);
#6301=AXIS2_PLACEMENT_3D('',#8404,#7007,#7008);
#6302=AXIS2_PLACEMENT_3D('',#8408,#7010,#7011);
#6303=AXIS2_PLACEMENT_3D('',#8409,#7012,#7013);
#6304=AXIS2_PLACEMENT_3D('',#8413,#7015,#7016);
#6305=AXIS2_PLACEMENT_3D('',#8417,#7018,#7019);
#6306=AXIS2_PLACEMENT_3D('',#8418,#7020,#7021);
#6307=AXIS2_PLACEMENT_3D('',#8422,#7023,#7024);
#6308=AXIS2_PLACEMENT_3D('',#8426,#7026,#7027);
#6309=AXIS2_PLACEMENT_3D('',#8427,#7028,#7029);
#6310=AXIS2_PLACEMENT_3D('',#8431,#7031,#7032);
#6311=AXIS2_PLACEMENT_3D('',#8435,#7034,#7035);
#6312=AXIS2_PLACEMENT_3D('',#8436,#7036,#7037);
#6313=AXIS2_PLACEMENT_3D('',#8440,#7039,#7040);
#6314=AXIS2_PLACEMENT_3D('',#8444,#7042,#7043);
#6315=AXIS2_PLACEMENT_3D('',#8445,#7044,#7045);
#6316=AXIS2_PLACEMENT_3D('',#8449,#7047,#7048);
#6317=AXIS2_PLACEMENT_3D('',#8453,#7050,#7051);
#6318=AXIS2_PLACEMENT_3D('',#8454,#7052,#7053);
#6319=AXIS2_PLACEMENT_3D('',#8458,#7055,#7056);
#6320=AXIS2_PLACEMENT_3D('',#8462,#7058,#7059);
#6321=AXIS2_PLACEMENT_3D('',#8463,#7060,#7061);
#6322=AXIS2_PLACEMENT_3D('',#8467,#7063,#7064);
#6323=AXIS2_PLACEMENT_3D('',#8471,#7066,#7067);
#6324=AXIS2_PLACEMENT_3D('',#8472,#7068,#7069);
#6325=AXIS2_PLACEMENT_3D('',#8476,#7071,#7072);
#6326=AXIS2_PLACEMENT_3D('',#8480,#7074,#7075);
#6327=AXIS2_PLACEMENT_3D('',#8481,#7076,#7077);
#6328=AXIS2_PLACEMENT_3D('',#8485,#7079,#7080);
#6329=AXIS2_PLACEMENT_3D('',#8489,#7082,#7083);
#6330=AXIS2_PLACEMENT_3D('',#8490,#7084,#7085);
#6331=AXIS2_PLACEMENT_3D('',#8494,#7087,#7088);
#6332=AXIS2_PLACEMENT_3D('',#8498,#7090,#7091);
#6333=AXIS2_PLACEMENT_3D('',#8499,#7092,#7093);
#6334=AXIS2_PLACEMENT_3D('',#8503,#7095,#7096);
#6335=AXIS2_PLACEMENT_3D('',#8507,#7098,#7099);
#6336=AXIS2_PLACEMENT_3D('',#8508,#7100,#7101);
#6337=AXIS2_PLACEMENT_3D('',#8512,#7103,#7104);
#6338=AXIS2_PLACEMENT_3D('',#8516,#7106,#7107);
#6339=AXIS2_PLACEMENT_3D('',#8517,#7108,#7109);
#6340=AXIS2_PLACEMENT_3D('',#8521,#7111,#7112);
#6341=AXIS2_PLACEMENT_3D('',#8525,#7114,#7115);
#6342=AXIS2_PLACEMENT_3D('',#8526,#7116,#7117);
#6343=AXIS2_PLACEMENT_3D('',#8530,#7119,#7120);
#6344=AXIS2_PLACEMENT_3D('',#8534,#7122,#7123);
#6345=AXIS2_PLACEMENT_3D('',#8535,#7124,#7125);
#6346=AXIS2_PLACEMENT_3D('',#8539,#7127,#7128);
#6347=AXIS2_PLACEMENT_3D('',#8543,#7130,#7131);
#6348=AXIS2_PLACEMENT_3D('',#8544,#7132,#7133);
#6349=AXIS2_PLACEMENT_3D('',#8548,#7135,#7136);
#6350=AXIS2_PLACEMENT_3D('',#8552,#7138,#7139);
#6351=AXIS2_PLACEMENT_3D('',#8553,#7140,#7141);
#6352=AXIS2_PLACEMENT_3D('',#8557,#7143,#7144);
#6353=AXIS2_PLACEMENT_3D('',#8561,#7146,#7147);
#6354=AXIS2_PLACEMENT_3D('',#8562,#7148,#7149);
#6355=AXIS2_PLACEMENT_3D('',#8566,#7151,#7152);
#6356=AXIS2_PLACEMENT_3D('',#8570,#7154,#7155);
#6357=AXIS2_PLACEMENT_3D('',#8571,#7156,#7157);
#6358=AXIS2_PLACEMENT_3D('',#8575,#7159,#7160);
#6359=AXIS2_PLACEMENT_3D('',#8579,#7162,#7163);
#6360=AXIS2_PLACEMENT_3D('',#8580,#7164,#7165);
#6361=AXIS2_PLACEMENT_3D('',#8584,#7167,#7168);
#6362=AXIS2_PLACEMENT_3D('',#8588,#7170,#7171);
#6363=AXIS2_PLACEMENT_3D('',#8589,#7172,#7173);
#6364=AXIS2_PLACEMENT_3D('',#8593,#7175,#7176);
#6365=AXIS2_PLACEMENT_3D('',#8597,#7178,#7179);
#6366=AXIS2_PLACEMENT_3D('',#8598,#7180,#7181);
#6367=AXIS2_PLACEMENT_3D('',#8602,#7183,#7184);
#6368=AXIS2_PLACEMENT_3D('',#8606,#7186,#7187);
#6369=AXIS2_PLACEMENT_3D('',#8607,#7188,#7189);
#6370=AXIS2_PLACEMENT_3D('',#8611,#7191,#7192);
#6371=AXIS2_PLACEMENT_3D('',#8615,#7194,#7195);
#6372=AXIS2_PLACEMENT_3D('',#8616,#7196,#7197);
#6373=AXIS2_PLACEMENT_3D('',#8620,#7199,#7200);
#6374=AXIS2_PLACEMENT_3D('',#8624,#7202,#7203);
#6375=AXIS2_PLACEMENT_3D('',#8625,#7204,#7205);
#6376=AXIS2_PLACEMENT_3D('',#8629,#7207,#7208);
#6377=AXIS2_PLACEMENT_3D('',#8633,#7210,#7211);
#6378=AXIS2_PLACEMENT_3D('',#8634,#7212,#7213);
#6379=AXIS2_PLACEMENT_3D('',#8638,#7215,#7216);
#6380=AXIS2_PLACEMENT_3D('',#8642,#7218,#7219);
#6381=AXIS2_PLACEMENT_3D('',#8643,#7220,#7221);
#6382=AXIS2_PLACEMENT_3D('',#8647,#7223,#7224);
#6383=AXIS2_PLACEMENT_3D('',#8651,#7226,#7227);
#6384=AXIS2_PLACEMENT_3D('',#8652,#7228,#7229);
#6385=AXIS2_PLACEMENT_3D('',#8656,#7231,#7232);
#6386=AXIS2_PLACEMENT_3D('',#8660,#7234,#7235);
#6387=AXIS2_PLACEMENT_3D('',#8661,#7236,#7237);
#6388=AXIS2_PLACEMENT_3D('',#8665,#7239,#7240);
#6389=AXIS2_PLACEMENT_3D('',#8669,#7242,#7243);
#6390=AXIS2_PLACEMENT_3D('',#8670,#7244,#7245);
#6391=AXIS2_PLACEMENT_3D('',#8674,#7247,#7248);
#6392=AXIS2_PLACEMENT_3D('',#8678,#7250,#7251);
#6393=AXIS2_PLACEMENT_3D('',#8679,#7252,#7253);
#6394=AXIS2_PLACEMENT_3D('',#8683,#7255,#7256);
#6395=AXIS2_PLACEMENT_3D('',#8687,#7258,#7259);
#6396=AXIS2_PLACEMENT_3D('',#8688,#7260,#7261);
#6397=AXIS2_PLACEMENT_3D('',#8692,#7263,#7264);
#6398=AXIS2_PLACEMENT_3D('',#8696,#7266,#7267);
#6399=AXIS2_PLACEMENT_3D('',#8697,#7268,#7269);
#6400=AXIS2_PLACEMENT_3D('',#8701,#7271,#7272);
#6401=AXIS2_PLACEMENT_3D('',#8705,#7274,#7275);
#6402=AXIS2_PLACEMENT_3D('',#8706,#7276,#7277);
#6403=AXIS2_PLACEMENT_3D('',#8710,#7279,#7280);
#6404=AXIS2_PLACEMENT_3D('',#8714,#7282,#7283);
#6405=AXIS2_PLACEMENT_3D('',#8797,#7286,#7287);
#6406=AXIS2_PLACEMENT_3D('',#8798,#7288,#7289);
#6407=AXIS2_PLACEMENT_3D('',#8799,#7290,#7291);
#6408=AXIS2_PLACEMENT_3D('',#8882,#7294,#7295);
#6409=AXIS2_PLACEMENT_3D('',#8883,#7296,#7297);
#6410=AXIS2_PLACEMENT_3D('',#8884,#7298,#7299);
#6411=AXIS2_PLACEMENT_3D('',#8967,#7302,#7303);
#6412=AXIS2_PLACEMENT_3D('',#8968,#7304,#7305);
#6413=AXIS2_PLACEMENT_3D('',#8969,#7306,#7307);
#6414=AXIS2_PLACEMENT_3D('',#9052,#7310,#7311);
#6415=AXIS2_PLACEMENT_3D('',#9053,#7312,#7313);
#6416=AXIS2_PLACEMENT_3D('',#9054,#7314,#7315);
#6417=AXIS2_PLACEMENT_3D('',#9137,#7318,#7319);
#6418=AXIS2_PLACEMENT_3D('',#9138,#7320,#7321);
#6419=AXIS2_PLACEMENT_3D('',#9139,#7322,#7323);
#6420=AXIS2_PLACEMENT_3D('',#9222,#7326,#7327);
#6421=AXIS2_PLACEMENT_3D('',#9223,#7328,#7329);
#6422=AXIS2_PLACEMENT_3D('',#9224,#7330,#7331);
#6423=AXIS2_PLACEMENT_3D('',#9307,#7334,#7335);
#6424=AXIS2_PLACEMENT_3D('',#9308,#7336,#7337);
#6425=AXIS2_PLACEMENT_3D('',#9309,#7338,#7339);
#6426=AXIS2_PLACEMENT_3D('',#9392,#7342,#7343);
#6427=AXIS2_PLACEMENT_3D('',#9393,#7344,#7345);
#6428=AXIS2_PLACEMENT_3D('',#9394,#7346,#7347);
#6429=AXIS2_PLACEMENT_3D('',#9477,#7350,#7351);
#6430=AXIS2_PLACEMENT_3D('',#9478,#7352,#7353);
#6431=AXIS2_PLACEMENT_3D('',#9479,#7354,#7355);
#6432=AXIS2_PLACEMENT_3D('',#9562,#7358,#7359);
#6433=AXIS2_PLACEMENT_3D('',#9563,#7360,#7361);
#6434=AXIS2_PLACEMENT_3D('',#9564,#7362,#7363);
#6435=AXIS2_PLACEMENT_3D('',#9647,#7366,#7367);
#6436=AXIS2_PLACEMENT_3D('',#9648,#7368,#7369);
#6437=AXIS2_PLACEMENT_3D('',#9649,#7370,#7371);
#6438=AXIS2_PLACEMENT_3D('',#9732,#7374,#7375);
#6439=AXIS2_PLACEMENT_3D('',#9733,#7376,#7377);
#6440=AXIS2_PLACEMENT_3D('',#9734,#7378,#7379);
#6441=AXIS2_PLACEMENT_3D('',#9817,#7382,#7383);
#6442=AXIS2_PLACEMENT_3D('',#9818,#7384,#7385);
#6443=AXIS2_PLACEMENT_3D('',#9819,#7386,#7387);
#6444=AXIS2_PLACEMENT_3D('',#9902,#7390,#7391);
#6445=AXIS2_PLACEMENT_3D('',#9903,#7392,#7393);
#6446=AXIS2_PLACEMENT_3D('',#9904,#7394,#7395);
#6447=AXIS2_PLACEMENT_3D('',#9987,#7398,#7399);
#6448=AXIS2_PLACEMENT_3D('',#9988,#7400,#7401);
#6449=AXIS2_PLACEMENT_3D('',#9989,#7402,#7403);
#6450=AXIS2_PLACEMENT_3D('',#10072,#7406,#7407);
#6451=AXIS2_PLACEMENT_3D('',#10073,#7408,#7409);
#6452=AXIS2_PLACEMENT_3D('',#10074,#7410,#7411);
#6453=AXIS2_PLACEMENT_3D('',#10157,#7414,#7415);
#6454=AXIS2_PLACEMENT_3D('',#10158,#7416,#7417);
#6455=AXIS2_PLACEMENT_3D('',#10159,#7418,#7419);
#6456=AXIS2_PLACEMENT_3D('',#10242,#7422,#7423);
#6457=AXIS2_PLACEMENT_3D('',#10243,#7424,#7425);
#6458=AXIS2_PLACEMENT_3D('',#10244,#7426,#7427);
#6459=AXIS2_PLACEMENT_3D('',#10327,#7430,#7431);
#6460=AXIS2_PLACEMENT_3D('',#10328,#7432,#7433);
#6461=AXIS2_PLACEMENT_3D('',#10329,#7434,#7435);
#6462=AXIS2_PLACEMENT_3D('',#10412,#7438,#7439);
#6463=AXIS2_PLACEMENT_3D('',#10413,#7440,#7441);
#6464=AXIS2_PLACEMENT_3D('',#10414,#7442,#7443);
#6465=AXIS2_PLACEMENT_3D('',#10497,#7446,#7447);
#6466=AXIS2_PLACEMENT_3D('',#10498,#7448,#7449);
#6467=AXIS2_PLACEMENT_3D('',#10499,#7450,#7451);
#6468=AXIS2_PLACEMENT_3D('',#10582,#7454,#7455);
#6469=AXIS2_PLACEMENT_3D('',#10583,#7456,#7457);
#6470=AXIS2_PLACEMENT_3D('',#10584,#7458,#7459);
#6471=AXIS2_PLACEMENT_3D('',#10667,#7462,#7463);
#6472=AXIS2_PLACEMENT_3D('',#10668,#7464,#7465);
#6473=AXIS2_PLACEMENT_3D('',#10669,#7466,#7467);
#6474=AXIS2_PLACEMENT_3D('',#10752,#7470,#7471);
#6475=AXIS2_PLACEMENT_3D('',#10753,#7472,#7473);
#6476=AXIS2_PLACEMENT_3D('',#10754,#7474,#7475);
#6477=AXIS2_PLACEMENT_3D('',#10837,#7478,#7479);
#6478=AXIS2_PLACEMENT_3D('',#10838,#7480,#7481);
#6479=AXIS2_PLACEMENT_3D('',#10839,#7482,#7483);
#6480=AXIS2_PLACEMENT_3D('',#10922,#7486,#7487);
#6481=AXIS2_PLACEMENT_3D('',#10923,#7488,#7489);
#6482=AXIS2_PLACEMENT_3D('',#10924,#7490,#7491);
#6483=AXIS2_PLACEMENT_3D('',#11007,#7494,#7495);
#6484=AXIS2_PLACEMENT_3D('',#11008,#7496,#7497);
#6485=AXIS2_PLACEMENT_3D('',#11009,#7498,#7499);
#6486=AXIS2_PLACEMENT_3D('',#11092,#7502,#7503);
#6487=AXIS2_PLACEMENT_3D('',#11093,#7504,#7505);
#6488=AXIS2_PLACEMENT_3D('',#11094,#7506,#7507);
#6489=AXIS2_PLACEMENT_3D('',#11177,#7510,#7511);
#6490=AXIS2_PLACEMENT_3D('',#11178,#7512,#7513);
#6491=AXIS2_PLACEMENT_3D('',#11179,#7514,#7515);
#6492=AXIS2_PLACEMENT_3D('',#11262,#7518,#7519);
#6493=AXIS2_PLACEMENT_3D('',#11263,#7520,#7521);
#6494=AXIS2_PLACEMENT_3D('',#11264,#7522,#7523);
#6495=AXIS2_PLACEMENT_3D('',#11347,#7526,#7527);
#6496=AXIS2_PLACEMENT_3D('',#11348,#7528,#7529);
#6497=AXIS2_PLACEMENT_3D('',#11349,#7530,#7531);
#6498=AXIS2_PLACEMENT_3D('',#11432,#7534,#7535);
#6499=AXIS2_PLACEMENT_3D('',#11433,#7536,#7537);
#6500=AXIS2_PLACEMENT_3D('',#11434,#7538,#7539);
#6501=AXIS2_PLACEMENT_3D('',#11517,#7542,#7543);
#6502=AXIS2_PLACEMENT_3D('',#11518,#7544,#7545);
#6503=AXIS2_PLACEMENT_3D('',#11519,#7546,#7547);
#6504=AXIS2_PLACEMENT_3D('',#11602,#7550,#7551);
#6505=AXIS2_PLACEMENT_3D('',#11603,#7552,#7553);
#6506=AXIS2_PLACEMENT_3D('',#11604,#7554,#7555);
#6507=AXIS2_PLACEMENT_3D('',#11687,#7558,#7559);
#6508=AXIS2_PLACEMENT_3D('',#11688,#7560,#7561);
#6509=AXIS2_PLACEMENT_3D('',#11689,#7562,#7563);
#6510=AXIS2_PLACEMENT_3D('',#11772,#7566,#7567);
#6511=AXIS2_PLACEMENT_3D('',#11773,#7568,#7569);
#6512=AXIS2_PLACEMENT_3D('',#11774,#7570,#7571);
#6513=AXIS2_PLACEMENT_3D('',#11857,#7574,#7575);
#6514=AXIS2_PLACEMENT_3D('',#11858,#7576,#7577);
#6515=AXIS2_PLACEMENT_3D('',#11859,#7578,#7579);
#6516=AXIS2_PLACEMENT_3D('',#11942,#7582,#7583);
#6517=AXIS2_PLACEMENT_3D('',#11943,#7584,#7585);
#6518=AXIS2_PLACEMENT_3D('',#11944,#7586,#7587);
#6519=AXIS2_PLACEMENT_3D('',#12027,#7590,#7591);
#6520=AXIS2_PLACEMENT_3D('',#12028,#7592,#7593);
#6521=AXIS2_PLACEMENT_3D('',#12029,#7594,#7595);
#6522=AXIS2_PLACEMENT_3D('',#12112,#7598,#7599);
#6523=AXIS2_PLACEMENT_3D('',#12113,#7600,#7601);
#6524=AXIS2_PLACEMENT_3D('',#12114,#7602,#7603);
#6525=AXIS2_PLACEMENT_3D('',#12197,#7606,#7607);
#6526=AXIS2_PLACEMENT_3D('',#12198,#7608,#7609);
#6527=AXIS2_PLACEMENT_3D('',#12199,#7610,#7611);
#6528=AXIS2_PLACEMENT_3D('',#12282,#7614,#7615);
#6529=AXIS2_PLACEMENT_3D('',#12283,#7616,#7617);
#6530=AXIS2_PLACEMENT_3D('',#12284,#7618,#7619);
#6531=AXIS2_PLACEMENT_3D('',#12367,#7622,#7623);
#6532=AXIS2_PLACEMENT_3D('',#12368,#7624,#7625);
#6533=AXIS2_PLACEMENT_3D('',#12369,#7626,#7627);
#6534=AXIS2_PLACEMENT_3D('',#12452,#7630,#7631);
#6535=AXIS2_PLACEMENT_3D('',#12453,#7632,#7633);
#6536=AXIS2_PLACEMENT_3D('',#12454,#7634,#7635);
#6537=AXIS2_PLACEMENT_3D('',#12537,#7638,#7639);
#6538=AXIS2_PLACEMENT_3D('',#12538,#7640,#7641);
#6539=AXIS2_PLACEMENT_3D('',#12539,#7642,#7643);
#6540=AXIS2_PLACEMENT_3D('',#12622,#7646,#7647);
#6541=AXIS2_PLACEMENT_3D('',#12623,#7648,#7649);
#6542=AXIS2_PLACEMENT_3D('',#12624,#7650,#7651);
#6543=AXIS2_PLACEMENT_3D('',#12707,#7654,#7655);
#6544=AXIS2_PLACEMENT_3D('',#12708,#7656,#7657);
#6545=AXIS2_PLACEMENT_3D('',#12709,#7658,#7659);
#6546=AXIS2_PLACEMENT_3D('',#12792,#7662,#7663);
#6547=AXIS2_PLACEMENT_3D('',#12793,#7664,#7665);
#6548=AXIS2_PLACEMENT_3D('',#12794,#7666,#7667);
#6549=AXIS2_PLACEMENT_3D('',#12877,#7670,#7671);
#6550=AXIS2_PLACEMENT_3D('',#12878,#7672,#7673);
#6551=AXIS2_PLACEMENT_3D('',#12879,#7674,#7675);
#6552=AXIS2_PLACEMENT_3D('',#12962,#7678,#7679);
#6553=AXIS2_PLACEMENT_3D('',#12963,#7680,#7681);
#6554=AXIS2_PLACEMENT_3D('',#12964,#7682,#7683);
#6555=AXIS2_PLACEMENT_3D('',#13047,#7686,#7687);
#6556=AXIS2_PLACEMENT_3D('',#13048,#7688,#7689);
#6557=AXIS2_PLACEMENT_3D('',#13049,#7690,#7691);
#6558=AXIS2_PLACEMENT_3D('',#13132,#7694,#7695);
#6559=AXIS2_PLACEMENT_3D('',#13133,#7696,#7697);
#6560=AXIS2_PLACEMENT_3D('',#13134,#7698,#7699);
#6561=AXIS2_PLACEMENT_3D('',#13217,#7702,#7703);
#6562=AXIS2_PLACEMENT_3D('',#13218,#7704,#7705);
#6563=AXIS2_PLACEMENT_3D('',#13219,#7706,#7707);
#6564=AXIS2_PLACEMENT_3D('',#13302,#7710,#7711);
#6565=AXIS2_PLACEMENT_3D('',#13303,#7712,#7713);
#6566=AXIS2_PLACEMENT_3D('',#13304,#7714,#7715);
#6567=AXIS2_PLACEMENT_3D('',#13387,#7718,#7719);
#6568=AXIS2_PLACEMENT_3D('',#13388,#7720,#7721);
#6569=AXIS2_PLACEMENT_3D('',#13389,#7722,#7723);
#6570=AXIS2_PLACEMENT_3D('',#13472,#7726,#7727);
#6571=AXIS2_PLACEMENT_3D('',#13473,#7728,#7729);
#6572=AXIS2_PLACEMENT_3D('',#13474,#7730,#7731);
#6573=AXIS2_PLACEMENT_3D('',#13557,#7734,#7735);
#6574=AXIS2_PLACEMENT_3D('',#13558,#7736,#7737);
#6575=AXIS2_PLACEMENT_3D('',#13559,#7738,#7739);
#6576=AXIS2_PLACEMENT_3D('',#13642,#7742,#7743);
#6577=AXIS2_PLACEMENT_3D('',#13643,#7744,#7745);
#6578=AXIS2_PLACEMENT_3D('',#13644,#7746,#7747);
#6579=AXIS2_PLACEMENT_3D('',#13727,#7750,#7751);
#6580=AXIS2_PLACEMENT_3D('',#13728,#7752,#7753);
#6581=AXIS2_PLACEMENT_3D('',#13729,#7754,#7755);
#6582=AXIS2_PLACEMENT_3D('',#13812,#7758,#7759);
#6583=AXIS2_PLACEMENT_3D('',#13813,#7760,#7761);
#6584=AXIS2_PLACEMENT_3D('',#13814,#7762,#7763);
#6585=AXIS2_PLACEMENT_3D('',#13897,#7766,#7767);
#6586=AXIS2_PLACEMENT_3D('',#13898,#7768,#7769);
#6587=AXIS2_PLACEMENT_3D('',#13899,#7770,#7771);
#6588=AXIS2_PLACEMENT_3D('',#13982,#7774,#7775);
#6589=AXIS2_PLACEMENT_3D('',#13983,#7776,#7777);
#6590=AXIS2_PLACEMENT_3D('',#13984,#7778,#7779);
#6591=AXIS2_PLACEMENT_3D('',#14067,#7782,#7783);
#6592=AXIS2_PLACEMENT_3D('',#14068,#7784,#7785);
#6593=AXIS2_PLACEMENT_3D('',#14069,#7786,#7787);
#6594=AXIS2_PLACEMENT_3D('',#14152,#7790,#7791);
#6595=AXIS2_PLACEMENT_3D('',#14153,#7792,#7793);
#6596=AXIS2_PLACEMENT_3D('',#14154,#7794,#7795);
#6597=AXIS2_PLACEMENT_3D('',#14237,#7798,#7799);
#6598=AXIS2_PLACEMENT_3D('',#14238,#7800,#7801);
#6599=AXIS2_PLACEMENT_3D('',#14239,#7802,#7803);
#6600=AXIS2_PLACEMENT_3D('',#14322,#7806,#7807);
#6601=AXIS2_PLACEMENT_3D('',#14323,#7808,#7809);
#6602=AXIS2_PLACEMENT_3D('',#14324,#7810,#7811);
#6603=AXIS2_PLACEMENT_3D('',#14407,#7814,#7815);
#6604=AXIS2_PLACEMENT_3D('',#14408,#7816,#7817);
#6605=AXIS2_PLACEMENT_3D('',#14409,#7818,#7819);
#6606=AXIS2_PLACEMENT_3D('',#14492,#7822,#7823);
#6607=AXIS2_PLACEMENT_3D('',#14493,#7824,#7825);
#6608=AXIS2_PLACEMENT_3D('',#14494,#7826,#7827);
#6609=AXIS2_PLACEMENT_3D('',#14577,#7830,#7831);
#6610=AXIS2_PLACEMENT_3D('',#14578,#7832,#7833);
#6611=AXIS2_PLACEMENT_3D('',#14579,#7834,#7835);
#6612=AXIS2_PLACEMENT_3D('',#14662,#7838,#7839);
#6613=AXIS2_PLACEMENT_3D('',#14663,#7840,#7841);
#6614=AXIS2_PLACEMENT_3D('',#14664,#7842,#7843);
#6615=AXIS2_PLACEMENT_3D('',#14747,#7846,#7847);
#6616=AXIS2_PLACEMENT_3D('',#14748,#7848,#7849);
#6617=AXIS2_PLACEMENT_3D('',#14749,#7850,#7851);
#6618=AXIS2_PLACEMENT_3D('',#14832,#7854,#7855);
#6619=AXIS2_PLACEMENT_3D('',#14833,#7856,#7857);
#6620=AXIS2_PLACEMENT_3D('',#14834,#7858,#7859);
#6621=AXIS2_PLACEMENT_3D('',#14835,#7860,#7861);
#6622=AXIS2_PLACEMENT_3D('',#14836,#7862,#7863);
#6623=AXIS2_PLACEMENT_3D('',#14838,#7864,#7865);
#6624=AXIS2_PLACEMENT_3D('',#14840,#7866,#7867);
#6625=AXIS2_PLACEMENT_3D('',#14841,#7868,#7869);
#6626=AXIS2_PLACEMENT_3D('',#14843,#7870,#7871);
#6627=AXIS2_PLACEMENT_3D('',#14845,#7872,#7873);
#6628=AXIS2_PLACEMENT_3D('',#14846,#7874,#7875);
#6629=AXIS2_PLACEMENT_3D('',#14848,#7876,#7877);
#6630=AXIS2_PLACEMENT_3D('',#14850,#7878,#7879);
#6631=AXIS2_PLACEMENT_3D('',#14851,#7880,#7881);
#6632=AXIS2_PLACEMENT_3D('',#14853,#7882,#7883);
#6633=AXIS2_PLACEMENT_3D('',#14855,#7884,#7885);
#6634=AXIS2_PLACEMENT_3D('',#14883,#7901,#7902);
#6635=AXIS2_PLACEMENT_3D('',#14885,#7903,#7904);
#6636=AXIS2_PLACEMENT_3D('',#14887,#7905,#7906);
#6637=AXIS2_PLACEMENT_3D('',#14889,#7907,#7908);
#6638=AXIS2_PLACEMENT_3D('',#14894,#7912,#7913);
#6639=AXIS2_PLACEMENT_3D('',#14899,#7917,#7918);
#6640=AXIS2_PLACEMENT_3D('',#14904,#7922,#7923);
#6641=AXIS2_PLACEMENT_3D('',#14905,#7924,#7925);
#6642=AXIS2_PLACEMENT_3D('',#14907,#7926,#7927);
#6643=AXIS2_PLACEMENT_3D('',#14908,#7928,#7929);
#6644=AXIS2_PLACEMENT_3D('',#14910,#7930,#7931);
#6645=AXIS2_PLACEMENT_3D('',#14911,#7932,#7933);
#6646=AXIS2_PLACEMENT_3D('',#14913,#7934,#7935);
#6647=AXIS2_PLACEMENT_3D('',#14914,#7936,#7937);
#6648=AXIS2_PLACEMENT_3D('',#14916,#7938,#7939);
#6649=AXIS2_PLACEMENT_3D('',#14917,#7940,#7941);
#6650=AXIS2_PLACEMENT_3D('',#14918,#7942,#7943);
#6651=AXIS2_PLACEMENT_3D('',#14919,#7944,#7945);
#6652=AXIS2_PLACEMENT_3D('',#14920,#7946,#7947);
#6653=AXIS2_PLACEMENT_3D('',#14922,#7948,#7949);
#6654=AXIS2_PLACEMENT_3D('',#14923,#7950,#7951);
#6655=AXIS2_PLACEMENT_3D('',#14924,#7952,#7953);
#6656=AXIS2_PLACEMENT_3D('',#14928,#7956,#7957);
#6657=AXIS2_PLACEMENT_3D('',#14932,#7960,#7961);
#6658=AXIS2_PLACEMENT_3D('',#14936,#7964,#7965);
#6659=AXIS2_PLACEMENT_3D('',#14938,#7967,#7968);
#6660=AXIS2_PLACEMENT_3D('',#14939,#7969,#7970);
#6661=AXIS2_PLACEMENT_3D('',#14941,#7971,#7972);
#6662=AXIS2_PLACEMENT_3D('',#14945,#7975,#7976);
#6663=AXIS2_PLACEMENT_3D('',#14949,#7979,#7980);
#6664=AXIS2_PLACEMENT_3D('',#14953,#7983,#7984);
#6665=AXIS2_PLACEMENT_3D('',#14955,#7986,#7987);
#6666=AXIS2_PLACEMENT_3D('',#14956,#7988,#7989);
#6667=AXIS2_PLACEMENT_3D('',#14958,#7990,#7991);
#6668=AXIS2_PLACEMENT_3D('',#14962,#7994,#7995);
#6669=AXIS2_PLACEMENT_3D('',#14966,#7998,#7999);
#6670=AXIS2_PLACEMENT_3D('',#14970,#8002,#8003);
#6671=AXIS2_PLACEMENT_3D('',#14972,#8005,#8006);
#6672=AXIS2_PLACEMENT_3D('',#14973,#8007,#8008);
#6673=AXIS2_PLACEMENT_3D('',#14975,#8009,#8010);
#6674=AXIS2_PLACEMENT_3D('',#14976,#8011,#8012);
#6675=AXIS2_PLACEMENT_3D('',#14978,#8013,#8014);
#6676=AXIS2_PLACEMENT_3D('',#14979,#8015,#8016);
#6677=AXIS2_PLACEMENT_3D('',#14980,#8017,#8018);
#6678=AXIS2_PLACEMENT_3D('',#14982,#8019,#8020);
#6679=AXIS2_PLACEMENT_3D('',#14983,#8021,#8022);
#6680=AXIS2_PLACEMENT_3D('',#14984,#8023,#8024);
#6681=AXIS2_PLACEMENT_3D('',#14986,#8025,#8026);
#6682=DIRECTION('',(0.,0.,1.));
#6683=DIRECTION('',(1.,0.,0.));
#6684=DIRECTION('',(-0.866025403784439,-0.5,0.));
#6685=DIRECTION('',(0.5,-0.866025403784439,0.));
#6686=DIRECTION('',(-0.5,0.866025403784439,0.));
#6687=DIRECTION('',(0.,0.,-1.));
#6688=DIRECTION('',(-0.5,0.866025403784439,0.));
#6689=DIRECTION('',(0.,0.,-1.));
#6690=DIRECTION('',(-0.5,0.866025403784439,0.));
#6691=DIRECTION('',(0.,0.,1.));
#6692=DIRECTION('',(0.866025403784439,-0.5,0.));
#6693=DIRECTION('',(0.5,0.866025403784439,0.));
#6694=DIRECTION('',(-0.5,-0.866025403784439,0.));
#6695=DIRECTION('',(0.,0.,-1.));
#6696=DIRECTION('',(-0.5,-0.866025403784439,0.));
#6697=DIRECTION('',(0.,0.,-1.));
#6698=DIRECTION('',(-0.5,-0.866025403784439,0.));
#6699=DIRECTION('',(0.,0.,1.));
#6700=DIRECTION('',(-6.18600128891771E-17,1.,0.));
#6701=DIRECTION('',(-1.,-6.18600128891771E-17,0.));
#6702=DIRECTION('',(1.,6.18600128891771E-17,0.));
#6703=DIRECTION('',(0.,0.,-1.));
#6704=DIRECTION('',(1.,6.18600128891771E-17,0.));
#6705=DIRECTION('',(0.,0.,-1.));
#6706=DIRECTION('',(1.,6.18600128891771E-17,0.));
#6707=DIRECTION('',(0.,0.,1.));
#6708=DIRECTION('',(0.,0.,-1.));
#6709=DIRECTION('',(-1.,0.,0.));
#6710=DIRECTION('',(0.,0.,-1.));
#6711=DIRECTION('',(0.,0.,-1.));
#6712=DIRECTION('',(-1.,0.,0.));
#6713=DIRECTION('',(0.,0.,-1.));
#6714=DIRECTION('',(0.,0.,1.));
#6715=DIRECTION('',(1.,0.,0.));
#6716=DIRECTION('',(0.,0.,-1.));
#6717=DIRECTION('',(-1.,0.,0.));
#6718=DIRECTION('',(0.,0.,-1.));
#6719=DIRECTION('',(0.,0.,-1.));
#6720=DIRECTION('',(-1.,0.,0.));
#6721=DIRECTION('',(0.,0.,-1.));
#6722=DIRECTION('',(0.,0.,1.));
#6723=DIRECTION('',(1.,0.,0.));
#6724=DIRECTION('',(0.,0.,-1.));
#6725=DIRECTION('',(-1.,0.,0.));
#6726=DIRECTION('',(0.,0.,-1.));
#6727=DIRECTION('',(0.,0.,-1.));
#6728=DIRECTION('',(-1.,0.,0.));
#6729=DIRECTION('',(0.,0.,-1.));
#6730=DIRECTION('',(0.,0.,1.));
#6731=DIRECTION('',(1.,0.,0.));
#6732=DIRECTION('',(0.,0.,-1.));
#6733=DIRECTION('',(-1.,0.,0.));
#6734=DIRECTION('',(0.,0.,-1.));
#6735=DIRECTION('',(0.,0.,-1.));
#6736=DIRECTION('',(-1.,0.,0.));
#6737=DIRECTION('',(0.,0.,-1.));
#6738=DIRECTION('',(0.,0.,1.));
#6739=DIRECTION('',(1.,0.,0.));
#6740=DIRECTION('',(0.,0.,-1.));
#6741=DIRECTION('',(-1.,0.,0.));
#6742=DIRECTION('',(0.,0.,-1.));
#6743=DIRECTION('',(0.,0.,-1.));
#6744=DIRECTION('',(-1.,0.,0.));
#6745=DIRECTION('',(0.,0.,-1.));
#6746=DIRECTION('',(0.,0.,1.));
#6747=DIRECTION('',(1.,0.,0.));
#6748=DIRECTION('',(0.,0.,-1.));
#6749=DIRECTION('',(-1.,0.,0.));
#6750=DIRECTION('',(0.,0.,-1.));
#6751=DIRECTION('',(0.,0.,-1.));
#6752=DIRECTION('',(-1.,0.,0.));
#6753=DIRECTION('',(0.,0.,-1.));
#6754=DIRECTION('',(0.,0.,1.));
#6755=DIRECTION('',(1.,0.,0.));
#6756=DIRECTION('',(0.,0.,-1.));
#6757=DIRECTION('',(-1.,0.,0.));
#6758=DIRECTION('',(0.,0.,-1.));
#6759=DIRECTION('',(0.,0.,-1.));
#6760=DIRECTION('',(-1.,0.,0.));
#6761=DIRECTION('',(0.,0.,-1.));
#6762=DIRECTION('',(0.,0.,1.));
#6763=DIRECTION('',(1.,0.,0.));
#6764=DIRECTION('',(0.,0.,-1.));
#6765=DIRECTION('',(-1.,0.,0.));
#6766=DIRECTION('',(0.,0.,-1.));
#6767=DIRECTION('',(0.,0.,-1.));
#6768=DIRECTION('',(-1.,0.,0.));
#6769=DIRECTION('',(0.,0.,-1.));
#6770=DIRECTION('',(0.,0.,1.));
#6771=DIRECTION('',(1.,0.,0.));
#6772=DIRECTION('',(0.,0.,-1.));
#6773=DIRECTION('',(-1.,0.,0.));
#6774=DIRECTION('',(0.,0.,-1.));
#6775=DIRECTION('',(0.,0.,-1.));
#6776=DIRECTION('',(-1.,0.,0.));
#6777=DIRECTION('',(0.,0.,-1.));
#6778=DIRECTION('',(0.,0.,1.));
#6779=DIRECTION('',(1.,0.,0.));
#6780=DIRECTION('',(0.,0.,-1.));
#6781=DIRECTION('',(-1.,0.,0.));
#6782=DIRECTION('',(0.,0.,-1.));
#6783=DIRECTION('',(0.,0.,-1.));
#6784=DIRECTION('',(-1.,0.,0.));
#6785=DIRECTION('',(0.,0.,-1.));
#6786=DIRECTION('',(0.,0.,1.));
#6787=DIRECTION('',(1.,0.,0.));
#6788=DIRECTION('',(0.,0.,-1.));
#6789=DIRECTION('',(-1.,0.,0.));
#6790=DIRECTION('',(0.,0.,-1.));
#6791=DIRECTION('',(0.,0.,-1.));
#6792=DIRECTION('',(-1.,0.,0.));
#6793=DIRECTION('',(0.,0.,-1.));
#6794=DIRECTION('',(0.,0.,1.));
#6795=DIRECTION('',(1.,0.,0.));
#6796=DIRECTION('',(0.,0.,-1.));
#6797=DIRECTION('',(-1.,0.,0.));
#6798=DIRECTION('',(0.,0.,-1.));
#6799=DIRECTION('',(0.,0.,-1.));
#6800=DIRECTION('',(-1.,0.,0.));
#6801=DIRECTION('',(0.,0.,-1.));
#6802=DIRECTION('',(0.,0.,1.));
#6803=DIRECTION('',(1.,0.,0.));
#6804=DIRECTION('',(0.,0.,-1.));
#6805=DIRECTION('',(-1.,0.,0.));
#6806=DIRECTION('',(0.,0.,-1.));
#6807=DIRECTION('',(0.,0.,-1.));
#6808=DIRECTION('',(-1.,0.,0.));
#6809=DIRECTION('',(0.,0.,-1.));
#6810=DIRECTION('',(0.,0.,1.));
#6811=DIRECTION('',(1.,0.,0.));
#6812=DIRECTION('',(0.,0.,-1.));
#6813=DIRECTION('',(-1.,0.,0.));
#6814=DIRECTION('',(0.,0.,-1.));
#6815=DIRECTION('',(0.,0.,-1.));
#6816=DIRECTION('',(-1.,0.,0.));
#6817=DIRECTION('',(0.,0.,-1.));
#6818=DIRECTION('',(0.,0.,1.));
#6819=DIRECTION('',(1.,0.,0.));
#6820=DIRECTION('',(0.,0.,-1.));
#6821=DIRECTION('',(-1.,0.,0.));
#6822=DIRECTION('',(0.,0.,-1.));
#6823=DIRECTION('',(0.,0.,-1.));
#6824=DIRECTION('',(-1.,0.,0.));
#6825=DIRECTION('',(0.,0.,-1.));
#6826=DIRECTION('',(0.,0.,1.));
#6827=DIRECTION('',(1.,0.,0.));
#6828=DIRECTION('',(0.,0.,-1.));
#6829=DIRECTION('',(-1.,0.,0.));
#6830=DIRECTION('',(0.,0.,-1.));
#6831=DIRECTION('',(0.,0.,-1.));
#6832=DIRECTION('',(-1.,0.,0.));
#6833=DIRECTION('',(0.,0.,-1.));
#6834=DIRECTION('',(0.,0.,1.));
#6835=DIRECTION('',(1.,0.,0.));
#6836=DIRECTION('',(0.,0.,-1.));
#6837=DIRECTION('',(-1.,0.,0.));
#6838=DIRECTION('',(0.,0.,-1.));
#6839=DIRECTION('',(0.,0.,-1.));
#6840=DIRECTION('',(-1.,0.,0.));
#6841=DIRECTION('',(0.,0.,-1.));
#6842=DIRECTION('',(0.,0.,1.));
#6843=DIRECTION('',(1.,0.,0.));
#6844=DIRECTION('',(0.,0.,-1.));
#6845=DIRECTION('',(-1.,0.,0.));
#6846=DIRECTION('',(0.,0.,-1.));
#6847=DIRECTION('',(0.,0.,-1.));
#6848=DIRECTION('',(-1.,0.,0.));
#6849=DIRECTION('',(0.,0.,-1.));
#6850=DIRECTION('',(0.,0.,1.));
#6851=DIRECTION('',(1.,0.,0.));
#6852=DIRECTION('',(0.,0.,-1.));
#6853=DIRECTION('',(-1.,0.,0.));
#6854=DIRECTION('',(0.,0.,-1.));
#6855=DIRECTION('',(0.,0.,-1.));
#6856=DIRECTION('',(-1.,0.,0.));
#6857=DIRECTION('',(0.,0.,-1.));
#6858=DIRECTION('',(0.,0.,1.));
#6859=DIRECTION('',(1.,0.,0.));
#6860=DIRECTION('',(0.,0.,-1.));
#6861=DIRECTION('',(-1.,0.,0.));
#6862=DIRECTION('',(0.,0.,-1.));
#6863=DIRECTION('',(0.,0.,-1.));
#6864=DIRECTION('',(-1.,0.,0.));
#6865=DIRECTION('',(0.,0.,-1.));
#6866=DIRECTION('',(0.,0.,1.));
#6867=DIRECTION('',(1.,0.,0.));
#6868=DIRECTION('',(0.,0.,-1.));
#6869=DIRECTION('',(-1.,0.,0.));
#6870=DIRECTION('',(0.,0.,-1.));
#6871=DIRECTION('',(0.,0.,-1.));
#6872=DIRECTION('',(-1.,0.,0.));
#6873=DIRECTION('',(0.,0.,-1.));
#6874=DIRECTION('',(0.,0.,1.));
#6875=DIRECTION('',(1.,0.,0.));
#6876=DIRECTION('',(0.,0.,-1.));
#6877=DIRECTION('',(-1.,0.,0.));
#6878=DIRECTION('',(0.,0.,-1.));
#6879=DIRECTION('',(0.,0.,-1.));
#6880=DIRECTION('',(-1.,0.,0.));
#6881=DIRECTION('',(0.,0.,-1.));
#6882=DIRECTION('',(0.,0.,1.));
#6883=DIRECTION('',(1.,0.,0.));
#6884=DIRECTION('',(0.,0.,-1.));
#6885=DIRECTION('',(-1.,0.,0.));
#6886=DIRECTION('',(0.,0.,-1.));
#6887=DIRECTION('',(0.,0.,-1.));
#6888=DIRECTION('',(-1.,0.,0.));
#6889=DIRECTION('',(0.,0.,-1.));
#6890=DIRECTION('',(0.,0.,1.));
#6891=DIRECTION('',(1.,0.,0.));
#6892=DIRECTION('',(0.,0.,-1.));
#6893=DIRECTION('',(-1.,0.,0.));
#6894=DIRECTION('',(0.,0.,-1.));
#6895=DIRECTION('',(0.,0.,-1.));
#6896=DIRECTION('',(-1.,0.,0.));
#6897=DIRECTION('',(0.,0.,-1.));
#6898=DIRECTION('',(0.,0.,1.));
#6899=DIRECTION('',(1.,0.,0.));
#6900=DIRECTION('',(0.,0.,-1.));
#6901=DIRECTION('',(-1.,0.,0.));
#6902=DIRECTION('',(0.,0.,-1.));
#6903=DIRECTION('',(0.,0.,-1.));
#6904=DIRECTION('',(-1.,0.,0.));
#6905=DIRECTION('',(0.,0.,-1.));
#6906=DIRECTION('',(0.,0.,1.));
#6907=DIRECTION('',(1.,0.,0.));
#6908=DIRECTION('',(0.,0.,-1.));
#6909=DIRECTION('',(-1.,0.,0.));
#6910=DIRECTION('',(0.,0.,-1.));
#6911=DIRECTION('',(0.,0.,-1.));
#6912=DIRECTION('',(-1.,0.,0.));
#6913=DIRECTION('',(0.,0.,-1.));
#6914=DIRECTION('',(0.,0.,1.));
#6915=DIRECTION('',(1.,0.,0.));
#6916=DIRECTION('',(0.,0.,-1.));
#6917=DIRECTION('',(-1.,0.,0.));
#6918=DIRECTION('',(0.,0.,-1.));
#6919=DIRECTION('',(0.,0.,-1.));
#6920=DIRECTION('',(-1.,0.,0.));
#6921=DIRECTION('',(0.,0.,-1.));
#6922=DIRECTION('',(0.,0.,1.));
#6923=DIRECTION('',(1.,0.,0.));
#6924=DIRECTION('',(0.,0.,-1.));
#6925=DIRECTION('',(-1.,0.,0.));
#6926=DIRECTION('',(0.,0.,-1.));
#6927=DIRECTION('',(0.,0.,-1.));
#6928=DIRECTION('',(-1.,0.,0.));
#6929=DIRECTION('',(0.,0.,-1.));
#6930=DIRECTION('',(0.,0.,1.));
#6931=DIRECTION('',(1.,0.,0.));
#6932=DIRECTION('',(0.,0.,-1.));
#6933=DIRECTION('',(-1.,0.,0.));
#6934=DIRECTION('',(0.,0.,-1.));
#6935=DIRECTION('',(0.,0.,-1.));
#6936=DIRECTION('',(-1.,0.,0.));
#6937=DIRECTION('',(0.,0.,-1.));
#6938=DIRECTION('',(0.,0.,1.));
#6939=DIRECTION('',(1.,0.,0.));
#6940=DIRECTION('',(0.,0.,-1.));
#6941=DIRECTION('',(-1.,0.,0.));
#6942=DIRECTION('',(0.,0.,-1.));
#6943=DIRECTION('',(0.,0.,-1.));
#6944=DIRECTION('',(-1.,0.,0.));
#6945=DIRECTION('',(0.,0.,-1.));
#6946=DIRECTION('',(0.,0.,1.));
#6947=DIRECTION('',(1.,0.,0.));
#6948=DIRECTION('',(0.,0.,-1.));
#6949=DIRECTION('',(-1.,0.,0.));
#6950=DIRECTION('',(0.,0.,-1.));
#6951=DIRECTION('',(0.,0.,-1.));
#6952=DIRECTION('',(-1.,0.,0.));
#6953=DIRECTION('',(0.,0.,-1.));
#6954=DIRECTION('',(0.,0.,1.));
#6955=DIRECTION('',(1.,0.,0.));
#6956=DIRECTION('',(0.,0.,-1.));
#6957=DIRECTION('',(-1.,0.,0.));
#6958=DIRECTION('',(0.,0.,-1.));
#6959=DIRECTION('',(0.,0.,-1.));
#6960=DIRECTION('',(-1.,0.,0.));
#6961=DIRECTION('',(0.,0.,-1.));
#6962=DIRECTION('',(0.,0.,1.));
#6963=DIRECTION('',(1.,0.,0.));
#6964=DIRECTION('',(0.,0.,-1.));
#6965=DIRECTION('',(-1.,0.,0.));
#6966=DIRECTION('',(0.,0.,-1.));
#6967=DIRECTION('',(0.,0.,-1.));
#6968=DIRECTION('',(-1.,0.,0.));
#6969=DIRECTION('',(0.,0.,-1.));
#6970=DIRECTION('',(0.,0.,1.));
#6971=DIRECTION('',(1.,0.,0.));
#6972=DIRECTION('',(0.,0.,-1.));
#6973=DIRECTION('',(-1.,0.,0.));
#6974=DIRECTION('',(0.,0.,-1.));
#6975=DIRECTION('',(0.,0.,-1.));
#6976=DIRECTION('',(-1.,0.,0.));
#6977=DIRECTION('',(0.,0.,-1.));
#6978=DIRECTION('',(0.,0.,1.));
#6979=DIRECTION('',(1.,0.,0.));
#6980=DIRECTION('',(0.,0.,-1.));
#6981=DIRECTION('',(-1.,0.,0.));
#6982=DIRECTION('',(0.,0.,-1.));
#6983=DIRECTION('',(0.,0.,-1.));
#6984=DIRECTION('',(-1.,0.,0.));
#6985=DIRECTION('',(0.,0.,-1.));
#6986=DIRECTION('',(0.,0.,1.));
#6987=DIRECTION('',(1.,0.,0.));
#6988=DIRECTION('',(0.,0.,-1.));
#6989=DIRECTION('',(-1.,0.,0.));
#6990=DIRECTION('',(0.,0.,-1.));
#6991=DIRECTION('',(0.,0.,-1.));
#6992=DIRECTION('',(-1.,0.,0.));
#6993=DIRECTION('',(0.,0.,-1.));
#6994=DIRECTION('',(0.,0.,1.));
#6995=DIRECTION('',(1.,0.,0.));
#6996=DIRECTION('',(0.,0.,-1.));
#6997=DIRECTION('',(-1.,0.,0.));
#6998=DIRECTION('',(0.,0.,-1.));
#6999=DIRECTION('',(0.,0.,-1.));
#7000=DIRECTION('',(-1.,0.,0.));
#7001=DIRECTION('',(0.,0.,-1.));
#7002=DIRECTION('',(0.,0.,1.));
#7003=DIRECTION('',(1.,0.,0.));
#7004=DIRECTION('',(0.,0.,-1.));
#7005=DIRECTION('',(-1.,0.,0.));
#7006=DIRECTION('',(0.,0.,-1.));
#7007=DIRECTION('',(0.,0.,-1.));
#7008=DIRECTION('',(-1.,0.,0.));
#7009=DIRECTION('',(0.,0.,-1.));
#7010=DIRECTION('',(0.,0.,1.));
#7011=DIRECTION('',(1.,0.,0.));
#7012=DIRECTION('',(0.,0.,-1.));
#7013=DIRECTION('',(-1.,0.,0.));
#7014=DIRECTION('',(0.,0.,-1.));
#7015=DIRECTION('',(0.,0.,-1.));
#7016=DIRECTION('',(-1.,0.,0.));
#7017=DIRECTION('',(0.,0.,-1.));
#7018=DIRECTION('',(0.,0.,1.));
#7019=DIRECTION('',(1.,0.,0.));
#7020=DIRECTION('',(0.,0.,-1.));
#7021=DIRECTION('',(-1.,0.,0.));
#7022=DIRECTION('',(0.,0.,-1.));
#7023=DIRECTION('',(0.,0.,-1.));
#7024=DIRECTION('',(-1.,0.,0.));
#7025=DIRECTION('',(0.,0.,-1.));
#7026=DIRECTION('',(0.,0.,1.));
#7027=DIRECTION('',(1.,0.,0.));
#7028=DIRECTION('',(0.,0.,-1.));
#7029=DIRECTION('',(-1.,0.,0.));
#7030=DIRECTION('',(0.,0.,-1.));
#7031=DIRECTION('',(0.,0.,-1.));
#7032=DIRECTION('',(-1.,0.,0.));
#7033=DIRECTION('',(0.,0.,-1.));
#7034=DIRECTION('',(0.,0.,1.));
#7035=DIRECTION('',(1.,0.,0.));
#7036=DIRECTION('',(0.,0.,-1.));
#7037=DIRECTION('',(-1.,0.,0.));
#7038=DIRECTION('',(0.,0.,-1.));
#7039=DIRECTION('',(0.,0.,-1.));
#7040=DIRECTION('',(-1.,0.,0.));
#7041=DIRECTION('',(0.,0.,-1.));
#7042=DIRECTION('',(0.,0.,1.));
#7043=DIRECTION('',(1.,0.,0.));
#7044=DIRECTION('',(0.,0.,-1.));
#7045=DIRECTION('',(-1.,0.,0.));
#7046=DIRECTION('',(0.,0.,-1.));
#7047=DIRECTION('',(0.,0.,-1.));
#7048=DIRECTION('',(-1.,0.,0.));
#7049=DIRECTION('',(0.,0.,-1.));
#7050=DIRECTION('',(0.,0.,1.));
#7051=DIRECTION('',(1.,0.,0.));
#7052=DIRECTION('',(0.,0.,-1.));
#7053=DIRECTION('',(-1.,0.,0.));
#7054=DIRECTION('',(0.,0.,-1.));
#7055=DIRECTION('',(0.,0.,-1.));
#7056=DIRECTION('',(-1.,0.,0.));
#7057=DIRECTION('',(0.,0.,-1.));
#7058=DIRECTION('',(0.,0.,1.));
#7059=DIRECTION('',(1.,0.,0.));
#7060=DIRECTION('',(0.,0.,-1.));
#7061=DIRECTION('',(-1.,0.,0.));
#7062=DIRECTION('',(0.,0.,-1.));
#7063=DIRECTION('',(0.,0.,-1.));
#7064=DIRECTION('',(-1.,0.,0.));
#7065=DIRECTION('',(0.,0.,-1.));
#7066=DIRECTION('',(0.,0.,1.));
#7067=DIRECTION('',(1.,0.,0.));
#7068=DIRECTION('',(0.,0.,-1.));
#7069=DIRECTION('',(-1.,0.,0.));
#7070=DIRECTION('',(0.,0.,-1.));
#7071=DIRECTION('',(0.,0.,-1.));
#7072=DIRECTION('',(-1.,0.,0.));
#7073=DIRECTION('',(0.,0.,-1.));
#7074=DIRECTION('',(0.,0.,1.));
#7075=DIRECTION('',(1.,0.,0.));
#7076=DIRECTION('',(0.,0.,-1.));
#7077=DIRECTION('',(-1.,0.,0.));
#7078=DIRECTION('',(0.,0.,-1.));
#7079=DIRECTION('',(0.,0.,-1.));
#7080=DIRECTION('',(-1.,0.,0.));
#7081=DIRECTION('',(0.,0.,-1.));
#7082=DIRECTION('',(0.,0.,1.));
#7083=DIRECTION('',(1.,0.,0.));
#7084=DIRECTION('',(0.,0.,-1.));
#7085=DIRECTION('',(-1.,0.,0.));
#7086=DIRECTION('',(0.,0.,-1.));
#7087=DIRECTION('',(0.,0.,-1.));
#7088=DIRECTION('',(-1.,0.,0.));
#7089=DIRECTION('',(0.,0.,-1.));
#7090=DIRECTION('',(0.,0.,1.));
#7091=DIRECTION('',(1.,0.,0.));
#7092=DIRECTION('',(0.,0.,-1.));
#7093=DIRECTION('',(-1.,0.,0.));
#7094=DIRECTION('',(0.,0.,-1.));
#7095=DIRECTION('',(0.,0.,-1.));
#7096=DIRECTION('',(-1.,0.,0.));
#7097=DIRECTION('',(0.,0.,-1.));
#7098=DIRECTION('',(0.,0.,1.));
#7099=DIRECTION('',(1.,0.,0.));
#7100=DIRECTION('',(0.,0.,-1.));
#7101=DIRECTION('',(-1.,0.,0.));
#7102=DIRECTION('',(0.,0.,-1.));
#7103=DIRECTION('',(0.,0.,-1.));
#7104=DIRECTION('',(-1.,0.,0.));
#7105=DIRECTION('',(0.,0.,-1.));
#7106=DIRECTION('',(0.,0.,1.));
#7107=DIRECTION('',(1.,0.,0.));
#7108=DIRECTION('',(0.,0.,-1.));
#7109=DIRECTION('',(-1.,0.,0.));
#7110=DIRECTION('',(0.,0.,-1.));
#7111=DIRECTION('',(0.,0.,-1.));
#7112=DIRECTION('',(-1.,0.,0.));
#7113=DIRECTION('',(0.,0.,-1.));
#7114=DIRECTION('',(0.,0.,1.));
#7115=DIRECTION('',(1.,0.,0.));
#7116=DIRECTION('',(0.,0.,-1.));
#7117=DIRECTION('',(-1.,0.,0.));
#7118=DIRECTION('',(0.,0.,-1.));
#7119=DIRECTION('',(0.,0.,-1.));
#7120=DIRECTION('',(-1.,0.,0.));
#7121=DIRECTION('',(0.,0.,-1.));
#7122=DIRECTION('',(0.,0.,1.));
#7123=DIRECTION('',(1.,0.,0.));
#7124=DIRECTION('',(0.,0.,-1.));
#7125=DIRECTION('',(-1.,0.,0.));
#7126=DIRECTION('',(0.,0.,-1.));
#7127=DIRECTION('',(0.,0.,-1.));
#7128=DIRECTION('',(-1.,0.,0.));
#7129=DIRECTION('',(0.,0.,-1.));
#7130=DIRECTION('',(0.,0.,1.));
#7131=DIRECTION('',(1.,0.,0.));
#7132=DIRECTION('',(0.,0.,-1.));
#7133=DIRECTION('',(-1.,0.,0.));
#7134=DIRECTION('',(0.,0.,-1.));
#7135=DIRECTION('',(0.,0.,-1.));
#7136=DIRECTION('',(-1.,0.,0.));
#7137=DIRECTION('',(0.,0.,-1.));
#7138=DIRECTION('',(0.,0.,1.));
#7139=DIRECTION('',(1.,0.,0.));
#7140=DIRECTION('',(0.,0.,-1.));
#7141=DIRECTION('',(-1.,0.,0.));
#7142=DIRECTION('',(0.,0.,-1.));
#7143=DIRECTION('',(0.,0.,-1.));
#7144=DIRECTION('',(-1.,0.,0.));
#7145=DIRECTION('',(0.,0.,-1.));
#7146=DIRECTION('',(0.,0.,1.));
#7147=DIRECTION('',(1.,0.,0.));
#7148=DIRECTION('',(0.,0.,-1.));
#7149=DIRECTION('',(-1.,0.,0.));
#7150=DIRECTION('',(0.,0.,-1.));
#7151=DIRECTION('',(0.,0.,-1.));
#7152=DIRECTION('',(-1.,0.,0.));
#7153=DIRECTION('',(0.,0.,-1.));
#7154=DIRECTION('',(0.,0.,1.));
#7155=DIRECTION('',(1.,0.,0.));
#7156=DIRECTION('',(0.,0.,-1.));
#7157=DIRECTION('',(-1.,0.,0.));
#7158=DIRECTION('',(0.,0.,-1.));
#7159=DIRECTION('',(0.,0.,-1.));
#7160=DIRECTION('',(-1.,0.,0.));
#7161=DIRECTION('',(0.,0.,-1.));
#7162=DIRECTION('',(0.,0.,1.));
#7163=DIRECTION('',(1.,0.,0.));
#7164=DIRECTION('',(0.,0.,-1.));
#7165=DIRECTION('',(-1.,0.,0.));
#7166=DIRECTION('',(0.,0.,-1.));
#7167=DIRECTION('',(0.,0.,-1.));
#7168=DIRECTION('',(-1.,0.,0.));
#7169=DIRECTION('',(0.,0.,-1.));
#7170=DIRECTION('',(0.,0.,1.));
#7171=DIRECTION('',(1.,0.,0.));
#7172=DIRECTION('',(0.,0.,-1.));
#7173=DIRECTION('',(-1.,0.,0.));
#7174=DIRECTION('',(0.,0.,-1.));
#7175=DIRECTION('',(0.,0.,-1.));
#7176=DIRECTION('',(-1.,0.,0.));
#7177=DIRECTION('',(0.,0.,-1.));
#7178=DIRECTION('',(0.,0.,1.));
#7179=DIRECTION('',(1.,0.,0.));
#7180=DIRECTION('',(0.,0.,-1.));
#7181=DIRECTION('',(-1.,0.,0.));
#7182=DIRECTION('',(0.,0.,-1.));
#7183=DIRECTION('',(0.,0.,-1.));
#7184=DIRECTION('',(-1.,0.,0.));
#7185=DIRECTION('',(0.,0.,-1.));
#7186=DIRECTION('',(0.,0.,1.));
#7187=DIRECTION('',(1.,0.,0.));
#7188=DIRECTION('',(0.,0.,-1.));
#7189=DIRECTION('',(-1.,0.,0.));
#7190=DIRECTION('',(0.,0.,-1.));
#7191=DIRECTION('',(0.,0.,-1.));
#7192=DIRECTION('',(-1.,0.,0.));
#7193=DIRECTION('',(0.,0.,-1.));
#7194=DIRECTION('',(0.,0.,1.));
#7195=DIRECTION('',(1.,0.,0.));
#7196=DIRECTION('',(0.,0.,-1.));
#7197=DIRECTION('',(-1.,0.,0.));
#7198=DIRECTION('',(0.,0.,-1.));
#7199=DIRECTION('',(0.,0.,-1.));
#7200=DIRECTION('',(-1.,0.,0.));
#7201=DIRECTION('',(0.,0.,-1.));
#7202=DIRECTION('',(0.,0.,1.));
#7203=DIRECTION('',(1.,0.,0.));
#7204=DIRECTION('',(0.,0.,-1.));
#7205=DIRECTION('',(-1.,0.,0.));
#7206=DIRECTION('',(0.,0.,-1.));
#7207=DIRECTION('',(0.,0.,-1.));
#7208=DIRECTION('',(-1.,0.,0.));
#7209=DIRECTION('',(0.,0.,-1.));
#7210=DIRECTION('',(0.,0.,1.));
#7211=DIRECTION('',(1.,0.,0.));
#7212=DIRECTION('',(0.,0.,-1.));
#7213=DIRECTION('',(-1.,0.,0.));
#7214=DIRECTION('',(0.,0.,-1.));
#7215=DIRECTION('',(0.,0.,-1.));
#7216=DIRECTION('',(-1.,0.,0.));
#7217=DIRECTION('',(0.,0.,-1.));
#7218=DIRECTION('',(0.,0.,1.));
#7219=DIRECTION('',(1.,0.,0.));
#7220=DIRECTION('',(0.,0.,-1.));
#7221=DIRECTION('',(-1.,0.,0.));
#7222=DIRECTION('',(0.,0.,-1.));
#7223=DIRECTION('',(0.,0.,-1.));
#7224=DIRECTION('',(-1.,0.,0.));
#7225=DIRECTION('',(0.,0.,-1.));
#7226=DIRECTION('',(0.,0.,1.));
#7227=DIRECTION('',(1.,0.,0.));
#7228=DIRECTION('',(0.,0.,-1.));
#7229=DIRECTION('',(-1.,0.,0.));
#7230=DIRECTION('',(0.,0.,-1.));
#7231=DIRECTION('',(0.,0.,-1.));
#7232=DIRECTION('',(-1.,0.,0.));
#7233=DIRECTION('',(0.,0.,-1.));
#7234=DIRECTION('',(0.,0.,1.));
#7235=DIRECTION('',(1.,0.,0.));
#7236=DIRECTION('',(0.,0.,-1.));
#7237=DIRECTION('',(-1.,0.,0.));
#7238=DIRECTION('',(0.,0.,-1.));
#7239=DIRECTION('',(0.,0.,-1.));
#7240=DIRECTION('',(-1.,0.,0.));
#7241=DIRECTION('',(0.,0.,-1.));
#7242=DIRECTION('',(0.,0.,1.));
#7243=DIRECTION('',(1.,0.,0.));
#7244=DIRECTION('',(0.,0.,-1.));
#7245=DIRECTION('',(-1.,0.,0.));
#7246=DIRECTION('',(0.,0.,-1.));
#7247=DIRECTION('',(0.,0.,-1.));
#7248=DIRECTION('',(-1.,0.,0.));
#7249=DIRECTION('',(0.,0.,-1.));
#7250=DIRECTION('',(0.,0.,1.));
#7251=DIRECTION('',(1.,0.,0.));
#7252=DIRECTION('',(0.,0.,-1.));
#7253=DIRECTION('',(-1.,0.,0.));
#7254=DIRECTION('',(0.,0.,-1.));
#7255=DIRECTION('',(0.,0.,-1.));
#7256=DIRECTION('',(-1.,0.,0.));
#7257=DIRECTION('',(0.,0.,-1.));
#7258=DIRECTION('',(0.,0.,1.));
#7259=DIRECTION('',(1.,0.,0.));
#7260=DIRECTION('',(0.,0.,-1.));
#7261=DIRECTION('',(-1.,0.,0.));
#7262=DIRECTION('',(0.,0.,-1.));
#7263=DIRECTION('',(0.,0.,-1.));
#7264=DIRECTION('',(-1.,0.,0.));
#7265=DIRECTION('',(0.,0.,-1.));
#7266=DIRECTION('',(0.,0.,1.));
#7267=DIRECTION('',(1.,0.,0.));
#7268=DIRECTION('',(0.,0.,-1.));
#7269=DIRECTION('',(-1.,0.,0.));
#7270=DIRECTION('',(0.,0.,-1.));
#7271=DIRECTION('',(0.,0.,-1.));
#7272=DIRECTION('',(-1.,0.,0.));
#7273=DIRECTION('',(0.,0.,-1.));
#7274=DIRECTION('',(0.,0.,1.));
#7275=DIRECTION('',(1.,0.,0.));
#7276=DIRECTION('',(0.,0.,-1.));
#7277=DIRECTION('',(-1.,0.,0.));
#7278=DIRECTION('',(0.,0.,-1.));
#7279=DIRECTION('',(0.,0.,-1.));
#7280=DIRECTION('',(-1.,0.,0.));
#7281=DIRECTION('',(0.,0.,-1.));
#7282=DIRECTION('',(0.,0.,1.));
#7283=DIRECTION('',(1.,0.,0.));
#7284=DIRECTION('',(0.,0.,-1.));
#7285=DIRECTION('',(0.,0.,-1.));
#7286=DIRECTION('',(0.,0.,-1.));
#7287=DIRECTION('',(-1.,0.,0.));
#7288=DIRECTION('',(0.,0.,-1.));
#7289=DIRECTION('',(-1.,0.,0.));
#7290=DIRECTION('',(0.,0.,1.));
#7291=DIRECTION('',(1.,0.,0.));
#7292=DIRECTION('',(0.,0.,-1.));
#7293=DIRECTION('',(0.,0.,-1.));
#7294=DIRECTION('',(0.,0.,-1.));
#7295=DIRECTION('',(-0.996194698091746,0.0871557427476583,0.));
#7296=DIRECTION('',(0.,0.,-1.));
#7297=DIRECTION('',(-1.,0.,0.));
#7298=DIRECTION('',(0.,0.,1.));
#7299=DIRECTION('',(0.996194698091746,-0.0871557427476583,0.));
#7300=DIRECTION('',(0.,0.,-1.));
#7301=DIRECTION('',(0.,0.,-1.));
#7302=DIRECTION('',(0.,0.,-1.));
#7303=DIRECTION('',(-0.984807753012208,0.17364817766693,0.));
#7304=DIRECTION('',(0.,0.,-1.));
#7305=DIRECTION('',(-1.,0.,0.));
#7306=DIRECTION('',(0.,0.,1.));
#7307=DIRECTION('',(0.984807753012208,-0.17364817766693,0.));
#7308=DIRECTION('',(0.,0.,-1.));
#7309=DIRECTION('',(0.,0.,-1.));
#7310=DIRECTION('',(0.,0.,-1.));
#7311=DIRECTION('',(-0.965925826289068,0.258819045102521,0.));
#7312=DIRECTION('',(0.,0.,-1.));
#7313=DIRECTION('',(-1.,0.,0.));
#7314=DIRECTION('',(0.,0.,1.));
#7315=DIRECTION('',(0.965925826289068,-0.258819045102521,0.));
#7316=DIRECTION('',(0.,0.,-1.));
#7317=DIRECTION('',(0.,0.,-1.));
#7318=DIRECTION('',(0.,0.,-1.));
#7319=DIRECTION('',(-0.939692620785908,0.342020143325668,0.));
#7320=DIRECTION('',(0.,0.,-1.));
#7321=DIRECTION('',(-1.,0.,0.));
#7322=DIRECTION('',(0.,0.,1.));
#7323=DIRECTION('',(0.939692620785908,-0.342020143325668,0.));
#7324=DIRECTION('',(0.,0.,-1.));
#7325=DIRECTION('',(0.,0.,-1.));
#7326=DIRECTION('',(0.,0.,-1.));
#7327=DIRECTION('',(-0.90630778703665,0.422618261740699,0.));
#7328=DIRECTION('',(0.,0.,-1.));
#7329=DIRECTION('',(-1.,0.,0.));
#7330=DIRECTION('',(0.,0.,1.));
#7331=DIRECTION('',(0.90630778703665,-0.422618261740699,0.));
#7332=DIRECTION('',(0.,0.,-1.));
#7333=DIRECTION('',(0.,0.,-1.));
#7334=DIRECTION('',(0.,0.,-1.));
#7335=DIRECTION('',(-0.866025403784438,0.5,0.));
#7336=DIRECTION('',(0.,0.,-1.));
#7337=DIRECTION('',(-1.,0.,0.));
#7338=DIRECTION('',(0.,0.,1.));
#7339=DIRECTION('',(0.866025403784438,-0.5,0.));
#7340=DIRECTION('',(0.,0.,-1.));
#7341=DIRECTION('',(0.,0.,-1.));
#7342=DIRECTION('',(0.,0.,-1.));
#7343=DIRECTION('',(-0.819152044288992,0.573576436351047,0.));
#7344=DIRECTION('',(0.,0.,-1.));
#7345=DIRECTION('',(-1.,0.,0.));
#7346=DIRECTION('',(0.,0.,1.));
#7347=DIRECTION('',(0.819152044288992,-0.573576436351047,0.));
#7348=DIRECTION('',(0.,0.,-1.));
#7349=DIRECTION('',(0.,0.,-1.));
#7350=DIRECTION('',(0.,0.,-1.));
#7351=DIRECTION('',(-0.17364817766693,-0.984807753012208,0.));
#7352=DIRECTION('',(0.,0.,-1.));
#7353=DIRECTION('',(-1.,0.,0.));
#7354=DIRECTION('',(0.,0.,1.));
#7355=DIRECTION('',(0.17364817766693,0.984807753012208,0.));
#7356=DIRECTION('',(0.,0.,-1.));
#7357=DIRECTION('',(0.,0.,-1.));
#7358=DIRECTION('',(0.,0.,-1.));
#7359=DIRECTION('',(-0.258819045102521,-0.965925826289068,0.));
#7360=DIRECTION('',(0.,0.,-1.));
#7361=DIRECTION('',(-1.,0.,0.));
#7362=DIRECTION('',(0.,0.,1.));
#7363=DIRECTION('',(0.258819045102521,0.965925826289068,0.));
#7364=DIRECTION('',(0.,0.,-1.));
#7365=DIRECTION('',(0.,0.,-1.));
#7366=DIRECTION('',(0.,0.,-1.));
#7367=DIRECTION('',(-0.342020143325669,-0.939692620785908,0.));
#7368=DIRECTION('',(0.,0.,-1.));
#7369=DIRECTION('',(-1.,0.,0.));
#7370=DIRECTION('',(0.,0.,1.));
#7371=DIRECTION('',(0.342020143325669,0.939692620785908,0.));
#7372=DIRECTION('',(0.,0.,-1.));
#7373=DIRECTION('',(0.,0.,-1.));
#7374=DIRECTION('',(0.,0.,-1.));
#7375=DIRECTION('',(-0.422618261740699,-0.90630778703665,0.));
#7376=DIRECTION('',(0.,0.,-1.));
#7377=DIRECTION('',(-1.,0.,0.));
#7378=DIRECTION('',(0.,0.,1.));
#7379=DIRECTION('',(0.422618261740699,0.90630778703665,0.));
#7380=DIRECTION('',(0.,0.,-1.));
#7381=DIRECTION('',(0.,0.,-1.));
#7382=DIRECTION('',(0.,0.,-1.));
#7383=DIRECTION('',(-0.642787609686539,-0.766044443118978,0.));
#7384=DIRECTION('',(0.,0.,-1.));
#7385=DIRECTION('',(-1.,0.,0.));
#7386=DIRECTION('',(0.,0.,1.));
#7387=DIRECTION('',(0.642787609686539,0.766044443118978,0.));
#7388=DIRECTION('',(0.,0.,-1.));
#7389=DIRECTION('',(0.,0.,-1.));
#7390=DIRECTION('',(0.,0.,-1.));
#7391=DIRECTION('',(-0.707106781186548,-0.707106781186548,0.));
#7392=DIRECTION('',(0.,0.,-1.));
#7393=DIRECTION('',(-1.,0.,0.));
#7394=DIRECTION('',(0.,0.,1.));
#7395=DIRECTION('',(0.707106781186548,0.707106781186548,0.));
#7396=DIRECTION('',(0.,0.,-1.));
#7397=DIRECTION('',(0.,0.,-1.));
#7398=DIRECTION('',(0.,0.,-1.));
#7399=DIRECTION('',(-0.573576436351046,-0.819152044288992,0.));
#7400=DIRECTION('',(0.,0.,-1.));
#7401=DIRECTION('',(-1.,0.,0.));
#7402=DIRECTION('',(0.,0.,1.));
#7403=DIRECTION('',(0.573576436351046,0.819152044288992,0.));
#7404=DIRECTION('',(0.,0.,-1.));
#7405=DIRECTION('',(0.,0.,-1.));
#7406=DIRECTION('',(0.,0.,-1.));
#7407=DIRECTION('',(-0.5,-0.866025403784439,0.));
#7408=DIRECTION('',(0.,0.,-1.));
#7409=DIRECTION('',(-1.,0.,0.));
#7410=DIRECTION('',(0.,0.,1.));
#7411=DIRECTION('',(0.5,0.866025403784439,0.));
#7412=DIRECTION('',(0.,0.,-1.));
#7413=DIRECTION('',(0.,0.,-1.));
#7414=DIRECTION('',(0.,0.,-1.));
#7415=DIRECTION('',(-0.819152044288992,-0.573576436351046,0.));
#7416=DIRECTION('',(0.,0.,-1.));
#7417=DIRECTION('',(-1.,0.,0.));
#7418=DIRECTION('',(0.,0.,1.));
#7419=DIRECTION('',(0.819152044288992,0.573576436351046,0.));
#7420=DIRECTION('',(0.,0.,-1.));
#7421=DIRECTION('',(0.,0.,-1.));
#7422=DIRECTION('',(0.,0.,-1.));
#7423=DIRECTION('',(-0.766044443118978,-0.642787609686539,0.));
#7424=DIRECTION('',(0.,0.,-1.));
#7425=DIRECTION('',(-1.,0.,0.));
#7426=DIRECTION('',(0.,0.,1.));
#7427=DIRECTION('',(0.766044443118978,0.642787609686539,0.));
#7428=DIRECTION('',(0.,0.,-1.));
#7429=DIRECTION('',(0.,0.,-1.));
#7430=DIRECTION('',(0.,0.,-1.));
#7431=DIRECTION('',(-0.866025403784439,-0.5,0.));
#7432=DIRECTION('',(0.,0.,-1.));
#7433=DIRECTION('',(-1.,0.,0.));
#7434=DIRECTION('',(0.,0.,1.));
#7435=DIRECTION('',(0.866025403784439,0.5,0.));
#7436=DIRECTION('',(0.,0.,-1.));
#7437=DIRECTION('',(0.,0.,-1.));
#7438=DIRECTION('',(0.,0.,-1.));
#7439=DIRECTION('',(-0.90630778703665,-0.422618261740699,0.));
#7440=DIRECTION('',(0.,0.,-1.));
#7441=DIRECTION('',(-1.,0.,0.));
#7442=DIRECTION('',(0.,0.,1.));
#7443=DIRECTION('',(0.90630778703665,0.422618261740699,0.));
#7444=DIRECTION('',(0.,0.,-1.));
#7445=DIRECTION('',(0.,0.,-1.));
#7446=DIRECTION('',(0.,0.,-1.));
#7447=DIRECTION('',(-0.939692620785908,-0.342020143325668,0.));
#7448=DIRECTION('',(0.,0.,-1.));
#7449=DIRECTION('',(-1.,0.,0.));
#7450=DIRECTION('',(0.,0.,1.));
#7451=DIRECTION('',(0.939692620785908,0.342020143325668,0.));
#7452=DIRECTION('',(0.,0.,-1.));
#7453=DIRECTION('',(0.,0.,-1.));
#7454=DIRECTION('',(0.,0.,-1.));
#7455=DIRECTION('',(-0.965925826289068,-0.258819045102521,0.));
#7456=DIRECTION('',(0.,0.,-1.));
#7457=DIRECTION('',(-1.,0.,0.));
#7458=DIRECTION('',(0.,0.,1.));
#7459=DIRECTION('',(0.965925826289068,0.258819045102521,0.));
#7460=DIRECTION('',(0.,0.,-1.));
#7461=DIRECTION('',(0.,0.,-1.));
#7462=DIRECTION('',(0.,0.,-1.));
#7463=DIRECTION('',(-0.984807753012208,-0.17364817766693,0.));
#7464=DIRECTION('',(0.,0.,-1.));
#7465=DIRECTION('',(-1.,0.,0.));
#7466=DIRECTION('',(0.,0.,1.));
#7467=DIRECTION('',(0.984807753012208,0.17364817766693,0.));
#7468=DIRECTION('',(0.,0.,-1.));
#7469=DIRECTION('',(0.,0.,-1.));
#7470=DIRECTION('',(0.,0.,-1.));
#7471=DIRECTION('',(-0.996194698091746,-0.0871557427476582,0.));
#7472=DIRECTION('',(0.,0.,-1.));
#7473=DIRECTION('',(-1.,0.,0.));
#7474=DIRECTION('',(0.,0.,1.));
#7475=DIRECTION('',(0.996194698091746,0.0871557427476582,0.));
#7476=DIRECTION('',(0.,0.,-1.));
#7477=DIRECTION('',(0.,0.,-1.));
#7478=DIRECTION('',(0.,0.,-1.));
#7479=DIRECTION('',(-0.0871557427476581,-0.996194698091746,0.));
#7480=DIRECTION('',(0.,0.,-1.));
#7481=DIRECTION('',(-1.,0.,0.));
#7482=DIRECTION('',(0.,0.,1.));
#7483=DIRECTION('',(0.0871557427476581,0.996194698091746,0.));
#7484=DIRECTION('',(0.,0.,-1.));
#7485=DIRECTION('',(0.,0.,-1.));
#7486=DIRECTION('',(0.,0.,-1.));
#7487=DIRECTION('',(-6.12323399573677E-17,-1.,0.));
#7488=DIRECTION('',(0.,0.,-1.));
#7489=DIRECTION('',(-1.,0.,0.));
#7490=DIRECTION('',(0.,0.,1.));
#7491=DIRECTION('',(6.12323399573677E-17,1.,0.));
#7492=DIRECTION('',(0.,0.,-1.));
#7493=DIRECTION('',(0.,0.,-1.));
#7494=DIRECTION('',(0.,0.,-1.));
#7495=DIRECTION('',(0.0871557427476582,-0.996194698091746,0.));
#7496=DIRECTION('',(0.,0.,-1.));
#7497=DIRECTION('',(-1.,0.,0.));
#7498=DIRECTION('',(0.,0.,1.));
#7499=DIRECTION('',(-0.0871557427476582,0.996194698091746,0.));
#7500=DIRECTION('',(0.,0.,-1.));
#7501=DIRECTION('',(0.,0.,-1.));
#7502=DIRECTION('',(0.,0.,-1.));
#7503=DIRECTION('',(0.17364817766693,-0.984807753012208,0.));
#7504=DIRECTION('',(0.,0.,-1.));
#7505=DIRECTION('',(-1.,0.,0.));
#7506=DIRECTION('',(0.,0.,1.));
#7507=DIRECTION('',(-0.17364817766693,0.984807753012208,0.));
#7508=DIRECTION('',(0.,0.,-1.));
#7509=DIRECTION('',(0.,0.,-1.));
#7510=DIRECTION('',(0.,0.,-1.));
#7511=DIRECTION('',(0.258819045102521,-0.965925826289068,0.));
#7512=DIRECTION('',(0.,0.,-1.));
#7513=DIRECTION('',(-1.,0.,0.));
#7514=DIRECTION('',(0.,0.,1.));
#7515=DIRECTION('',(-0.258819045102521,0.965925826289068,0.));
#7516=DIRECTION('',(0.,0.,-1.));
#7517=DIRECTION('',(0.,0.,-1.));
#7518=DIRECTION('',(0.,0.,-1.));
#7519=DIRECTION('',(0.342020143325668,-0.939692620785908,0.));
#7520=DIRECTION('',(0.,0.,-1.));
#7521=DIRECTION('',(-1.,0.,0.));
#7522=DIRECTION('',(0.,0.,1.));
#7523=DIRECTION('',(-0.342020143325668,0.939692620785908,0.));
#7524=DIRECTION('',(0.,0.,-1.));
#7525=DIRECTION('',(0.,0.,-1.));
#7526=DIRECTION('',(0.,0.,-1.));
#7527=DIRECTION('',(0.422618261740699,-0.90630778703665,0.));
#7528=DIRECTION('',(0.,0.,-1.));
#7529=DIRECTION('',(-1.,0.,0.));
#7530=DIRECTION('',(0.,0.,1.));
#7531=DIRECTION('',(-0.422618261740699,0.90630778703665,0.));
#7532=DIRECTION('',(0.,0.,-1.));
#7533=DIRECTION('',(0.,0.,-1.));
#7534=DIRECTION('',(0.,0.,-1.));
#7535=DIRECTION('',(0.5,-0.866025403784439,0.));
#7536=DIRECTION('',(0.,0.,-1.));
#7537=DIRECTION('',(-1.,0.,0.));
#7538=DIRECTION('',(0.,0.,1.));
#7539=DIRECTION('',(-0.5,0.866025403784439,0.));
#7540=DIRECTION('',(0.,0.,-1.));
#7541=DIRECTION('',(0.,0.,-1.));
#7542=DIRECTION('',(0.,0.,-1.));
#7543=DIRECTION('',(0.939692620785908,-0.342020143325669,0.));
#7544=DIRECTION('',(0.,0.,-1.));
#7545=DIRECTION('',(-1.,0.,0.));
#7546=DIRECTION('',(0.,0.,1.));
#7547=DIRECTION('',(-0.939692620785908,0.342020143325669,0.));
#7548=DIRECTION('',(0.,0.,-1.));
#7549=DIRECTION('',(0.,0.,-1.));
#7550=DIRECTION('',(0.,0.,-1.));
#7551=DIRECTION('',(0.90630778703665,-0.422618261740699,0.));
#7552=DIRECTION('',(0.,0.,-1.));
#7553=DIRECTION('',(-1.,0.,0.));
#7554=DIRECTION('',(0.,0.,1.));
#7555=DIRECTION('',(-0.90630778703665,0.422618261740699,0.));
#7556=DIRECTION('',(0.,0.,-1.));
#7557=DIRECTION('',(0.,0.,-1.));
#7558=DIRECTION('',(0.,0.,-1.));
#7559=DIRECTION('',(0.866025403784439,-0.5,0.));
#7560=DIRECTION('',(0.,0.,-1.));
#7561=DIRECTION('',(-1.,0.,0.));
#7562=DIRECTION('',(0.,0.,1.));
#7563=DIRECTION('',(-0.866025403784439,0.5,0.));
#7564=DIRECTION('',(0.,0.,-1.));
#7565=DIRECTION('',(0.,0.,-1.));
#7566=DIRECTION('',(0.,0.,-1.));
#7567=DIRECTION('',(0.819152044288992,-0.573576436351046,0.));
#7568=DIRECTION('',(0.,0.,-1.));
#7569=DIRECTION('',(-1.,0.,0.));
#7570=DIRECTION('',(0.,0.,1.));
#7571=DIRECTION('',(-0.819152044288992,0.573576436351046,0.));
#7572=DIRECTION('',(0.,0.,-1.));
#7573=DIRECTION('',(0.,0.,-1.));
#7574=DIRECTION('',(0.,0.,-1.));
#7575=DIRECTION('',(0.64278760968654,-0.766044443118978,0.));
#7576=DIRECTION('',(0.,0.,-1.));
#7577=DIRECTION('',(-1.,0.,0.));
#7578=DIRECTION('',(0.,0.,1.));
#7579=DIRECTION('',(-0.64278760968654,0.766044443118978,0.));
#7580=DIRECTION('',(0.,0.,-1.));
#7581=DIRECTION('',(0.,0.,-1.));
#7582=DIRECTION('',(0.,0.,-1.));
#7583=DIRECTION('',(0.573576436351046,-0.819152044288992,0.));
#7584=DIRECTION('',(0.,0.,-1.));
#7585=DIRECTION('',(-1.,0.,0.));
#7586=DIRECTION('',(0.,0.,1.));
#7587=DIRECTION('',(-0.573576436351046,0.819152044288992,0.));
#7588=DIRECTION('',(0.,0.,-1.));
#7589=DIRECTION('',(0.,0.,-1.));
#7590=DIRECTION('',(0.,0.,-1.));
#7591=DIRECTION('',(0.766044443118978,-0.64278760968654,0.));
#7592=DIRECTION('',(0.,0.,-1.));
#7593=DIRECTION('',(-1.,0.,0.));
#7594=DIRECTION('',(0.,0.,1.));
#7595=DIRECTION('',(-0.766044443118978,0.64278760968654,0.));
#7596=DIRECTION('',(0.,0.,-1.));
#7597=DIRECTION('',(0.,0.,-1.));
#7598=DIRECTION('',(0.,0.,-1.));
#7599=DIRECTION('',(0.707106781186548,-0.707106781186548,0.));
#7600=DIRECTION('',(0.,0.,-1.));
#7601=DIRECTION('',(-1.,0.,0.));
#7602=DIRECTION('',(0.,0.,1.));
#7603=DIRECTION('',(-0.707106781186548,0.707106781186548,0.));
#7604=DIRECTION('',(0.,0.,-1.));
#7605=DIRECTION('',(0.,0.,-1.));
#7606=DIRECTION('',(0.,0.,-1.));
#7607=DIRECTION('',(0.965925826289068,-0.258819045102521,0.));
#7608=DIRECTION('',(0.,0.,-1.));
#7609=DIRECTION('',(-1.,0.,0.));
#7610=DIRECTION('',(0.,0.,1.));
#7611=DIRECTION('',(-0.965925826289068,0.258819045102521,0.));
#7612=DIRECTION('',(0.,0.,-1.));
#7613=DIRECTION('',(0.,0.,-1.));
#7614=DIRECTION('',(0.,0.,-1.));
#7615=DIRECTION('',(0.984807753012208,-0.17364817766693,0.));
#7616=DIRECTION('',(0.,0.,-1.));
#7617=DIRECTION('',(-1.,0.,0.));
#7618=DIRECTION('',(0.,0.,1.));
#7619=DIRECTION('',(-0.984807753012208,0.17364817766693,0.));
#7620=DIRECTION('',(0.,0.,-1.));
#7621=DIRECTION('',(0.,0.,-1.));
#7622=DIRECTION('',(0.,0.,-1.));
#7623=DIRECTION('',(0.996194698091746,-0.0871557427476582,0.));
#7624=DIRECTION('',(0.,0.,-1.));
#7625=DIRECTION('',(-1.,0.,0.));
#7626=DIRECTION('',(0.,0.,1.));
#7627=DIRECTION('',(-0.996194698091746,0.0871557427476582,0.));
#7628=DIRECTION('',(0.,0.,-1.));
#7629=DIRECTION('',(0.,0.,-1.));
#7630=DIRECTION('',(0.,0.,-1.));
#7631=DIRECTION('',(1.,-1.22464679914735E-16,0.));
#7632=DIRECTION('',(0.,0.,-1.));
#7633=DIRECTION('',(-1.,0.,0.));
#7634=DIRECTION('',(0.,0.,1.));
#7635=DIRECTION('',(-1.,1.22464679914735E-16,0.));
#7636=DIRECTION('',(0.,0.,-1.));
#7637=DIRECTION('',(0.,0.,-1.));
#7638=DIRECTION('',(0.,0.,-1.));
#7639=DIRECTION('',(0.996194698091746,0.0871557427476579,0.));
#7640=DIRECTION('',(0.,0.,-1.));
#7641=DIRECTION('',(-1.,0.,0.));
#7642=DIRECTION('',(0.,0.,1.));
#7643=DIRECTION('',(-0.996194698091746,-0.0871557427476579,0.));
#7644=DIRECTION('',(0.,0.,-1.));
#7645=DIRECTION('',(0.,0.,-1.));
#7646=DIRECTION('',(0.,0.,-1.));
#7647=DIRECTION('',(0.984807753012208,0.17364817766693,0.));
#7648=DIRECTION('',(0.,0.,-1.));
#7649=DIRECTION('',(-1.,0.,0.));
#7650=DIRECTION('',(0.,0.,1.));
#7651=DIRECTION('',(-0.984807753012208,-0.17364817766693,0.));
#7652=DIRECTION('',(0.,0.,-1.));
#7653=DIRECTION('',(0.,0.,-1.));
#7654=DIRECTION('',(0.,0.,-1.));
#7655=DIRECTION('',(0.965925826289068,0.258819045102521,0.));
#7656=DIRECTION('',(0.,0.,-1.));
#7657=DIRECTION('',(-1.,0.,0.));
#7658=DIRECTION('',(0.,0.,1.));
#7659=DIRECTION('',(-0.965925826289068,-0.258819045102521,0.));
#7660=DIRECTION('',(0.,0.,-1.));
#7661=DIRECTION('',(0.,0.,-1.));
#7662=DIRECTION('',(0.,0.,-1.));
#7663=DIRECTION('',(0.939692620785908,0.342020143325668,0.));
#7664=DIRECTION('',(0.,0.,-1.));
#7665=DIRECTION('',(-1.,0.,0.));
#7666=DIRECTION('',(0.,0.,1.));
#7667=DIRECTION('',(-0.939692620785908,-0.342020143325668,0.));
#7668=DIRECTION('',(0.,0.,-1.));
#7669=DIRECTION('',(0.,0.,-1.));
#7670=DIRECTION('',(0.,0.,-1.));
#7671=DIRECTION('',(0.64278760968654,0.766044443118978,0.));
#7672=DIRECTION('',(0.,0.,-1.));
#7673=DIRECTION('',(-1.,0.,0.));
#7674=DIRECTION('',(0.,0.,1.));
#7675=DIRECTION('',(-0.64278760968654,-0.766044443118978,0.));
#7676=DIRECTION('',(0.,0.,-1.));
#7677=DIRECTION('',(0.,0.,-1.));
#7678=DIRECTION('',(0.,0.,-1.));
#7679=DIRECTION('',(0.707106781186548,0.707106781186548,0.));
#7680=DIRECTION('',(0.,0.,-1.));
#7681=DIRECTION('',(-1.,0.,0.));
#7682=DIRECTION('',(0.,0.,1.));
#7683=DIRECTION('',(-0.707106781186548,-0.707106781186548,0.));
#7684=DIRECTION('',(0.,0.,-1.));
#7685=DIRECTION('',(0.,0.,-1.));
#7686=DIRECTION('',(0.,0.,-1.));
#7687=DIRECTION('',(0.573576436351046,0.819152044288992,0.));
#7688=DIRECTION('',(0.,0.,-1.));
#7689=DIRECTION('',(-1.,0.,0.));
#7690=DIRECTION('',(0.,0.,1.));
#7691=DIRECTION('',(-0.573576436351046,-0.819152044288992,0.));
#7692=DIRECTION('',(0.,0.,-1.));
#7693=DIRECTION('',(0.,0.,-1.));
#7694=DIRECTION('',(0.,0.,-1.));
#7695=DIRECTION('',(0.5,0.866025403784438,0.));
#7696=DIRECTION('',(0.,0.,-1.));
#7697=DIRECTION('',(-1.,0.,0.));
#7698=DIRECTION('',(0.,0.,1.));
#7699=DIRECTION('',(-0.5,-0.866025403784438,0.));
#7700=DIRECTION('',(0.,0.,-1.));
#7701=DIRECTION('',(0.,0.,-1.));
#7702=DIRECTION('',(0.,0.,-1.));
#7703=DIRECTION('',(0.819152044288992,0.573576436351046,0.));
#7704=DIRECTION('',(0.,0.,-1.));
#7705=DIRECTION('',(-1.,0.,0.));
#7706=DIRECTION('',(0.,0.,1.));
#7707=DIRECTION('',(-0.819152044288992,-0.573576436351046,0.));
#7708=DIRECTION('',(0.,0.,-1.));
#7709=DIRECTION('',(0.,0.,-1.));
#7710=DIRECTION('',(0.,0.,-1.));
#7711=DIRECTION('',(0.766044443118978,0.642787609686539,0.));
#7712=DIRECTION('',(0.,0.,-1.));
#7713=DIRECTION('',(-1.,0.,0.));
#7714=DIRECTION('',(0.,0.,1.));
#7715=DIRECTION('',(-0.766044443118978,-0.642787609686539,0.));
#7716=DIRECTION('',(0.,0.,-1.));
#7717=DIRECTION('',(0.,0.,-1.));
#7718=DIRECTION('',(0.,0.,-1.));
#7719=DIRECTION('',(0.866025403784439,0.5,0.));
#7720=DIRECTION('',(0.,0.,-1.));
#7721=DIRECTION('',(-1.,0.,0.));
#7722=DIRECTION('',(0.,0.,1.));
#7723=DIRECTION('',(-0.866025403784439,-0.5,0.));
#7724=DIRECTION('',(0.,0.,-1.));
#7725=DIRECTION('',(0.,0.,-1.));
#7726=DIRECTION('',(0.,0.,-1.));
#7727=DIRECTION('',(0.90630778703665,0.422618261740699,0.));
#7728=DIRECTION('',(0.,0.,-1.));
#7729=DIRECTION('',(-1.,0.,0.));
#7730=DIRECTION('',(0.,0.,1.));
#7731=DIRECTION('',(-0.90630778703665,-0.422618261740699,0.));
#7732=DIRECTION('',(0.,0.,-1.));
#7733=DIRECTION('',(0.,0.,-1.));
#7734=DIRECTION('',(0.,0.,-1.));
#7735=DIRECTION('',(0.422618261740699,0.90630778703665,0.));
#7736=DIRECTION('',(0.,0.,-1.));
#7737=DIRECTION('',(-1.,0.,0.));
#7738=DIRECTION('',(0.,0.,1.));
#7739=DIRECTION('',(-0.422618261740699,-0.90630778703665,0.));
#7740=DIRECTION('',(0.,0.,-1.));
#7741=DIRECTION('',(0.,0.,-1.));
#7742=DIRECTION('',(0.,0.,-1.));
#7743=DIRECTION('',(0.342020143325668,0.939692620785909,0.));
#7744=DIRECTION('',(0.,0.,-1.));
#7745=DIRECTION('',(-1.,0.,0.));
#7746=DIRECTION('',(0.,0.,1.));
#7747=DIRECTION('',(-0.342020143325668,-0.939692620785909,0.));
#7748=DIRECTION('',(0.,0.,-1.));
#7749=DIRECTION('',(0.,0.,-1.));
#7750=DIRECTION('',(0.,0.,-1.));
#7751=DIRECTION('',(0.258819045102521,0.965925826289068,0.));
#7752=DIRECTION('',(0.,0.,-1.));
#7753=DIRECTION('',(-1.,0.,0.));
#7754=DIRECTION('',(0.,0.,1.));
#7755=DIRECTION('',(-0.258819045102521,-0.965925826289068,0.));
#7756=DIRECTION('',(0.,0.,-1.));
#7757=DIRECTION('',(0.,0.,-1.));
#7758=DIRECTION('',(0.,0.,-1.));
#7759=DIRECTION('',(0.17364817766693,0.984807753012208,0.));
#7760=DIRECTION('',(0.,0.,-1.));
#7761=DIRECTION('',(-1.,0.,0.));
#7762=DIRECTION('',(0.,0.,1.));
#7763=DIRECTION('',(-0.17364817766693,-0.984807753012208,0.));
#7764=DIRECTION('',(0.,0.,-1.));
#7765=DIRECTION('',(0.,0.,-1.));
#7766=DIRECTION('',(0.,0.,-1.));
#7767=DIRECTION('',(0.0871557427476583,0.996194698091746,0.));
#7768=DIRECTION('',(0.,0.,-1.));
#7769=DIRECTION('',(-1.,0.,0.));
#7770=DIRECTION('',(0.,0.,1.));
#7771=DIRECTION('',(-0.0871557427476583,-0.996194698091746,0.));
#7772=DIRECTION('',(0.,0.,-1.));
#7773=DIRECTION('',(0.,0.,-1.));
#7774=DIRECTION('',(0.,0.,-1.));
#7775=DIRECTION('',(1.83697019872103E-16,1.,0.));
#7776=DIRECTION('',(0.,0.,-1.));
#7777=DIRECTION('',(-1.,0.,0.));
#7778=DIRECTION('',(0.,0.,1.));
#7779=DIRECTION('',(-1.83697019872103E-16,-1.,0.));
#7780=DIRECTION('',(0.,0.,-1.));
#7781=DIRECTION('',(0.,0.,-1.));
#7782=DIRECTION('',(0.,0.,-1.));
#7783=DIRECTION('',(-0.0871557427476579,0.996194698091746,0.));
#7784=DIRECTION('',(0.,0.,-1.));
#7785=DIRECTION('',(-1.,0.,0.));
#7786=DIRECTION('',(0.,0.,1.));
#7787=DIRECTION('',(0.0871557427476579,-0.996194698091746,0.));
#7788=DIRECTION('',(0.,0.,-1.));
#7789=DIRECTION('',(0.,0.,-1.));
#7790=DIRECTION('',(0.,0.,-1.));
#7791=DIRECTION('',(-0.17364817766693,0.984807753012208,0.));
#7792=DIRECTION('',(0.,0.,-1.));
#7793=DIRECTION('',(-1.,0.,0.));
#7794=DIRECTION('',(0.,0.,1.));
#7795=DIRECTION('',(0.17364817766693,-0.984807753012208,0.));
#7796=DIRECTION('',(0.,0.,-1.));
#7797=DIRECTION('',(0.,0.,-1.));
#7798=DIRECTION('',(0.,0.,-1.));
#7799=DIRECTION('',(-0.258819045102521,0.965925826289068,0.));
#7800=DIRECTION('',(0.,0.,-1.));
#7801=DIRECTION('',(-1.,0.,0.));
#7802=DIRECTION('',(0.,0.,1.));
#7803=DIRECTION('',(0.258819045102521,-0.965925826289068,0.));
#7804=DIRECTION('',(0.,0.,-1.));
#7805=DIRECTION('',(0.,0.,-1.));
#7806=DIRECTION('',(0.,0.,-1.));
#7807=DIRECTION('',(-0.342020143325669,0.939692620785908,0.));
#7808=DIRECTION('',(0.,0.,-1.));
#7809=DIRECTION('',(-1.,0.,0.));
#7810=DIRECTION('',(0.,0.,1.));
#7811=DIRECTION('',(0.342020143325669,-0.939692620785908,0.));
#7812=DIRECTION('',(0.,0.,-1.));
#7813=DIRECTION('',(0.,0.,-1.));
#7814=DIRECTION('',(0.,0.,-1.));
#7815=DIRECTION('',(-0.422618261740699,0.90630778703665,0.));
#7816=DIRECTION('',(0.,0.,-1.));
#7817=DIRECTION('',(-1.,0.,0.));
#7818=DIRECTION('',(0.,0.,1.));
#7819=DIRECTION('',(0.422618261740699,-0.90630778703665,0.));
#7820=DIRECTION('',(0.,0.,-1.));
#7821=DIRECTION('',(0.,0.,-1.));
#7822=DIRECTION('',(0.,0.,-1.));
#7823=DIRECTION('',(-0.5,0.866025403784439,0.));
#7824=DIRECTION('',(0.,0.,-1.));
#7825=DIRECTION('',(-1.,0.,0.));
#7826=DIRECTION('',(0.,0.,1.));
#7827=DIRECTION('',(0.5,-0.866025403784439,0.));
#7828=DIRECTION('',(0.,0.,-1.));
#7829=DIRECTION('',(0.,0.,-1.));
#7830=DIRECTION('',(0.,0.,-1.));
#7831=DIRECTION('',(-0.707106781186547,0.707106781186548,0.));
#7832=DIRECTION('',(0.,0.,-1.));
#7833=DIRECTION('',(-1.,0.,0.));
#7834=DIRECTION('',(0.,0.,1.));
#7835=DIRECTION('',(0.707106781186547,-0.707106781186548,0.));
#7836=DIRECTION('',(0.,0.,-1.));
#7837=DIRECTION('',(0.,0.,-1.));
#7838=DIRECTION('',(0.,0.,-1.));
#7839=DIRECTION('',(-0.766044443118978,0.64278760968654,0.));
#7840=DIRECTION('',(0.,0.,-1.));
#7841=DIRECTION('',(-1.,0.,0.));
#7842=DIRECTION('',(0.,0.,1.));
#7843=DIRECTION('',(0.766044443118978,-0.64278760968654,0.));
#7844=DIRECTION('',(0.,0.,-1.));
#7845=DIRECTION('',(0.,0.,-1.));
#7846=DIRECTION('',(0.,0.,-1.));
#7847=DIRECTION('',(-0.573576436351046,0.819152044288992,0.));
#7848=DIRECTION('',(0.,0.,-1.));
#7849=DIRECTION('',(-1.,0.,0.));
#7850=DIRECTION('',(0.,0.,1.));
#7851=DIRECTION('',(0.573576436351046,-0.819152044288992,0.));
#7852=DIRECTION('',(0.,0.,-1.));
#7853=DIRECTION('',(0.,0.,-1.));
#7854=DIRECTION('',(0.,0.,-1.));
#7855=DIRECTION('',(-0.642787609686539,0.766044443118978,0.));
#7856=DIRECTION('',(0.,0.,-1.));
#7857=DIRECTION('',(-1.,0.,0.));
#7858=DIRECTION('',(0.,0.,1.));
#7859=DIRECTION('',(0.642787609686539,-0.766044443118978,0.));
#7860=DIRECTION('',(0.,0.,1.));
#7861=DIRECTION('',(1.,0.,0.));
#7862=DIRECTION('',(0.,0.,-1.));
#7863=DIRECTION('',(-1.,0.,0.));
#7864=DIRECTION('',(0.,0.,-1.));
#7865=DIRECTION('',(-1.,0.,0.));
#7866=DIRECTION('',(0.,0.,1.));
#7867=DIRECTION('',(1.,0.,0.));
#7868=DIRECTION('',(0.,0.,-1.));
#7869=DIRECTION('',(-1.,0.,0.));
#7870=DIRECTION('',(0.,0.,1.));
#7871=DIRECTION('',(1.,0.,0.));
#7872=DIRECTION('',(0.,0.,1.));
#7873=DIRECTION('',(1.,0.,0.));
#7874=DIRECTION('',(0.,0.,-1.));
#7875=DIRECTION('',(-1.,0.,0.));
#7876=DIRECTION('',(0.,0.,1.));
#7877=DIRECTION('',(1.,0.,0.));
#7878=DIRECTION('',(0.,0.,1.));
#7879=DIRECTION('',(1.,0.,0.));
#7880=DIRECTION('',(0.,0.,-1.));
#7881=DIRECTION('',(-1.,0.,0.));
#7882=DIRECTION('',(0.,0.,1.));
#7883=DIRECTION('',(1.,0.,0.));
#7884=DIRECTION('',(0.,0.,1.));
#7885=DIRECTION('',(1.,0.,0.));
#7886=DIRECTION('',(-1.,0.,0.));
#7887=DIRECTION('',(-1.,0.,0.));
#7888=DIRECTION('',(-0.5,0.866025403784437,0.));
#7889=DIRECTION('',(0.5,0.86602540378444,0.));
#7890=DIRECTION('',(1.,0.,0.));
#7891=DIRECTION('',(0.5,-0.866025403784438,0.));
#7892=DIRECTION('',(0.5,-0.866025403784439,0.));
#7893=DIRECTION('',(-0.5,-0.866025403784438,0.));
#7894=DIRECTION('',(-1.,2.04085114820801E-15,0.));
#7895=DIRECTION('',(-0.5,0.86602540378444,0.));
#7896=DIRECTION('',(0.5,0.866025403784438,0.));
#7897=DIRECTION('',(0.5,0.866025403784439,0.));
#7898=DIRECTION('',(1.,0.,0.));
#7899=DIRECTION('',(0.5,-0.866025403784439,0.));
#7900=DIRECTION('',(-0.5,-0.866025403784439,0.));
#7901=DIRECTION('',(0.,0.,1.));
#7902=DIRECTION('',(1.,0.,0.));
#7903=DIRECTION('',(0.,0.,1.));
#7904=DIRECTION('',(1.,0.,0.));
#7905=DIRECTION('',(0.,0.,1.));
#7906=DIRECTION('',(1.,0.,0.));
#7907=DIRECTION('',(0.866025403784439,0.5,0.));
#7908=DIRECTION('',(-0.5,0.866025403784439,0.));
#7909=DIRECTION('',(0.5,-0.866025403784439,0.));
#7910=DIRECTION('',(0.,0.,1.));
#7911=DIRECTION('',(0.5,-0.866025403784439,0.));
#7912=DIRECTION('',(-0.866025403784439,0.5,0.));
#7913=DIRECTION('',(-0.5,-0.866025403784439,0.));
#7914=DIRECTION('',(0.5,0.866025403784439,0.));
#7915=DIRECTION('',(0.,0.,1.));
#7916=DIRECTION('',(0.5,0.866025403784439,0.));
#7917=DIRECTION('',(0.,-1.,0.));
#7918=DIRECTION('',(0.,0.,-1.));
#7919=DIRECTION('',(-1.,0.,0.));
#7920=DIRECTION('',(0.,0.,1.));
#7921=DIRECTION('',(-1.,0.,0.));
#7922=DIRECTION('',(0.,0.,1.));
#7923=DIRECTION('',(1.,0.,0.));
#7924=DIRECTION('',(0.,0.,1.));
#7925=DIRECTION('',(1.,0.,0.));
#7926=DIRECTION('',(0.,0.,1.));
#7927=DIRECTION('',(1.,0.,0.));
#7928=DIRECTION('',(0.,0.,1.));
#7929=DIRECTION('',(1.,0.,0.));
#7930=DIRECTION('',(0.,0.,1.));
#7931=DIRECTION('',(1.,0.,0.));
#7932=DIRECTION('',(0.,0.,1.));
#7933=DIRECTION('',(1.,0.,0.));
#7934=DIRECTION('',(0.,0.,-1.));
#7935=DIRECTION('',(1.,0.,0.));
#7936=DIRECTION('',(0.,0.,-1.));
#7937=DIRECTION('',(-1.,0.,0.));
#7938=DIRECTION('',(0.,0.,1.));
#7939=DIRECTION('',(1.,0.,0.));
#7940=DIRECTION('',(0.,0.,1.));
#7941=DIRECTION('',(1.,0.,0.));
#7942=DIRECTION('',(0.,0.,1.));
#7943=DIRECTION('',(1.,0.,0.));
#7944=DIRECTION('',(0.,0.,-1.));
#7945=DIRECTION('',(-1.,0.,0.));
#7946=DIRECTION('',(0.,0.,-1.));
#7947=DIRECTION('',(-1.,0.,0.));
#7948=DIRECTION('',(0.,0.,-1.));
#7949=DIRECTION('',(1.,0.,0.));
#7950=DIRECTION('',(0.,0.,-1.));
#7951=DIRECTION('',(1.,0.,0.));
#7952=DIRECTION('',(0.866025403784438,-0.5,0.));
#7953=DIRECTION('',(0.5,0.866025403784438,0.));
#7954=DIRECTION('',(0.,0.,1.));
#7955=DIRECTION('',(0.5,0.866025403784438,0.));
#7956=DIRECTION('',(0.86602540378444,0.5,0.));
#7957=DIRECTION('',(-0.5,0.86602540378444,0.));
#7958=DIRECTION('',(0.,0.,1.));
#7959=DIRECTION('',(-0.5,0.86602540378444,0.));
#7960=DIRECTION('',(2.04085114820801E-15,1.,0.));
#7961=DIRECTION('',(-1.,2.04085114820801E-15,0.));
#7962=DIRECTION('',(0.,0.,1.));
#7963=DIRECTION('',(-1.,2.04085114820801E-15,0.));
#7964=DIRECTION('',(-0.866025403784438,0.5,0.));
#7965=DIRECTION('',(-0.5,-0.866025403784438,0.));
#7966=DIRECTION('',(-0.5,-0.866025403784438,0.));
#7967=DIRECTION('',(0.,0.,1.));
#7968=DIRECTION('',(1.,0.,0.));
#7969=DIRECTION('',(0.,0.,1.));
#7970=DIRECTION('',(1.,0.,0.));
#7971=DIRECTION('',(-0.866025403784438,-0.5,0.));
#7972=DIRECTION('',(0.5,-0.866025403784438,0.));
#7973=DIRECTION('',(0.,0.,1.));
#7974=DIRECTION('',(0.5,-0.866025403784438,0.));
#7975=DIRECTION('',(0.,-1.,0.));
#7976=DIRECTION('',(0.,0.,-1.));
#7977=DIRECTION('',(0.,0.,1.));
#7978=DIRECTION('',(1.,0.,0.));
#7979=DIRECTION('',(0.866025403784439,-0.5,0.));
#7980=DIRECTION('',(0.5,0.86602540378444,0.));
#7981=DIRECTION('',(0.,0.,1.));
#7982=DIRECTION('',(0.5,0.86602540378444,0.));
#7983=DIRECTION('',(0.866025403784437,0.5,0.));
#7984=DIRECTION('',(-0.5,0.866025403784437,0.));
#7985=DIRECTION('',(-0.5,0.866025403784437,0.));
#7986=DIRECTION('',(0.,0.,1.));
#7987=DIRECTION('',(1.,0.,0.));
#7988=DIRECTION('',(0.,0.,1.));
#7989=DIRECTION('',(1.,0.,0.));
#7990=DIRECTION('',(0.,1.,0.));
#7991=DIRECTION('',(0.,0.,1.));
#7992=DIRECTION('',(0.,0.,1.));
#7993=DIRECTION('',(-1.,0.,0.));
#7994=DIRECTION('',(-0.866025403784439,0.5,0.));
#7995=DIRECTION('',(-0.5,-0.866025403784439,0.));
#7996=DIRECTION('',(0.,0.,1.));
#7997=DIRECTION('',(-0.5,-0.866025403784439,0.));
#7998=DIRECTION('',(-0.866025403784439,-0.5,0.));
#7999=DIRECTION('',(0.5,-0.866025403784439,0.));
#8000=DIRECTION('',(0.,0.,1.));
#8001=DIRECTION('',(0.5,-0.866025403784439,0.));
#8002=DIRECTION('',(0.,-1.,0.));
#8003=DIRECTION('',(0.,0.,-1.));
#8004=DIRECTION('',(1.,0.,0.));
#8005=DIRECTION('',(0.,0.,1.));
#8006=DIRECTION('',(1.,0.,0.));
#8007=DIRECTION('',(0.,0.,1.));
#8008=DIRECTION('',(1.,0.,0.));
#8009=DIRECTION('',(0.,0.,1.));
#8010=DIRECTION('',(1.,0.,0.));
#8011=DIRECTION('',(0.,0.,1.));
#8012=DIRECTION('',(1.,0.,0.));
#8013=DIRECTION('',(0.,0.,1.));
#8014=DIRECTION('',(1.,0.,0.));
#8015=DIRECTION('',(0.,0.,1.));
#8016=DIRECTION('',(1.,0.,0.));
#8017=DIRECTION('',(0.,0.,1.));
#8018=DIRECTION('',(1.,0.,0.));
#8019=DIRECTION('',(0.,0.,1.));
#8020=DIRECTION('',(1.,0.,0.));
#8021=DIRECTION('',(0.,0.,1.));
#8022=DIRECTION('',(1.,0.,0.));
#8023=DIRECTION('',(0.,0.,1.));
#8024=DIRECTION('',(1.,0.,0.));
#8025=DIRECTION('',(0.,0.,1.));
#8026=DIRECTION('',(1.,0.,0.));
#8027=CARTESIAN_POINT('',(0.,0.,0.));
#8028=CARTESIAN_POINT('',(0.00139230034250599,0.0648582221567631,0.02));
#8029=CARTESIAN_POINT('',(0.00139230034250599,0.0648582221567631,0.0178));
#8030=CARTESIAN_POINT('',(0.0136609935627855,0.0436082221567631,0.0178));
#8031=CARTESIAN_POINT('',(0.0119609935627855,0.0465527085296301,0.0178));
#8032=CARTESIAN_POINT('',(0.0136609935627855,0.0436082221567631,0.02));
#8033=CARTESIAN_POINT('',(0.0136609935627855,0.0436082221567631,-0.008));
#8034=CARTESIAN_POINT('',(0.00139230034250599,0.0648582221567631,-0.008));
#8035=CARTESIAN_POINT('',(-0.0108763928777736,0.0861082221567631,-0.008));
#8036=CARTESIAN_POINT('',(-0.0108763928777736,0.0861082221567631,0.02));
#8037=CARTESIAN_POINT('',(-0.0108763928777736,0.0861082221567631,0.02));
#8038=CARTESIAN_POINT('',(0.00139230034250599,0.0648582221567631,0.02));
#8039=CARTESIAN_POINT('',(0.0119609935627855,0.0465527085296301,0.02));
#8040=CARTESIAN_POINT('',(0.0119609935627855,0.0465527085296301,0.0178));
#8041=CARTESIAN_POINT('',(-0.0722198589791713,0.0648582221567631,0.02));
#8042=CARTESIAN_POINT('',(-0.0722198589791713,0.0648582221567631,0.0178));
#8043=CARTESIAN_POINT('',(-0.0599511657588917,0.0861082221567631,0.0178));
#8044=CARTESIAN_POINT('',(-0.0616511657588918,0.083163735783896,0.0178));
#8045=CARTESIAN_POINT('',(-0.0599511657588917,0.0861082221567631,0.02));
#8046=CARTESIAN_POINT('',(-0.0599511657588917,0.0861082221567631,-0.008));
#8047=CARTESIAN_POINT('',(-0.0722198589791713,0.0648582221567631,-0.008));
#8048=CARTESIAN_POINT('',(-0.0844885521994509,0.0436082221567631,-0.008));
#8049=CARTESIAN_POINT('',(-0.0844885521994509,0.0436082221567631,0.02));
#8050=CARTESIAN_POINT('',(-0.0844885521994509,0.0436082221567631,0.02));
#8051=CARTESIAN_POINT('',(-0.0722198589791713,0.0648582221567631,0.02));
#8052=CARTESIAN_POINT('',(-0.0616511657588918,0.083163735783896,0.02));
#8053=CARTESIAN_POINT('',(-0.0616511657588918,0.083163735783896,0.0178));
#8054=CARTESIAN_POINT('',(-0.0354137793183327,0.00110822215676306,0.02));
#8055=CARTESIAN_POINT('',(-0.0354137793183327,0.00110822215676306,0.0178));
#8056=CARTESIAN_POINT('',(-0.0599511657588918,0.00110822215676305,0.0178));
#8057=CARTESIAN_POINT('',(-0.0565511657588918,0.00110822215676306,0.0178));
#8058=CARTESIAN_POINT('',(-0.0599511657588918,0.00110822215676305,0.02));
#8059=CARTESIAN_POINT('',(-0.0599511657588918,0.00110822215676305,-0.008));
#8060=CARTESIAN_POINT('',(-0.0354137793183327,0.00110822215676306,-0.008));
#8061=CARTESIAN_POINT('',(-0.0108763928777736,0.00110822215676304,-0.008));
#8062=CARTESIAN_POINT('',(-0.0108763928777736,0.00110822215676304,0.02));
#8063=CARTESIAN_POINT('',(-0.0108763928777736,0.00110822215676304,0.02));
#8064=CARTESIAN_POINT('',(-0.0354137793183327,0.00110822215676306,0.02));
#8065=CARTESIAN_POINT('',(-0.0565511657588918,0.00110822215676306,0.02));
#8066=CARTESIAN_POINT('',(-0.0565511657588918,0.00110822215676306,0.0178));
#8067=CARTESIAN_POINT('',(-0.0354137793183327,0.0436082221567631,0.02));
#8068=CARTESIAN_POINT('',(-0.0123017005379142,0.0140595559598663,0.02));
#8069=CARTESIAN_POINT('',(-0.0123017005379142,0.0140595559598663,0.02));
#8070=CARTESIAN_POINT('',(-0.0123017005379142,0.0140595559598663,0.005));
#8071=CARTESIAN_POINT('',(-0.0354137793183327,0.0436082221567631,0.005));
#8072=CARTESIAN_POINT('',(-0.0128538056666375,0.0136359107943953,0.005));
#8073=CARTESIAN_POINT('',(-0.0128538056666375,0.0136359107943953,0.02));
#8074=CARTESIAN_POINT('',(-0.0128538056666375,0.0136359107943953,0.02));
#8075=CARTESIAN_POINT('',(-0.0354137793183327,0.0436082221567631,0.02));
#8076=CARTESIAN_POINT('',(-0.0354137793183327,0.0436082221567631,0.02));
#8077=CARTESIAN_POINT('',(-0.0149649849249942,0.012157647163182,0.02));
#8078=CARTESIAN_POINT('',(-0.0149649849249942,0.012157647163182,0.02));
#8079=CARTESIAN_POINT('',(-0.0149649849249942,0.012157647163182,0.005));
#8080=CARTESIAN_POINT('',(-0.0354137793183327,0.0436082221567631,0.005));
#8081=CARTESIAN_POINT('',(-0.0155519122360756,0.0117837332280362,0.005));
#8082=CARTESIAN_POINT('',(-0.0155519122360757,0.0117837332280363,0.02));
#8083=CARTESIAN_POINT('',(-0.0155519122360757,0.0117837332280363,0.02));
#8084=CARTESIAN_POINT('',(-0.0354137793183327,0.0436082221567631,0.02));
#8085=CARTESIAN_POINT('',(-0.0354137793183327,0.0436082221567631,0.02));
#8086=CARTESIAN_POINT('',(-0.00752175290956804,0.0185218369572036,0.02));
#8087=CARTESIAN_POINT('',(-0.00752175290956804,0.0185218369572036,0.02));
#8088=CARTESIAN_POINT('',(-0.00752175290956804,0.0185218369572036,0.005));
#8089=CARTESIAN_POINT('',(-0.0354137793183327,0.0436082221567631,0.005));
#8090=CARTESIAN_POINT('',(-0.00799190510985112,0.0180087558642382,0.005));
#8091=CARTESIAN_POINT('',(-0.00799190510985112,0.0180087558642382,0.02));
#8092=CARTESIAN_POINT('',(-0.00799190510985112,0.0180087558642382,0.02));
#8093=CARTESIAN_POINT('',(-0.0354137793183327,0.0436082221567631,0.02));
#8094=CARTESIAN_POINT('',(-0.0354137793183327,0.0436082221567631,0.02));
#8095=CARTESIAN_POINT('',(-0.00981431302580785,0.0161863479482815,0.02));
#8096=CARTESIAN_POINT('',(-0.00981431302580785,0.0161863479482815,0.02));
#8097=CARTESIAN_POINT('',(-0.00981431302580786,0.0161863479482815,0.005));
#8098=CARTESIAN_POINT('',(-0.0354137793183327,0.0436082221567631,0.005));
#8099=CARTESIAN_POINT('',(-0.0103273941187732,0.0157161957479985,0.005));
#8100=CARTESIAN_POINT('',(-0.0103273941187732,0.0157161957479985,0.02));
#8101=CARTESIAN_POINT('',(-0.0103273941187732,0.0157161957479985,0.02));
#8102=CARTESIAN_POINT('',(-0.0354137793183327,0.0436082221567631,0.02));
#8103=CARTESIAN_POINT('',(-0.0354137793183327,0.0436082221567631,0.02));
#8104=CARTESIAN_POINT('',(-0.0177838969847272,0.0104950962325752,0.02));
#8105=CARTESIAN_POINT('',(-0.0177838969847272,0.0104950962325752,0.02));
#8106=CARTESIAN_POINT('',(-0.0177838969847272,0.0104950962325752,0.005));
#8107=CARTESIAN_POINT('',(-0.0354137793183327,0.0436082221567631,0.005));
#8108=CARTESIAN_POINT('',(-0.0184011796069331,0.0101737592385766,0.005));
#8109=CARTESIAN_POINT('',(-0.0184011796069331,0.0101737592385766,0.02));
#8110=CARTESIAN_POINT('',(-0.0184011796069331,0.0101737592385766,0.02));
#8111=CARTESIAN_POINT('',(-0.0354137793183327,0.0436082221567631,0.02));
#8112=CARTESIAN_POINT('',(-0.0354137793183327,0.0436082221567631,0.02));
#8113=CARTESIAN_POINT('',(-0.0207369830942328,0.00908455618450356,0.02));
#8114=CARTESIAN_POINT('',(-0.0207369830942328,0.00908455618450356,0.02));
#8115=CARTESIAN_POINT('',(-0.0207369830942329,0.00908455618450355,0.005));
#8116=CARTESIAN_POINT('',(-0.0354137793183327,0.0436082221567631,0.005));
#8117=CARTESIAN_POINT('',(-0.0213799231340828,0.00881824170020499,0.005));
#8118=CARTESIAN_POINT('',(-0.0213799231340828,0.008818241700205,0.02));
#8119=CARTESIAN_POINT('',(-0.0213799231340828,0.008818241700205,0.02));
#8120=CARTESIAN_POINT('',(-0.0354137793183327,0.0436082221567631,0.02));
#8121=CARTESIAN_POINT('',(-0.0354137793183327,0.0436082221567631,0.02));
#8122=CARTESIAN_POINT('',(-0.0238017684850958,0.0079367620804403,0.02));
#8123=CARTESIAN_POINT('',(-0.0238017684850958,0.0079367620804403,0.02));
#8124=CARTESIAN_POINT('',(-0.0238017684850958,0.00793676208044029,0.005));
#8125=CARTESIAN_POINT('',(-0.0354137793183327,0.0436082221567631,0.005));
#8126=CARTESIAN_POINT('',(-0.0244654727806688,0.00772749691987235,0.005));
#8127=CARTESIAN_POINT('',(-0.0244654727806688,0.00772749691987236,0.02));
#8128=CARTESIAN_POINT('',(-0.0244654727806688,0.00772749691987236,0.02));
#8129=CARTESIAN_POINT('',(-0.0354137793183327,0.0436082221567631,0.02));
#8130=CARTESIAN_POINT('',(-0.0354137793183327,0.0436082221567631,0.02));
#8131=CARTESIAN_POINT('',(-0.0269549282899235,0.00706044932657433,0.02));
#8132=CARTESIAN_POINT('',(-0.0269549282899235,0.00706044932657433,0.02));
#8133=CARTESIAN_POINT('',(-0.0269549282899235,0.00706044932657432,0.005));
#8134=CARTESIAN_POINT('',(-0.0354137793183327,0.0436082221567631,0.005));
#8135=CARTESIAN_POINT('',(-0.0276343456507745,0.00690982612396671,0.005));
#8136=CARTESIAN_POINT('',(-0.0276343456507745,0.00690982612396672,0.02));
#8137=CARTESIAN_POINT('',(-0.0276343456507745,0.00690982612396672,0.02));
#8138=CARTESIAN_POINT('',(-0.0354137793183327,0.0436082221567631,0.02));
#8139=CARTESIAN_POINT('',(-0.0354137793183327,0.0436082221567631,0.02));
#8140=CARTESIAN_POINT('',(-0.0301724650586713,0.00646228719209471,0.02));
#8141=CARTESIAN_POINT('',(-0.0301724650586713,0.00646228719209471,0.02));
#8142=CARTESIAN_POINT('',(-0.0301724650586713,0.00646228719209471,0.005));
#8143=CARTESIAN_POINT('',(-0.0354137793183327,0.0436082221567631,0.005));
#8144=CARTESIAN_POINT('',(-0.0308624247084409,0.00637145228096802,0.005));
#8145=CARTESIAN_POINT('',(-0.0308624247084409,0.00637145228096803,0.02));
#8146=CARTESIAN_POINT('',(-0.0308624247084409,0.00637145228096803,0.02));
#8147=CARTESIAN_POINT('',(-0.0354137793183327,0.0436082221567631,0.02));
#8148=CARTESIAN_POINT('',(-0.0354137793183327,0.0436082221567631,0.02));
#8149=CARTESIAN_POINT('',(-0.0334298913937273,0.00614682805202498,0.02));
#8150=CARTESIAN_POINT('',(-0.0334298913937273,0.00614682805202498,0.02));
#8151=CARTESIAN_POINT('',(-0.0334298913937273,0.00614682805202498,0.005));
#8152=CARTESIAN_POINT('',(-0.0354137793183327,0.0436082221567631,0.005));
#8153=CARTESIAN_POINT('',(-0.0341251423228717,0.00611647274090052,0.005));
#8154=CARTESIAN_POINT('',(-0.0341251423228717,0.00611647274090052,0.02));
#8155=CARTESIAN_POINT('',(-0.0341251423228717,0.00611647274090052,0.02));
#8156=CARTESIAN_POINT('',(-0.0354137793183327,0.0436082221567631,0.02));
#8157=CARTESIAN_POINT('',(-0.0354137793183327,0.0436082221567631,0.02));
#8158=CARTESIAN_POINT('',(-0.0367024163137937,0.00611647274090052,0.02));
#8159=CARTESIAN_POINT('',(-0.0367024163137937,0.00611647274090052,0.02));
#8160=CARTESIAN_POINT('',(-0.0367024163137937,0.00611647274090052,0.005));
#8161=CARTESIAN_POINT('',(-0.0354137793183327,0.0436082221567631,0.005));
#8162=CARTESIAN_POINT('',(-0.0373976672429381,0.00614682805202498,0.005));
#8163=CARTESIAN_POINT('',(-0.0373976672429381,0.00614682805202498,0.02));
#8164=CARTESIAN_POINT('',(-0.0373976672429381,0.00614682805202498,0.02));
#8165=CARTESIAN_POINT('',(-0.0354137793183327,0.0436082221567631,0.02));
#8166=CARTESIAN_POINT('',(-0.0354137793183327,0.0436082221567631,0.02));
#8167=CARTESIAN_POINT('',(-0.0399651339282244,0.00637145228096801,0.02));
#8168=CARTESIAN_POINT('',(-0.0399651339282244,0.00637145228096801,0.02));
#8169=CARTESIAN_POINT('',(-0.0399651339282244,0.00637145228096801,0.005));
#8170=CARTESIAN_POINT('',(-0.0354137793183327,0.0436082221567631,0.005));
#8171=CARTESIAN_POINT('',(-0.040655093577994,0.00646228719209471,0.005));
#8172=CARTESIAN_POINT('',(-0.040655093577994,0.00646228719209471,0.02));
#8173=CARTESIAN_POINT('',(-0.040655093577994,0.00646228719209471,0.02));
#8174=CARTESIAN_POINT('',(-0.0354137793183327,0.0436082221567631,0.02));
#8175=CARTESIAN_POINT('',(-0.0354137793183327,0.0436082221567631,0.02));
#8176=CARTESIAN_POINT('',(-0.0431932129858908,0.0069098261239667,0.02));
#8177=CARTESIAN_POINT('',(-0.0431932129858908,0.0069098261239667,0.02));
#8178=CARTESIAN_POINT('',(-0.0431932129858908,0.0069098261239667,0.005));
#8179=CARTESIAN_POINT('',(-0.0354137793183327,0.0436082221567631,0.005));
#8180=CARTESIAN_POINT('',(-0.0438726303467419,0.00706044932657433,0.005));
#8181=CARTESIAN_POINT('',(-0.0438726303467419,0.00706044932657434,0.02));
#8182=CARTESIAN_POINT('',(-0.0438726303467419,0.00706044932657434,0.02));
#8183=CARTESIAN_POINT('',(-0.0354137793183327,0.0436082221567631,0.02));
#8184=CARTESIAN_POINT('',(-0.0354137793183327,0.0436082221567631,0.02));
#8185=CARTESIAN_POINT('',(-0.0463620858559966,0.00772749691987235,0.02));
#8186=CARTESIAN_POINT('',(-0.0463620858559966,0.00772749691987235,0.02));
#8187=CARTESIAN_POINT('',(-0.0463620858559966,0.00772749691987235,0.005));
#8188=CARTESIAN_POINT('',(-0.0354137793183327,0.0436082221567631,0.005));
#8189=CARTESIAN_POINT('',(-0.0470257901515696,0.00793676208044029,0.005));
#8190=CARTESIAN_POINT('',(-0.0470257901515696,0.0079367620804403,0.02));
#8191=CARTESIAN_POINT('',(-0.0470257901515696,0.0079367620804403,0.02));
#8192=CARTESIAN_POINT('',(-0.0354137793183327,0.0436082221567631,0.02));
#8193=CARTESIAN_POINT('',(-0.0354137793183327,0.0436082221567631,0.02));
#8194=CARTESIAN_POINT('',(-0.0494476355025825,0.00881824170020499,0.02));
#8195=CARTESIAN_POINT('',(-0.0494476355025825,0.00881824170020499,0.02));
#8196=CARTESIAN_POINT('',(-0.0494476355025825,0.00881824170020499,0.005));
#8197=CARTESIAN_POINT('',(-0.0354137793183327,0.0436082221567631,0.005));
#8198=CARTESIAN_POINT('',(-0.0500905755424325,0.00908455618450356,0.005));
#8199=CARTESIAN_POINT('',(-0.0500905755424325,0.00908455618450356,0.02));
#8200=CARTESIAN_POINT('',(-0.0500905755424325,0.00908455618450356,0.02));
#8201=CARTESIAN_POINT('',(-0.0354137793183327,0.0436082221567631,0.02));
#8202=CARTESIAN_POINT('',(-0.0354137793183327,0.0436082221567631,0.02));
#8203=CARTESIAN_POINT('',(-0.0524263790297323,0.0101737592385766,0.02));
#8204=CARTESIAN_POINT('',(-0.0524263790297323,0.0101737592385766,0.02));
#8205=CARTESIAN_POINT('',(-0.0524263790297323,0.0101737592385766,0.005));
#8206=CARTESIAN_POINT('',(-0.0354137793183327,0.0436082221567631,0.005));
#8207=CARTESIAN_POINT('',(-0.0530436616519383,0.0104950962325752,0.005));
#8208=CARTESIAN_POINT('',(-0.0530436616519383,0.0104950962325752,0.02));
#8209=CARTESIAN_POINT('',(-0.0530436616519383,0.0104950962325752,0.02));
#8210=CARTESIAN_POINT('',(-0.0354137793183327,0.0436082221567631,0.02));
#8211=CARTESIAN_POINT('',(-0.0354137793183327,0.0436082221567631,0.02));
#8212=CARTESIAN_POINT('',(-0.0699374452905922,0.0289314259326632,0.02));
#8213=CARTESIAN_POINT('',(-0.0699374452905922,0.0289314259326632,0.02));
#8214=CARTESIAN_POINT('',(-0.0699374452905922,0.0289314259326632,0.005));
#8215=CARTESIAN_POINT('',(-0.0354137793183327,0.0436082221567631,0.005));
#8216=CARTESIAN_POINT('',(-0.0702037597748908,0.0295743659725132,0.005));
#8217=CARTESIAN_POINT('',(-0.0702037597748908,0.0295743659725132,0.02));
#8218=CARTESIAN_POINT('',(-0.0702037597748908,0.0295743659725132,0.02));
#8219=CARTESIAN_POINT('',(-0.0354137793183327,0.0436082221567631,0.02));
#8220=CARTESIAN_POINT('',(-0.0354137793183327,0.0436082221567631,0.02));
#8221=CARTESIAN_POINT('',(-0.0685269052425206,0.0259783398231575,0.02));
#8222=CARTESIAN_POINT('',(-0.0685269052425206,0.0259783398231575,0.02));
#8223=CARTESIAN_POINT('',(-0.0685269052425206,0.0259783398231575,0.005));
#8224=CARTESIAN_POINT('',(-0.0354137793183327,0.0436082221567631,0.005));
#8225=CARTESIAN_POINT('',(-0.0688482422365192,0.0265956224453635,0.005));
#8226=CARTESIAN_POINT('',(-0.0688482422365192,0.0265956224453635,0.02));
#8227=CARTESIAN_POINT('',(-0.0688482422365192,0.0265956224453635,0.02));
#8228=CARTESIAN_POINT('',(-0.0354137793183327,0.0436082221567631,0.02));
#8229=CARTESIAN_POINT('',(-0.0354137793183327,0.0436082221567631,0.02));
#8230=CARTESIAN_POINT('',(-0.0649624455152295,0.0204961433763446,0.02));
#8231=CARTESIAN_POINT('',(-0.0649624455152295,0.0204961433763446,0.02));
#8232=CARTESIAN_POINT('',(-0.0649624455152295,0.0204961433763446,0.005));
#8233=CARTESIAN_POINT('',(-0.0354137793183327,0.0436082221567631,0.005));
#8234=CARTESIAN_POINT('',(-0.0653860906807004,0.0210482485050678,0.005));
#8235=CARTESIAN_POINT('',(-0.0653860906807004,0.0210482485050678,0.02));
#8236=CARTESIAN_POINT('',(-0.0653860906807004,0.0210482485050678,0.02));
#8237=CARTESIAN_POINT('',(-0.0354137793183327,0.0436082221567631,0.02));
#8238=CARTESIAN_POINT('',(-0.0354137793183327,0.0436082221567631,0.02));
#8239=CARTESIAN_POINT('',(-0.0668643543119138,0.0231594277634245,0.02));
#8240=CARTESIAN_POINT('',(-0.0668643543119138,0.0231594277634245,0.02));
#8241=CARTESIAN_POINT('',(-0.0668643543119138,0.0231594277634245,0.005));
#8242=CARTESIAN_POINT('',(-0.0354137793183327,0.0436082221567631,0.005));
#8243=CARTESIAN_POINT('',(-0.0672382682470595,0.0237463550745061,0.005));
#8244=CARTESIAN_POINT('',(-0.0672382682470595,0.0237463550745061,0.02));
#8245=CARTESIAN_POINT('',(-0.0672382682470595,0.0237463550745061,0.02));
#8246=CARTESIAN_POINT('',(-0.0354137793183327,0.0436082221567631,0.02));
#8247=CARTESIAN_POINT('',(-0.0354137793183327,0.0436082221567631,0.02));
#8248=CARTESIAN_POINT('',(-0.0552756464005897,0.0117837332280362,0.02));
#8249=CARTESIAN_POINT('',(-0.0552756464005897,0.0117837332280362,0.02));
#8250=CARTESIAN_POINT('',(-0.0552756464005897,0.0117837332280362,0.005));
#8251=CARTESIAN_POINT('',(-0.0354137793183327,0.0436082221567631,0.005));
#8252=CARTESIAN_POINT('',(-0.0558625737116712,0.012157647163182,0.005));
#8253=CARTESIAN_POINT('',(-0.0558625737116712,0.012157647163182,0.02));
#8254=CARTESIAN_POINT('',(-0.0558625737116712,0.012157647163182,0.02));
#8255=CARTESIAN_POINT('',(-0.0354137793183327,0.0436082221567631,0.02));
#8256=CARTESIAN_POINT('',(-0.0354137793183327,0.0436082221567631,0.02));
#8257=CARTESIAN_POINT('',(-0.0579737529700279,0.0136359107943953,0.02));
#8258=CARTESIAN_POINT('',(-0.0579737529700279,0.0136359107943953,0.02));
#8259=CARTESIAN_POINT('',(-0.0579737529700279,0.0136359107943953,0.005));
#8260=CARTESIAN_POINT('',(-0.0354137793183327,0.0436082221567631,0.005));
#8261=CARTESIAN_POINT('',(-0.0585258580987512,0.0140595559598663,0.005));
#8262=CARTESIAN_POINT('',(-0.0585258580987512,0.0140595559598663,0.02));
#8263=CARTESIAN_POINT('',(-0.0585258580987512,0.0140595559598663,0.02));
#8264=CARTESIAN_POINT('',(-0.0354137793183327,0.0436082221567631,0.02));
#8265=CARTESIAN_POINT('',(-0.0354137793183327,0.0436082221567631,0.02));
#8266=CARTESIAN_POINT('',(-0.0628356535268143,0.0180087558642382,0.02));
#8267=CARTESIAN_POINT('',(-0.0628356535268143,0.0180087558642382,0.02));
#8268=CARTESIAN_POINT('',(-0.0628356535268143,0.0180087558642382,0.005));
#8269=CARTESIAN_POINT('',(-0.0354137793183327,0.0436082221567631,0.005));
#8270=CARTESIAN_POINT('',(-0.0633058057270973,0.0185218369572036,0.005));
#8271=CARTESIAN_POINT('',(-0.0633058057270973,0.0185218369572036,0.02));
#8272=CARTESIAN_POINT('',(-0.0633058057270973,0.0185218369572036,0.02));
#8273=CARTESIAN_POINT('',(-0.0354137793183327,0.0436082221567631,0.02));
#8274=CARTESIAN_POINT('',(-0.0354137793183327,0.0436082221567631,0.02));
#8275=CARTESIAN_POINT('',(-0.0605001645178922,0.0157161957479985,0.02));
#8276=CARTESIAN_POINT('',(-0.0605001645178922,0.0157161957479985,0.02));
#8277=CARTESIAN_POINT('',(-0.0605001645178922,0.0157161957479985,0.005));
#8278=CARTESIAN_POINT('',(-0.0354137793183327,0.0436082221567631,0.005));
#8279=CARTESIAN_POINT('',(-0.0610132456108575,0.0161863479482815,0.005));
#8280=CARTESIAN_POINT('',(-0.0610132456108575,0.0161863479482815,0.02));
#8281=CARTESIAN_POINT('',(-0.0610132456108575,0.0161863479482815,0.02));
#8282=CARTESIAN_POINT('',(-0.0354137793183327,0.0436082221567631,0.02));
#8283=CARTESIAN_POINT('',(-0.0354137793183327,0.0436082221567631,0.02));
#8284=CARTESIAN_POINT('',(-0.0710852393946555,0.0319962113235262,0.02));
#8285=CARTESIAN_POINT('',(-0.0710852393946555,0.0319962113235262,0.02));
#8286=CARTESIAN_POINT('',(-0.0710852393946555,0.0319962113235262,0.005));
#8287=CARTESIAN_POINT('',(-0.0354137793183327,0.0436082221567631,0.005));
#8288=CARTESIAN_POINT('',(-0.0712945045552234,0.0326599156190992,0.005));
#8289=CARTESIAN_POINT('',(-0.0712945045552234,0.0326599156190992,0.02));
#8290=CARTESIAN_POINT('',(-0.0712945045552234,0.0326599156190992,0.02));
#8291=CARTESIAN_POINT('',(-0.0354137793183327,0.0436082221567631,0.02));
#8292=CARTESIAN_POINT('',(-0.0354137793183327,0.0436082221567631,0.02));
#8293=CARTESIAN_POINT('',(-0.0719615521485214,0.0351493711283539,0.02));
#8294=CARTESIAN_POINT('',(-0.0719615521485214,0.0351493711283539,0.02));
#8295=CARTESIAN_POINT('',(-0.0719615521485214,0.0351493711283539,0.005));
#8296=CARTESIAN_POINT('',(-0.0354137793183327,0.0436082221567631,0.005));
#8297=CARTESIAN_POINT('',(-0.072112175351129,0.0358287884892049,0.005));
#8298=CARTESIAN_POINT('',(-0.072112175351129,0.0358287884892049,0.02));
#8299=CARTESIAN_POINT('',(-0.072112175351129,0.0358287884892049,0.02));
#8300=CARTESIAN_POINT('',(-0.0354137793183327,0.0436082221567631,0.02));
#8301=CARTESIAN_POINT('',(-0.0354137793183327,0.0436082221567631,0.02));
#8302=CARTESIAN_POINT('',(-0.0725597142830011,0.0383669078971018,0.02));
#8303=CARTESIAN_POINT('',(-0.0725597142830011,0.0383669078971018,0.02));
#8304=CARTESIAN_POINT('',(-0.0725597142830011,0.0383669078971018,0.005));
#8305=CARTESIAN_POINT('',(-0.0354137793183327,0.0436082221567631,0.005));
#8306=CARTESIAN_POINT('',(-0.0726505491941278,0.0390568675468713,0.005));
#8307=CARTESIAN_POINT('',(-0.0726505491941277,0.0390568675468713,0.02));
#8308=CARTESIAN_POINT('',(-0.0726505491941277,0.0390568675468713,0.02));
#8309=CARTESIAN_POINT('',(-0.0354137793183327,0.0436082221567631,0.02));
#8310=CARTESIAN_POINT('',(-0.0354137793183327,0.0436082221567631,0.02));
#8311=CARTESIAN_POINT('',(-0.0728751734230708,0.0416243342321577,0.02));
#8312=CARTESIAN_POINT('',(-0.0728751734230708,0.0416243342321577,0.02));
#8313=CARTESIAN_POINT('',(-0.0728751734230708,0.0416243342321577,0.005));
#8314=CARTESIAN_POINT('',(-0.0354137793183327,0.0436082221567631,0.005));
#8315=CARTESIAN_POINT('',(-0.0729055287341952,0.042319585161302,0.005));
#8316=CARTESIAN_POINT('',(-0.0729055287341952,0.042319585161302,0.02));
#8317=CARTESIAN_POINT('',(-0.0729055287341952,0.042319585161302,0.02));
#8318=CARTESIAN_POINT('',(-0.0354137793183327,0.0436082221567631,0.02));
#8319=CARTESIAN_POINT('',(-0.0354137793183327,0.0436082221567631,0.02));
#8320=CARTESIAN_POINT('',(-0.0729055287341952,0.0448968591522241,0.02));
#8321=CARTESIAN_POINT('',(-0.0729055287341952,0.0448968591522241,0.02));
#8322=CARTESIAN_POINT('',(-0.0729055287341953,0.0448968591522241,0.005));
#8323=CARTESIAN_POINT('',(-0.0354137793183327,0.0436082221567631,0.005));
#8324=CARTESIAN_POINT('',(-0.0728751734230708,0.0455921100813685,0.005));
#8325=CARTESIAN_POINT('',(-0.0728751734230708,0.0455921100813685,0.02));
#8326=CARTESIAN_POINT('',(-0.0728751734230708,0.0455921100813685,0.02));
#8327=CARTESIAN_POINT('',(-0.0354137793183327,0.0436082221567631,0.02));
#8328=CARTESIAN_POINT('',(-0.0354137793183327,0.0436082221567631,0.02));
#8329=CARTESIAN_POINT('',(-0.0726505491941278,0.0481595767666548,0.02));
#8330=CARTESIAN_POINT('',(-0.0726505491941278,0.0481595767666548,0.02));
#8331=CARTESIAN_POINT('',(-0.0726505491941278,0.0481595767666549,0.005));
#8332=CARTESIAN_POINT('',(-0.0354137793183327,0.0436082221567631,0.005));
#8333=CARTESIAN_POINT('',(-0.0725597142830011,0.0488495364164244,0.005));
#8334=CARTESIAN_POINT('',(-0.0725597142830011,0.0488495364164244,0.02));
#8335=CARTESIAN_POINT('',(-0.0725597142830011,0.0488495364164244,0.02));
#8336=CARTESIAN_POINT('',(-0.0354137793183327,0.0436082221567631,0.02));
#8337=CARTESIAN_POINT('',(-0.0354137793183327,0.0436082221567631,0.02));
#8338=CARTESIAN_POINT('',(-0.0721121753511291,0.0513876558243212,0.02));
#8339=CARTESIAN_POINT('',(-0.0721121753511291,0.0513876558243212,0.02));
#8340=CARTESIAN_POINT('',(-0.0721121753511291,0.0513876558243212,0.005));
#8341=CARTESIAN_POINT('',(-0.0354137793183327,0.0436082221567631,0.005));
#8342=CARTESIAN_POINT('',(-0.0719615521485214,0.0520670731851722,0.005));
#8343=CARTESIAN_POINT('',(-0.0719615521485214,0.0520670731851722,0.02));
#8344=CARTESIAN_POINT('',(-0.0719615521485214,0.0520670731851722,0.02));
#8345=CARTESIAN_POINT('',(-0.0354137793183327,0.0436082221567631,0.02));
#8346=CARTESIAN_POINT('',(-0.0354137793183327,0.0436082221567631,0.02));
#8347=CARTESIAN_POINT('',(-0.0712945045552234,0.054556528694427,0.02));
#8348=CARTESIAN_POINT('',(-0.0712945045552234,0.054556528694427,0.02));
#8349=CARTESIAN_POINT('',(-0.0712945045552234,0.054556528694427,0.005));
#8350=CARTESIAN_POINT('',(-0.0354137793183327,0.0436082221567631,0.005));
#8351=CARTESIAN_POINT('',(-0.0710852393946555,0.05522023299,0.005));
#8352=CARTESIAN_POINT('',(-0.0710852393946555,0.05522023299,0.02));
#8353=CARTESIAN_POINT('',(-0.0710852393946555,0.05522023299,0.02));
#8354=CARTESIAN_POINT('',(-0.0354137793183327,0.0436082221567631,0.02));
#8355=CARTESIAN_POINT('',(-0.0354137793183327,0.0436082221567631,0.02));
#8356=CARTESIAN_POINT('',(-0.0610132456108575,0.0710300963652446,0.02));
#8357=CARTESIAN_POINT('',(-0.0610132456108575,0.0710300963652446,0.02));
#8358=CARTESIAN_POINT('',(-0.0610132456108575,0.0710300963652447,0.005));
#8359=CARTESIAN_POINT('',(-0.0354137793183327,0.0436082221567631,0.005));
#8360=CARTESIAN_POINT('',(-0.0605001645178922,0.0715002485655277,0.005));
#8361=CARTESIAN_POINT('',(-0.0605001645178922,0.0715002485655277,0.02));
#8362=CARTESIAN_POINT('',(-0.0605001645178922,0.0715002485655277,0.02));
#8363=CARTESIAN_POINT('',(-0.0354137793183327,0.0436082221567631,0.02));
#8364=CARTESIAN_POINT('',(-0.0354137793183327,0.0436082221567631,0.02));
#8365=CARTESIAN_POINT('',(-0.0633058057270973,0.0686946073563226,0.02));
#8366=CARTESIAN_POINT('',(-0.0633058057270973,0.0686946073563226,0.02));
#8367=CARTESIAN_POINT('',(-0.0633058057270973,0.0686946073563226,0.005));
#8368=CARTESIAN_POINT('',(-0.0354137793183327,0.0436082221567631,0.005));
#8369=CARTESIAN_POINT('',(-0.0628356535268143,0.0692076884492879,0.005));
#8370=CARTESIAN_POINT('',(-0.0628356535268143,0.0692076884492879,0.02));
#8371=CARTESIAN_POINT('',(-0.0628356535268143,0.0692076884492879,0.02));
#8372=CARTESIAN_POINT('',(-0.0354137793183327,0.0436082221567631,0.02));
#8373=CARTESIAN_POINT('',(-0.0354137793183327,0.0436082221567631,0.02));
#8374=CARTESIAN_POINT('',(-0.0558625737116712,0.0750587971503442,0.02));
#8375=CARTESIAN_POINT('',(-0.0558625737116712,0.0750587971503442,0.02));
#8376=CARTESIAN_POINT('',(-0.0558625737116712,0.0750587971503442,0.005));
#8377=CARTESIAN_POINT('',(-0.0354137793183327,0.0436082221567631,0.005));
#8378=CARTESIAN_POINT('',(-0.0552756464005897,0.0754327110854899,0.005));
#8379=CARTESIAN_POINT('',(-0.0552756464005897,0.0754327110854899,0.02));
#8380=CARTESIAN_POINT('',(-0.0552756464005897,0.0754327110854899,0.02));
#8381=CARTESIAN_POINT('',(-0.0354137793183327,0.0436082221567631,0.02));
#8382=CARTESIAN_POINT('',(-0.0354137793183327,0.0436082221567631,0.02));
#8383=CARTESIAN_POINT('',(-0.0585258580987512,0.0731568883536598,0.02));
#8384=CARTESIAN_POINT('',(-0.0585258580987512,0.0731568883536598,0.02));
#8385=CARTESIAN_POINT('',(-0.0585258580987512,0.0731568883536598,0.005));
#8386=CARTESIAN_POINT('',(-0.0354137793183327,0.0436082221567631,0.005));
#8387=CARTESIAN_POINT('',(-0.0579737529700279,0.0735805335191308,0.005));
#8388=CARTESIAN_POINT('',(-0.0579737529700279,0.0735805335191308,0.02));
#8389=CARTESIAN_POINT('',(-0.0579737529700279,0.0735805335191308,0.02));
#8390=CARTESIAN_POINT('',(-0.0354137793183327,0.0436082221567631,0.02));
#8391=CARTESIAN_POINT('',(-0.0354137793183327,0.0436082221567631,0.02));
#8392=CARTESIAN_POINT('',(-0.0653860906807005,0.0661681958084583,0.02));
#8393=CARTESIAN_POINT('',(-0.0653860906807005,0.0661681958084583,0.02));
#8394=CARTESIAN_POINT('',(-0.0653860906807005,0.0661681958084583,0.005));
#8395=CARTESIAN_POINT('',(-0.0354137793183327,0.0436082221567631,0.005));
#8396=CARTESIAN_POINT('',(-0.0649624455152294,0.0667203009371816,0.005));
#8397=CARTESIAN_POINT('',(-0.0649624455152294,0.0667203009371816,0.02));
#8398=CARTESIAN_POINT('',(-0.0649624455152294,0.0667203009371816,0.02));
#8399=CARTESIAN_POINT('',(-0.0354137793183327,0.0436082221567631,0.02));
#8400=CARTESIAN_POINT('',(-0.0354137793183327,0.0436082221567631,0.02));
#8401=CARTESIAN_POINT('',(-0.0672382682470595,0.0634700892390201,0.02));
#8402=CARTESIAN_POINT('',(-0.0672382682470595,0.0634700892390201,0.02));
#8403=CARTESIAN_POINT('',(-0.0672382682470595,0.0634700892390201,0.005));
#8404=CARTESIAN_POINT('',(-0.0354137793183327,0.0436082221567631,0.005));
#8405=CARTESIAN_POINT('',(-0.0668643543119138,0.0640570165501016,0.005));
#8406=CARTESIAN_POINT('',(-0.0668643543119138,0.0640570165501016,0.02));
#8407=CARTESIAN_POINT('',(-0.0668643543119138,0.0640570165501016,0.02));
#8408=CARTESIAN_POINT('',(-0.0354137793183327,0.0436082221567631,0.02));
#8409=CARTESIAN_POINT('',(-0.0354137793183327,0.0436082221567631,0.02));
#8410=CARTESIAN_POINT('',(-0.0688482422365192,0.0606208218681627,0.02));
#8411=CARTESIAN_POINT('',(-0.0688482422365192,0.0606208218681627,0.02));
#8412=CARTESIAN_POINT('',(-0.0688482422365192,0.0606208218681627,0.005));
#8413=CARTESIAN_POINT('',(-0.0354137793183327,0.0436082221567631,0.005));
#8414=CARTESIAN_POINT('',(-0.0685269052425206,0.0612381044903686,0.005));
#8415=CARTESIAN_POINT('',(-0.0685269052425206,0.0612381044903686,0.02));
#8416=CARTESIAN_POINT('',(-0.0685269052425206,0.0612381044903686,0.02));
#8417=CARTESIAN_POINT('',(-0.0354137793183327,0.0436082221567631,0.02));
#8418=CARTESIAN_POINT('',(-0.0354137793183327,0.0436082221567631,0.02));
#8419=CARTESIAN_POINT('',(-0.0702037597748908,0.0576420783410129,0.02));
#8420=CARTESIAN_POINT('',(-0.0702037597748908,0.0576420783410129,0.02));
#8421=CARTESIAN_POINT('',(-0.0702037597748908,0.0576420783410129,0.005));
#8422=CARTESIAN_POINT('',(-0.0354137793183327,0.0436082221567631,0.005));
#8423=CARTESIAN_POINT('',(-0.0699374452905922,0.0582850183808629,0.005));
#8424=CARTESIAN_POINT('',(-0.0699374452905922,0.0582850183808629,0.02));
#8425=CARTESIAN_POINT('',(-0.0699374452905922,0.0582850183808629,0.02));
#8426=CARTESIAN_POINT('',(-0.0354137793183327,0.0436082221567631,0.02));
#8427=CARTESIAN_POINT('',(-0.0354137793183327,0.0436082221567631,0.02));
#8428=CARTESIAN_POINT('',(-0.0530436616519383,0.076721348080951,0.02));
#8429=CARTESIAN_POINT('',(-0.0530436616519383,0.076721348080951,0.02));
#8430=CARTESIAN_POINT('',(-0.0530436616519383,0.076721348080951,0.005));
#8431=CARTESIAN_POINT('',(-0.0354137793183327,0.0436082221567631,0.005));
#8432=CARTESIAN_POINT('',(-0.0524263790297323,0.0770426850749496,0.005));
#8433=CARTESIAN_POINT('',(-0.0524263790297323,0.0770426850749496,0.02));
#8434=CARTESIAN_POINT('',(-0.0524263790297323,0.0770426850749496,0.02));
#8435=CARTESIAN_POINT('',(-0.0354137793183327,0.0436082221567631,0.02));
#8436=CARTESIAN_POINT('',(-0.0354137793183327,0.0436082221567631,0.02));
#8437=CARTESIAN_POINT('',(-0.0500905755424325,0.0781318881290226,0.02));
#8438=CARTESIAN_POINT('',(-0.0500905755424325,0.0781318881290226,0.02));
#8439=CARTESIAN_POINT('',(-0.0500905755424325,0.0781318881290226,0.005));
#8440=CARTESIAN_POINT('',(-0.0354137793183327,0.0436082221567631,0.005));
#8441=CARTESIAN_POINT('',(-0.0494476355025825,0.0783982026133212,0.005));
#8442=CARTESIAN_POINT('',(-0.0494476355025825,0.0783982026133211,0.02));
#8443=CARTESIAN_POINT('',(-0.0494476355025825,0.0783982026133211,0.02));
#8444=CARTESIAN_POINT('',(-0.0354137793183327,0.0436082221567631,0.02));
#8445=CARTESIAN_POINT('',(-0.0354137793183327,0.0436082221567631,0.02));
#8446=CARTESIAN_POINT('',(-0.0470257901515696,0.0792796822330859,0.02));
#8447=CARTESIAN_POINT('',(-0.0470257901515696,0.0792796822330859,0.02));
#8448=CARTESIAN_POINT('',(-0.0470257901515696,0.0792796822330859,0.005));
#8449=CARTESIAN_POINT('',(-0.0354137793183327,0.0436082221567631,0.005));
#8450=CARTESIAN_POINT('',(-0.0463620858559966,0.0794889473936538,0.005));
#8451=CARTESIAN_POINT('',(-0.0463620858559966,0.0794889473936538,0.02));
#8452=CARTESIAN_POINT('',(-0.0463620858559966,0.0794889473936538,0.02));
#8453=CARTESIAN_POINT('',(-0.0354137793183327,0.0436082221567631,0.02));
#8454=CARTESIAN_POINT('',(-0.0354137793183327,0.0436082221567631,0.02));
#8455=CARTESIAN_POINT('',(-0.0438726303467419,0.0801559949869518,0.02));
#8456=CARTESIAN_POINT('',(-0.0438726303467419,0.0801559949869518,0.02));
#8457=CARTESIAN_POINT('',(-0.0438726303467419,0.0801559949869518,0.005));
#8458=CARTESIAN_POINT('',(-0.0354137793183327,0.0436082221567631,0.005));
#8459=CARTESIAN_POINT('',(-0.0431932129858908,0.0803066181895595,0.005));
#8460=CARTESIAN_POINT('',(-0.0431932129858908,0.0803066181895594,0.02));
#8461=CARTESIAN_POINT('',(-0.0431932129858908,0.0803066181895594,0.02));
#8462=CARTESIAN_POINT('',(-0.0354137793183327,0.0436082221567631,0.02));
#8463=CARTESIAN_POINT('',(-0.0354137793183327,0.0436082221567631,0.02));
#8464=CARTESIAN_POINT('',(-0.0406550935779941,0.0807541571214314,0.02));
#8465=CARTESIAN_POINT('',(-0.0406550935779941,0.0807541571214314,0.02));
#8466=CARTESIAN_POINT('',(-0.0406550935779941,0.0807541571214314,0.005));
#8467=CARTESIAN_POINT('',(-0.0354137793183327,0.0436082221567631,0.005));
#8468=CARTESIAN_POINT('',(-0.0399651339282244,0.0808449920325581,0.005));
#8469=CARTESIAN_POINT('',(-0.0399651339282244,0.0808449920325581,0.02));
#8470=CARTESIAN_POINT('',(-0.0399651339282244,0.0808449920325581,0.02));
#8471=CARTESIAN_POINT('',(-0.0354137793183327,0.0436082221567631,0.02));
#8472=CARTESIAN_POINT('',(-0.0354137793183327,0.0436082221567631,0.02));
#8473=CARTESIAN_POINT('',(-0.0373976672429381,0.0810696162615012,0.02));
#8474=CARTESIAN_POINT('',(-0.0373976672429381,0.0810696162615012,0.02));
#8475=CARTESIAN_POINT('',(-0.0373976672429381,0.0810696162615012,0.005));
#8476=CARTESIAN_POINT('',(-0.0354137793183327,0.0436082221567631,0.005));
#8477=CARTESIAN_POINT('',(-0.0367024163137937,0.0810999715726256,0.005));
#8478=CARTESIAN_POINT('',(-0.0367024163137937,0.0810999715726256,0.02));
#8479=CARTESIAN_POINT('',(-0.0367024163137937,0.0810999715726256,0.02));
#8480=CARTESIAN_POINT('',(-0.0354137793183327,0.0436082221567631,0.02));
#8481=CARTESIAN_POINT('',(-0.0354137793183327,0.0436082221567631,0.02));
#8482=CARTESIAN_POINT('',(-0.0341251423228717,0.0810999715726256,0.02));
#8483=CARTESIAN_POINT('',(-0.0341251423228717,0.0810999715726256,0.02));
#8484=CARTESIAN_POINT('',(-0.0341251423228717,0.0810999715726256,0.005));
#8485=CARTESIAN_POINT('',(-0.0354137793183327,0.0436082221567631,0.005));
#8486=CARTESIAN_POINT('',(-0.0334298913937273,0.0810696162615012,0.005));
#8487=CARTESIAN_POINT('',(-0.0334298913937273,0.0810696162615012,0.02));
#8488=CARTESIAN_POINT('',(-0.0334298913937273,0.0810696162615012,0.02));
#8489=CARTESIAN_POINT('',(-0.0354137793183327,0.0436082221567631,0.02));
#8490=CARTESIAN_POINT('',(-0.0354137793183327,0.0436082221567631,0.02));
#8491=CARTESIAN_POINT('',(-0.0308624247084409,0.0808449920325581,0.02));
#8492=CARTESIAN_POINT('',(-0.0308624247084409,0.0808449920325581,0.02));
#8493=CARTESIAN_POINT('',(-0.0308624247084409,0.0808449920325581,0.005));
#8494=CARTESIAN_POINT('',(-0.0354137793183327,0.0436082221567631,0.005));
#8495=CARTESIAN_POINT('',(-0.0301724650586713,0.0807541571214314,0.005));
#8496=CARTESIAN_POINT('',(-0.0301724650586713,0.0807541571214314,0.02));
#8497=CARTESIAN_POINT('',(-0.0301724650586713,0.0807541571214314,0.02));
#8498=CARTESIAN_POINT('',(-0.0354137793183327,0.0436082221567631,0.02));
#8499=CARTESIAN_POINT('',(-0.0354137793183327,0.0436082221567631,0.02));
#8500=CARTESIAN_POINT('',(0.00204761478640541,0.0455921100813685,0.02));
#8501=CARTESIAN_POINT('',(0.00204761478640541,0.0455921100813685,0.02));
#8502=CARTESIAN_POINT('',(0.00204761478640541,0.0455921100813685,0.005));
#8503=CARTESIAN_POINT('',(-0.0354137793183327,0.0436082221567631,0.005));
#8504=CARTESIAN_POINT('',(0.00207797009752987,0.0448968591522241,0.005));
#8505=CARTESIAN_POINT('',(0.00207797009752987,0.0448968591522241,0.02));
#8506=CARTESIAN_POINT('',(0.00207797009752987,0.0448968591522241,0.02));
#8507=CARTESIAN_POINT('',(-0.0354137793183327,0.0436082221567631,0.02));
#8508=CARTESIAN_POINT('',(-0.0354137793183327,0.0436082221567631,0.02));
#8509=CARTESIAN_POINT('',(0.00173215564633569,0.0488495364164244,0.02));
#8510=CARTESIAN_POINT('',(0.00173215564633569,0.0488495364164244,0.02));
#8511=CARTESIAN_POINT('',(0.00173215564633568,0.0488495364164244,0.005));
#8512=CARTESIAN_POINT('',(-0.0354137793183327,0.0436082221567631,0.005));
#8513=CARTESIAN_POINT('',(0.00182299055746237,0.0481595767666548,0.005));
#8514=CARTESIAN_POINT('',(0.00182299055746236,0.0481595767666549,0.02));
#8515=CARTESIAN_POINT('',(0.00182299055746236,0.0481595767666549,0.02));
#8516=CARTESIAN_POINT('',(-0.0354137793183327,0.0436082221567631,0.02));
#8517=CARTESIAN_POINT('',(-0.0354137793183327,0.0436082221567631,0.02));
#8518=CARTESIAN_POINT('',(0.00113399351185606,0.0520670731851722,0.02));
#8519=CARTESIAN_POINT('',(0.00113399351185606,0.0520670731851722,0.02));
#8520=CARTESIAN_POINT('',(0.00113399351185606,0.0520670731851722,0.005));
#8521=CARTESIAN_POINT('',(-0.0354137793183327,0.0436082221567631,0.005));
#8522=CARTESIAN_POINT('',(0.00128461671446369,0.0513876558243212,0.005));
#8523=CARTESIAN_POINT('',(0.00128461671446368,0.0513876558243212,0.02));
#8524=CARTESIAN_POINT('',(0.00128461671446368,0.0513876558243212,0.02));
#8525=CARTESIAN_POINT('',(-0.0354137793183327,0.0436082221567631,0.02));
#8526=CARTESIAN_POINT('',(-0.0354137793183327,0.0436082221567631,0.02));
#8527=CARTESIAN_POINT('',(0.000257680757990096,0.05522023299,0.02));
#8528=CARTESIAN_POINT('',(0.000257680757990096,0.05522023299,0.02));
#8529=CARTESIAN_POINT('',(0.000257680757990097,0.05522023299,0.005));
#8530=CARTESIAN_POINT('',(-0.0354137793183327,0.0436082221567631,0.005));
#8531=CARTESIAN_POINT('',(0.000466945918558039,0.054556528694427,0.005));
#8532=CARTESIAN_POINT('',(0.000466945918558028,0.054556528694427,0.02));
#8533=CARTESIAN_POINT('',(0.000466945918558028,0.054556528694427,0.02));
#8534=CARTESIAN_POINT('',(-0.0354137793183327,0.0436082221567631,0.02));
#8535=CARTESIAN_POINT('',(-0.0354137793183327,0.0436082221567631,0.02));
#8536=CARTESIAN_POINT('',(-0.000890113346073175,0.0582850183808629,0.02));
#8537=CARTESIAN_POINT('',(-0.000890113346073175,0.0582850183808629,0.02));
#8538=CARTESIAN_POINT('',(-0.000890113346073175,0.0582850183808629,0.005));
#8539=CARTESIAN_POINT('',(-0.0354137793183327,0.0436082221567631,0.005));
#8540=CARTESIAN_POINT('',(-0.000623798861774598,0.0576420783410129,0.005));
#8541=CARTESIAN_POINT('',(-0.000623798861774608,0.0576420783410129,0.02));
#8542=CARTESIAN_POINT('',(-0.000623798861774608,0.0576420783410129,0.02));
#8543=CARTESIAN_POINT('',(-0.0354137793183327,0.0436082221567631,0.02));
#8544=CARTESIAN_POINT('',(-0.0354137793183327,0.0436082221567631,0.02));
#8545=CARTESIAN_POINT('',(-0.0023006533941448,0.0612381044903686,0.02));
#8546=CARTESIAN_POINT('',(-0.0023006533941448,0.0612381044903686,0.02));
#8547=CARTESIAN_POINT('',(-0.0023006533941448,0.0612381044903686,0.005));
#8548=CARTESIAN_POINT('',(-0.0354137793183327,0.0436082221567631,0.005));
#8549=CARTESIAN_POINT('',(-0.00197931640014619,0.0606208218681627,0.005));
#8550=CARTESIAN_POINT('',(-0.0019793164001462,0.0606208218681627,0.02));
#8551=CARTESIAN_POINT('',(-0.0019793164001462,0.0606208218681627,0.02));
#8552=CARTESIAN_POINT('',(-0.0354137793183327,0.0436082221567631,0.02));
#8553=CARTESIAN_POINT('',(-0.0354137793183327,0.0436082221567631,0.02));
#8554=CARTESIAN_POINT('',(-0.00586511312143594,0.0667203009371816,0.02));
#8555=CARTESIAN_POINT('',(-0.00586511312143594,0.0667203009371816,0.02));
#8556=CARTESIAN_POINT('',(-0.00586511312143593,0.0667203009371816,0.005));
#8557=CARTESIAN_POINT('',(-0.0354137793183327,0.0436082221567631,0.005));
#8558=CARTESIAN_POINT('',(-0.00544146795596493,0.0661681958084583,0.005));
#8559=CARTESIAN_POINT('',(-0.00544146795596494,0.0661681958084583,0.02));
#8560=CARTESIAN_POINT('',(-0.00544146795596494,0.0661681958084583,0.02));
#8561=CARTESIAN_POINT('',(-0.0354137793183327,0.0436082221567631,0.02));
#8562=CARTESIAN_POINT('',(-0.0354137793183327,0.0436082221567631,0.02));
#8563=CARTESIAN_POINT('',(-0.0039632043247516,0.0640570165501016,0.02));
#8564=CARTESIAN_POINT('',(-0.0039632043247516,0.0640570165501016,0.02));
#8565=CARTESIAN_POINT('',(-0.0039632043247516,0.0640570165501016,0.005));
#8566=CARTESIAN_POINT('',(-0.0354137793183327,0.0436082221567631,0.005));
#8567=CARTESIAN_POINT('',(-0.00358929038960585,0.0634700892390201,0.005));
#8568=CARTESIAN_POINT('',(-0.00358929038960586,0.0634700892390201,0.02));
#8569=CARTESIAN_POINT('',(-0.00358929038960586,0.0634700892390201,0.02));
#8570=CARTESIAN_POINT('',(-0.0354137793183327,0.0436082221567631,0.02));
#8571=CARTESIAN_POINT('',(-0.0354137793183327,0.0436082221567631,0.02));
#8572=CARTESIAN_POINT('',(-0.0155519122360757,0.0754327110854899,0.02));
#8573=CARTESIAN_POINT('',(-0.0155519122360757,0.0754327110854899,0.02));
#8574=CARTESIAN_POINT('',(-0.0155519122360757,0.0754327110854899,0.005));
#8575=CARTESIAN_POINT('',(-0.0354137793183327,0.0436082221567631,0.005));
#8576=CARTESIAN_POINT('',(-0.0149649849249942,0.0750587971503442,0.005));
#8577=CARTESIAN_POINT('',(-0.0149649849249942,0.0750587971503442,0.02));
#8578=CARTESIAN_POINT('',(-0.0149649849249942,0.0750587971503442,0.02));
#8579=CARTESIAN_POINT('',(-0.0354137793183327,0.0436082221567631,0.02));
#8580=CARTESIAN_POINT('',(-0.0354137793183327,0.0436082221567631,0.02));
#8581=CARTESIAN_POINT('',(-0.0128538056666375,0.0735805335191308,0.02));
#8582=CARTESIAN_POINT('',(-0.0128538056666375,0.0735805335191308,0.02));
#8583=CARTESIAN_POINT('',(-0.0128538056666375,0.0735805335191308,0.005));
#8584=CARTESIAN_POINT('',(-0.0354137793183327,0.0436082221567631,0.005));
#8585=CARTESIAN_POINT('',(-0.0123017005379142,0.0731568883536598,0.005));
#8586=CARTESIAN_POINT('',(-0.0123017005379142,0.0731568883536598,0.02));
#8587=CARTESIAN_POINT('',(-0.0123017005379142,0.0731568883536598,0.02));
#8588=CARTESIAN_POINT('',(-0.0354137793183327,0.0436082221567631,0.02));
#8589=CARTESIAN_POINT('',(-0.0354137793183327,0.0436082221567631,0.02));
#8590=CARTESIAN_POINT('',(-0.00799190510985112,0.0692076884492879,0.02));
#8591=CARTESIAN_POINT('',(-0.00799190510985112,0.0692076884492879,0.02));
#8592=CARTESIAN_POINT('',(-0.00799190510985112,0.0692076884492879,0.005));
#8593=CARTESIAN_POINT('',(-0.0354137793183327,0.0436082221567631,0.005));
#8594=CARTESIAN_POINT('',(-0.00752175290956804,0.0686946073563226,0.005));
#8595=CARTESIAN_POINT('',(-0.00752175290956805,0.0686946073563226,0.02));
#8596=CARTESIAN_POINT('',(-0.00752175290956805,0.0686946073563226,0.02));
#8597=CARTESIAN_POINT('',(-0.0354137793183327,0.0436082221567631,0.02));
#8598=CARTESIAN_POINT('',(-0.0354137793183327,0.0436082221567631,0.02));
#8599=CARTESIAN_POINT('',(-0.0103273941187732,0.0715002485655277,0.02));
#8600=CARTESIAN_POINT('',(-0.0103273941187732,0.0715002485655277,0.02));
#8601=CARTESIAN_POINT('',(-0.0103273941187732,0.0715002485655277,0.005));
#8602=CARTESIAN_POINT('',(-0.0354137793183327,0.0436082221567631,0.005));
#8603=CARTESIAN_POINT('',(-0.00981431302580785,0.0710300963652446,0.005));
#8604=CARTESIAN_POINT('',(-0.00981431302580787,0.0710300963652446,0.02));
#8605=CARTESIAN_POINT('',(-0.00981431302580787,0.0710300963652446,0.02));
#8606=CARTESIAN_POINT('',(-0.0354137793183327,0.0436082221567631,0.02));
#8607=CARTESIAN_POINT('',(-0.0354137793183327,0.0436082221567631,0.02));
#8608=CARTESIAN_POINT('',(-0.0184011796069331,0.0770426850749496,0.02));
#8609=CARTESIAN_POINT('',(-0.0184011796069331,0.0770426850749496,0.02));
#8610=CARTESIAN_POINT('',(-0.0184011796069331,0.0770426850749496,0.005));
#8611=CARTESIAN_POINT('',(-0.0354137793183327,0.0436082221567631,0.005));
#8612=CARTESIAN_POINT('',(-0.0177838969847272,0.076721348080951,0.005));
#8613=CARTESIAN_POINT('',(-0.0177838969847272,0.076721348080951,0.02));
#8614=CARTESIAN_POINT('',(-0.0177838969847272,0.076721348080951,0.02));
#8615=CARTESIAN_POINT('',(-0.0354137793183327,0.0436082221567631,0.02));
#8616=CARTESIAN_POINT('',(-0.0354137793183327,0.0436082221567631,0.02));
#8617=CARTESIAN_POINT('',(-0.0213799231340828,0.0783982026133212,0.02));
#8618=CARTESIAN_POINT('',(-0.0213799231340828,0.0783982026133212,0.02));
#8619=CARTESIAN_POINT('',(-0.0213799231340828,0.0783982026133212,0.005));
#8620=CARTESIAN_POINT('',(-0.0354137793183327,0.0436082221567631,0.005));
#8621=CARTESIAN_POINT('',(-0.0207369830942329,0.0781318881290226,0.005));
#8622=CARTESIAN_POINT('',(-0.0207369830942329,0.0781318881290226,0.02));
#8623=CARTESIAN_POINT('',(-0.0207369830942329,0.0781318881290226,0.02));
#8624=CARTESIAN_POINT('',(-0.0354137793183327,0.0436082221567631,0.02));
#8625=CARTESIAN_POINT('',(-0.0354137793183327,0.0436082221567631,0.02));
#8626=CARTESIAN_POINT('',(-0.0244654727806688,0.0794889473936538,0.02));
#8627=CARTESIAN_POINT('',(-0.0244654727806688,0.0794889473936538,0.02));
#8628=CARTESIAN_POINT('',(-0.0244654727806688,0.0794889473936538,0.005));
#8629=CARTESIAN_POINT('',(-0.0354137793183327,0.0436082221567631,0.005));
#8630=CARTESIAN_POINT('',(-0.0238017684850958,0.0792796822330859,0.005));
#8631=CARTESIAN_POINT('',(-0.0238017684850958,0.0792796822330859,0.02));
#8632=CARTESIAN_POINT('',(-0.0238017684850958,0.0792796822330859,0.02));
#8633=CARTESIAN_POINT('',(-0.0354137793183327,0.0436082221567631,0.02));
#8634=CARTESIAN_POINT('',(-0.0354137793183327,0.0436082221567631,0.02));
#8635=CARTESIAN_POINT('',(-0.0276343456507745,0.0803066181895595,0.02));
#8636=CARTESIAN_POINT('',(-0.0276343456507745,0.0803066181895595,0.02));
#8637=CARTESIAN_POINT('',(-0.0276343456507745,0.0803066181895595,0.005));
#8638=CARTESIAN_POINT('',(-0.0354137793183327,0.0436082221567631,0.005));
#8639=CARTESIAN_POINT('',(-0.0269549282899235,0.0801559949869518,0.005));
#8640=CARTESIAN_POINT('',(-0.0269549282899235,0.0801559949869518,0.02));
#8641=CARTESIAN_POINT('',(-0.0269549282899235,0.0801559949869518,0.02));
#8642=CARTESIAN_POINT('',(-0.0354137793183327,0.0436082221567631,0.02));
#8643=CARTESIAN_POINT('',(-0.0354137793183327,0.0436082221567631,0.02));
#8644=CARTESIAN_POINT('',(-0.00544146795596493,0.0210482485050678,0.02));
#8645=CARTESIAN_POINT('',(-0.00544146795596493,0.0210482485050678,0.02));
#8646=CARTESIAN_POINT('',(-0.00544146795596493,0.0210482485050678,0.005));
#8647=CARTESIAN_POINT('',(-0.0354137793183327,0.0436082221567631,0.005));
#8648=CARTESIAN_POINT('',(-0.00586511312143594,0.0204961433763446,0.005));
#8649=CARTESIAN_POINT('',(-0.00586511312143593,0.0204961433763446,0.02));
#8650=CARTESIAN_POINT('',(-0.00586511312143593,0.0204961433763446,0.02));
#8651=CARTESIAN_POINT('',(-0.0354137793183327,0.0436082221567631,0.02));
#8652=CARTESIAN_POINT('',(-0.0354137793183327,0.0436082221567631,0.02));
#8653=CARTESIAN_POINT('',(-0.00358929038960586,0.0237463550745061,0.02));
#8654=CARTESIAN_POINT('',(-0.00358929038960586,0.0237463550745061,0.02));
#8655=CARTESIAN_POINT('',(-0.00358929038960586,0.0237463550745061,0.005));
#8656=CARTESIAN_POINT('',(-0.0354137793183327,0.0436082221567631,0.005));
#8657=CARTESIAN_POINT('',(-0.00396320432475159,0.0231594277634245,0.005));
#8658=CARTESIAN_POINT('',(-0.0039632043247516,0.0231594277634245,0.02));
#8659=CARTESIAN_POINT('',(-0.0039632043247516,0.0231594277634245,0.02));
#8660=CARTESIAN_POINT('',(-0.0354137793183327,0.0436082221567631,0.02));
#8661=CARTESIAN_POINT('',(-0.0354137793183327,0.0436082221567631,0.02));
#8662=CARTESIAN_POINT('',(-0.00197931640014618,0.0265956224453635,0.02));
#8663=CARTESIAN_POINT('',(-0.00197931640014618,0.0265956224453635,0.02));
#8664=CARTESIAN_POINT('',(-0.00197931640014618,0.0265956224453635,0.005));
#8665=CARTESIAN_POINT('',(-0.0354137793183327,0.0436082221567631,0.005));
#8666=CARTESIAN_POINT('',(-0.00230065339414481,0.0259783398231575,0.005));
#8667=CARTESIAN_POINT('',(-0.00230065339414481,0.0259783398231575,0.02));
#8668=CARTESIAN_POINT('',(-0.00230065339414481,0.0259783398231575,0.02));
#8669=CARTESIAN_POINT('',(-0.0354137793183327,0.0436082221567631,0.02));
#8670=CARTESIAN_POINT('',(-0.0354137793183327,0.0436082221567631,0.02));
#8671=CARTESIAN_POINT('',(-0.000623798861774595,0.0295743659725132,0.02));
#8672=CARTESIAN_POINT('',(-0.000623798861774595,0.0295743659725132,0.02));
#8673=CARTESIAN_POINT('',(-0.000623798861774591,0.0295743659725132,0.005));
#8674=CARTESIAN_POINT('',(-0.0354137793183327,0.0436082221567631,0.005));
#8675=CARTESIAN_POINT('',(-0.000890113346073168,0.0289314259326632,0.005));
#8676=CARTESIAN_POINT('',(-0.000890113346073172,0.0289314259326632,0.02));
#8677=CARTESIAN_POINT('',(-0.000890113346073172,0.0289314259326632,0.02));
#8678=CARTESIAN_POINT('',(-0.0354137793183327,0.0436082221567631,0.02));
#8679=CARTESIAN_POINT('',(-0.0354137793183327,0.0436082221567631,0.02));
#8680=CARTESIAN_POINT('',(0.00046694591855804,0.0326599156190992,0.02));
#8681=CARTESIAN_POINT('',(0.00046694591855804,0.0326599156190992,0.02));
#8682=CARTESIAN_POINT('',(0.000466945918558039,0.0326599156190992,0.005));
#8683=CARTESIAN_POINT('',(-0.0354137793183327,0.0436082221567631,0.005));
#8684=CARTESIAN_POINT('',(0.000257680757990097,0.0319962113235262,0.005));
#8685=CARTESIAN_POINT('',(0.000257680757990094,0.0319962113235262,0.02));
#8686=CARTESIAN_POINT('',(0.000257680757990094,0.0319962113235262,0.02));
#8687=CARTESIAN_POINT('',(-0.0354137793183327,0.0436082221567631,0.02));
#8688=CARTESIAN_POINT('',(-0.0354137793183327,0.0436082221567631,0.02));
#8689=CARTESIAN_POINT('',(0.00128461671446369,0.0358287884892049,0.02));
#8690=CARTESIAN_POINT('',(0.00128461671446369,0.0358287884892049,0.02));
#8691=CARTESIAN_POINT('',(0.00128461671446368,0.0358287884892049,0.005));
#8692=CARTESIAN_POINT('',(-0.0354137793183327,0.0436082221567631,0.005));
#8693=CARTESIAN_POINT('',(0.00113399351185606,0.035149371128354,0.005));
#8694=CARTESIAN_POINT('',(0.00113399351185606,0.035149371128354,0.02));
#8695=CARTESIAN_POINT('',(0.00113399351185606,0.035149371128354,0.02));
#8696=CARTESIAN_POINT('',(-0.0354137793183327,0.0436082221567631,0.02));
#8697=CARTESIAN_POINT('',(-0.0354137793183327,0.0436082221567631,0.02));
#8698=CARTESIAN_POINT('',(0.00182299055746237,0.0390568675468713,0.02));
#8699=CARTESIAN_POINT('',(0.00182299055746237,0.0390568675468713,0.02));
#8700=CARTESIAN_POINT('',(0.00182299055746237,0.0390568675468713,0.005));
#8701=CARTESIAN_POINT('',(-0.0354137793183327,0.0436082221567631,0.005));
#8702=CARTESIAN_POINT('',(0.00173215564633569,0.0383669078971018,0.005));
#8703=CARTESIAN_POINT('',(0.00173215564633568,0.0383669078971018,0.02));
#8704=CARTESIAN_POINT('',(0.00173215564633568,0.0383669078971018,0.02));
#8705=CARTESIAN_POINT('',(-0.0354137793183327,0.0436082221567631,0.02));
#8706=CARTESIAN_POINT('',(-0.0354137793183327,0.0436082221567631,0.02));
#8707=CARTESIAN_POINT('',(0.00207797009752987,0.042319585161302,0.02));
#8708=CARTESIAN_POINT('',(0.00207797009752987,0.042319585161302,0.02));
#8709=CARTESIAN_POINT('',(0.00207797009752987,0.042319585161302,0.005));
#8710=CARTESIAN_POINT('',(-0.0354137793183327,0.0436082221567631,0.005));
#8711=CARTESIAN_POINT('',(0.00204761478640541,0.0416243342321577,0.005));
#8712=CARTESIAN_POINT('',(0.0020476147864054,0.0416243342321577,0.02));
#8713=CARTESIAN_POINT('',(0.0020476147864054,0.0416243342321577,0.02));
#8714=CARTESIAN_POINT('',(-0.0354137793183327,0.0436082221567631,0.02));
#8715=CARTESIAN_POINT('',(0.000233079398400234,0.0441652324815051,0.02));
#8716=CARTESIAN_POINT('',(0.000233079398400234,0.0441652324815051,0.005));
#8717=CARTESIAN_POINT('',(0.000792243774973415,0.0443332818533103,0.02));
#8718=CARTESIAN_POINT('',(0.000792243774973415,0.0443332818533103,0.005));
#8719=CARTESIAN_POINT('',(0.00142048260123834,0.0445764253463891,0.02));
#8720=CARTESIAN_POINT('',(0.00142048260123834,0.0445764253463891,0.005));
#8721=CARTESIAN_POINT('',(0.00207797009752987,0.0448968591522241,0.02));
#8722=CARTESIAN_POINT('',(0.00207797009752987,0.0448968591522241,0.005));
#8723=CARTESIAN_POINT('',(-0.000183917121518688,0.044050548584103,0.005));
#8724=CARTESIAN_POINT('',(-0.000170648799953896,0.0440538420944919,0.005));
#8725=CARTESIAN_POINT('',(-0.000103279587799248,0.0440707458342457,0.005));
#8726=CARTESIAN_POINT('',(2.31318107426909E-5,0.0441041534873107,0.005));
#8727=CARTESIAN_POINT('',(0.000201223938437016,0.0441550505316421,0.005));
#8728=CARTESIAN_POINT('',(0.000391376650576182,0.0442135322853305,0.005));
#8729=CARTESIAN_POINT('',(0.000593352476432718,0.0442800996662639,0.005));
#8730=CARTESIAN_POINT('',(0.000806899154408285,0.0443552480776435,0.005));
#8731=CARTESIAN_POINT('',(0.00103174787259988,0.044439461848268,0.005));
#8732=CARTESIAN_POINT('',(0.00126762097261617,0.0445332339212186,0.005));
#8733=CARTESIAN_POINT('',(0.00151420287063149,0.0446369873185635,0.005));
#8734=CARTESIAN_POINT('',(0.00177125384349045,0.0447513779886872,0.005));
#8735=CARTESIAN_POINT('',(0.00196071977342358,0.0448399238140207,0.005));
#8736=CARTESIAN_POINT('',(0.00206424582990871,0.0448901704785521,0.005));
#8737=CARTESIAN_POINT('',(0.00207797009752987,0.0448968591522241,0.005));
#8738=CARTESIAN_POINT('',(0.000233079378093035,0.044165232475402,0.005));
#8739=CARTESIAN_POINT('',(0.000233079378092817,0.044165232475402,0.));
#8740=CARTESIAN_POINT('',(0.000233079378093039,0.044165232475402,0.02));
#8741=CARTESIAN_POINT('',(-0.000183917121518688,0.044050548584103,0.02));
#8742=CARTESIAN_POINT('',(-0.000170648799953896,0.0440538420944919,0.02));
#8743=CARTESIAN_POINT('',(-0.000103279587799248,0.0440707458342457,0.02));
#8744=CARTESIAN_POINT('',(2.31318107426909E-5,0.0441041534873107,0.02));
#8745=CARTESIAN_POINT('',(0.000201223938437016,0.0441550505316421,0.02));
#8746=CARTESIAN_POINT('',(0.000391376650576182,0.0442135322853305,0.02));
#8747=CARTESIAN_POINT('',(0.000593352476432718,0.0442800996662639,0.02));
#8748=CARTESIAN_POINT('',(0.000806899154408285,0.0443552480776435,0.02));
#8749=CARTESIAN_POINT('',(0.00103174787259988,0.044439461848268,0.02));
#8750=CARTESIAN_POINT('',(0.00126762097261617,0.0445332339212186,0.02));
#8751=CARTESIAN_POINT('',(0.00151420287063149,0.0446369873185635,0.02));
#8752=CARTESIAN_POINT('',(0.00177125384349045,0.0447513779886872,0.02));
#8753=CARTESIAN_POINT('',(0.00196071977342358,0.0448399238140207,0.02));
#8754=CARTESIAN_POINT('',(0.00206424582990871,0.0448901704785521,0.02));
#8755=CARTESIAN_POINT('',(0.00207797009752987,0.0448968591522241,0.02));
#8756=CARTESIAN_POINT('',(0.000233079398400252,0.043051211832021,0.02));
#8757=CARTESIAN_POINT('',(0.000233079398400252,0.043051211832021,0.005));
#8758=CARTESIAN_POINT('',(0.000792243774973429,0.0428831624602159,0.02));
#8759=CARTESIAN_POINT('',(0.000792243774973429,0.0428831624602159,0.00500000000000004));
#8760=CARTESIAN_POINT('',(0.00142048260123815,0.0426400189671373,0.02));
#8761=CARTESIAN_POINT('',(0.00142048260123815,0.0426400189671373,0.005));
#8762=CARTESIAN_POINT('',(0.00207797009752988,0.042319585161302,0.02));
#8763=CARTESIAN_POINT('',(0.00207797009752988,0.042319585161302,0.005));
#8764=CARTESIAN_POINT('',(-0.000183917121518688,0.0431658957294231,0.005));
#8765=CARTESIAN_POINT('',(-0.000170648799953896,0.0431626022190343,0.005));
#8766=CARTESIAN_POINT('',(-0.000103279587799248,0.0431456984792805,0.005));
#8767=CARTESIAN_POINT('',(2.31318107426909E-5,0.0431122908262154,0.005));
#8768=CARTESIAN_POINT('',(0.000201223938437016,0.043061393781884,0.005));
#8769=CARTESIAN_POINT('',(0.000391376650576182,0.0430029120281957,0.005));
#8770=CARTESIAN_POINT('',(0.000593352476432718,0.0429363446472623,0.005));
#8771=CARTESIAN_POINT('',(0.000806899154408285,0.0428611962358827,0.005));
#8772=CARTESIAN_POINT('',(0.00103174787259988,0.0427769824652582,0.005));
#8773=CARTESIAN_POINT('',(0.00126762097261617,0.0426832103923075,0.005));
#8774=CARTESIAN_POINT('',(0.00151420287063149,0.0425794569949626,0.005));
#8775=CARTESIAN_POINT('',(0.00177125384349045,0.042465066324839,0.005));
#8776=CARTESIAN_POINT('',(0.00196071977342358,0.0423765204995055,0.005));
#8777=CARTESIAN_POINT('',(0.00206424582990871,0.0423262738349741,0.005));
#8778=CARTESIAN_POINT('',(0.00207797009752988,0.042319585161302,0.005));
#8779=CARTESIAN_POINT('',(0.000233079378093282,0.0430512118381241,0.005));
#8780=CARTESIAN_POINT('',(-0.000183917121518688,0.0431658957294231,0.02));
#8781=CARTESIAN_POINT('',(-0.000170648799953896,0.0431626022190343,0.02));
#8782=CARTESIAN_POINT('',(-0.000103279587799248,0.0431456984792805,0.02));
#8783=CARTESIAN_POINT('',(2.31318107426909E-5,0.0431122908262154,0.02));
#8784=CARTESIAN_POINT('',(0.000201223938437016,0.043061393781884,0.02));
#8785=CARTESIAN_POINT('',(0.000391376650576182,0.0430029120281957,0.02));
#8786=CARTESIAN_POINT('',(0.000593352476432718,0.0429363446472623,0.02));
#8787=CARTESIAN_POINT('',(0.000806899154408285,0.0428611962358827,0.02));
#8788=CARTESIAN_POINT('',(0.00103174787259988,0.0427769824652582,0.02));
#8789=CARTESIAN_POINT('',(0.00126762097261617,0.0426832103923075,0.02));
#8790=CARTESIAN_POINT('',(0.00151420287063149,0.0425794569949626,0.02));
#8791=CARTESIAN_POINT('',(0.00177125384349045,0.042465066324839,0.02));
#8792=CARTESIAN_POINT('',(0.00196071977342358,0.0423765204995055,0.02));
#8793=CARTESIAN_POINT('',(0.00206424582990871,0.0423262738349741,0.02));
#8794=CARTESIAN_POINT('',(0.00207797009752988,0.042319585161302,0.02));
#8795=CARTESIAN_POINT('',(0.000233079378093057,0.0430512118381241,0.02));
#8796=CARTESIAN_POINT('',(0.000233079378092837,0.0430512118381242,0.02));
#8797=CARTESIAN_POINT('',(0.00040048137528277,0.0436082221567631,0.01));
#8798=CARTESIAN_POINT('',(0.00040048137528277,0.0436082221567631,0.005));
#8799=CARTESIAN_POINT('',(0.00040048137528277,0.0436082221567631,0.02));
#8800=CARTESIAN_POINT('',(0.000145978987473175,0.0410562844409757,0.02));
#8801=CARTESIAN_POINT('',(0.000145978987473175,0.0410562844409757,0.00500000000000001));
#8802=CARTESIAN_POINT('',(0.000717662042595111,0.0411749599476276,0.02));
#8803=CARTESIAN_POINT('',(0.000717662042595111,0.0411749599476276,0.00500000000000001));
#8804=CARTESIAN_POINT('',(0.00136470158218922,0.0413624235847829,0.02));
#8805=CARTESIAN_POINT('',(0.00136470158218922,0.0413624235847829,0.00500000000000001));
#8806=CARTESIAN_POINT('',(0.00204761478640541,0.0416243342321577,0.02));
#8807=CARTESIAN_POINT('',(0.00204761478640541,0.0416243342321577,0.00500000000000001));
#8808=CARTESIAN_POINT('',(-0.000279426095052039,0.040978380591844,0.005));
#8809=CARTESIAN_POINT('',(-0.000265921215112424,0.0409805051590106,0.005));
#8810=CARTESIAN_POINT('',(-0.000197335105155888,0.0409914729612076,0.005));
#8811=CARTESIAN_POINT('',(-6.84930713337052E-5,0.041013736008735,0.005));
#8812=CARTESIAN_POINT('',(0.000113357331749618,0.0410489176227797,0.005));
#8813=CARTESIAN_POINT('',(0.000307883476090315,0.0410906039348772,0.005));
#8814=CARTESIAN_POINT('',(0.000514892452479317,0.0411393146537092,0.005));
#8815=CARTESIAN_POINT('',(0.000734176136483778,0.0411955652833654,0.005));
#8816=CARTESIAN_POINT('',(0.000965508951147327,0.0412598617381279,0.005));
#8817=CARTESIAN_POINT('',(0.00120865725747303,0.0413327192848044,0.005));
#8818=CARTESIAN_POINT('',(0.00146334354132946,0.0414145868406786,0.005));
#8819=CARTESIAN_POINT('',(0.00172938616144892,0.0415061387513035,0.005));
#8820=CARTESIAN_POINT('',(0.00192584839349147,0.0415778345891903,0.005));
#8821=CARTESIAN_POINT('',(0.00203335978744414,0.0416188671596465,0.005));
#8822=CARTESIAN_POINT('',(0.00204761478640541,0.0416243342321577,0.005));
#8823=CARTESIAN_POINT('',(0.000145978966711339,0.0410562844366658,0.005));
#8824=CARTESIAN_POINT('',(0.000145978966711115,0.0410562844366657,0.));
#8825=CARTESIAN_POINT('',(0.000145978966711343,0.0410562844366658,0.02));
#8826=CARTESIAN_POINT('',(-0.000279426095052039,0.040978380591844,0.02));
#8827=CARTESIAN_POINT('',(-0.000265921215112424,0.0409805051590106,0.02));
#8828=CARTESIAN_POINT('',(-0.000197335105155888,0.0409914729612076,0.02));
#8829=CARTESIAN_POINT('',(-6.84930713337052E-5,0.041013736008735,0.02));
#8830=CARTESIAN_POINT('',(0.000113357331749618,0.0410489176227797,0.02));
#8831=CARTESIAN_POINT('',(0.000307883476090315,0.0410906039348772,0.02));
#8832=CARTESIAN_POINT('',(0.000514892452479317,0.0411393146537092,0.02));
#8833=CARTESIAN_POINT('',(0.000734176136483778,0.0411955652833654,0.02));
#8834=CARTESIAN_POINT('',(0.000965508951147327,0.0412598617381279,0.02));
#8835=CARTESIAN_POINT('',(0.00120865725747303,0.0413327192848044,0.02));
#8836=CARTESIAN_POINT('',(0.00146334354132946,0.0414145868406786,0.02));
#8837=CARTESIAN_POINT('',(0.00172938616144892,0.0415061387513035,0.02));
#8838=CARTESIAN_POINT('',(0.00192584839349147,0.0415778345891903,0.02));
#8839=CARTESIAN_POINT('',(0.00203335978744414,0.0416188671596465,0.02));
#8840=CARTESIAN_POINT('',(0.00204761478640541,0.0416243342321577,0.02));
#8841=CARTESIAN_POINT('',(4.88856903311841E-5,0.039946502976395,0.02));
#8842=CARTESIAN_POINT('',(4.88856903311841E-5,0.039946502976395,0.005));
#8843=CARTESIAN_POINT('',(0.000591275809817205,0.0397303586966268,0.02));
#8844=CARTESIAN_POINT('',(0.000591275809817205,0.0397303586966268,0.005));
#8845=CARTESIAN_POINT('',(0.00119593264594386,0.03943338581642,0.02));
#8846=CARTESIAN_POINT('',(0.00119593264594386,0.03943338581642,0.005));
#8847=CARTESIAN_POINT('',(0.00182299055746237,0.0390568675468713,0.02));
#8848=CARTESIAN_POINT('',(0.00182299055746237,0.0390568675468713,0.005));
#8849=CARTESIAN_POINT('',(-0.000356528671675495,0.0400970941083602,0.005));
#8850=CARTESIAN_POINT('',(-0.000343597888424266,0.0400926567203517,0.005));
#8851=CARTESIAN_POINT('',(-0.000277958294454642,0.0400699456907073,0.005));
#8852=CARTESIAN_POINT('',(-0.000154939598265141,0.0400256476845165,0.005));
#8853=CARTESIAN_POINT('',(1.80388654134646E-5,0.0399594225671384,0.005));
#8854=CARTESIAN_POINT('',(0.000202370968394374,0.039884590453317,0.005));
#8855=CARTESIAN_POINT('',(0.000397776485727338,0.0398006730282457,0.005));
#8856=CARTESIAN_POINT('',(0.000603960938511606,0.039707198759929,0.005));
#8857=CARTESIAN_POINT('',(0.000820614325718443,0.0396037085910868,0.005));
#8858=CARTESIAN_POINT('',(0.00104741708271013,0.0394897356539581,0.005));
#8859=CARTESIAN_POINT('',(0.0012840179577502,0.0393648860411446,0.005));
#8860=CARTESIAN_POINT('',(0.00153012097023359,0.0392285271935926,0.005));
#8861=CARTESIAN_POINT('',(0.00171114864792786,0.0391238052680085,0.005));
#8862=CARTESIAN_POINT('',(0.00180990147114486,0.0390647269168588,0.005));
#8863=CARTESIAN_POINT('',(0.00182299055746237,0.0390568675468713,0.005));
#8864=CARTESIAN_POINT('',(4.88856706333949E-5,0.0399465029842447,0.005));
#8865=CARTESIAN_POINT('',(-0.000356528671675495,0.0400970941083602,0.02));
#8866=CARTESIAN_POINT('',(-0.000343597888424266,0.0400926567203517,0.02));
#8867=CARTESIAN_POINT('',(-0.000277958294454642,0.0400699456907073,0.02));
#8868=CARTESIAN_POINT('',(-0.000154939598265141,0.0400256476845165,0.02));
#8869=CARTESIAN_POINT('',(1.80388654134646E-5,0.0399594225671384,0.02));
#8870=CARTESIAN_POINT('',(0.000202370968394374,0.039884590453317,0.02));
#8871=CARTESIAN_POINT('',(0.000397776485727338,0.0398006730282457,0.02));
#8872=CARTESIAN_POINT('',(0.000603960938511606,0.039707198759929,0.02));
#8873=CARTESIAN_POINT('',(0.000820614325718443,0.0396037085910868,0.02));
#8874=CARTESIAN_POINT('',(0.00104741708271013,0.0394897356539581,0.02));
#8875=CARTESIAN_POINT('',(0.0012840179577502,0.0393648860411446,0.02));
#8876=CARTESIAN_POINT('',(0.00153012097023359,0.0392285271935926,0.02));
#8877=CARTESIAN_POINT('',(0.00171114864792786,0.0391238052680085,0.02));
#8878=CARTESIAN_POINT('',(0.00180990147114486,0.0390647269168588,0.02));
#8879=CARTESIAN_POINT('',(0.00182299055746237,0.0390568675468713,0.02));
#8880=CARTESIAN_POINT('',(4.88856706331803E-5,0.0399465029842447,0.02));
#8881=CARTESIAN_POINT('',(4.88856706329687E-5,0.0399465029842448,0.02));
#8882=CARTESIAN_POINT('',(0.000264197300722633,0.0404868036650528,0.01));
#8883=CARTESIAN_POINT('',(0.000264197300722633,0.0404868036650528,0.005));
#8884=CARTESIAN_POINT('',(0.000264197300722633,0.0404868036650528,0.02));
#8885=CARTESIAN_POINT('',(-0.000211752655730177,0.0379667581873657,0.02));
#8886=CARTESIAN_POINT('',(-0.000211752655730177,0.0379667581873657,0.005));
#8887=CARTESIAN_POINT('',(0.000368098224699366,0.0380351566365999,0.02));
#8888=CARTESIAN_POINT('',(0.000368098224699366,0.0380351566365999,0.005));
#8889=CARTESIAN_POINT('',(0.00102901411603327,0.0381655137063588,0.02));
#8890=CARTESIAN_POINT('',(0.00102901411603327,0.0381655137063588,0.005));
#8891=CARTESIAN_POINT('',(0.00173215564633569,0.0383669078971018,0.02));
#8892=CARTESIAN_POINT('',(0.00173215564633569,0.0383669078971018,0.005));
#8893=CARTESIAN_POINT('',(-0.000642328711317061,0.0379262272818358,0.005));
#8894=CARTESIAN_POINT('',(-0.000628690053293431,0.037927166736541,0.005));
#8895=CARTESIAN_POINT('',(-0.000559409027245205,0.037932115129584,0.005));
#8896=CARTESIAN_POINT('',(-0.000429116923817112,0.0379430641363392,0.005));
#8897=CARTESIAN_POINT('',(-0.00024489223671653,0.0379622625667712,0.005));
#8898=CARTESIAN_POINT('',(-4.74731215908322E-5,0.0379868361792718,0.005));
#8899=CARTESIAN_POINT('',(0.000162993542024877,0.03801731951802,0.005));
#8900=CARTESIAN_POINT('',(0.00038634535081585,0.0380542442646959,0.005));
#8901=CARTESIAN_POINT('',(0.000622401679549191,0.0380981340687526,0.005));
#8902=CARTESIAN_POINT('',(0.000870974686756199,0.0381495225992319,0.005));
#8903=CARTESIAN_POINT('',(0.00113182704004983,0.0382088812521025,0.005));
#8904=CARTESIAN_POINT('',(0.00140483656244974,0.0382768976379081,0.005));
#8905=CARTESIAN_POINT('',(0.00160679990038874,0.0383311978397306,0.005));
#8906=CARTESIAN_POINT('',(0.0017174784051838,0.0383627040334744,0.005));
#8907=CARTESIAN_POINT('',(0.00173215564633569,0.0383669078971018,0.005));
#8908=CARTESIAN_POINT('',(-0.000211752676788648,0.0379667581848816,0.005));
#8909=CARTESIAN_POINT('',(-0.000211752676788876,0.0379667581848816,0.));
#8910=CARTESIAN_POINT('',(-0.000211752676788645,0.0379667581848816,0.02));
#8911=CARTESIAN_POINT('',(-0.000642328711317061,0.0379262272818358,0.02));
#8912=CARTESIAN_POINT('',(-0.000628690053293431,0.037927166736541,0.02));
#8913=CARTESIAN_POINT('',(-0.000559409027245205,0.037932115129584,0.02));
#8914=CARTESIAN_POINT('',(-0.000429116923817112,0.0379430641363392,0.02));
#8915=CARTESIAN_POINT('',(-0.00024489223671653,0.0379622625667712,0.02));
#8916=CARTESIAN_POINT('',(-4.74731215908322E-5,0.0379868361792718,0.02));
#8917=CARTESIAN_POINT('',(0.000162993542024877,0.03801731951802,0.02));
#8918=CARTESIAN_POINT('',(0.00038634535081585,0.0380542442646959,0.02));
#8919=CARTESIAN_POINT('',(0.000622401679549191,0.0380981340687526,0.02));
#8920=CARTESIAN_POINT('',(0.000870974686756199,0.0381495225992319,0.02));
#8921=CARTESIAN_POINT('',(0.00113182704004983,0.0382088812521025,0.02));
#8922=CARTESIAN_POINT('',(0.00140483656244974,0.0382768976379081,0.02));
#8923=CARTESIAN_POINT('',(0.00160679990038874,0.0383311978397306,0.02));
#8924=CARTESIAN_POINT('',(0.0017174784051838,0.0383627040334744,0.02));
#8925=CARTESIAN_POINT('',(0.00173215564633569,0.0383669078971018,0.02));
#8926=CARTESIAN_POINT('',(-0.000405200311396389,0.0368696620147381,0.02));
#8927=CARTESIAN_POINT('',(-0.000405200311396389,0.0368696620147381,0.005));
#8928=CARTESIAN_POINT('',(0.000116287634689077,0.0366070678154872,0.02));
#8929=CARTESIAN_POINT('',(0.000116287634689077,0.0366070678154872,0.005));
#8930=CARTESIAN_POINT('',(0.000692760677053123,0.0362585256910871,0.02));
#8931=CARTESIAN_POINT('',(0.000692760677053123,0.0362585256910871,0.00499999999999999));
#8932=CARTESIAN_POINT('',(0.00128461671446368,0.0358287884892049,0.02));
#8933=CARTESIAN_POINT('',(0.00128461671446368,0.0358287884892049,0.005));
#8934=CARTESIAN_POINT('',(-0.00079594706740006,0.0370550142918227,0.005));
#8935=CARTESIAN_POINT('',(-0.000783452233530756,0.0370494667973967,0.005));
#8936=CARTESIAN_POINT('',(-0.000720041814690537,0.0370211213225107,0.005));
#8937=CARTESIAN_POINT('',(-0.000601352067412195,0.0369662700977691,0.005));
#8938=CARTESIAN_POINT('',(-0.000434803738305154,0.0368852209204753,0.005));
#8939=CARTESIAN_POINT('',(-0.000257695123088953,0.0367946079640918,0.005));
#8940=CARTESIAN_POINT('',(-7.0347068255542E-5,0.0366939791571582,0.005));
#8941=CARTESIAN_POINT('',(0.000126905971154162,0.0365828904275277,0.005));
#8942=CARTESIAN_POINT('',(0.000333715164280704,0.0364609114831416,0.005));
#8943=CARTESIAN_POINT('',(0.000549721472319832,0.0363276050847052,0.005));
#8944=CARTESIAN_POINT('',(0.000774540648862093,0.0361826094373627,0.005));
#8945=CARTESIAN_POINT('',(0.00100782270844385,0.0360253201855482,0.005));
#8946=CARTESIAN_POINT('',(0.00117903440396449,0.0359052191568,0.005));
#8947=CARTESIAN_POINT('',(0.00127226242530011,0.0358377587409568,0.005));
#8948=CARTESIAN_POINT('',(0.00128461671446368,0.0358287884892049,0.005));
#8949=CARTESIAN_POINT('',(-0.000405200330335085,0.0368696620242746,0.005));
#8950=CARTESIAN_POINT('',(-0.00079594706740006,0.0370550142918227,0.02));
#8951=CARTESIAN_POINT('',(-0.000783452233530756,0.0370494667973967,0.02));
#8952=CARTESIAN_POINT('',(-0.000720041814690537,0.0370211213225107,0.02));
#8953=CARTESIAN_POINT('',(-0.000601352067412195,0.0369662700977691,0.02));
#8954=CARTESIAN_POINT('',(-0.000434803738305154,0.0368852209204753,0.02));
#8955=CARTESIAN_POINT('',(-0.000257695123088953,0.0367946079640918,0.02));
#8956=CARTESIAN_POINT('',(-7.0347068255542E-5,0.0366939791571582,0.02));
#8957=CARTESIAN_POINT('',(0.000126905971154162,0.0365828904275277,0.02));
#8958=CARTESIAN_POINT('',(0.000333715164280704,0.0364609114831416,0.02));
#8959=CARTESIAN_POINT('',(0.000549721472319832,0.0363276050847052,0.02));
#8960=CARTESIAN_POINT('',(0.000774540648862093,0.0361826094373627,0.02));
#8961=CARTESIAN_POINT('',(0.00100782270844385,0.0360253201855482,0.02));
#8962=CARTESIAN_POINT('',(0.00117903440396449,0.0359052191568,0.02));
#8963=CARTESIAN_POINT('',(0.00127226242530011,0.0358377587409568,0.02));
#8964=CARTESIAN_POINT('',(0.00128461671446368,0.0358287884892049,0.02));
#8965=CARTESIAN_POINT('',(-0.000405200330335296,0.0368696620242747,0.02));
#8966=CARTESIAN_POINT('',(-0.000405200330335499,0.0368696620242748,0.02));
#8967=CARTESIAN_POINT('',(-0.000143617718859804,0.0373891410528284,0.01));
#8968=CARTESIAN_POINT('',(-0.000143617718859804,0.0373891410528284,0.005));
#8969=CARTESIAN_POINT('',(-0.000143617718859804,0.0373891410528284,0.02));
#8970=CARTESIAN_POINT('',(-0.000837392977400786,0.0349201668809718,0.02));
#8971=CARTESIAN_POINT('',(-0.000837392977400786,0.0349201668809718,0.005));
#8972=CARTESIAN_POINT('',(-0.000253787286987237,0.03493776771929,0.02));
#8973=CARTESIAN_POINT('',(-0.000253787286987237,0.03493776771929,0.005));
#8974=CARTESIAN_POINT('',(0.000415974987081417,0.0350100261256394,0.02));
#8975=CARTESIAN_POINT('',(0.000415974987081417,0.0350100261256394,0.005));
#8976=CARTESIAN_POINT('',(0.00113399351185606,0.035149371128354,0.02));
#8977=CARTESIAN_POINT('',(0.00113399351185606,0.035149371128354,0.005));
#8978=CARTESIAN_POINT('',(-0.00126986306227739,0.0349173173837081,0.005));
#8979=CARTESIAN_POINT('',(-0.00125619442459255,0.0349170645761344,0.005));
#8980=CARTESIAN_POINT('',(-0.00118674575289389,0.0349159558997643,0.005));
#8981=CARTESIAN_POINT('',(-0.0010559951814395,0.0349155075371948,0.005));
#8982=CARTESIAN_POINT('',(-0.000870798271428398,0.0349185766723661,0.005));
#8983=CARTESIAN_POINT('',(-0.000671988664188728,0.0349258505652408,0.005));
#8984=CARTESIAN_POINT('',(-0.000459666091739674,0.0349378745272909,0.005));
#8985=CARTESIAN_POINT('',(-0.000233946000290596,0.0349551923713686,0.005));
#8986=CARTESIAN_POINT('',(5.03731131616669E-6,0.0349783414968091,0.005));
#8987=CARTESIAN_POINT('',(0.00025714322872715,0.0350078699133453,0.005));
#8988=CARTESIAN_POINT('',(0.000522176407542449,0.035044267908022,0.005));
#8989=CARTESIAN_POINT('',(0.000800075064909702,0.0350882311232429,0.005));
#8990=CARTESIAN_POINT('',(0.00100600244579463,0.0351247224316779,0.005));
#8991=CARTESIAN_POINT('',(0.00111900573118109,0.035146462467551,0.005));
#8992=CARTESIAN_POINT('',(0.00113399351185606,0.035149371128354,0.005));
#8993=CARTESIAN_POINT('',(-0.00083739299859562,0.0349201668803326,0.005));
#8994=CARTESIAN_POINT('',(-0.000837392998595851,0.0349201668803326,0.));
#8995=CARTESIAN_POINT('',(-0.000837392998595617,0.0349201668803326,0.02));
#8996=CARTESIAN_POINT('',(-0.00126986306227739,0.0349173173837081,0.02));
#8997=CARTESIAN_POINT('',(-0.00125619442459255,0.0349170645761344,0.02));
#8998=CARTESIAN_POINT('',(-0.00118674575289389,0.0349159558997643,0.02));
#8999=CARTESIAN_POINT('',(-0.0010559951814395,0.0349155075371948,0.02));
#9000=CARTESIAN_POINT('',(-0.000870798271428398,0.0349185766723661,0.02));
#9001=CARTESIAN_POINT('',(-0.000671988664188728,0.0349258505652408,0.02));
#9002=CARTESIAN_POINT('',(-0.000459666091739674,0.0349378745272909,0.02));
#9003=CARTESIAN_POINT('',(-0.000233946000290596,0.0349551923713686,0.02));
#9004=CARTESIAN_POINT('',(5.03731131616669E-6,0.0349783414968091,0.02));
#9005=CARTESIAN_POINT('',(0.00025714322872715,0.0350078699133453,0.02));
#9006=CARTESIAN_POINT('',(0.000522176407542449,0.035044267908022,0.02));
#9007=CARTESIAN_POINT('',(0.000800075064909702,0.0350882311232429,0.02));
#9008=CARTESIAN_POINT('',(0.00100600244579463,0.0351247224316779,0.02));
#9009=CARTESIAN_POINT('',(0.00111900573118109,0.035146462467551,0.02));
#9010=CARTESIAN_POINT('',(0.00113399351185606,0.035149371128354,0.02));
#9011=CARTESIAN_POINT('',(-0.00112572273812472,0.0338441055646158,0.02));
#9012=CARTESIAN_POINT('',(-0.00112572273812472,0.0338441055646158,0.005));
#9013=CARTESIAN_POINT('',(-0.000629105803592554,0.0335370599462976,0.02));
#9014=CARTESIAN_POINT('',(-0.000629105803592554,0.0335370599462976,0.00500000000000004));
#9015=CARTESIAN_POINT('',(-8.52038629277215E-5,0.0331396011937287,0.02));
#9016=CARTESIAN_POINT('',(-8.52038629277215E-5,0.0331396011937287,0.005));
#9017=CARTESIAN_POINT('',(0.000466945918558039,0.0326599156190992,0.02));
#9018=CARTESIAN_POINT('',(0.000466945918558039,0.0326599156190992,0.005));
#9019=CARTESIAN_POINT('',(-0.00149882806937284,0.0340628083440725,0.005));
#9020=CARTESIAN_POINT('',(-0.00148686427811579,0.0340561929630111,0.005));
#9021=CARTESIAN_POINT('',(-0.00142616562598061,0.034022428769063,0.005));
#9022=CARTESIAN_POINT('',(-0.00131270812825705,0.033957441776711,0.005));
#9023=CARTESIAN_POINT('',(-0.00115385746707071,0.0338621853726795,0.005));
#9024=CARTESIAN_POINT('',(-0.000985320243122114,0.0337564811930457,0.005));
#9025=CARTESIAN_POINT('',(-0.000807455482609387,0.0336399068502317,0.005));
#9026=CARTESIAN_POINT('',(-0.000620635071308795,0.0335120491115971,0.005));
#9027=CARTESIAN_POINT('',(-0.000425244015097047,0.0333725097250868,0.005));
#9028=CARTESIAN_POINT('',(-0.000221678094442832,0.0332208844075275,0.005));
#9029=CARTESIAN_POINT('',(-1.03516260813972E-5,0.033056846230083,0.005));
#9030=CARTESIAN_POINT('',(0.000208334063265755,0.032879823640186,0.005));
#9031=CARTESIAN_POINT('',(0.000368426752229406,0.0327452575496215,0.005));
#9032=CARTESIAN_POINT('',(0.000455420450148654,0.032669928483583,0.005));
#9033=CARTESIAN_POINT('',(0.000466945918558039,0.0326599156190992,0.005));
#9034=CARTESIAN_POINT('',(-0.00112572275616019,0.0338441055757666,0.005));
#9035=CARTESIAN_POINT('',(-0.00149882806937284,0.0340628083440725,0.02));
#9036=CARTESIAN_POINT('',(-0.00148686427811579,0.0340561929630111,0.02));
#9037=CARTESIAN_POINT('',(-0.00142616562598061,0.034022428769063,0.02));
#9038=CARTESIAN_POINT('',(-0.00131270812825705,0.033957441776711,0.02));
#9039=CARTESIAN_POINT('',(-0.00115385746707071,0.0338621853726795,0.02));
#9040=CARTESIAN_POINT('',(-0.000985320243122114,0.0337564811930457,0.02));
#9041=CARTESIAN_POINT('',(-0.000807455482609387,0.0336399068502317,0.02));
#9042=CARTESIAN_POINT('',(-0.000620635071308795,0.0335120491115971,0.02));
#9043=CARTESIAN_POINT('',(-0.000425244015097047,0.0333725097250868,0.02));
#9044=CARTESIAN_POINT('',(-0.000221678094442832,0.0332208844075275,0.02));
#9045=CARTESIAN_POINT('',(-1.03516260813972E-5,0.033056846230083,0.02));
#9046=CARTESIAN_POINT('',(0.000208334063265755,0.032879823640186,0.02));
#9047=CARTESIAN_POINT('',(0.000368426752229406,0.0327452575496215,0.02));
#9048=CARTESIAN_POINT('',(0.000455420450148654,0.032669928483583,0.02));
#9049=CARTESIAN_POINT('',(0.000466945918558039,0.0326599156190992,0.02));
#9050=CARTESIAN_POINT('',(-0.00112572275616038,0.0338441055757668,0.02));
#9051=CARTESIAN_POINT('',(-0.00112572275616058,0.0338441055757669,0.02));
#9052=CARTESIAN_POINT('',(-0.000819859964920077,0.0343388094029888,0.01));
#9053=CARTESIAN_POINT('',(-0.000819859964920077,0.0343388094029888,0.005));
#9054=CARTESIAN_POINT('',(-0.000819859964920077,0.0343388094029888,0.02));
#9055=CARTESIAN_POINT('',(-0.00172618047691878,0.0319396969212179,0.02));
#9056=CARTESIAN_POINT('',(-0.00172618047691878,0.0319396969212179,0.00500000000000001));
#9057=CARTESIAN_POINT('',(-0.00114326156821603,0.0319063661956127,0.02));
#9058=CARTESIAN_POINT('',(-0.00114326156821603,0.0319063661956127,0.00499999999999997));
#9059=CARTESIAN_POINT('',(-0.000469750206731728,0.0319199760084486,0.02));
#9060=CARTESIAN_POINT('',(-0.000469750206731728,0.0319199760084486,0.00500000000000001));
#9061=CARTESIAN_POINT('',(0.000257680757990097,0.0319962113235262,0.02));
#9062=CARTESIAN_POINT('',(0.000257680757990097,0.0319962113235262,0.00500000000000001));
#9063=CARTESIAN_POINT('',(-0.00215725323260661,0.0319745505186151,0.005));
#9064=CARTESIAN_POINT('',(-0.0021436586418467,0.0319731073727807,0.005));
#9065=CARTESIAN_POINT('',(-0.00207457087082348,0.0319659500646942,0.005));
#9066=CARTESIAN_POINT('',(-0.00194435692214092,0.0319541077451099,0.005));
#9067=CARTESIAN_POINT('',(-0.00175959724952943,0.0319410242270488,0.005));
#9068=CARTESIAN_POINT('',(-0.00156091021133141,0.0319309430415807,0.005));
#9069=CARTESIAN_POINT('',(-0.00134834763302922,0.0319244161173211,0.005));
#9070=CARTESIAN_POINT('',(-0.00112197712511148,0.0319219952595503,0.005));
#9071=CARTESIAN_POINT('',(-0.000881885637934694,0.0319242275275523,0.005));
#9072=CARTESIAN_POINT('',(-0.000628165488576946,0.0319316711010656,0.005));
#9073=CARTESIAN_POINT('',(-0.000360968546762166,0.0319448314268313,0.005));
#9074=CARTESIAN_POINT('',(-8.02957310099411E-5,0.031964406884854,0.005));
#9075=CARTESIAN_POINT('',(0.000128028461110031,0.0319828115790103,0.005));
#9076=CARTESIAN_POINT('',(0.000242496503852843,0.0319946200022126,0.005));
#9077=CARTESIAN_POINT('',(0.000257680757990097,0.0319962113235262,0.005));
#9078=CARTESIAN_POINT('',(-0.00172618049808867,0.0319396969224284,0.005));
#9079=CARTESIAN_POINT('',(-0.0017261804980889,0.0319396969224284,0.));
#9080=CARTESIAN_POINT('',(-0.00172618049808867,0.0319396969224284,0.02));
#9081=CARTESIAN_POINT('',(-0.00215725323260661,0.0319745505186151,0.02));
#9082=CARTESIAN_POINT('',(-0.0021436586418467,0.0319731073727807,0.02));
#9083=CARTESIAN_POINT('',(-0.00207457087082348,0.0319659500646942,0.02));
#9084=CARTESIAN_POINT('',(-0.00194435692214092,0.0319541077451099,0.02));
#9085=CARTESIAN_POINT('',(-0.00175959724952943,0.0319410242270488,0.02));
#9086=CARTESIAN_POINT('',(-0.00156091021133141,0.0319309430415807,0.02));
#9087=CARTESIAN_POINT('',(-0.00134834763302922,0.0319244161173211,0.02));
#9088=CARTESIAN_POINT('',(-0.00112197712511148,0.0319219952595503,0.02));
#9089=CARTESIAN_POINT('',(-0.000881885637934694,0.0319242275275523,0.02));
#9090=CARTESIAN_POINT('',(-0.000628165488576946,0.0319316711010656,0.02));
#9091=CARTESIAN_POINT('',(-0.000360968546762166,0.0319448314268313,0.02));
#9092=CARTESIAN_POINT('',(-8.02957310099411E-5,0.031964406884854,0.02));
#9093=CARTESIAN_POINT('',(0.000128028461110031,0.0319828115790103,0.02));
#9094=CARTESIAN_POINT('',(0.000242496503852843,0.0319946200022126,0.02));
#9095=CARTESIAN_POINT('',(0.000257680757990097,0.0319962113235262,0.02));
#9096=CARTESIAN_POINT('',(-0.00210719797912306,0.0308928599374946,0.02));
#9097=CARTESIAN_POINT('',(-0.00210719797912306,0.0308928599374946,0.00500000000000001));
#9098=CARTESIAN_POINT('',(-0.00163923161088148,0.0305436997026634,0.02));
#9099=CARTESIAN_POINT('',(-0.00163923161088148,0.0305436997026634,0.00500000000000001));
#9100=CARTESIAN_POINT('',(-0.00113204019410108,0.0301003492230212,0.02));
#9101=CARTESIAN_POINT('',(-0.00113204019410108,0.0301003492230212,0.005));
#9102=CARTESIAN_POINT('',(-0.000623798861774598,0.0295743659725132,0.02));
#9103=CARTESIAN_POINT('',(-0.000623798861774598,0.0295743659725132,0.005));
#9104=CARTESIAN_POINT('',(-0.00245982232875767,0.0311432487591153,0.005));
#9105=CARTESIAN_POINT('',(-0.00244848063178828,0.031135615838463,0.005));
#9106=CARTESIAN_POINT('',(-0.00239095569975174,0.0310966898913559,0.005));
#9107=CARTESIAN_POINT('',(-0.00228359393164813,0.0310220617216455,0.005));
#9108=CARTESIAN_POINT('',(-0.00213364988783077,0.0309133230496284,0.005));
#9109=CARTESIAN_POINT('',(-0.00197496672518959,0.0307933321193772,0.005));
#9110=CARTESIAN_POINT('',(-0.00180793891722273,0.0306616994418213,0.005));
#9111=CARTESIAN_POINT('',(-0.0016329729501665,0.0305180457687762,0.005));
#9112=CARTESIAN_POINT('',(-0.00145048707478766,0.0303620079191293,0.005));
#9113=CARTESIAN_POINT('',(-0.001260910801091,0.0301932176426674,0.005));
#9114=CARTESIAN_POINT('',(-0.00106468536293703,0.0300113853647003,0.005));
#9115=CARTESIAN_POINT('',(-0.000862260373966452,0.0298159766855191,0.005));
#9116=CARTESIAN_POINT('',(-0.000714505093589408,0.0296679696623408,0.005));
#9117=CARTESIAN_POINT('',(-0.000634407793655926,0.0295853452457845,0.005));
#9118=CARTESIAN_POINT('',(-0.000623798861774598,0.0295743659725132,0.005));
#9119=CARTESIAN_POINT('',(-0.00210719799611802,0.0308928599501749,0.005));
#9120=CARTESIAN_POINT('',(-0.00245982232875767,0.0311432487591153,0.02));
#9121=CARTESIAN_POINT('',(-0.00244848063178828,0.031135615838463,0.02));
#9122=CARTESIAN_POINT('',(-0.00239095569975174,0.0310966898913559,0.02));
#9123=CARTESIAN_POINT('',(-0.00228359393164813,0.0310220617216455,0.02));
#9124=CARTESIAN_POINT('',(-0.00213364988783077,0.0309133230496284,0.02));
#9125=CARTESIAN_POINT('',(-0.00197496672518959,0.0307933321193772,0.02));
#9126=CARTESIAN_POINT('',(-0.00180793891722273,0.0306616994418213,0.02));
#9127=CARTESIAN_POINT('',(-0.0016329729501665,0.0305180457687762,0.02));
#9128=CARTESIAN_POINT('',(-0.00145048707478766,0.0303620079191293,0.02));
#9129=CARTESIAN_POINT('',(-0.001260910801091,0.0301932176426674,0.02));
#9130=CARTESIAN_POINT('',(-0.00106468536293703,0.0300113853647003,0.02));
#9131=CARTESIAN_POINT('',(-0.000862260373966452,0.0298159766855191,0.02));
#9132=CARTESIAN_POINT('',(-0.000714505093589408,0.0296679696623408,0.02));
#9133=CARTESIAN_POINT('',(-0.000634407793655926,0.0295853452457845,0.02));
#9134=CARTESIAN_POINT('',(-0.000623798861774598,0.0295743659725132,0.02));
#9135=CARTESIAN_POINT('',(-0.00210719799611821,0.0308928599501751,0.02));
#9136=CARTESIAN_POINT('',(-0.00210719799611839,0.0308928599501752,0.02));
#9137=CARTESIAN_POINT('',(-0.00175938282563943,0.0313590235812298,0.01));
#9138=CARTESIAN_POINT('',(-0.00175938282563943,0.0313590235812298,0.005));
#9139=CARTESIAN_POINT('',(-0.00175938282563943,0.0313590235812298,0.02));
#9140=CARTESIAN_POINT('',(-0.00287135094474826,0.0290480314841546,0.02));
#9141=CARTESIAN_POINT('',(-0.00287135094474826,0.0290480314841546,0.00500000000000001));
#9142=CARTESIAN_POINT('',(-0.00229355518262759,0.0289640228615736,0.02));
#9143=CARTESIAN_POINT('',(-0.00229355518262759,0.0289640228615736,0.00500000000000001));
#9144=CARTESIAN_POINT('',(-0.00162142056186591,0.0289188805020044,0.02));
#9145=CARTESIAN_POINT('',(-0.00162142056186591,0.0289188805020044,0.005));
#9146=CARTESIAN_POINT('',(-0.000890113346073168,0.0289314259326632,0.02));
#9147=CARTESIAN_POINT('',(-0.000890113346073168,0.0289314259326632,0.005));
#9148=CARTESIAN_POINT('',(-0.0032977456472877,0.0291203229192914,0.005));
#9149=CARTESIAN_POINT('',(-0.00328432856649703,0.0291177004184077,0.005));
#9150=CARTESIAN_POINT('',(-0.00321612749580307,0.0291045489500409,0.005));
#9151=CARTESIAN_POINT('',(-0.00308744117666714,0.0290814028006444,0.005));
#9152=CARTESIAN_POINT('',(-0.00290452487412479,0.0290522662028232,0.005));
#9153=CARTESIAN_POINT('',(-0.00270747253329961,0.029024906662921,0.005));
#9154=CARTESIAN_POINT('',(-0.00249628767871396,0.0289998785261864,0.005));
#9155=CARTESIAN_POINT('',(-0.00227098957057907,0.0289777373907566,0.005));
#9156=CARTESIAN_POINT('',(-0.00203161714902087,0.0289590358124126,0.005));
#9157=CARTESIAN_POINT('',(-0.00177821373125338,0.0289443378928141,0.005));
#9158=CARTESIAN_POINT('',(-0.00151088655650427,0.0289341603916433,0.005));
#9159=CARTESIAN_POINT('',(-0.00122957567196982,0.0289291991114123,0.005));
#9160=CARTESIAN_POINT('',(-0.00102044014150642,0.0289293771204542,0.005));
#9161=CARTESIAN_POINT('',(-0.000905378512330218,0.028931164061755,0.005));
#9162=CARTESIAN_POINT('',(-0.000890113346073168,0.0289314259326632,0.005));
#9163=CARTESIAN_POINT('',(-0.00287135096573209,0.0290480314872056,0.005));
#9164=CARTESIAN_POINT('',(-0.00287135096573232,0.0290480314872056,0.));
#9165=CARTESIAN_POINT('',(-0.00287135096573209,0.0290480314872056,0.02));
#9166=CARTESIAN_POINT('',(-0.0032977456472877,0.0291203229192914,0.02));
#9167=CARTESIAN_POINT('',(-0.00328432856649703,0.0291177004184077,0.02));
#9168=CARTESIAN_POINT('',(-0.00321612749580307,0.0291045489500409,0.02));
#9169=CARTESIAN_POINT('',(-0.00308744117666714,0.0290814028006444,0.02));
#9170=CARTESIAN_POINT('',(-0.00290452487412479,0.0290522662028232,0.02));
#9171=CARTESIAN_POINT('',(-0.00270747253329961,0.029024906662921,0.02));
#9172=CARTESIAN_POINT('',(-0.00249628767871396,0.0289998785261864,0.02));
#9173=CARTESIAN_POINT('',(-0.00227098957057907,0.0289777373907566,0.02));
#9174=CARTESIAN_POINT('',(-0.00203161714902087,0.0289590358124126,0.02));
#9175=CARTESIAN_POINT('',(-0.00177821373125338,0.0289443378928141,0.02));
#9176=CARTESIAN_POINT('',(-0.00151088655650427,0.0289341603916433,0.02));
#9177=CARTESIAN_POINT('',(-0.00122957567196982,0.0289291991114123,0.02));
#9178=CARTESIAN_POINT('',(-0.00102044014150642,0.0289293771204542,0.02));
#9179=CARTESIAN_POINT('',(-0.000905378512330218,0.028931164061755,0.02));
#9180=CARTESIAN_POINT('',(-0.000890113346073168,0.0289314259326632,0.02));
#9181=CARTESIAN_POINT('',(-0.00334215641517645,0.0280383858946076,0.02));
#9182=CARTESIAN_POINT('',(-0.00334215641517645,0.0280383858946076,0.00500000000000001));
#9183=CARTESIAN_POINT('',(-0.00290640211985359,0.0276497683634794,0.02));
#9184=CARTESIAN_POINT('',(-0.00290640211985359,0.0276497683634794,0.00499999999999997));
#9185=CARTESIAN_POINT('',(-0.00243978125988983,0.0271639003216185,0.02));
#9186=CARTESIAN_POINT('',(-0.00243978125988983,0.0271639003216185,0.00500000000000001));
#9187=CARTESIAN_POINT('',(-0.00197931640014619,0.0265956224453635,0.02));
#9188=CARTESIAN_POINT('',(-0.00197931640014619,0.0265956224453635,0.00500000000000001));
#9189=CARTESIAN_POINT('',(-0.00367161609897643,0.0283185551482709,0.005));
#9190=CARTESIAN_POINT('',(-0.00366098281345694,0.0283099627791628,0.005));
#9191=CARTESIAN_POINT('',(-0.00360706940098633,0.0282661713288583,0.005));
#9192=CARTESIAN_POINT('',(-0.00350662045038477,0.0281824699472228,0.005));
#9193=CARTESIAN_POINT('',(-0.00336672418864852,0.0280610765741723,0.005));
#9194=CARTESIAN_POINT('',(-0.00321910276199798,0.0279277120967354,0.005));
#9195=CARTESIAN_POINT('',(-0.00306418308904975,0.0277820228885957,0.005));
#9196=CARTESIAN_POINT('',(-0.00290240316289451,0.0276236665723324,0.005));
#9197=CARTESIAN_POINT('',(-0.0027342112960482,0.027452317801803,0.005));
#9198=CARTESIAN_POINT('',(-0.00256006745922121,0.0272676471623609,0.005));
#9199=CARTESIAN_POINT('',(-0.00238043644534323,0.0270694046372998,0.005));
#9200=CARTESIAN_POINT('',(-0.00219581273314282,0.0268570970468739,0.005));
#9201=CARTESIAN_POINT('',(-0.00206151936825314,0.0266967755138971,0.005));
#9202=CARTESIAN_POINT('',(-0.00198892805512199,0.0266074845685231,0.005));
#9203=CARTESIAN_POINT('',(-0.00197931640014619,0.0265956224453635,0.005));
#9204=CARTESIAN_POINT('',(-0.00334215643100158,0.0280383859087209,0.005));
#9205=CARTESIAN_POINT('',(-0.00367161609897643,0.0283185551482709,0.02));
#9206=CARTESIAN_POINT('',(-0.00366098281345694,0.0283099627791628,0.02));
#9207=CARTESIAN_POINT('',(-0.00360706940098633,0.0282661713288583,0.02));
#9208=CARTESIAN_POINT('',(-0.00350662045038477,0.0281824699472228,0.02));
#9209=CARTESIAN_POINT('',(-0.00336672418864852,0.0280610765741723,0.02));
#9210=CARTESIAN_POINT('',(-0.00321910276199798,0.0279277120967354,0.02));
#9211=CARTESIAN_POINT('',(-0.00306418308904975,0.0277820228885957,0.02));
#9212=CARTESIAN_POINT('',(-0.00290240316289451,0.0276236665723324,0.02));
#9213=CARTESIAN_POINT('',(-0.0027342112960482,0.027452317801803,0.02));
#9214=CARTESIAN_POINT('',(-0.00256006745922121,0.0272676471623609,0.02));
#9215=CARTESIAN_POINT('',(-0.00238043644534323,0.0270694046372998,0.02));
#9216=CARTESIAN_POINT('',(-0.00219581273314282,0.0268570970468739,0.02));
#9217=CARTESIAN_POINT('',(-0.00206151936825314,0.0266967755138971,0.02));
#9218=CARTESIAN_POINT('',(-0.00198892805512199,0.0266074845685231,0.02));
#9219=CARTESIAN_POINT('',(-0.00197931640014619,0.0265956224453635,0.02));
#9220=CARTESIAN_POINT('',(-0.00334215643100175,0.0280383859087211,0.02));
#9221=CARTESIAN_POINT('',(-0.00334215643100191,0.0280383859087212,0.02));
#9222=CARTESIAN_POINT('',(-0.00295503596474838,0.0284724615568991,0.01));
#9223=CARTESIAN_POINT('',(-0.00295503596474838,0.0284724615568991,0.005));
#9224=CARTESIAN_POINT('',(-0.00295503596474838,0.0284724615568991,0.02));
#9225=CARTESIAN_POINT('',(-0.00426418894215622,0.0262671778897934,0.02));
#9226=CARTESIAN_POINT('',(-0.00426418894215622,0.0262671778897934,0.005));
#9227=CARTESIAN_POINT('',(-0.00369591370125,0.0261331307265801,0.02));
#9228=CARTESIAN_POINT('',(-0.00369591370125,0.0261331307265801,0.005));
#9229=CARTESIAN_POINT('',(-0.00303027117152092,0.0260295797552207,0.02));
#9230=CARTESIAN_POINT('',(-0.00303027117152092,0.0260295797552207,0.005));
#9231=CARTESIAN_POINT('',(-0.00230065339414481,0.0259783398231575,0.02));
#9232=CARTESIAN_POINT('',(-0.00230065339414481,0.0259783398231575,0.005));
#9233=CARTESIAN_POINT('',(-0.00468266047039677,0.0263763569811977,0.005));
#9234=CARTESIAN_POINT('',(-0.00466952301166162,0.0263725750840796,0.005));
#9235=CARTESIAN_POINT('',(-0.00460272769262585,0.0263535295460481,0.005));
#9236=CARTESIAN_POINT('',(-0.00447654838362808,0.0263192557230123,0.005));
#9237=CARTESIAN_POINT('',(-0.0042968675546651,0.0262742877925336,0.005));
#9238=CARTESIAN_POINT('',(-0.0041029495985099,0.026229858120816,0.005));
#9239=CARTESIAN_POINT('',(-0.00389474971190109,0.0261865192508395,0.005));
#9240=CARTESIAN_POINT('',(-0.00367223865819067,0.0261448263451605,0.005));
#9241=CARTESIAN_POINT('',(-0.00343540707091615,0.026105333250774,0.005));
#9242=CARTESIAN_POINT('',(-0.00318424893775729,0.0260686056981067,0.005));
#9243=CARTESIAN_POINT('',(-0.00291882605129023,0.0260351678269286,0.005));
#9244=CARTESIAN_POINT('',(-0.00263901804366503,0.0260057075667821,0.005));
#9245=CARTESIAN_POINT('',(-0.00243066282252452,0.0259876575359534,0.005));
#9246=CARTESIAN_POINT('',(-0.00231588329538908,0.0259794093956505,0.005));
#9247=CARTESIAN_POINT('',(-0.00230065339414481,0.0259783398231575,0.005));
#9248=CARTESIAN_POINT('',(-0.0042641889627943,0.0262671778946616,0.005));
#9249=CARTESIAN_POINT('',(-0.00426418896279452,0.0262671778946616,0.));
#9250=CARTESIAN_POINT('',(-0.0042641889627943,0.0262671778946616,0.02));
#9251=CARTESIAN_POINT('',(-0.00468266047039677,0.0263763569811977,0.02));
#9252=CARTESIAN_POINT('',(-0.00466952301166162,0.0263725750840796,0.02));
#9253=CARTESIAN_POINT('',(-0.00460272769262585,0.0263535295460481,0.02));
#9254=CARTESIAN_POINT('',(-0.00447654838362808,0.0263192557230123,0.02));
#9255=CARTESIAN_POINT('',(-0.0042968675546651,0.0262742877925336,0.02));
#9256=CARTESIAN_POINT('',(-0.0041029495985099,0.026229858120816,0.02));
#9257=CARTESIAN_POINT('',(-0.00389474971190109,0.0261865192508395,0.02));
#9258=CARTESIAN_POINT('',(-0.00367223865819067,0.0261448263451605,0.02));
#9259=CARTESIAN_POINT('',(-0.00343540707091615,0.026105333250774,0.02));
#9260=CARTESIAN_POINT('',(-0.00318424893775729,0.0260686056981067,0.02));
#9261=CARTESIAN_POINT('',(-0.00291882605129023,0.0260351678269286,0.02));
#9262=CARTESIAN_POINT('',(-0.00263901804366503,0.0260057075667821,0.02));
#9263=CARTESIAN_POINT('',(-0.00243066282252452,0.0259876575359534,0.02));
#9264=CARTESIAN_POINT('',(-0.00231588329538908,0.0259794093956505,0.02));
#9265=CARTESIAN_POINT('',(-0.00230065339414481,0.0259783398231575,0.02));
#9266=CARTESIAN_POINT('',(-0.00482119926689825,0.0253024077069998,0.02));
#9267=CARTESIAN_POINT('',(-0.00482119926689825,0.0253024077069998,0.00499999999999999));
#9268=CARTESIAN_POINT('',(-0.00442097339779716,0.02487729049364,0.02));
#9269=CARTESIAN_POINT('',(-0.00442097339779716,0.02487729049364,0.00499999999999996));
#9270=CARTESIAN_POINT('',(-0.00399847436114797,0.0243526026387364,0.02));
#9271=CARTESIAN_POINT('',(-0.00399847436114797,0.0243526026387364,0.00499999999999999));
#9272=CARTESIAN_POINT('',(-0.00358929038960587,0.0237463550745061,0.02));
#9273=CARTESIAN_POINT('',(-0.00358929038960587,0.0237463550745061,0.00499999999999999));
#9274=CARTESIAN_POINT('',(-0.00512498689773668,0.0256102251355145,0.005));
#9275=CARTESIAN_POINT('',(-0.00511514294939045,0.0256007387110677,0.005));
#9276=CARTESIAN_POINT('',(-0.00506525137010848,0.0255524150369446,0.005));
#9277=CARTESIAN_POINT('',(-0.00497247971417577,0.0254602774614384,0.005));
#9278=CARTESIAN_POINT('',(-0.00484369592954413,0.0253271532642228,0.005));
#9279=CARTESIAN_POINT('',(-0.00470825972707728,0.0251814302238012,0.005));
#9280=CARTESIAN_POINT('',(-0.00456662722140189,0.0250227932679212,0.005));
#9281=CARTESIAN_POINT('',(-0.00441926457907108,0.0248509394956247,0.005));
#9282=CARTESIAN_POINT('',(-0.00426664676242103,0.0246655838718196,0.005));
#9283=CARTESIAN_POINT('',(-0.00410926070221288,0.0244664383244707,0.005));
#9284=CARTESIAN_POINT('',(-0.00394759121309066,0.0242532942976334,0.005));
#9285=CARTESIAN_POINT('',(-0.00378217387558913,0.0240257035849209,0.005));
#9286=CARTESIAN_POINT('',(-0.00366236447978216,0.0238542876858164,0.005));
#9287=CARTESIAN_POINT('',(-0.00359783161717811,0.0237590097696342,0.005));
#9288=CARTESIAN_POINT('',(-0.00358929038960587,0.0237463550745061,0.005));
#9289=CARTESIAN_POINT('',(-0.0048211992814331,0.0253024077224386,0.005));
#9290=CARTESIAN_POINT('',(-0.00512498689773668,0.0256102251355145,0.02));
#9291=CARTESIAN_POINT('',(-0.00511514294939045,0.0256007387110677,0.02));
#9292=CARTESIAN_POINT('',(-0.00506525137010848,0.0255524150369446,0.02));
#9293=CARTESIAN_POINT('',(-0.00497247971417577,0.0254602774614384,0.02));
#9294=CARTESIAN_POINT('',(-0.00484369592954413,0.0253271532642228,0.02));
#9295=CARTESIAN_POINT('',(-0.00470825972707728,0.0251814302238012,0.02));
#9296=CARTESIAN_POINT('',(-0.00456662722140189,0.0250227932679212,0.02));
#9297=CARTESIAN_POINT('',(-0.00441926457907108,0.0248509394956247,0.02));
#9298=CARTESIAN_POINT('',(-0.00426664676242103,0.0246655838718196,0.02));
#9299=CARTESIAN_POINT('',(-0.00410926070221288,0.0244664383244707,0.02));
#9300=CARTESIAN_POINT('',(-0.00394759121309066,0.0242532942976334,0.02));
#9301=CARTESIAN_POINT('',(-0.00378217387558913,0.0240257035849209,0.02));
#9302=CARTESIAN_POINT('',(-0.00366236447978216,0.0238542876858164,0.02));
#9303=CARTESIAN_POINT('',(-0.00359783161717811,0.0237590097696342,0.02));
#9304=CARTESIAN_POINT('',(-0.00358929038960587,0.0237463550745061,0.02));
#9305=CARTESIAN_POINT('',(-0.00482119928143325,0.0253024077224388,0.02));
#9306=CARTESIAN_POINT('',(-0.00482119928143341,0.025302407722439,0.02));
#9307=CARTESIAN_POINT('',(-0.00439771973990322,0.0257010918099553,0.01));
#9308=CARTESIAN_POINT('',(-0.00439771973990322,0.0257010918099553,0.005));
#9309=CARTESIAN_POINT('',(-0.00439771973990322,0.0257010918099553,0.02));
#9310=CARTESIAN_POINT('',(-0.00589409413096378,0.0236183001131127,0.02));
#9311=CARTESIAN_POINT('',(-0.00589409413096378,0.0236183001131127,0.005));
#9312=CARTESIAN_POINT('',(-0.00533966432898927,0.0234352345891189,0.02));
#9313=CARTESIAN_POINT('',(-0.00533966432898927,0.0234352345891189,0.00499999999999996));
#9314=CARTESIAN_POINT('',(-0.00468557983187015,0.0232740630913847,0.02));
#9315=CARTESIAN_POINT('',(-0.00468557983187015,0.0232740630913847,0.005));
#9316=CARTESIAN_POINT('',(-0.00396320432475159,0.0231594277634245,0.02));
#9317=CARTESIAN_POINT('',(-0.00396320432475159,0.0231594277634245,0.005));
#9318=CARTESIAN_POINT('',(-0.00630145766389552,0.0237635359419746,0.005));
#9319=CARTESIAN_POINT('',(-0.00628869981120948,0.0237586234311431,0.005));
#9320=CARTESIAN_POINT('',(-0.00622381859654186,0.0237338287714911,0.005));
#9321=CARTESIAN_POINT('',(-0.0061011065984129,0.0236886881193044,0.005));
#9322=CARTESIAN_POINT('',(-0.00592602872263194,0.0236282310892716,0.005));
#9323=CARTESIAN_POINT('',(-0.00573672098388393,0.0235670694223677,0.005));
#9324=CARTESIAN_POINT('',(-0.00553309059210358,0.0235057496541184,0.005));
#9325=CARTESIAN_POINT('',(-0.00531506003629221,0.0234448222863773,0.005));
#9326=CARTESIAN_POINT('',(-0.00508257171468333,0.0233848382422432,0.005));
#9327=CARTESIAN_POINT('',(-0.00483557033117989,0.0233263605753595,0.005));
#9328=CARTESIAN_POINT('',(-0.00457407176142763,0.0232699168165642,0.005));
#9329=CARTESIAN_POINT('',(-0.00429789613860238,0.0232161817868706,0.005));
#9330=CARTESIAN_POINT('',(-0.00409190693582597,0.0231800410878048,0.005));
#9331=CARTESIAN_POINT('',(-0.00397828305223855,0.0231618206392262,0.005));
#9332=CARTESIAN_POINT('',(-0.00396320432475159,0.0231594277634245,0.005));
#9333=CARTESIAN_POINT('',(-0.00589409415109903,0.0236183001197611,0.005));
#9334=CARTESIAN_POINT('',(-0.00589409415109925,0.0236183001197612,0.));
#9335=CARTESIAN_POINT('',(-0.00589409415109903,0.0236183001197611,0.02));
#9336=CARTESIAN_POINT('',(-0.00630145766389552,0.0237635359419746,0.02));
#9337=CARTESIAN_POINT('',(-0.00628869981120948,0.0237586234311431,0.02));
#9338=CARTESIAN_POINT('',(-0.00622381859654186,0.0237338287714911,0.02));
#9339=CARTESIAN_POINT('',(-0.0061011065984129,0.0236886881193044,0.02));
#9340=CARTESIAN_POINT('',(-0.00592602872263194,0.0236282310892716,0.02));
#9341=CARTESIAN_POINT('',(-0.00573672098388393,0.0235670694223677,0.02));
#9342=CARTESIAN_POINT('',(-0.00553309059210358,0.0235057496541184,0.02));
#9343=CARTESIAN_POINT('',(-0.00531506003629221,0.0234448222863773,0.02));
#9344=CARTESIAN_POINT('',(-0.00508257171468333,0.0233848382422432,0.02));
#9345=CARTESIAN_POINT('',(-0.00483557033117989,0.0233263605753595,0.02));
#9346=CARTESIAN_POINT('',(-0.00457407176142763,0.0232699168165642,0.02));
#9347=CARTESIAN_POINT('',(-0.00429789613860238,0.0232161817868706,0.02));
#9348=CARTESIAN_POINT('',(-0.00409190693582597,0.0231800410878048,0.02));
#9349=CARTESIAN_POINT('',(-0.00397828305223855,0.0231618206392262,0.02));
#9350=CARTESIAN_POINT('',(-0.00396320432475159,0.0231594277634245,0.02));
#9351=CARTESIAN_POINT('',(-0.00653307012511631,0.0227057478207076,0.02));
#9352=CARTESIAN_POINT('',(-0.00653307012511631,0.0227057478207076,0.005));
#9353=CARTESIAN_POINT('',(-0.00617141864276384,0.0222473663238027,0.02));
#9354=CARTESIAN_POINT('',(-0.00617141864276384,0.0222473663238027,0.005));
#9355=CARTESIAN_POINT('',(-0.00579625690220976,0.0216878518472448,0.02));
#9356=CARTESIAN_POINT('',(-0.00579625690220976,0.0216878518472448,0.005));
#9357=CARTESIAN_POINT('',(-0.00544146795596494,0.0210482485050678,0.02));
#9358=CARTESIAN_POINT('',(-0.00544146795596494,0.0210482485050678,0.005));
#9359=CARTESIAN_POINT('',(-0.00680887369569055,0.0230388707475775,0.005));
#9360=CARTESIAN_POINT('',(-0.00679989400290843,0.02302856246521,0.005));
#9361=CARTESIAN_POINT('',(-0.0067544039618588,0.0229760743396072,0.005));
#9362=CARTESIAN_POINT('',(-0.00667001564891365,0.0228762017928142,0.005));
#9363=CARTESIAN_POINT('',(-0.00655332446374944,0.0227323599269568,0.005));
#9364=CARTESIAN_POINT('',(-0.00643110423674567,0.0225753873638781,0.005));
#9365=CARTESIAN_POINT('',(-0.00630383680723134,0.0224050099832797,0.005));
#9366=CARTESIAN_POINT('',(-0.0061720129674131,0.0222209666659252,0.005));
#9367=CARTESIAN_POINT('',(-0.00603613071469716,0.0220230148570624,0.005));
#9368=CARTESIAN_POINT('',(-0.00589670023405834,0.0218109100196692,0.005));
#9369=CARTESIAN_POINT('',(-0.00575422267212281,0.0215844866458,0.005));
#9370=CARTESIAN_POINT('',(-0.00560927063514026,0.0213433449135476,0.005));
#9371=CARTESIAN_POINT('',(-0.00550485703026099,0.0211621392268114,0.005));
#9372=CARTESIAN_POINT('',(-0.00544887375223446,0.0210615994622936,0.005));
#9373=CARTESIAN_POINT('',(-0.00544146795596494,0.0210482485050678,0.005));
#9374=CARTESIAN_POINT('',(-0.00653307013825028,0.0227057478373545,0.005));
#9375=CARTESIAN_POINT('',(-0.00680887369569055,0.0230388707475775,0.02));
#9376=CARTESIAN_POINT('',(-0.00679989400290843,0.02302856246521,0.02));
#9377=CARTESIAN_POINT('',(-0.0067544039618588,0.0229760743396072,0.02));
#9378=CARTESIAN_POINT('',(-0.00667001564891365,0.0228762017928142,0.02));
#9379=CARTESIAN_POINT('',(-0.00655332446374944,0.0227323599269568,0.02));
#9380=CARTESIAN_POINT('',(-0.00643110423674567,0.0225753873638781,0.02));
#9381=CARTESIAN_POINT('',(-0.00630383680723134,0.0224050099832797,0.02));
#9382=CARTESIAN_POINT('',(-0.0061720129674131,0.0222209666659252,0.02));
#9383=CARTESIAN_POINT('',(-0.00603613071469716,0.0220230148570624,0.02));
#9384=CARTESIAN_POINT('',(-0.00589670023405834,0.0218109100196692,0.02));
#9385=CARTESIAN_POINT('',(-0.00575422267212281,0.0215844866458,0.02));
#9386=CARTESIAN_POINT('',(-0.00560927063514026,0.0213433449135476,0.02));
#9387=CARTESIAN_POINT('',(-0.00550485703026099,0.0211621392268114,0.02));
#9388=CARTESIAN_POINT('',(-0.00544887375223446,0.0210615994622936,0.02));
#9389=CARTESIAN_POINT('',(-0.00544146795596494,0.0210482485050678,0.02));
#9390=CARTESIAN_POINT('',(-0.00653307013825043,0.0227057478373547,0.02));
#9391=CARTESIAN_POINT('',(-0.00653307013825057,0.0227057478373549,0.02));
#9392=CARTESIAN_POINT('',(-0.00607645445645871,0.0230660061375718,0.01));
#9393=CARTESIAN_POINT('',(-0.00607645445645871,0.0230660061375718,0.005));
#9394=CARTESIAN_POINT('',(-0.00607645445645871,0.0230660061375718,0.02));
#9395=CARTESIAN_POINT('',(-0.0297723153489353,0.0788102488193656,0.02));
#9396=CARTESIAN_POINT('',(-0.0297723153489353,0.0788102488193656,0.005));
#9397=CARTESIAN_POINT('',(-0.0298407137981696,0.0793900996997948,0.02));
#9398=CARTESIAN_POINT('',(-0.0298407137981696,0.0793900996997948,0.005));
#9399=CARTESIAN_POINT('',(-0.0299710708679289,0.0800510155911332,0.02));
#9400=CARTESIAN_POINT('',(-0.0299710708679289,0.0800510155911332,0.005));
#9401=CARTESIAN_POINT('',(-0.0301724650586713,0.0807541571214314,0.02));
#9402=CARTESIAN_POINT('',(-0.0301724650586713,0.0807541571214314,0.005));
#9403=CARTESIAN_POINT('',(-0.0297317844434054,0.0783796727637787,0.005));
#9404=CARTESIAN_POINT('',(-0.0297327238981106,0.0783933114218023,0.005));
#9405=CARTESIAN_POINT('',(-0.0297376722911535,0.0784625924478506,0.005));
#9406=CARTESIAN_POINT('',(-0.0297486212979088,0.0785928845512787,0.005));
#9407=CARTESIAN_POINT('',(-0.0297678197283408,0.0787771092383792,0.005));
#9408=CARTESIAN_POINT('',(-0.0297923933408414,0.0789745283535049,0.005));
#9409=CARTESIAN_POINT('',(-0.0298228766795896,0.0791849950171206,0.005));
#9410=CARTESIAN_POINT('',(-0.0298598014262655,0.0794083468259116,0.005));
#9411=CARTESIAN_POINT('',(-0.0299036912303221,0.079644403154645,0.005));
#9412=CARTESIAN_POINT('',(-0.0299550797608016,0.079892976161852,0.005));
#9413=CARTESIAN_POINT('',(-0.0300144384136721,0.0801538285151456,0.005));
#9414=CARTESIAN_POINT('',(-0.0300824547994777,0.0804268380375455,0.005));
#9415=CARTESIAN_POINT('',(-0.0301367550013002,0.0806288013754845,0.005));
#9416=CARTESIAN_POINT('',(-0.030168261195044,0.0807394798802796,0.005));
#9417=CARTESIAN_POINT('',(-0.0301724650586713,0.0807541571214314,0.005));
#9418=CARTESIAN_POINT('',(-0.0297723153464513,0.0788102487983071,0.005));
#9419=CARTESIAN_POINT('',(-0.0297723153464513,0.0788102487983069,0.));
#9420=CARTESIAN_POINT('',(-0.0297723153464513,0.0788102487983071,0.02));
#9421=CARTESIAN_POINT('',(-0.0297317844434054,0.0783796727637787,0.02));
#9422=CARTESIAN_POINT('',(-0.0297327238981106,0.0783933114218023,0.02));
#9423=CARTESIAN_POINT('',(-0.0297376722911535,0.0784625924478506,0.02));
#9424=CARTESIAN_POINT('',(-0.0297486212979088,0.0785928845512787,0.02));
#9425=CARTESIAN_POINT('',(-0.0297678197283408,0.0787771092383792,0.02));
#9426=CARTESIAN_POINT('',(-0.0297923933408414,0.0789745283535049,0.02));
#9427=CARTESIAN_POINT('',(-0.0298228766795896,0.0791849950171206,0.02));
#9428=CARTESIAN_POINT('',(-0.0298598014262655,0.0794083468259116,0.02));
#9429=CARTESIAN_POINT('',(-0.0299036912303221,0.079644403154645,0.02));
#9430=CARTESIAN_POINT('',(-0.0299550797608016,0.079892976161852,0.02));
#9431=CARTESIAN_POINT('',(-0.0300144384136721,0.0801538285151456,0.02));
#9432=CARTESIAN_POINT('',(-0.0300824547994777,0.0804268380375455,0.02));
#9433=CARTESIAN_POINT('',(-0.0301367550013002,0.0806288013754845,0.02));
#9434=CARTESIAN_POINT('',(-0.030168261195044,0.0807394798802796,0.02));
#9435=CARTESIAN_POINT('',(-0.0301724650586713,0.0807541571214314,0.02));
#9436=CARTESIAN_POINT('',(-0.0286752191763077,0.0786168011636994,0.02));
#9437=CARTESIAN_POINT('',(-0.0286752191763077,0.0786168011636994,0.00500000000000001));
#9438=CARTESIAN_POINT('',(-0.028412624977057,0.0791382891097847,0.02));
#9439=CARTESIAN_POINT('',(-0.028412624977057,0.0791382891097847,0.00500000000000001));
#9440=CARTESIAN_POINT('',(-0.0280640828526566,0.0797147621521476,0.02));
#9441=CARTESIAN_POINT('',(-0.0280640828526566,0.0797147621521476,0.00500000000000001));
#9442=CARTESIAN_POINT('',(-0.0276343456507746,0.0803066181895595,0.02));
#9443=CARTESIAN_POINT('',(-0.0276343456507746,0.0803066181895595,0.00500000000000001));
#9444=CARTESIAN_POINT('',(-0.0288605714533923,0.0782260544076957,0.005));
#9445=CARTESIAN_POINT('',(-0.0288550239589662,0.078238549241565,0.005));
#9446=CARTESIAN_POINT('',(-0.0288266784840803,0.0783019596604052,0.005));
#9447=CARTESIAN_POINT('',(-0.0287718272593387,0.0784206494076836,0.005));
#9448=CARTESIAN_POINT('',(-0.0286907780820449,0.0785871977367906,0.005));
#9449=CARTESIAN_POINT('',(-0.0286001651256615,0.0787643063520068,0.005));
#9450=CARTESIAN_POINT('',(-0.0284995363187277,0.0789516544068402,0.005));
#9451=CARTESIAN_POINT('',(-0.0283884475890973,0.0791489074462499,0.005));
#9452=CARTESIAN_POINT('',(-0.0282664686447112,0.0793557166393765,0.005));
#9453=CARTESIAN_POINT('',(-0.0281331622462748,0.0795717229474156,0.005));
#9454=CARTESIAN_POINT('',(-0.0279881665989323,0.0797965421239578,0.005));
#9455=CARTESIAN_POINT('',(-0.0278308773471178,0.0800298241835396,0.005));
#9456=CARTESIAN_POINT('',(-0.0277107763183695,0.0802010358790603,0.005));
#9457=CARTESIAN_POINT('',(-0.0276433159025264,0.0802942639003959,0.005));
#9458=CARTESIAN_POINT('',(-0.0276343456507745,0.0803066181895595,0.005));
#9459=CARTESIAN_POINT('',(-0.0286752191858442,0.0786168011447607,0.005));
#9460=CARTESIAN_POINT('',(-0.0288605714533923,0.0782260544076957,0.02));
#9461=CARTESIAN_POINT('',(-0.0288550239589662,0.078238549241565,0.02));
#9462=CARTESIAN_POINT('',(-0.0288266784840803,0.0783019596604052,0.02));
#9463=CARTESIAN_POINT('',(-0.0287718272593387,0.0784206494076836,0.02));
#9464=CARTESIAN_POINT('',(-0.0286907780820449,0.0785871977367906,0.02));
#9465=CARTESIAN_POINT('',(-0.0286001651256615,0.0787643063520068,0.02));
#9466=CARTESIAN_POINT('',(-0.0284995363187277,0.0789516544068402,0.02));
#9467=CARTESIAN_POINT('',(-0.0283884475890973,0.0791489074462499,0.02));
#9468=CARTESIAN_POINT('',(-0.0282664686447112,0.0793557166393765,0.02));
#9469=CARTESIAN_POINT('',(-0.0281331622462748,0.0795717229474156,0.02));
#9470=CARTESIAN_POINT('',(-0.0279881665989323,0.0797965421239578,0.02));
#9471=CARTESIAN_POINT('',(-0.0278308773471178,0.0800298241835396,0.02));
#9472=CARTESIAN_POINT('',(-0.0277107763183695,0.0802010358790603,0.02));
#9473=CARTESIAN_POINT('',(-0.0276433159025264,0.0802942639003959,0.02));
#9474=CARTESIAN_POINT('',(-0.0276343456507745,0.0803066181895595,0.02));
#9475=CARTESIAN_POINT('',(-0.0286752191858443,0.0786168011447605,0.02));
#9476=CARTESIAN_POINT('',(-0.0286752191858444,0.0786168011447603,0.02));
#9477=CARTESIAN_POINT('',(-0.029194698214398,0.078878383756236,0.01));
#9478=CARTESIAN_POINT('',(-0.029194698214398,0.078878383756236,0.005));
#9479=CARTESIAN_POINT('',(-0.029194698214398,0.078878383756236,0.02));
#9480=CARTESIAN_POINT('',(-0.0267257240425414,0.0781846084976949,0.02));
#9481=CARTESIAN_POINT('',(-0.0267257240425414,0.0781846084976949,0.005));
#9482=CARTESIAN_POINT('',(-0.0267433248808596,0.0787682141881083,0.02));
#9483=CARTESIAN_POINT('',(-0.0267433248808596,0.0787682141881083,0.005));
#9484=CARTESIAN_POINT('',(-0.0268155832872089,0.0794379764621756,0.02));
#9485=CARTESIAN_POINT('',(-0.0268155832872089,0.0794379764621756,0.005));
#9486=CARTESIAN_POINT('',(-0.0269549282899236,0.0801559949869518,0.02));
#9487=CARTESIAN_POINT('',(-0.0269549282899236,0.0801559949869518,0.005));
#9488=CARTESIAN_POINT('',(-0.0267228745452777,0.0777521384128184,0.005));
#9489=CARTESIAN_POINT('',(-0.026722621737704,0.0777658070505032,0.005));
#9490=CARTESIAN_POINT('',(-0.0267215130613339,0.0778352557222019,0.005));
#9491=CARTESIAN_POINT('',(-0.0267210646987645,0.0779660062936563,0.005));
#9492=CARTESIAN_POINT('',(-0.0267241338339358,0.0781512032036674,0.005));
#9493=CARTESIAN_POINT('',(-0.0267314077268105,0.078350012810907,0.005));
#9494=CARTESIAN_POINT('',(-0.0267434316888605,0.0785623353833561,0.005));
#9495=CARTESIAN_POINT('',(-0.0267607495329382,0.0787880554748052,0.005));
#9496=CARTESIAN_POINT('',(-0.0267838986583787,0.0790270387864119,0.005));
#9497=CARTESIAN_POINT('',(-0.0268134270749148,0.0792791447038229,0.005));
#9498=CARTESIAN_POINT('',(-0.0268498250695916,0.0795441778826382,0.005));
#9499=CARTESIAN_POINT('',(-0.0268937882848125,0.0798220765400055,0.005));
#9500=CARTESIAN_POINT('',(-0.0269302795932475,0.0800280039208904,0.005));
#9501=CARTESIAN_POINT('',(-0.0269520196291205,0.0801410072062768,0.005));
#9502=CARTESIAN_POINT('',(-0.0269549282899235,0.0801559949869518,0.005));
#9503=CARTESIAN_POINT('',(-0.0267257240419022,0.0781846084765001,0.005));
#9504=CARTESIAN_POINT('',(-0.0267257240419022,0.0781846084764999,0.));
#9505=CARTESIAN_POINT('',(-0.0267257240419022,0.0781846084765001,0.02));
#9506=CARTESIAN_POINT('',(-0.0267228745452777,0.0777521384128184,0.02));
#9507=CARTESIAN_POINT('',(-0.026722621737704,0.0777658070505032,0.02));
#9508=CARTESIAN_POINT('',(-0.0267215130613339,0.0778352557222019,0.02));
#9509=CARTESIAN_POINT('',(-0.0267210646987645,0.0779660062936563,0.02));
#9510=CARTESIAN_POINT('',(-0.0267241338339358,0.0781512032036674,0.02));
#9511=CARTESIAN_POINT('',(-0.0267314077268105,0.078350012810907,0.02));
#9512=CARTESIAN_POINT('',(-0.0267434316888605,0.0785623353833561,0.02));
#9513=CARTESIAN_POINT('',(-0.0267607495329382,0.0787880554748052,0.02));
#9514=CARTESIAN_POINT('',(-0.0267838986583787,0.0790270387864119,0.02));
#9515=CARTESIAN_POINT('',(-0.0268134270749148,0.0792791447038229,0.02));
#9516=CARTESIAN_POINT('',(-0.0268498250695916,0.0795441778826382,0.02));
#9517=CARTESIAN_POINT('',(-0.0268937882848125,0.0798220765400055,0.02));
#9518=CARTESIAN_POINT('',(-0.0269302795932475,0.0800280039208904,0.02));
#9519=CARTESIAN_POINT('',(-0.0269520196291205,0.0801410072062768,0.02));
#9520=CARTESIAN_POINT('',(-0.0269549282899235,0.0801559949869518,0.02));
#9521=CARTESIAN_POINT('',(-0.0256496627261854,0.0778962787369711,0.02));
#9522=CARTESIAN_POINT('',(-0.0256496627261854,0.0778962787369711,0.005));
#9523=CARTESIAN_POINT('',(-0.0253426171078672,0.0783928956715034,0.02));
#9524=CARTESIAN_POINT('',(-0.0253426171078672,0.0783928956715034,0.005));
#9525=CARTESIAN_POINT('',(-0.0249451583552983,0.078936797612167,0.02));
#9526=CARTESIAN_POINT('',(-0.0249451583552983,0.078936797612167,0.005));
#9527=CARTESIAN_POINT('',(-0.0244654727806688,0.0794889473936538,0.02));
#9528=CARTESIAN_POINT('',(-0.0244654727806688,0.0794889473936538,0.005));
#9529=CARTESIAN_POINT('',(-0.0258683655056421,0.0775231734057229,0.005));
#9530=CARTESIAN_POINT('',(-0.0258617501245808,0.07753513719698,0.005));
#9531=CARTESIAN_POINT('',(-0.0258279859306325,0.0775958358491151,0.005));
#9532=CARTESIAN_POINT('',(-0.0257629989382806,0.0777092933468387,0.005));
#9533=CARTESIAN_POINT('',(-0.0256677425342491,0.0778681440080251,0.005));
#9534=CARTESIAN_POINT('',(-0.0255620383546153,0.0780366812319737,0.005));
#9535=CARTESIAN_POINT('',(-0.0254454640118013,0.0782145459924864,0.005));
#9536=CARTESIAN_POINT('',(-0.0253176062731667,0.078401366403787,0.005));
#9537=CARTESIAN_POINT('',(-0.0251780668866564,0.0785967574599987,0.005));
#9538=CARTESIAN_POINT('',(-0.0250264415690971,0.0788003233806529,0.005));
#9539=CARTESIAN_POINT('',(-0.0248624033916526,0.0790116498490144,0.005));
#9540=CARTESIAN_POINT('',(-0.0246853808017556,0.0792303355383615,0.005));
#9541=CARTESIAN_POINT('',(-0.0245508147111911,0.0793904282273252,0.005));
#9542=CARTESIAN_POINT('',(-0.0244754856451526,0.0794774219252444,0.005));
#9543=CARTESIAN_POINT('',(-0.0244654727806688,0.0794889473936538,0.005));
#9544=CARTESIAN_POINT('',(-0.0256496627373363,0.0778962787189356,0.005));
#9545=CARTESIAN_POINT('',(-0.0258683655056421,0.0775231734057229,0.02));
#9546=CARTESIAN_POINT('',(-0.0258617501245808,0.07753513719698,0.02));
#9547=CARTESIAN_POINT('',(-0.0258279859306325,0.0775958358491151,0.02));
#9548=CARTESIAN_POINT('',(-0.0257629989382806,0.0777092933468387,0.02));
#9549=CARTESIAN_POINT('',(-0.0256677425342491,0.0778681440080251,0.02));
#9550=CARTESIAN_POINT('',(-0.0255620383546153,0.0780366812319737,0.02));
#9551=CARTESIAN_POINT('',(-0.0254454640118013,0.0782145459924864,0.02));
#9552=CARTESIAN_POINT('',(-0.0253176062731667,0.078401366403787,0.02));
#9553=CARTESIAN_POINT('',(-0.0251780668866564,0.0785967574599987,0.02));
#9554=CARTESIAN_POINT('',(-0.0250264415690971,0.0788003233806529,0.02));
#9555=CARTESIAN_POINT('',(-0.0248624033916526,0.0790116498490144,0.02));
#9556=CARTESIAN_POINT('',(-0.0246853808017556,0.0792303355383615,0.02));
#9557=CARTESIAN_POINT('',(-0.0245508147111911,0.0793904282273252,0.02));
#9558=CARTESIAN_POINT('',(-0.0244754856451526,0.0794774219252444,0.02));
#9559=CARTESIAN_POINT('',(-0.0244654727806688,0.0794889473936538,0.02));
#9560=CARTESIAN_POINT('',(-0.0256496627373364,0.0778962787189354,0.02));
#9561=CARTESIAN_POINT('',(-0.0256496627373365,0.0778962787189352,0.02));
#9562=CARTESIAN_POINT('',(-0.0261443665645584,0.0782021415101757,0.01));
#9563=CARTESIAN_POINT('',(-0.0261443665645584,0.0782021415101757,0.005));
#9564=CARTESIAN_POINT('',(-0.0261443665645584,0.0782021415101757,0.02));
#9565=CARTESIAN_POINT('',(-0.0237452540827875,0.077295820998177,0.02));
#9566=CARTESIAN_POINT('',(-0.0237452540827875,0.077295820998177,0.00499999999999999));
#9567=CARTESIAN_POINT('',(-0.0237119233571823,0.0778787399068796,0.02));
#9568=CARTESIAN_POINT('',(-0.0237119233571823,0.0778787399068796,0.00500000000000003));
#9569=CARTESIAN_POINT('',(-0.0237255331700207,0.0785522512683614,0.02));
#9570=CARTESIAN_POINT('',(-0.0237255331700207,0.0785522512683614,0.005));
#9571=CARTESIAN_POINT('',(-0.0238017684850958,0.0792796822330859,0.02));
#9572=CARTESIAN_POINT('',(-0.0238017684850958,0.0792796822330859,0.005));
#9573=CARTESIAN_POINT('',(-0.0237801076801847,0.0768647482424892,0.005));
#9574=CARTESIAN_POINT('',(-0.0237786645343504,0.0768783428332491,0.005));
#9575=CARTESIAN_POINT('',(-0.0237715072262638,0.0769474306042723,0.005));
#9576=CARTESIAN_POINT('',(-0.0237596649066796,0.0770776445529549,0.005));
#9577=CARTESIAN_POINT('',(-0.0237465813886183,0.0772624042255663,0.005));
#9578=CARTESIAN_POINT('',(-0.0237365002031503,0.0774610912637644,0.005));
#9579=CARTESIAN_POINT('',(-0.0237299732788907,0.0776736538420665,0.005));
#9580=CARTESIAN_POINT('',(-0.02372755242112,0.0779000243499843,0.005));
#9581=CARTESIAN_POINT('',(-0.0237297846891219,0.0781401158371611,0.005));
#9582=CARTESIAN_POINT('',(-0.0237372282626352,0.0783938359865188,0.005));
#9583=CARTESIAN_POINT('',(-0.0237503885884009,0.0786610329283336,0.005));
#9584=CARTESIAN_POINT('',(-0.0237699640464237,0.0789417057440858,0.005));
#9585=CARTESIAN_POINT('',(-0.0237883687405799,0.0791500299362058,0.005));
#9586=CARTESIAN_POINT('',(-0.0238001771637822,0.0792644979789486,0.005));
#9587=CARTESIAN_POINT('',(-0.0238017684850958,0.0792796822330859,0.005));
#9588=CARTESIAN_POINT('',(-0.023745254083998,0.0772958209770071,0.005));
#9589=CARTESIAN_POINT('',(-0.023745254083998,0.0772958209770069,0.));
#9590=CARTESIAN_POINT('',(-0.023745254083998,0.0772958209770071,0.02));
#9591=CARTESIAN_POINT('',(-0.0237801076801847,0.0768647482424892,0.02));
#9592=CARTESIAN_POINT('',(-0.0237786645343504,0.0768783428332491,0.02));
#9593=CARTESIAN_POINT('',(-0.0237715072262638,0.0769474306042723,0.02));
#9594=CARTESIAN_POINT('',(-0.0237596649066796,0.0770776445529549,0.02));
#9595=CARTESIAN_POINT('',(-0.0237465813886183,0.0772624042255663,0.02));
#9596=CARTESIAN_POINT('',(-0.0237365002031503,0.0774610912637644,0.02));
#9597=CARTESIAN_POINT('',(-0.0237299732788907,0.0776736538420665,0.02));
#9598=CARTESIAN_POINT('',(-0.02372755242112,0.0779000243499843,0.02));
#9599=CARTESIAN_POINT('',(-0.0237297846891219,0.0781401158371611,0.02));
#9600=CARTESIAN_POINT('',(-0.0237372282626352,0.0783938359865188,0.02));
#9601=CARTESIAN_POINT('',(-0.0237503885884009,0.0786610329283336,0.02));
#9602=CARTESIAN_POINT('',(-0.0237699640464237,0.0789417057440858,0.02));
#9603=CARTESIAN_POINT('',(-0.0237883687405799,0.0791500299362058,0.02));
#9604=CARTESIAN_POINT('',(-0.0238001771637822,0.0792644979789486,0.02));
#9605=CARTESIAN_POINT('',(-0.0238017684850958,0.0792796822330859,0.02));
#9606=CARTESIAN_POINT('',(-0.0226984170990642,0.0769148034959727,0.02));
#9607=CARTESIAN_POINT('',(-0.0226984170990642,0.0769148034959727,0.005));
#9608=CARTESIAN_POINT('',(-0.0223492568642329,0.0773827698642143,0.02));
#9609=CARTESIAN_POINT('',(-0.0223492568642329,0.0773827698642143,0.00500000000000004));
#9610=CARTESIAN_POINT('',(-0.0219059063845909,0.0778899612809912,0.02));
#9611=CARTESIAN_POINT('',(-0.0219059063845909,0.0778899612809912,0.005));
#9612=CARTESIAN_POINT('',(-0.0213799231340828,0.0783982026133212,0.02));
#9613=CARTESIAN_POINT('',(-0.0213799231340828,0.0783982026133212,0.005));
#9614=CARTESIAN_POINT('',(-0.0229488059206849,0.0765621791463381,0.005));
#9615=CARTESIAN_POINT('',(-0.0229411730000326,0.0765735208433075,0.005));
#9616=CARTESIAN_POINT('',(-0.0229022470529254,0.076631045775344,0.005));
#9617=CARTESIAN_POINT('',(-0.0228276188832152,0.0767384075434476,0.005));
#9618=CARTESIAN_POINT('',(-0.022718880211198,0.076888351587265,0.005));
#9619=CARTESIAN_POINT('',(-0.0225988892809468,0.0770470347499062,0.005));
#9620=CARTESIAN_POINT('',(-0.0224672566033908,0.077214062557873,0.005));
#9621=CARTESIAN_POINT('',(-0.0223236029303457,0.0773890285249293,0.005));
#9622=CARTESIAN_POINT('',(-0.0221675650806989,0.0775715144003081,0.005));
#9623=CARTESIAN_POINT('',(-0.0219987748042371,0.0777610906740048,0.005));
#9624=CARTESIAN_POINT('',(-0.02181694252627,0.0779573161121587,0.005));
#9625=CARTESIAN_POINT('',(-0.0216215338470887,0.0781597411011293,0.005));
#9626=CARTESIAN_POINT('',(-0.0214735268239104,0.0783074963815064,0.005));
#9627=CARTESIAN_POINT('',(-0.0213909024073541,0.0783875936814398,0.005));
#9628=CARTESIAN_POINT('',(-0.0213799231340828,0.0783982026133212,0.005));
#9629=CARTESIAN_POINT('',(-0.0226984171117445,0.0769148034789778,0.005));
#9630=CARTESIAN_POINT('',(-0.0229488059206849,0.0765621791463381,0.02));
#9631=CARTESIAN_POINT('',(-0.0229411730000326,0.0765735208433075,0.02));
#9632=CARTESIAN_POINT('',(-0.0229022470529254,0.076631045775344,0.02));
#9633=CARTESIAN_POINT('',(-0.0228276188832152,0.0767384075434476,0.02));
#9634=CARTESIAN_POINT('',(-0.022718880211198,0.076888351587265,0.02));
#9635=CARTESIAN_POINT('',(-0.0225988892809468,0.0770470347499062,0.02));
#9636=CARTESIAN_POINT('',(-0.0224672566033908,0.077214062557873,0.02));
#9637=CARTESIAN_POINT('',(-0.0223236029303457,0.0773890285249293,0.02));
#9638=CARTESIAN_POINT('',(-0.0221675650806989,0.0775715144003081,0.02));
#9639=CARTESIAN_POINT('',(-0.0219987748042371,0.0777610906740048,0.02));
#9640=CARTESIAN_POINT('',(-0.02181694252627,0.0779573161121587,0.02));
#9641=CARTESIAN_POINT('',(-0.0216215338470887,0.0781597411011293,0.02));
#9642=CARTESIAN_POINT('',(-0.0214735268239104,0.0783074963815064,0.02));
#9643=CARTESIAN_POINT('',(-0.0213909024073541,0.0783875936814398,0.02));
#9644=CARTESIAN_POINT('',(-0.0213799231340828,0.0783982026133212,0.02));
#9645=CARTESIAN_POINT('',(-0.0226984171117447,0.0769148034789776,0.02));
#9646=CARTESIAN_POINT('',(-0.0226984171117448,0.0769148034789774,0.02));
#9647=CARTESIAN_POINT('',(-0.0231645807427995,0.0772626186494563,0.01));
#9648=CARTESIAN_POINT('',(-0.0231645807427995,0.0772626186494563,0.005));
#9649=CARTESIAN_POINT('',(-0.0231645807427995,0.0772626186494563,0.02));
#9650=CARTESIAN_POINT('',(-0.0208535886457242,0.0761506505303475,0.02));
#9651=CARTESIAN_POINT('',(-0.0208535886457242,0.0761506505303475,0.005));
#9652=CARTESIAN_POINT('',(-0.0207695800231432,0.0767284462924684,0.02));
#9653=CARTESIAN_POINT('',(-0.0207695800231432,0.0767284462924684,0.005));
#9654=CARTESIAN_POINT('',(-0.020724437663574,0.0774005809132273,0.02));
#9655=CARTESIAN_POINT('',(-0.020724437663574,0.0774005809132273,0.005));
#9656=CARTESIAN_POINT('',(-0.0207369830942329,0.0781318881290226,0.02));
#9657=CARTESIAN_POINT('',(-0.0207369830942329,0.0781318881290226,0.005));
#9658=CARTESIAN_POINT('',(-0.0209258800808611,0.0757242558278081,0.005));
#9659=CARTESIAN_POINT('',(-0.0209232575799773,0.0757376729085987,0.005));
#9660=CARTESIAN_POINT('',(-0.0209101061116105,0.0758058739792927,0.005));
#9661=CARTESIAN_POINT('',(-0.020886959962214,0.0759345602984286,0.005));
#9662=CARTESIAN_POINT('',(-0.0208578233643928,0.076117476600971,0.005));
#9663=CARTESIAN_POINT('',(-0.0208304638244905,0.0763145289417962,0.005));
#9664=CARTESIAN_POINT('',(-0.0208054356877561,0.0765257137963818,0.005));
#9665=CARTESIAN_POINT('',(-0.0207832945523263,0.0767510119045167,0.005));
#9666=CARTESIAN_POINT('',(-0.0207645929739822,0.0769903843260749,0.005));
#9667=CARTESIAN_POINT('',(-0.0207498950543837,0.0772437877438424,0.005));
#9668=CARTESIAN_POINT('',(-0.0207397175532129,0.0775111149185915,0.005));
#9669=CARTESIAN_POINT('',(-0.0207347562729819,0.077792425803126,0.005));
#9670=CARTESIAN_POINT('',(-0.0207349342820238,0.0780015613335894,0.005));
#9671=CARTESIAN_POINT('',(-0.0207367212233247,0.0781166229627655,0.005));
#9672=CARTESIAN_POINT('',(-0.0207369830942329,0.0781318881290226,0.005));
#9673=CARTESIAN_POINT('',(-0.0208535886487752,0.0761506505093637,0.005));
#9674=CARTESIAN_POINT('',(-0.0208535886487752,0.0761506505093634,0.));
#9675=CARTESIAN_POINT('',(-0.0208535886487752,0.0761506505093637,0.02));
#9676=CARTESIAN_POINT('',(-0.0209258800808611,0.0757242558278081,0.02));
#9677=CARTESIAN_POINT('',(-0.0209232575799773,0.0757376729085987,0.02));
#9678=CARTESIAN_POINT('',(-0.0209101061116105,0.0758058739792927,0.02));
#9679=CARTESIAN_POINT('',(-0.020886959962214,0.0759345602984286,0.02));
#9680=CARTESIAN_POINT('',(-0.0208578233643928,0.076117476600971,0.02));
#9681=CARTESIAN_POINT('',(-0.0208304638244905,0.0763145289417962,0.02));
#9682=CARTESIAN_POINT('',(-0.0208054356877561,0.0765257137963818,0.02));
#9683=CARTESIAN_POINT('',(-0.0207832945523263,0.0767510119045167,0.02));
#9684=CARTESIAN_POINT('',(-0.0207645929739822,0.0769903843260749,0.02));
#9685=CARTESIAN_POINT('',(-0.0207498950543837,0.0772437877438424,0.02));
#9686=CARTESIAN_POINT('',(-0.0207397175532129,0.0775111149185915,0.02));
#9687=CARTESIAN_POINT('',(-0.0207347562729819,0.077792425803126,0.02));
#9688=CARTESIAN_POINT('',(-0.0207349342820238,0.0780015613335894,0.02));
#9689=CARTESIAN_POINT('',(-0.0207367212233247,0.0781166229627655,0.02));
#9690=CARTESIAN_POINT('',(-0.0207369830942329,0.0781318881290226,0.02));
#9691=CARTESIAN_POINT('',(-0.0198439430561772,0.0756798450599193,0.02));
#9692=CARTESIAN_POINT('',(-0.0198439430561772,0.0756798450599193,0.00500000000000001));
#9693=CARTESIAN_POINT('',(-0.0194553255250489,0.076115599355242,0.02));
#9694=CARTESIAN_POINT('',(-0.0194553255250489,0.076115599355242,0.00499999999999997));
#9695=CARTESIAN_POINT('',(-0.0189694574831904,0.0765822202152061,0.02));
#9696=CARTESIAN_POINT('',(-0.0189694574831904,0.0765822202152061,0.005));
#9697=CARTESIAN_POINT('',(-0.0184011796069331,0.0770426850749496,0.02));
#9698=CARTESIAN_POINT('',(-0.0184011796069331,0.0770426850749496,0.005));
#9699=CARTESIAN_POINT('',(-0.0201241123098405,0.0753503853761193,0.005));
#9700=CARTESIAN_POINT('',(-0.0201155199407324,0.0753610186616388,0.005));
#9701=CARTESIAN_POINT('',(-0.0200717284904279,0.0754149320741094,0.005));
#9702=CARTESIAN_POINT('',(-0.0199880271087924,0.075515381024711,0.005));
#9703=CARTESIAN_POINT('',(-0.0198666337357419,0.0756552772864473,0.005));
#9704=CARTESIAN_POINT('',(-0.0197332692583051,0.0758028987130978,0.005));
#9705=CARTESIAN_POINT('',(-0.0195875800501653,0.075957818386046,0.005));
#9706=CARTESIAN_POINT('',(-0.019429223733902,0.0761195983122013,0.005));
#9707=CARTESIAN_POINT('',(-0.0192578749633725,0.0762877901790476,0.005));
#9708=CARTESIAN_POINT('',(-0.0190732043239305,0.0764619340158746,0.005));
#9709=CARTESIAN_POINT('',(-0.0188749617988694,0.0766415650297525,0.005));
#9710=CARTESIAN_POINT('',(-0.0186626542084436,0.0768261887419529,0.005));
#9711=CARTESIAN_POINT('',(-0.0185023326754667,0.0769604821068426,0.005));
#9712=CARTESIAN_POINT('',(-0.0184130417300927,0.0770330734199738,0.005));
#9713=CARTESIAN_POINT('',(-0.0184011796069331,0.0770426850749496,0.005));
#9714=CARTESIAN_POINT('',(-0.0198439430702905,0.0756798450440942,0.005));
#9715=CARTESIAN_POINT('',(-0.0201241123098405,0.0753503853761193,0.02));
#9716=CARTESIAN_POINT('',(-0.0201155199407324,0.0753610186616388,0.02));
#9717=CARTESIAN_POINT('',(-0.0200717284904279,0.0754149320741094,0.02));
#9718=CARTESIAN_POINT('',(-0.0199880271087924,0.075515381024711,0.02));
#9719=CARTESIAN_POINT('',(-0.0198666337357419,0.0756552772864473,0.02));
#9720=CARTESIAN_POINT('',(-0.0197332692583051,0.0758028987130978,0.02));
#9721=CARTESIAN_POINT('',(-0.0195875800501653,0.075957818386046,0.02));
#9722=CARTESIAN_POINT('',(-0.019429223733902,0.0761195983122013,0.02));
#9723=CARTESIAN_POINT('',(-0.0192578749633725,0.0762877901790476,0.02));
#9724=CARTESIAN_POINT('',(-0.0190732043239305,0.0764619340158746,0.02));
#9725=CARTESIAN_POINT('',(-0.0188749617988694,0.0766415650297525,0.02));
#9726=CARTESIAN_POINT('',(-0.0186626542084436,0.0768261887419529,0.02));
#9727=CARTESIAN_POINT('',(-0.0185023326754667,0.0769604821068426,0.02));
#9728=CARTESIAN_POINT('',(-0.0184130417300927,0.0770330734199738,0.02));
#9729=CARTESIAN_POINT('',(-0.0184011796069331,0.0770426850749496,0.02));
#9730=CARTESIAN_POINT('',(-0.0198439430702907,0.075679845044094,0.02));
#9731=CARTESIAN_POINT('',(-0.0198439430702908,0.0756798450440939,0.02));
#9732=CARTESIAN_POINT('',(-0.0202780187184687,0.0760669655103474,0.01));
#9733=CARTESIAN_POINT('',(-0.0202780187184687,0.0760669655103474,0.005));
#9734=CARTESIAN_POINT('',(-0.0202780187184687,0.0760669655103474,0.02));
#9735=CARTESIAN_POINT('',(-0.0129271148749987,0.0712733395265753,0.02));
#9736=CARTESIAN_POINT('',(-0.0129271148749987,0.0712733395265753,0.005));
#9737=CARTESIAN_POINT('',(-0.0126964242294003,0.0718097043440512,0.02));
#9738=CARTESIAN_POINT('',(-0.0126964242294003,0.0718097043440512,0.00500000000000004));
#9739=CARTESIAN_POINT('',(-0.0124788588177072,0.0724472528305948,0.02));
#9740=CARTESIAN_POINT('',(-0.0124788588177072,0.0724472528305948,0.005));
#9741=CARTESIAN_POINT('',(-0.0123017005379142,0.0731568883536598,0.02));
#9742=CARTESIAN_POINT('',(-0.0123017005379142,0.0731568883536598,0.005));
#9743=CARTESIAN_POINT('',(-0.0131073021089648,0.0708801842714108,0.005));
#9744=CARTESIAN_POINT('',(-0.0131012963715934,0.0708924654230854,0.005));
#9745=CARTESIAN_POINT('',(-0.0130709412926524,0.0709549387481649,0.005));
#9746=CARTESIAN_POINT('',(-0.0130152773589346,0.0710732495230237,0.005));
#9747=CARTESIAN_POINT('',(-0.0129397913438512,0.0712423919972731,0.005));
#9748=CARTESIAN_POINT('',(-0.0128623631589767,0.0714256487724149,0.005));
#9749=CARTESIAN_POINT('',(-0.0127835291729169,0.0716231599191299,0.005));
#9750=CARTESIAN_POINT('',(-0.0127038310371711,0.0718350506328621,0.005));
#9751=CARTESIAN_POINT('',(-0.0126238125580846,0.0720614263122976,0.005));
#9752=CARTESIAN_POINT('',(-0.0125440298273394,0.0723023911164736,0.005));
#9753=CARTESIAN_POINT('',(-0.0124650097520129,0.0725579752074981,0.005));
#9754=CARTESIAN_POINT('',(-0.0123874089087942,0.0728284165822743,0.005));
#9755=CARTESIAN_POINT('',(-0.0123334525940336,0.0730304720644738,0.005));
#9756=CARTESIAN_POINT('',(-0.0123053985057948,0.0731420755581512,0.005));
#9757=CARTESIAN_POINT('',(-0.0123017005379142,0.0731568883536598,0.005));
#9758=CARTESIAN_POINT('',(-0.0129271148833767,0.0712733395070961,0.005));
#9759=CARTESIAN_POINT('',(-0.0129271148833768,0.0712733395070959,0.));
#9760=CARTESIAN_POINT('',(-0.0129271148833767,0.0712733395070961,0.02));
#9761=CARTESIAN_POINT('',(-0.0131073021089648,0.0708801842714108,0.02));
#9762=CARTESIAN_POINT('',(-0.0131012963715934,0.0708924654230854,0.02));
#9763=CARTESIAN_POINT('',(-0.0130709412926524,0.0709549387481649,0.02));
#9764=CARTESIAN_POINT('',(-0.0130152773589346,0.0710732495230237,0.02));
#9765=CARTESIAN_POINT('',(-0.0129397913438512,0.0712423919972731,0.02));
#9766=CARTESIAN_POINT('',(-0.0128623631589767,0.0714256487724149,0.02));
#9767=CARTESIAN_POINT('',(-0.0127835291729169,0.0716231599191299,0.02));
#9768=CARTESIAN_POINT('',(-0.0127038310371711,0.0718350506328621,0.02));
#9769=CARTESIAN_POINT('',(-0.0126238125580846,0.0720614263122976,0.02));
#9770=CARTESIAN_POINT('',(-0.0125440298273394,0.0723023911164736,0.02));
#9771=CARTESIAN_POINT('',(-0.0124650097520129,0.0725579752074981,0.02));
#9772=CARTESIAN_POINT('',(-0.0123874089087942,0.0728284165822743,0.02));
#9773=CARTESIAN_POINT('',(-0.0123334525940336,0.0730304720644738,0.02));
#9774=CARTESIAN_POINT('',(-0.0123053985057948,0.0731420755581512,0.02));
#9775=CARTESIAN_POINT('',(-0.0123017005379142,0.0731568883536598,0.02));
#9776=CARTESIAN_POINT('',(-0.0120737255469416,0.070557260856152,0.02));
#9777=CARTESIAN_POINT('',(-0.0120737255469416,0.070557260856152,0.005));
#9778=CARTESIAN_POINT('',(-0.0115855683264613,0.0708775855656041,0.02));
#9779=CARTESIAN_POINT('',(-0.0115855683264613,0.0708775855656041,0.00500000000000004));
#9780=CARTESIAN_POINT('',(-0.0109954854712603,0.0712025548026904,0.02));
#9781=CARTESIAN_POINT('',(-0.0109954854712603,0.0712025548026904,0.005));
#9782=CARTESIAN_POINT('',(-0.0103273941187732,0.0715002485655277,0.02));
#9783=CARTESIAN_POINT('',(-0.0103273941187732,0.0715002485655277,0.005));
#9784=CARTESIAN_POINT('',(-0.012429618705548,0.0703115403775488,0.005));
#9785=CARTESIAN_POINT('',(-0.012418567017513,0.0703195874738826,0.005));
#9786=CARTESIAN_POINT('',(-0.0123623139067594,0.0703603297700199,0.005));
#9787=CARTESIAN_POINT('',(-0.0122554664790653,0.0704356924939609,0.005));
#9788=CARTESIAN_POINT('',(-0.0121020016680195,0.0705394029892786,0.005));
#9789=CARTESIAN_POINT('',(-0.0119349742382713,0.0706474770710932,0.005));
#9790=CARTESIAN_POINT('',(-0.0117541531076975,0.0707594108424616,0.005));
#9791=CARTESIAN_POINT('',(-0.0115593209260585,0.0708746926207489,0.005));
#9792=CARTESIAN_POINT('',(-0.0113502794649301,0.0709928051635396,0.005));
#9793=CARTESIAN_POINT('',(-0.0111268295833777,0.071113218914461,0.005));
#9794=CARTESIAN_POINT('',(-0.0108888500810697,0.0712354202089332,0.005));
#9795=CARTESIAN_POINT('',(-0.0106359925634652,0.0713588037728709,0.005));
#9796=CARTESIAN_POINT('',(-0.0104463761737883,0.0714470269362427,0.005));
#9797=CARTESIAN_POINT('',(-0.0103413397292504,0.0714940345631423,0.005));
#9798=CARTESIAN_POINT('',(-0.0103273941187732,0.0715002485655277,0.005));
#9799=CARTESIAN_POINT('',(-0.0120737255646698,0.0705572608445189,0.005));
#9800=CARTESIAN_POINT('',(-0.012429618705548,0.0703115403775488,0.02));
#9801=CARTESIAN_POINT('',(-0.012418567017513,0.0703195874738826,0.02));
#9802=CARTESIAN_POINT('',(-0.0123623139067594,0.0703603297700199,0.02));
#9803=CARTESIAN_POINT('',(-0.0122554664790653,0.0704356924939609,0.02));
#9804=CARTESIAN_POINT('',(-0.0121020016680195,0.0705394029892786,0.02));
#9805=CARTESIAN_POINT('',(-0.0119349742382713,0.0706474770710932,0.02));
#9806=CARTESIAN_POINT('',(-0.0117541531076975,0.0707594108424616,0.02));
#9807=CARTESIAN_POINT('',(-0.0115593209260585,0.0708746926207489,0.02));
#9808=CARTESIAN_POINT('',(-0.0113502794649301,0.0709928051635396,0.02));
#9809=CARTESIAN_POINT('',(-0.0111268295833777,0.071113218914461,0.02));
#9810=CARTESIAN_POINT('',(-0.0108888500810697,0.0712354202089332,0.02));
#9811=CARTESIAN_POINT('',(-0.0106359925634652,0.0713588037728709,0.02));
#9812=CARTESIAN_POINT('',(-0.0104463761737883,0.0714470269362427,0.02));
#9813=CARTESIAN_POINT('',(-0.0103413397292504,0.0714940345631423,0.02));
#9814=CARTESIAN_POINT('',(-0.0103273941187732,0.0715002485655277,0.02));
#9815=CARTESIAN_POINT('',(-0.01207372556467,0.0705572608445187,0.02));
#9816=CARTESIAN_POINT('',(-0.0120737255646702,0.0705572608445186,0.02));
#9817=CARTESIAN_POINT('',(-0.012392816294393,0.0710435375455216,0.01));
#9818=CARTESIAN_POINT('',(-0.012392816294393,0.0710435375455216,0.005));
#9819=CARTESIAN_POINT('',(-0.012392816294393,0.0710435375455216,0.02));
#9820=CARTESIAN_POINT('',(-0.010601509569548,0.0692082234611798,0.02));
#9821=CARTESIAN_POINT('',(-0.010601509569548,0.0692082234611798,0.005));
#9822=CARTESIAN_POINT('',(-0.0103249494974527,0.0697224412340301,0.02));
#9823=CARTESIAN_POINT('',(-0.0103249494974527,0.0697224412340301,0.005));
#9824=CARTESIAN_POINT('',(-0.0100526459759545,0.0703386015810482,0.02));
#9825=CARTESIAN_POINT('',(-0.0100526459759545,0.0703386015810482,0.005));
#9826=CARTESIAN_POINT('',(-0.00981431302580785,0.0710300963652446,0.02));
#9827=CARTESIAN_POINT('',(-0.00981431302580785,0.0710300963652446,0.005));
#9828=CARTESIAN_POINT('',(-0.010815276874968,0.0688322686326679,0.005));
#9829=CARTESIAN_POINT('',(-0.0108082236183445,0.0688439796163513,0.005));
#9830=CARTESIAN_POINT('',(-0.010772539140594,0.0689035695921163,0.005));
#9831=CARTESIAN_POINT('',(-0.0107067755614916,0.0690165787272704,0.005));
#9832=CARTESIAN_POINT('',(-0.010616835055512,0.0691784985236281,0.005));
#9833=CARTESIAN_POINT('',(-0.0105237296279061,0.0693543096404514,0.005));
#9834=CARTESIAN_POINT('',(-0.0104279813982711,0.0695441983630142,0.005));
#9835=CARTESIAN_POINT('',(-0.0103301190454566,0.0697483366183925,0.005));
#9836=CARTESIAN_POINT('',(-0.0102306751203601,0.0699668768000447,0.005));
#9837=CARTESIAN_POINT('',(-0.0101301945205084,0.0701999711372351,0.005));
#9838=CARTESIAN_POINT('',(-0.0100291995191376,0.0704476956002732,0.005));
#9839=CARTESIAN_POINT('',(-0.00992832345166738,0.0707103445048413,0.005));
#9840=CARTESIAN_POINT('',(-0.00985696216134695,0.07090692850224,0.005));
#9841=CARTESIAN_POINT('',(-0.00981928794199896,0.0710156622360323,0.005));
#9842=CARTESIAN_POINT('',(-0.00981431302580785,0.0710300963652446,0.005));
#9843=CARTESIAN_POINT('',(-0.0106015095795919,0.0692082234425049,0.005));
#9844=CARTESIAN_POINT('',(-0.010601509579592,0.0692082234425046,0.));
#9845=CARTESIAN_POINT('',(-0.0106015095795919,0.0692082234425049,0.02));
#9846=CARTESIAN_POINT('',(-0.010815276874968,0.0688322686326679,0.02));
#9847=CARTESIAN_POINT('',(-0.0108082236183445,0.0688439796163513,0.02));
#9848=CARTESIAN_POINT('',(-0.010772539140594,0.0689035695921163,0.02));
#9849=CARTESIAN_POINT('',(-0.0107067755614916,0.0690165787272704,0.02));
#9850=CARTESIAN_POINT('',(-0.010616835055512,0.0691784985236281,0.02));
#9851=CARTESIAN_POINT('',(-0.0105237296279061,0.0693543096404514,0.02));
#9852=CARTESIAN_POINT('',(-0.0104279813982711,0.0695441983630142,0.02));
#9853=CARTESIAN_POINT('',(-0.0103301190454566,0.0697483366183925,0.02));
#9854=CARTESIAN_POINT('',(-0.0102306751203601,0.0699668768000447,0.02));
#9855=CARTESIAN_POINT('',(-0.0101301945205084,0.0701999711372351,0.02));
#9856=CARTESIAN_POINT('',(-0.0100291995191376,0.0704476956002732,0.02));
#9857=CARTESIAN_POINT('',(-0.00992832345166738,0.0707103445048413,0.02));
#9858=CARTESIAN_POINT('',(-0.00985696216134695,0.07090692850224,0.02));
#9859=CARTESIAN_POINT('',(-0.00981928794199896,0.0710156622360323,0.02));
#9860=CARTESIAN_POINT('',(-0.00981431302580785,0.0710300963652446,0.02));
#9861=CARTESIAN_POINT('',(-0.00981377801391599,0.0684204919055477,0.02));
#9862=CARTESIAN_POINT('',(-0.00981377801391599,0.0684204919055477,0.005));
#9863=CARTESIAN_POINT('',(-0.00929956024106559,0.0686970519776429,0.02));
#9864=CARTESIAN_POINT('',(-0.00929956024106559,0.0686970519776429,0.00499999999999995));
#9865=CARTESIAN_POINT('',(-0.0086833998940512,0.0689693554991423,0.02));
#9866=CARTESIAN_POINT('',(-0.0086833998940512,0.0689693554991423,0.005));
#9867=CARTESIAN_POINT('',(-0.00799190510985111,0.0692076884492879,0.02));
#9868=CARTESIAN_POINT('',(-0.00799190510985111,0.0692076884492879,0.00499999999999999));
#9869=CARTESIAN_POINT('',(-0.0101897328424278,0.0682067246001278,0.005));
#9870=CARTESIAN_POINT('',(-0.0101780218587445,0.0682137778567513,0.005));
#9871=CARTESIAN_POINT('',(-0.0101184318829794,0.0682494623345017,0.005));
#9872=CARTESIAN_POINT('',(-0.0100054227478253,0.0683152259136042,0.005));
#9873=CARTESIAN_POINT('',(-0.00984350295146767,0.0684051664195837,0.005));
#9874=CARTESIAN_POINT('',(-0.00966769183464434,0.0684982718471896,0.005));
#9875=CARTESIAN_POINT('',(-0.00947780311208158,0.0685940200768247,0.005));
#9876=CARTESIAN_POINT('',(-0.00927366485670328,0.0686918824296391,0.005));
#9877=CARTESIAN_POINT('',(-0.00905512467505104,0.0687913263547357,0.005));
#9878=CARTESIAN_POINT('',(-0.00882203033786067,0.0688918069545873,0.005));
#9879=CARTESIAN_POINT('',(-0.00857430587482252,0.0689928019559581,0.005));
#9880=CARTESIAN_POINT('',(-0.00831165697025442,0.0690936780234284,0.005));
#9881=CARTESIAN_POINT('',(-0.00811507297285578,0.0691650393137488,0.005));
#9882=CARTESIAN_POINT('',(-0.00800633923906349,0.0692027135330968,0.005));
#9883=CARTESIAN_POINT('',(-0.00799190510985111,0.0692076884492879,0.005));
#9884=CARTESIAN_POINT('',(-0.00981377803259067,0.068420491895504,0.005));
#9885=CARTESIAN_POINT('',(-0.0101897328424278,0.0682067246001278,0.02));
#9886=CARTESIAN_POINT('',(-0.0101780218587445,0.0682137778567513,0.02));
#9887=CARTESIAN_POINT('',(-0.0101184318829794,0.0682494623345017,0.02));
#9888=CARTESIAN_POINT('',(-0.0100054227478253,0.0683152259136042,0.02));
#9889=CARTESIAN_POINT('',(-0.00984350295146767,0.0684051664195837,0.02));
#9890=CARTESIAN_POINT('',(-0.00966769183464434,0.0684982718471896,0.02));
#9891=CARTESIAN_POINT('',(-0.00947780311208158,0.0685940200768247,0.02));
#9892=CARTESIAN_POINT('',(-0.00927366485670328,0.0686918824296391,0.02));
#9893=CARTESIAN_POINT('',(-0.00905512467505104,0.0687913263547357,0.02));
#9894=CARTESIAN_POINT('',(-0.00882203033786067,0.0688918069545873,0.02));
#9895=CARTESIAN_POINT('',(-0.00857430587482252,0.0689928019559581,0.02));
#9896=CARTESIAN_POINT('',(-0.00831165697025442,0.0690936780234284,0.02));
#9897=CARTESIAN_POINT('',(-0.00811507297285578,0.0691650393137488,0.02));
#9898=CARTESIAN_POINT('',(-0.00800633923906349,0.0692027135330968,0.02));
#9899=CARTESIAN_POINT('',(-0.00799190510985111,0.0692076884492879,0.02));
#9900=CARTESIAN_POINT('',(-0.00981377803259088,0.0684204918955039,0.02));
#9901=CARTESIAN_POINT('',(-0.00981377803259108,0.0684204918955038,0.02));
#9902=CARTESIAN_POINT('',(-0.0100892727186944,0.0689327287564014,0.01));
#9903=CARTESIAN_POINT('',(-0.0100892727186944,0.0689327287564014,0.005));
#9904=CARTESIAN_POINT('',(-0.0100892727186944,0.0689327287564014,0.02));
#9905=CARTESIAN_POINT('',(-0.0154238572746823,0.073127907344132,0.02));
#9906=CARTESIAN_POINT('',(-0.0154238572746823,0.073127907344132,0.005));
#9907=CARTESIAN_POINT('',(-0.0152407917506887,0.0736823371461064,0.02));
#9908=CARTESIAN_POINT('',(-0.0152407917506887,0.0736823371461064,0.005));
#9909=CARTESIAN_POINT('',(-0.0150796202529538,0.0743364216432236,0.02));
#9910=CARTESIAN_POINT('',(-0.0150796202529538,0.0743364216432236,0.00500000000000001));
#9911=CARTESIAN_POINT('',(-0.0149649849249942,0.0750587971503442,0.02));
#9912=CARTESIAN_POINT('',(-0.0149649849249942,0.0750587971503442,0.00500000000000001));
#9913=CARTESIAN_POINT('',(-0.0155690931035442,0.0727205438112002,0.005));
#9914=CARTESIAN_POINT('',(-0.0155641805927127,0.0727333016638863,0.005));
#9915=CARTESIAN_POINT('',(-0.0155393859330607,0.0727981828785539,0.005));
#9916=CARTESIAN_POINT('',(-0.015494245280874,0.0729208948766829,0.005));
#9917=CARTESIAN_POINT('',(-0.0154337882508412,0.0730959727524638,0.005));
#9918=CARTESIAN_POINT('',(-0.0153726265839374,0.0732852804912118,0.005));
#9919=CARTESIAN_POINT('',(-0.0153113068156881,0.0734889108829922,0.005));
#9920=CARTESIAN_POINT('',(-0.015250379447947,0.0737069414388036,0.005));
#9921=CARTESIAN_POINT('',(-0.0151903954038128,0.0739394297604124,0.005));
#9922=CARTESIAN_POINT('',(-0.0151319177369291,0.0741864311439159,0.005));
#9923=CARTESIAN_POINT('',(-0.0150754739781338,0.0744479297136682,0.005));
#9924=CARTESIAN_POINT('',(-0.0150217389484402,0.0747241053364934,0.005));
#9925=CARTESIAN_POINT('',(-0.0149855982493744,0.0749300945392698,0.005));
#9926=CARTESIAN_POINT('',(-0.0149673778007958,0.0750437184228572,0.005));
#9927=CARTESIAN_POINT('',(-0.0149649849249942,0.0750587971503442,0.005));
#9928=CARTESIAN_POINT('',(-0.0154238572813307,0.0731279073239967,0.005));
#9929=CARTESIAN_POINT('',(-0.0154238572813308,0.0731279073239965,0.));
#9930=CARTESIAN_POINT('',(-0.0154238572813307,0.0731279073239967,0.02));
#9931=CARTESIAN_POINT('',(-0.0155690931035442,0.0727205438112002,0.02));
#9932=CARTESIAN_POINT('',(-0.0155641805927127,0.0727333016638863,0.02));
#9933=CARTESIAN_POINT('',(-0.0155393859330607,0.0727981828785539,0.02));
#9934=CARTESIAN_POINT('',(-0.015494245280874,0.0729208948766829,0.02));
#9935=CARTESIAN_POINT('',(-0.0154337882508412,0.0730959727524638,0.02));
#9936=CARTESIAN_POINT('',(-0.0153726265839374,0.0732852804912118,0.02));
#9937=CARTESIAN_POINT('',(-0.0153113068156881,0.0734889108829922,0.02));
#9938=CARTESIAN_POINT('',(-0.015250379447947,0.0737069414388036,0.02));
#9939=CARTESIAN_POINT('',(-0.0151903954038128,0.0739394297604124,0.02));
#9940=CARTESIAN_POINT('',(-0.0151319177369291,0.0741864311439159,0.02));
#9941=CARTESIAN_POINT('',(-0.0150754739781338,0.0744479297136682,0.02));
#9942=CARTESIAN_POINT('',(-0.0150217389484402,0.0747241053364934,0.02));
#9943=CARTESIAN_POINT('',(-0.0149855982493744,0.0749300945392698,0.02));
#9944=CARTESIAN_POINT('',(-0.0149673778007958,0.0750437184228572,0.02));
#9945=CARTESIAN_POINT('',(-0.0149649849249942,0.0750587971503442,0.02));
#9946=CARTESIAN_POINT('',(-0.0145113049822773,0.0724889313499794,0.02));
#9947=CARTESIAN_POINT('',(-0.0145113049822773,0.0724889313499794,0.005));
#9948=CARTESIAN_POINT('',(-0.0140529234853723,0.0728505828323319,0.02));
#9949=CARTESIAN_POINT('',(-0.0140529234853723,0.0728505828323319,0.005));
#9950=CARTESIAN_POINT('',(-0.0134934090088134,0.0732257445728871,0.02));
#9951=CARTESIAN_POINT('',(-0.0134934090088134,0.0732257445728871,0.005));
#9952=CARTESIAN_POINT('',(-0.0128538056666375,0.0735805335191308,0.02));
#9953=CARTESIAN_POINT('',(-0.0128538056666375,0.0735805335191308,0.005));
#9954=CARTESIAN_POINT('',(-0.0148444279091471,0.0722131277794052,0.005));
#9955=CARTESIAN_POINT('',(-0.0148341196267797,0.0722221074721873,0.005));
#9956=CARTESIAN_POINT('',(-0.0147816315011768,0.072267597513237,0.005));
#9957=CARTESIAN_POINT('',(-0.0146817589543838,0.0723519858261821,0.005));
#9958=CARTESIAN_POINT('',(-0.0145379170885264,0.0724686770113463,0.005));
#9959=CARTESIAN_POINT('',(-0.0143809445254478,0.0725908972383501,0.005));
#9960=CARTESIAN_POINT('',(-0.0142105671448493,0.0727181646678644,0.005));
#9961=CARTESIAN_POINT('',(-0.0140265238274948,0.0728499885076827,0.005));
#9962=CARTESIAN_POINT('',(-0.0138285720186321,0.0729858707603986,0.005));
#9963=CARTESIAN_POINT('',(-0.0136164671812389,0.0731253012410374,0.005));
#9964=CARTESIAN_POINT('',(-0.0133900438073696,0.073267778802973,0.005));
#9965=CARTESIAN_POINT('',(-0.0131489020751172,0.0734127308399555,0.005));
#9966=CARTESIAN_POINT('',(-0.012967696388381,0.0735171444448348,0.005));
#9967=CARTESIAN_POINT('',(-0.0128671566238632,0.0735731277228613,0.005));
#9968=CARTESIAN_POINT('',(-0.0128538056666375,0.0735805335191308,0.005));
#9969=CARTESIAN_POINT('',(-0.0145113049989241,0.0724889313368455,0.005));
#9970=CARTESIAN_POINT('',(-0.0148444279091471,0.0722131277794052,0.02));
#9971=CARTESIAN_POINT('',(-0.0148341196267797,0.0722221074721873,0.02));
#9972=CARTESIAN_POINT('',(-0.0147816315011768,0.072267597513237,0.02));
#9973=CARTESIAN_POINT('',(-0.0146817589543838,0.0723519858261821,0.02));
#9974=CARTESIAN_POINT('',(-0.0145379170885264,0.0724686770113463,0.02));
#9975=CARTESIAN_POINT('',(-0.0143809445254478,0.0725908972383501,0.02));
#9976=CARTESIAN_POINT('',(-0.0142105671448493,0.0727181646678644,0.02));
#9977=CARTESIAN_POINT('',(-0.0140265238274948,0.0728499885076827,0.02));
#9978=CARTESIAN_POINT('',(-0.0138285720186321,0.0729858707603986,0.02));
#9979=CARTESIAN_POINT('',(-0.0136164671812389,0.0731253012410374,0.02));
#9980=CARTESIAN_POINT('',(-0.0133900438073696,0.073267778802973,0.02));
#9981=CARTESIAN_POINT('',(-0.0131489020751172,0.0734127308399555,0.02));
#9982=CARTESIAN_POINT('',(-0.012967696388381,0.0735171444448348,0.02));
#9983=CARTESIAN_POINT('',(-0.0128671566238632,0.0735731277228613,0.02));
#9984=CARTESIAN_POINT('',(-0.0128538056666375,0.0735805335191308,0.02));
#9985=CARTESIAN_POINT('',(-0.0145113049989243,0.0724889313368453,0.02));
#9986=CARTESIAN_POINT('',(-0.0145113049989245,0.0724889313368452,0.02));
#9987=CARTESIAN_POINT('',(-0.0148715632991414,0.0729455470186371,0.01));
#9988=CARTESIAN_POINT('',(-0.0148715632991414,0.0729455470186371,0.005));
#9989=CARTESIAN_POINT('',(-0.0148715632991414,0.0729455470186371,0.02));
#9990=CARTESIAN_POINT('',(-0.0180727350513631,0.0747578125329396,0.02));
#9991=CARTESIAN_POINT('',(-0.0180727350513631,0.0747578125329396,0.00500000000000001));
#9992=CARTESIAN_POINT('',(-0.0179386878881496,0.0753260877738458,0.02));
#9993=CARTESIAN_POINT('',(-0.0179386878881496,0.0753260877738458,0.00500000000000001));
#9994=CARTESIAN_POINT('',(-0.0178351369167878,0.0759917303035738,0.02));
#9995=CARTESIAN_POINT('',(-0.0178351369167878,0.0759917303035738,0.00500000000000001));
#9996=CARTESIAN_POINT('',(-0.0177838969847272,0.076721348080951,0.02));
#9997=CARTESIAN_POINT('',(-0.0177838969847272,0.076721348080951,0.00500000000000001));
#9998=CARTESIAN_POINT('',(-0.0181819141427673,0.074339341004699,0.005));
#9999=CARTESIAN_POINT('',(-0.0181781322456493,0.0743524784634342,0.005));
#10000=CARTESIAN_POINT('',(-0.0181590867076178,0.0744192737824699,0.005));
#10001=CARTESIAN_POINT('',(-0.0181248128845819,0.0745454530914677,0.005));
#10002=CARTESIAN_POINT('',(-0.0180798449541032,0.0747251339204307,0.005));
#10003=CARTESIAN_POINT('',(-0.0180354152823856,0.0749190518765859,0.005));
#10004=CARTESIAN_POINT('',(-0.0179920764124091,0.0751272517631947,0.005));
#10005=CARTESIAN_POINT('',(-0.0179503835067301,0.0753497628169051,0.005));
#10006=CARTESIAN_POINT('',(-0.0179108904123436,0.0755865944041796,0.005));
#10007=CARTESIAN_POINT('',(-0.0178741628596762,0.0758377525373385,0.005));
#10008=CARTESIAN_POINT('',(-0.0178407249884982,0.0761031754238055,0.005));
#10009=CARTESIAN_POINT('',(-0.0178112647283517,0.0763829834314307,0.005));
#10010=CARTESIAN_POINT('',(-0.0177932146975231,0.0765913386525712,0.005));
#10011=CARTESIAN_POINT('',(-0.0177849665572201,0.0767061181797067,0.005));
#10012=CARTESIAN_POINT('',(-0.0177838969847272,0.076721348080951,0.005));
#10013=CARTESIAN_POINT('',(-0.0180727350562313,0.0747578125123015,0.005));
#10014=CARTESIAN_POINT('',(-0.0180727350562313,0.0747578125123013,0.));
#10015=CARTESIAN_POINT('',(-0.0180727350562313,0.0747578125123015,0.02));
#10016=CARTESIAN_POINT('',(-0.0181819141427673,0.074339341004699,0.02));
#10017=CARTESIAN_POINT('',(-0.0181781322456493,0.0743524784634342,0.02));
#10018=CARTESIAN_POINT('',(-0.0181590867076178,0.0744192737824699,0.02));
#10019=CARTESIAN_POINT('',(-0.0181248128845819,0.0745454530914677,0.02));
#10020=CARTESIAN_POINT('',(-0.0180798449541032,0.0747251339204307,0.02));
#10021=CARTESIAN_POINT('',(-0.0180354152823856,0.0749190518765859,0.02));
#10022=CARTESIAN_POINT('',(-0.0179920764124091,0.0751272517631947,0.02));
#10023=CARTESIAN_POINT('',(-0.0179503835067301,0.0753497628169051,0.02));
#10024=CARTESIAN_POINT('',(-0.0179108904123436,0.0755865944041796,0.02));
#10025=CARTESIAN_POINT('',(-0.0178741628596762,0.0758377525373385,0.02));
#10026=CARTESIAN_POINT('',(-0.0178407249884982,0.0761031754238055,0.02));
#10027=CARTESIAN_POINT('',(-0.0178112647283517,0.0763829834314307,0.02));
#10028=CARTESIAN_POINT('',(-0.0177932146975231,0.0765913386525712,0.02));
#10029=CARTESIAN_POINT('',(-0.0177849665572201,0.0767061181797067,0.02));
#10030=CARTESIAN_POINT('',(-0.0177838969847272,0.076721348080951,0.02));
#10031=CARTESIAN_POINT('',(-0.0171079648685694,0.0742008022081975,0.02));
#10032=CARTESIAN_POINT('',(-0.0171079648685694,0.0742008022081975,0.00500000000000001));
#10033=CARTESIAN_POINT('',(-0.0166828476552096,0.0746010280772986,0.02));
#10034=CARTESIAN_POINT('',(-0.0166828476552096,0.0746010280772986,0.00500000000000001));
#10035=CARTESIAN_POINT('',(-0.0161581598003038,0.0750235271139494,0.02));
#10036=CARTESIAN_POINT('',(-0.0161581598003038,0.0750235271139494,0.00500000000000001));
#10037=CARTESIAN_POINT('',(-0.0155519122360757,0.0754327110854899,0.02));
#10038=CARTESIAN_POINT('',(-0.0155519122360757,0.0754327110854899,0.00500000000000001));
#10039=CARTESIAN_POINT('',(-0.0174157822970841,0.0738970145773591,0.005));
#10040=CARTESIAN_POINT('',(-0.0174062958726373,0.0739068585257053,0.005));
#10041=CARTESIAN_POINT('',(-0.0173579721985142,0.0739567501049873,0.005));
#10042=CARTESIAN_POINT('',(-0.0172658346230081,0.07404952176092,0.005));
#10043=CARTESIAN_POINT('',(-0.0171327104257924,0.0741783055455516,0.005));
#10044=CARTESIAN_POINT('',(-0.0169869873853709,0.0743137417480185,0.005));
#10045=CARTESIAN_POINT('',(-0.0168283504294908,0.0744553742536939,0.005));
#10046=CARTESIAN_POINT('',(-0.0166564966571943,0.0746027368960247,0.005));
#10047=CARTESIAN_POINT('',(-0.0164711410333893,0.0747553547126748,0.005));
#10048=CARTESIAN_POINT('',(-0.0162719954860403,0.0749127407728829,0.005));
#10049=CARTESIAN_POINT('',(-0.0160588514592031,0.0750744102620051,0.005));
#10050=CARTESIAN_POINT('',(-0.0158312607464905,0.0752398275995067,0.005));
#10051=CARTESIAN_POINT('',(-0.015659844847386,0.0753596369953136,0.005));
#10052=CARTESIAN_POINT('',(-0.0155645669312039,0.0754241698579177,0.005));
#10053=CARTESIAN_POINT('',(-0.0155519122360757,0.0754327110854899,0.005));
#10054=CARTESIAN_POINT('',(-0.0171079648840082,0.0742008021936627,0.005));
#10055=CARTESIAN_POINT('',(-0.0174157822970841,0.0738970145773591,0.02));
#10056=CARTESIAN_POINT('',(-0.0174062958726373,0.0739068585257053,0.02));
#10057=CARTESIAN_POINT('',(-0.0173579721985142,0.0739567501049873,0.02));
#10058=CARTESIAN_POINT('',(-0.0172658346230081,0.07404952176092,0.02));
#10059=CARTESIAN_POINT('',(-0.0171327104257924,0.0741783055455516,0.02));
#10060=CARTESIAN_POINT('',(-0.0169869873853709,0.0743137417480185,0.02));
#10061=CARTESIAN_POINT('',(-0.0168283504294908,0.0744553742536939,0.02));
#10062=CARTESIAN_POINT('',(-0.0166564966571943,0.0746027368960247,0.02));
#10063=CARTESIAN_POINT('',(-0.0164711410333893,0.0747553547126748,0.02));
#10064=CARTESIAN_POINT('',(-0.0162719954860403,0.0749127407728829,0.02));
#10065=CARTESIAN_POINT('',(-0.0160588514592031,0.0750744102620051,0.02));
#10066=CARTESIAN_POINT('',(-0.0158312607464905,0.0752398275995067,0.02));
#10067=CARTESIAN_POINT('',(-0.015659844847386,0.0753596369953136,0.02));
#10068=CARTESIAN_POINT('',(-0.0155645669312039,0.0754241698579177,0.02));
#10069=CARTESIAN_POINT('',(-0.0155519122360757,0.0754327110854899,0.02));
#10070=CARTESIAN_POINT('',(-0.0171079648840084,0.0742008021936625,0.02));
#10071=CARTESIAN_POINT('',(-0.0171079648840086,0.0742008021936624,0.02));
#10072=CARTESIAN_POINT('',(-0.017506648971525,0.0746242817351926,0.01));
#10073=CARTESIAN_POINT('',(-0.017506648971525,0.0746242817351926,0.005));
#10074=CARTESIAN_POINT('',(-0.017506648971525,0.0746242817351926,0.02));
#10075=CARTESIAN_POINT('',(-0.00653307012511632,0.0645106964928184,0.02));
#10076=CARTESIAN_POINT('',(-0.00653307012511632,0.0645106964928184,0.00500000000000001));
#10077=CARTESIAN_POINT('',(-0.00617141864276386,0.0649690779897233,0.02));
#10078=CARTESIAN_POINT('',(-0.00617141864276386,0.0649690779897233,0.00499999999999997));
#10079=CARTESIAN_POINT('',(-0.00579625690221027,0.0655285924662816,0.02));
#10080=CARTESIAN_POINT('',(-0.00579625690221027,0.0655285924662816,0.00500000000000001));
#10081=CARTESIAN_POINT('',(-0.00544146795596493,0.0661681958084583,0.02));
#10082=CARTESIAN_POINT('',(-0.00544146795596493,0.0661681958084583,0.00500000000000001));
#10083=CARTESIAN_POINT('',(-0.00680887369569054,0.0641775735659486,0.005));
#10084=CARTESIAN_POINT('',(-0.00679989400290842,0.0641878818483161,0.005));
#10085=CARTESIAN_POINT('',(-0.0067544039618588,0.064240369973919,0.005));
#10086=CARTESIAN_POINT('',(-0.00667001564891364,0.064340242520712,0.005));
#10087=CARTESIAN_POINT('',(-0.00655332446374943,0.0644840843865693,0.005));
#10088=CARTESIAN_POINT('',(-0.00643110423674567,0.064641056949648,0.005));
#10089=CARTESIAN_POINT('',(-0.00630383680723134,0.0648114343302464,0.005));
#10090=CARTESIAN_POINT('',(-0.00617201296741309,0.0649954776476009,0.005));
#10091=CARTESIAN_POINT('',(-0.00603613071469715,0.0651934294564637,0.005));
#10092=CARTESIAN_POINT('',(-0.00589670023405834,0.0654055342938569,0.005));
#10093=CARTESIAN_POINT('',(-0.0057542226721228,0.0656319576677261,0.005));
#10094=CARTESIAN_POINT('',(-0.00560927063514026,0.0658730993999786,0.005));
#10095=CARTESIAN_POINT('',(-0.00550485703026099,0.0660543050867148,0.005));
#10096=CARTESIAN_POINT('',(-0.00544887375223446,0.0661548448512326,0.005));
#10097=CARTESIAN_POINT('',(-0.00544146795596493,0.0661681958084583,0.005));
#10098=CARTESIAN_POINT('',(-0.00653307013825044,0.0645106964761714,0.005));
#10099=CARTESIAN_POINT('',(-0.00653307013825058,0.0645106964761712,0.));
#10100=CARTESIAN_POINT('',(-0.00653307013825043,0.0645106964761714,0.02));
#10101=CARTESIAN_POINT('',(-0.00680887369569054,0.0641775735659486,0.02));
#10102=CARTESIAN_POINT('',(-0.00679989400290842,0.0641878818483161,0.02));
#10103=CARTESIAN_POINT('',(-0.0067544039618588,0.064240369973919,0.02));
#10104=CARTESIAN_POINT('',(-0.00667001564891364,0.064340242520712,0.02));
#10105=CARTESIAN_POINT('',(-0.00655332446374943,0.0644840843865693,0.02));
#10106=CARTESIAN_POINT('',(-0.00643110423674567,0.064641056949648,0.02));
#10107=CARTESIAN_POINT('',(-0.00630383680723134,0.0648114343302464,0.02));
#10108=CARTESIAN_POINT('',(-0.00617201296741309,0.0649954776476009,0.02));
#10109=CARTESIAN_POINT('',(-0.00603613071469715,0.0651934294564637,0.02));
#10110=CARTESIAN_POINT('',(-0.00589670023405834,0.0654055342938569,0.02));
#10111=CARTESIAN_POINT('',(-0.0057542226721228,0.0656319576677261,0.02));
#10112=CARTESIAN_POINT('',(-0.00560927063514026,0.0658730993999786,0.02));
#10113=CARTESIAN_POINT('',(-0.00550485703026099,0.0660543050867148,0.02));
#10114=CARTESIAN_POINT('',(-0.00544887375223446,0.0661548448512326,0.02));
#10115=CARTESIAN_POINT('',(-0.00544146795596493,0.0661681958084583,0.02));
#10116=CARTESIAN_POINT('',(-0.00589409413096375,0.0635981442004135,0.02));
#10117=CARTESIAN_POINT('',(-0.00589409413096375,0.0635981442004135,0.005));
#10118=CARTESIAN_POINT('',(-0.00533966432898922,0.063781209724407,0.02));
#10119=CARTESIAN_POINT('',(-0.00533966432898922,0.063781209724407,0.005));
#10120=CARTESIAN_POINT('',(-0.00468557983186995,0.0639423812221391,0.02));
#10121=CARTESIAN_POINT('',(-0.00468557983186995,0.0639423812221391,0.005));
#10122=CARTESIAN_POINT('',(-0.00396320432475159,0.0640570165501016,0.02));
#10123=CARTESIAN_POINT('',(-0.00396320432475159,0.0640570165501016,0.005));
#10124=CARTESIAN_POINT('',(-0.00630145766389552,0.0634529083715515,0.005));
#10125=CARTESIAN_POINT('',(-0.00628869981120947,0.0634578208823831,0.005));
#10126=CARTESIAN_POINT('',(-0.00622381859654186,0.0634826155420351,0.005));
#10127=CARTESIAN_POINT('',(-0.0061011065984129,0.0635277561942218,0.005));
#10128=CARTESIAN_POINT('',(-0.00592602872263194,0.0635882132242546,0.005));
#10129=CARTESIAN_POINT('',(-0.00573672098388392,0.0636493748911584,0.005));
#10130=CARTESIAN_POINT('',(-0.00553309059210357,0.0637106946594077,0.005));
#10131=CARTESIAN_POINT('',(-0.0053150600362922,0.0637716220271488,0.005));
#10132=CARTESIAN_POINT('',(-0.00508257171468333,0.063831606071283,0.005));
#10133=CARTESIAN_POINT('',(-0.00483557033117989,0.0638900837381666,0.005));
#10134=CARTESIAN_POINT('',(-0.00457407176142762,0.063946527496962,0.005));
#10135=CARTESIAN_POINT('',(-0.00429789613860238,0.0640002625266556,0.005));
#10136=CARTESIAN_POINT('',(-0.00409190693582596,0.0640364032257213,0.005));
#10137=CARTESIAN_POINT('',(-0.00397828305223855,0.0640546236742999,0.005));
#10138=CARTESIAN_POINT('',(-0.00396320432475159,0.0640570165501016,0.005));
#10139=CARTESIAN_POINT('',(-0.00589409415109879,0.0635981441937651,0.005));
#10140=CARTESIAN_POINT('',(-0.00630145766389552,0.0634529083715515,0.02));
#10141=CARTESIAN_POINT('',(-0.00628869981120947,0.0634578208823831,0.02));
#10142=CARTESIAN_POINT('',(-0.00622381859654186,0.0634826155420351,0.02));
#10143=CARTESIAN_POINT('',(-0.0061011065984129,0.0635277561942218,0.02));
#10144=CARTESIAN_POINT('',(-0.00592602872263194,0.0635882132242546,0.02));
#10145=CARTESIAN_POINT('',(-0.00573672098388392,0.0636493748911584,0.02));
#10146=CARTESIAN_POINT('',(-0.00553309059210357,0.0637106946594077,0.02));
#10147=CARTESIAN_POINT('',(-0.0053150600362922,0.0637716220271488,0.02));
#10148=CARTESIAN_POINT('',(-0.00508257171468333,0.063831606071283,0.02));
#10149=CARTESIAN_POINT('',(-0.00483557033117989,0.0638900837381666,0.02));
#10150=CARTESIAN_POINT('',(-0.00457407176142762,0.063946527496962,0.02));
#10151=CARTESIAN_POINT('',(-0.00429789613860238,0.0640002625266556,0.02));
#10152=CARTESIAN_POINT('',(-0.00409190693582596,0.0640364032257213,0.02));
#10153=CARTESIAN_POINT('',(-0.00397828305223855,0.0640546236742999,0.02));
#10154=CARTESIAN_POINT('',(-0.00396320432475159,0.0640570165501016,0.02));
#10155=CARTESIAN_POINT('',(-0.00589409415109901,0.0635981441937651,0.02));
#10156=CARTESIAN_POINT('',(-0.00589409415109923,0.063598144193765,0.02));
#10157=CARTESIAN_POINT('',(-0.0060764544564587,0.0641504381759544,0.01));
#10158=CARTESIAN_POINT('',(-0.0060764544564587,0.0641504381759544,0.005));
#10159=CARTESIAN_POINT('',(-0.0060764544564587,0.0641504381759544,0.02));
#10160=CARTESIAN_POINT('',(-0.00846474061894379,0.0669482759281541,0.02));
#10161=CARTESIAN_POINT('',(-0.00846474061894379,0.0669482759281541,0.005));
#10162=CARTESIAN_POINT('',(-0.00814441590949179,0.0674364331486345,0.02));
#10163=CARTESIAN_POINT('',(-0.00814441590949179,0.0674364331486345,0.005));
#10164=CARTESIAN_POINT('',(-0.00781944667240764,0.0680265160038357,0.02));
#10165=CARTESIAN_POINT('',(-0.00781944667240764,0.0680265160038357,0.005));
#10166=CARTESIAN_POINT('',(-0.00752175290956804,0.0686946073563226,0.02));
#10167=CARTESIAN_POINT('',(-0.00752175290956804,0.0686946073563226,0.005));
#10168=CARTESIAN_POINT('',(-0.00871046109754697,0.0665923827695477,0.005));
#10169=CARTESIAN_POINT('',(-0.00870241400121312,0.0666034344575827,0.005));
#10170=CARTESIAN_POINT('',(-0.00866167170507586,0.0666596875683364,0.005));
#10171=CARTESIAN_POINT('',(-0.00858630898113483,0.0667665349960304,0.005));
#10172=CARTESIAN_POINT('',(-0.00848259848581721,0.0669199998070763,0.005));
#10173=CARTESIAN_POINT('',(-0.00837452440400261,0.0670870272368244,0.005));
#10174=CARTESIAN_POINT('',(-0.00826259063263413,0.0672678483673982,0.005));
#10175=CARTESIAN_POINT('',(-0.00814730885434688,0.0674626805490372,0.005));
#10176=CARTESIAN_POINT('',(-0.00802919631155617,0.0676717220101656,0.005));
#10177=CARTESIAN_POINT('',(-0.00790878256063478,0.0678951718917181,0.005));
#10178=CARTESIAN_POINT('',(-0.00778658126616256,0.0681331513940261,0.005));
#10179=CARTESIAN_POINT('',(-0.00766319770222487,0.0683860089116306,0.005));
#10180=CARTESIAN_POINT('',(-0.00757497453885309,0.0685756253013075,0.005));
#10181=CARTESIAN_POINT('',(-0.00752796691195349,0.0686806617458454,0.005));
#10182=CARTESIAN_POINT('',(-0.00752175290956804,0.0686946073563226,0.005));
#10183=CARTESIAN_POINT('',(-0.00846474063057703,0.0669482759104257,0.005));
#10184=CARTESIAN_POINT('',(-0.00846474063057715,0.0669482759104255,0.));
#10185=CARTESIAN_POINT('',(-0.00846474063057702,0.0669482759104257,0.02));
#10186=CARTESIAN_POINT('',(-0.00871046109754697,0.0665923827695477,0.02));
#10187=CARTESIAN_POINT('',(-0.00870241400121312,0.0666034344575827,0.02));
#10188=CARTESIAN_POINT('',(-0.00866167170507586,0.0666596875683364,0.02));
#10189=CARTESIAN_POINT('',(-0.00858630898113483,0.0667665349960304,0.02));
#10190=CARTESIAN_POINT('',(-0.00848259848581721,0.0669199998070763,0.02));
#10191=CARTESIAN_POINT('',(-0.00837452440400261,0.0670870272368244,0.02));
#10192=CARTESIAN_POINT('',(-0.00826259063263413,0.0672678483673982,0.02));
#10193=CARTESIAN_POINT('',(-0.00814730885434688,0.0674626805490372,0.02));
#10194=CARTESIAN_POINT('',(-0.00802919631155617,0.0676717220101656,0.02));
#10195=CARTESIAN_POINT('',(-0.00790878256063478,0.0678951718917181,0.02));
#10196=CARTESIAN_POINT('',(-0.00778658126616256,0.0681331513940261,0.02));
#10197=CARTESIAN_POINT('',(-0.00766319770222487,0.0683860089116306,0.02));
#10198=CARTESIAN_POINT('',(-0.00757497453885309,0.0685756253013075,0.02));
#10199=CARTESIAN_POINT('',(-0.00752796691195349,0.0686806617458454,0.02));
#10200=CARTESIAN_POINT('',(-0.00752175290956804,0.0686946073563226,0.02));
#10201=CARTESIAN_POINT('',(-0.00774866194852044,0.0660948866000971,0.02));
#10202=CARTESIAN_POINT('',(-0.00774866194852044,0.0660948866000971,0.005));
#10203=CARTESIAN_POINT('',(-0.00721229713104452,0.0663255772456956,0.02));
#10204=CARTESIAN_POINT('',(-0.00721229713104452,0.0663255772456956,0.00499999999999996));
#10205=CARTESIAN_POINT('',(-0.00657474864450555,0.0665431426573884,0.02));
#10206=CARTESIAN_POINT('',(-0.00657474864450555,0.0665431426573884,0.00499999999999999));
#10207=CARTESIAN_POINT('',(-0.00586511312143592,0.0667203009371816,0.02));
#10208=CARTESIAN_POINT('',(-0.00586511312143592,0.0667203009371816,0.00499999999999999));
#10209=CARTESIAN_POINT('',(-0.00814181720368496,0.0659146993661309,0.005));
#10210=CARTESIAN_POINT('',(-0.00812953605201036,0.0659207051035023,0.005));
#10211=CARTESIAN_POINT('',(-0.00806706272693088,0.0659510601824433,0.005));
#10212=CARTESIAN_POINT('',(-0.00794875195207201,0.0660067241161611,0.005));
#10213=CARTESIAN_POINT('',(-0.00777960947782268,0.0660822101312445,0.005));
#10214=CARTESIAN_POINT('',(-0.00759635270268086,0.0661596383161191,0.005));
#10215=CARTESIAN_POINT('',(-0.00739884155596581,0.0662384723021788,0.005));
#10216=CARTESIAN_POINT('',(-0.00718695084223367,0.0663181704379247,0.005));
#10217=CARTESIAN_POINT('',(-0.00696057516279818,0.0663981889170111,0.005));
#10218=CARTESIAN_POINT('',(-0.00671961035862212,0.0664779716477564,0.005));
#10219=CARTESIAN_POINT('',(-0.00646402626759762,0.0665569917230828,0.005));
#10220=CARTESIAN_POINT('',(-0.00619358489282143,0.0666345925663016,0.005));
#10221=CARTESIAN_POINT('',(-0.00599152941062192,0.0666885488810622,0.005));
#10222=CARTESIAN_POINT('',(-0.00587992591694461,0.066716602969301,0.005));
#10223=CARTESIAN_POINT('',(-0.00586511312143592,0.0667203009371816,0.005));
#10224=CARTESIAN_POINT('',(-0.00774866196799942,0.0660948865917192,0.005));
#10225=CARTESIAN_POINT('',(-0.00814181720368496,0.0659146993661309,0.02));
#10226=CARTESIAN_POINT('',(-0.00812953605201036,0.0659207051035023,0.02));
#10227=CARTESIAN_POINT('',(-0.00806706272693088,0.0659510601824433,0.02));
#10228=CARTESIAN_POINT('',(-0.00794875195207201,0.0660067241161611,0.02));
#10229=CARTESIAN_POINT('',(-0.00777960947782268,0.0660822101312445,0.02));
#10230=CARTESIAN_POINT('',(-0.00759635270268086,0.0661596383161191,0.02));
#10231=CARTESIAN_POINT('',(-0.00739884155596581,0.0662384723021788,0.02));
#10232=CARTESIAN_POINT('',(-0.00718695084223367,0.0663181704379247,0.02));
#10233=CARTESIAN_POINT('',(-0.00696057516279818,0.0663981889170111,0.02));
#10234=CARTESIAN_POINT('',(-0.00671961035862212,0.0664779716477564,0.02));
#10235=CARTESIAN_POINT('',(-0.00646402626759762,0.0665569917230828,0.02));
#10236=CARTESIAN_POINT('',(-0.00619358489282143,0.0666345925663016,0.02));
#10237=CARTESIAN_POINT('',(-0.00599152941062192,0.0666885488810622,0.02));
#10238=CARTESIAN_POINT('',(-0.00587992591694461,0.066716602969301,0.02));
#10239=CARTESIAN_POINT('',(-0.00586511312143592,0.0667203009371816,0.02));
#10240=CARTESIAN_POINT('',(-0.00774866196799964,0.0660948865917191,0.02));
#10241=CARTESIAN_POINT('',(-0.00774866196799985,0.066094886591719,0.02));
#10242=CARTESIAN_POINT('',(-0.00797846392957413,0.0666291851807027,0.01));
#10243=CARTESIAN_POINT('',(-0.00797846392957413,0.0666291851807027,0.005));
#10244=CARTESIAN_POINT('',(-0.00797846392957413,0.0666291851807027,0.02));
#10245=CARTESIAN_POINT('',(-0.00482119926689821,0.0619140366065264,0.02));
#10246=CARTESIAN_POINT('',(-0.00482119926689821,0.0619140366065264,0.00500000000000001));
#10247=CARTESIAN_POINT('',(-0.00442097339779714,0.0623391538198861,0.02));
#10248=CARTESIAN_POINT('',(-0.00442097339779714,0.0623391538198861,0.00499999999999997));
#10249=CARTESIAN_POINT('',(-0.00399847436114819,0.06286384167479,0.02));
#10250=CARTESIAN_POINT('',(-0.00399847436114819,0.06286384167479,0.00500000000000001));
#10251=CARTESIAN_POINT('',(-0.00358929038960585,0.0634700892390201,0.02));
#10252=CARTESIAN_POINT('',(-0.00358929038960585,0.0634700892390201,0.00500000000000001));
#10253=CARTESIAN_POINT('',(-0.00512498689773666,0.0616062191780117,0.005));
#10254=CARTESIAN_POINT('',(-0.00511514294939043,0.0616157056024585,0.005));
#10255=CARTESIAN_POINT('',(-0.00506525137010846,0.0616640292765816,0.005));
#10256=CARTESIAN_POINT('',(-0.00497247971417575,0.0617561668520877,0.005));
#10257=CARTESIAN_POINT('',(-0.00484369592954412,0.0618892910493033,0.005));
#10258=CARTESIAN_POINT('',(-0.00470825972707727,0.0620350140897249,0.005));
#10259=CARTESIAN_POINT('',(-0.00456662722140187,0.0621936510456049,0.005));
#10260=CARTESIAN_POINT('',(-0.00441926457907107,0.0623655048179015,0.005));
#10261=CARTESIAN_POINT('',(-0.00426664676242101,0.0625508604417065,0.005));
#10262=CARTESIAN_POINT('',(-0.00410926070221286,0.0627500059890555,0.005));
#10263=CARTESIAN_POINT('',(-0.00394759121309064,0.0629631500158927,0.005));
#10264=CARTESIAN_POINT('',(-0.00378217387558912,0.0631907407286052,0.005));
#10265=CARTESIAN_POINT('',(-0.00366236447978214,0.0633621566277097,0.005));
#10266=CARTESIAN_POINT('',(-0.00359783161717809,0.0634574345438919,0.005));
#10267=CARTESIAN_POINT('',(-0.00358929038960585,0.0634700892390201,0.005));
#10268=CARTESIAN_POINT('',(-0.00482119928143326,0.0619140365910874,0.005));
#10269=CARTESIAN_POINT('',(-0.00482119928143341,0.0619140365910872,0.));
#10270=CARTESIAN_POINT('',(-0.00482119928143325,0.0619140365910874,0.02));
#10271=CARTESIAN_POINT('',(-0.00512498689773666,0.0616062191780117,0.02));
#10272=CARTESIAN_POINT('',(-0.00511514294939043,0.0616157056024585,0.02));
#10273=CARTESIAN_POINT('',(-0.00506525137010846,0.0616640292765816,0.02));
#10274=CARTESIAN_POINT('',(-0.00497247971417575,0.0617561668520877,0.02));
#10275=CARTESIAN_POINT('',(-0.00484369592954412,0.0618892910493033,0.02));
#10276=CARTESIAN_POINT('',(-0.00470825972707727,0.0620350140897249,0.02));
#10277=CARTESIAN_POINT('',(-0.00456662722140187,0.0621936510456049,0.02));
#10278=CARTESIAN_POINT('',(-0.00441926457907107,0.0623655048179015,0.02));
#10279=CARTESIAN_POINT('',(-0.00426664676242101,0.0625508604417065,0.02));
#10280=CARTESIAN_POINT('',(-0.00410926070221286,0.0627500059890555,0.02));
#10281=CARTESIAN_POINT('',(-0.00394759121309064,0.0629631500158927,0.02));
#10282=CARTESIAN_POINT('',(-0.00378217387558912,0.0631907407286052,0.02));
#10283=CARTESIAN_POINT('',(-0.00366236447978214,0.0633621566277097,0.02));
#10284=CARTESIAN_POINT('',(-0.00359783161717809,0.0634574345438919,0.02));
#10285=CARTESIAN_POINT('',(-0.00358929038960585,0.0634700892390201,0.02));
#10286=CARTESIAN_POINT('',(-0.00426418894215618,0.0609492664237327,0.02));
#10287=CARTESIAN_POINT('',(-0.00426418894215618,0.0609492664237327,0.005));
#10288=CARTESIAN_POINT('',(-0.00369591370124996,0.061083313586946,0.02));
#10289=CARTESIAN_POINT('',(-0.00369591370124996,0.061083313586946,0.005));
#10290=CARTESIAN_POINT('',(-0.00303027117152085,0.0611868645583102,0.02));
#10291=CARTESIAN_POINT('',(-0.00303027117152085,0.0611868645583102,0.005));
#10292=CARTESIAN_POINT('',(-0.00230065339414479,0.0612381044903686,0.02));
#10293=CARTESIAN_POINT('',(-0.00230065339414479,0.0612381044903686,0.005));
#10294=CARTESIAN_POINT('',(-0.00468266047039675,0.0608400873323285,0.005));
#10295=CARTESIAN_POINT('',(-0.0046695230116616,0.0608438692294465,0.005));
#10296=CARTESIAN_POINT('',(-0.00460272769262583,0.060862914767478,0.005));
#10297=CARTESIAN_POINT('',(-0.00447654838362806,0.0608971885905139,0.005));
#10298=CARTESIAN_POINT('',(-0.00429686755466509,0.0609421565209925,0.005));
#10299=CARTESIAN_POINT('',(-0.00410294959850989,0.0609865861927101,0.005));
#10300=CARTESIAN_POINT('',(-0.00389474971190107,0.0610299250626867,0.005));
#10301=CARTESIAN_POINT('',(-0.00367223865819066,0.0610716179683657,0.005));
#10302=CARTESIAN_POINT('',(-0.00343540707091613,0.0611111110627522,0.005));
#10303=CARTESIAN_POINT('',(-0.00318424893775728,0.0611478386154195,0.005));
#10304=CARTESIAN_POINT('',(-0.00291882605129022,0.0611812764865976,0.005));
#10305=CARTESIAN_POINT('',(-0.00263901804366502,0.061210736746744,0.005));
#10306=CARTESIAN_POINT('',(-0.0024306628225245,0.0612287867775727,0.005));
#10307=CARTESIAN_POINT('',(-0.00231588329538906,0.0612370349178757,0.005));
#10308=CARTESIAN_POINT('',(-0.00230065339414479,0.0612381044903686,0.005));
#10309=CARTESIAN_POINT('',(-0.00426418896279403,0.0609492664188646,0.005));
#10310=CARTESIAN_POINT('',(-0.00468266047039675,0.0608400873323285,0.02));
#10311=CARTESIAN_POINT('',(-0.0046695230116616,0.0608438692294465,0.02));
#10312=CARTESIAN_POINT('',(-0.00460272769262583,0.060862914767478,0.02));
#10313=CARTESIAN_POINT('',(-0.00447654838362806,0.0608971885905139,0.02));
#10314=CARTESIAN_POINT('',(-0.00429686755466509,0.0609421565209925,0.02));
#10315=CARTESIAN_POINT('',(-0.00410294959850989,0.0609865861927101,0.02));
#10316=CARTESIAN_POINT('',(-0.00389474971190107,0.0610299250626867,0.02));
#10317=CARTESIAN_POINT('',(-0.00367223865819066,0.0610716179683657,0.02));
#10318=CARTESIAN_POINT('',(-0.00343540707091613,0.0611111110627522,0.02));
#10319=CARTESIAN_POINT('',(-0.00318424893775728,0.0611478386154195,0.02));
#10320=CARTESIAN_POINT('',(-0.00291882605129022,0.0611812764865976,0.02));
#10321=CARTESIAN_POINT('',(-0.00263901804366502,0.061210736746744,0.02));
#10322=CARTESIAN_POINT('',(-0.0024306628225245,0.0612287867775727,0.02));
#10323=CARTESIAN_POINT('',(-0.00231588329538906,0.0612370349178757,0.02));
#10324=CARTESIAN_POINT('',(-0.00230065339414479,0.0612381044903686,0.02));
#10325=CARTESIAN_POINT('',(-0.00426418896279426,0.0609492664188645,0.02));
#10326=CARTESIAN_POINT('',(-0.00426418896279449,0.0609492664188645,0.02));
#10327=CARTESIAN_POINT('',(-0.00439771973990321,0.0615153525035708,0.01));
#10328=CARTESIAN_POINT('',(-0.00439771973990321,0.0615153525035708,0.005));
#10329=CARTESIAN_POINT('',(-0.00439771973990321,0.0615153525035708,0.02));
#10330=CARTESIAN_POINT('',(-0.00334215641517646,0.0591780584189185,0.02));
#10331=CARTESIAN_POINT('',(-0.00334215641517646,0.0591780584189185,0.005));
#10332=CARTESIAN_POINT('',(-0.0029064021198536,0.0595666759500468,0.02));
#10333=CARTESIAN_POINT('',(-0.0029064021198536,0.0595666759500468,0.00499999999999996));
#10334=CARTESIAN_POINT('',(-0.00243978125989031,0.0600525439919028,0.02));
#10335=CARTESIAN_POINT('',(-0.00243978125989031,0.0600525439919028,0.00499999999999999));
#10336=CARTESIAN_POINT('',(-0.00197931640014619,0.0606208218681627,0.02));
#10337=CARTESIAN_POINT('',(-0.00197931640014619,0.0606208218681627,0.00499999999999999));
#10338=CARTESIAN_POINT('',(-0.00367161609897643,0.0588978891652553,0.005));
#10339=CARTESIAN_POINT('',(-0.00366098281345694,0.0589064815343633,0.005));
#10340=CARTESIAN_POINT('',(-0.00360706940098633,0.0589502729846679,0.005));
#10341=CARTESIAN_POINT('',(-0.00350662045038477,0.0590339743663034,0.005));
#10342=CARTESIAN_POINT('',(-0.00336672418864852,0.0591553677393539,0.005));
#10343=CARTESIAN_POINT('',(-0.00321910276199798,0.0592887322167907,0.005));
#10344=CARTESIAN_POINT('',(-0.00306418308904975,0.0594344214249305,0.005));
#10345=CARTESIAN_POINT('',(-0.00290240316289451,0.0595927777411938,0.005));
#10346=CARTESIAN_POINT('',(-0.0027342112960482,0.0597641265117232,0.005));
#10347=CARTESIAN_POINT('',(-0.00256006745922121,0.0599487971511653,0.005));
#10348=CARTESIAN_POINT('',(-0.00238043644534323,0.0601470396762264,0.005));
#10349=CARTESIAN_POINT('',(-0.00219581273314282,0.0603593472666522,0.005));
#10350=CARTESIAN_POINT('',(-0.00206151936825314,0.060519668799629,0.005));
#10351=CARTESIAN_POINT('',(-0.001988928055122,0.060608959745003,0.005));
#10352=CARTESIAN_POINT('',(-0.00197931640014619,0.0606208218681627,0.005));
#10353=CARTESIAN_POINT('',(-0.00334215643100176,0.0591780584048051,0.005));
#10354=CARTESIAN_POINT('',(-0.00334215643100194,0.059178058404805,0.));
#10355=CARTESIAN_POINT('',(-0.00334215643100176,0.0591780584048051,0.02));
#10356=CARTESIAN_POINT('',(-0.00367161609897643,0.0588978891652553,0.02));
#10357=CARTESIAN_POINT('',(-0.00366098281345694,0.0589064815343633,0.02));
#10358=CARTESIAN_POINT('',(-0.00360706940098633,0.0589502729846679,0.02));
#10359=CARTESIAN_POINT('',(-0.00350662045038477,0.0590339743663034,0.02));
#10360=CARTESIAN_POINT('',(-0.00336672418864852,0.0591553677393539,0.02));
#10361=CARTESIAN_POINT('',(-0.00321910276199798,0.0592887322167907,0.02));
#10362=CARTESIAN_POINT('',(-0.00306418308904975,0.0594344214249305,0.02));
#10363=CARTESIAN_POINT('',(-0.00290240316289451,0.0595927777411938,0.02));
#10364=CARTESIAN_POINT('',(-0.0027342112960482,0.0597641265117232,0.02));
#10365=CARTESIAN_POINT('',(-0.00256006745922121,0.0599487971511653,0.02));
#10366=CARTESIAN_POINT('',(-0.00238043644534323,0.0601470396762264,0.02));
#10367=CARTESIAN_POINT('',(-0.00219581273314282,0.0603593472666522,0.02));
#10368=CARTESIAN_POINT('',(-0.00206151936825314,0.060519668799629,0.02));
#10369=CARTESIAN_POINT('',(-0.001988928055122,0.060608959745003,0.02));
#10370=CARTESIAN_POINT('',(-0.00197931640014619,0.0606208218681627,0.02));
#10371=CARTESIAN_POINT('',(-0.00287135094474824,0.0581684128293716,0.02));
#10372=CARTESIAN_POINT('',(-0.00287135094474824,0.0581684128293716,0.005));
#10373=CARTESIAN_POINT('',(-0.00229355518262757,0.0582524214519525,0.02));
#10374=CARTESIAN_POINT('',(-0.00229355518262757,0.0582524214519525,0.005));
#10375=CARTESIAN_POINT('',(-0.00162142056186589,0.0582975638115217,0.02));
#10376=CARTESIAN_POINT('',(-0.00162142056186589,0.0582975638115217,0.005));
#10377=CARTESIAN_POINT('',(-0.000890113346073168,0.0582850183808629,0.02));
#10378=CARTESIAN_POINT('',(-0.000890113346073168,0.0582850183808629,0.005));
#10379=CARTESIAN_POINT('',(-0.0032977456472877,0.0580961213942347,0.005));
#10380=CARTESIAN_POINT('',(-0.00328432856649703,0.0580987438951185,0.005));
#10381=CARTESIAN_POINT('',(-0.00321612749580307,0.0581118953634852,0.005));
#10382=CARTESIAN_POINT('',(-0.00308744117666714,0.0581350415128818,0.005));
#10383=CARTESIAN_POINT('',(-0.00290452487412479,0.058164178110703,0.005));
#10384=CARTESIAN_POINT('',(-0.00270747253329961,0.0581915376506052,0.005));
#10385=CARTESIAN_POINT('',(-0.00249628767871396,0.0582165657873398,0.005));
#10386=CARTESIAN_POINT('',(-0.00227098957057907,0.0582387069227695,0.005));
#10387=CARTESIAN_POINT('',(-0.00203161714902087,0.0582574085011136,0.005));
#10388=CARTESIAN_POINT('',(-0.00177821373125338,0.0582721064207121,0.005));
#10389=CARTESIAN_POINT('',(-0.00151088655650427,0.0582822839218829,0.005));
#10390=CARTESIAN_POINT('',(-0.00122957567196982,0.0582872452021139,0.005));
#10391=CARTESIAN_POINT('',(-0.00102044014150642,0.0582870671930719,0.005));
#10392=CARTESIAN_POINT('',(-0.000905378512330218,0.0582852802517711,0.005));
#10393=CARTESIAN_POINT('',(-0.000890113346073168,0.0582850183808629,0.005));
#10394=CARTESIAN_POINT('',(-0.00287135096573184,0.0581684128263206,0.005));
#10395=CARTESIAN_POINT('',(-0.0032977456472877,0.0580961213942347,0.02));
#10396=CARTESIAN_POINT('',(-0.00328432856649703,0.0580987438951185,0.02));
#10397=CARTESIAN_POINT('',(-0.00321612749580307,0.0581118953634852,0.02));
#10398=CARTESIAN_POINT('',(-0.00308744117666714,0.0581350415128818,0.02));
#10399=CARTESIAN_POINT('',(-0.00290452487412479,0.058164178110703,0.02));
#10400=CARTESIAN_POINT('',(-0.00270747253329961,0.0581915376506052,0.02));
#10401=CARTESIAN_POINT('',(-0.00249628767871396,0.0582165657873398,0.02));
#10402=CARTESIAN_POINT('',(-0.00227098957057907,0.0582387069227695,0.02));
#10403=CARTESIAN_POINT('',(-0.00203161714902087,0.0582574085011136,0.02));
#10404=CARTESIAN_POINT('',(-0.00177821373125338,0.0582721064207121,0.02));
#10405=CARTESIAN_POINT('',(-0.00151088655650427,0.0582822839218829,0.02));
#10406=CARTESIAN_POINT('',(-0.00122957567196982,0.0582872452021139,0.02));
#10407=CARTESIAN_POINT('',(-0.00102044014150642,0.0582870671930719,0.02));
#10408=CARTESIAN_POINT('',(-0.000905378512330218,0.0582852802517711,0.02));
#10409=CARTESIAN_POINT('',(-0.000890113346073168,0.0582850183808629,0.02));
#10410=CARTESIAN_POINT('',(-0.00287135096573207,0.0581684128263206,0.02));
#10411=CARTESIAN_POINT('',(-0.0028713509657323,0.0581684128263206,0.02));
#10412=CARTESIAN_POINT('',(-0.00295503596474838,0.0587439827566271,0.01));
#10413=CARTESIAN_POINT('',(-0.00295503596474838,0.0587439827566271,0.005));
#10414=CARTESIAN_POINT('',(-0.00295503596474838,0.0587439827566271,0.02));
#10415=CARTESIAN_POINT('',(-0.00210719797912308,0.0563235843760316,0.02));
#10416=CARTESIAN_POINT('',(-0.00210719797912308,0.0563235843760316,0.005));
#10417=CARTESIAN_POINT('',(-0.00163923161088149,0.0566727446108626,0.02));
#10418=CARTESIAN_POINT('',(-0.00163923161088149,0.0566727446108626,0.005));
#10419=CARTESIAN_POINT('',(-0.00113204019410111,0.0571160950905072,0.02));
#10420=CARTESIAN_POINT('',(-0.00113204019410111,0.0571160950905072,0.005));
#10421=CARTESIAN_POINT('',(-0.000623798861774598,0.0576420783410129,0.02));
#10422=CARTESIAN_POINT('',(-0.000623798861774598,0.0576420783410129,0.005));
#10423=CARTESIAN_POINT('',(-0.00245982232875767,0.0560731955544109,0.005));
#10424=CARTESIAN_POINT('',(-0.00244848063178828,0.0560808284750631,0.005));
#10425=CARTESIAN_POINT('',(-0.00239095569975174,0.0561197544221703,0.005));
#10426=CARTESIAN_POINT('',(-0.00228359393164813,0.0561943825918806,0.005));
#10427=CARTESIAN_POINT('',(-0.00213364988783077,0.0563031212638978,0.005));
#10428=CARTESIAN_POINT('',(-0.00197496672518959,0.0564231121941489,0.005));
#10429=CARTESIAN_POINT('',(-0.00180793891722273,0.0565547448717049,0.005));
#10430=CARTESIAN_POINT('',(-0.0016329729501665,0.05669839854475,0.005));
#10431=CARTESIAN_POINT('',(-0.00145048707478766,0.0568544363943969,0.005));
#10432=CARTESIAN_POINT('',(-0.001260910801091,0.0570232266708587,0.005));
#10433=CARTESIAN_POINT('',(-0.00106468536293703,0.0572050589488258,0.005));
#10434=CARTESIAN_POINT('',(-0.00086226037396645,0.057400467628007,0.005));
#10435=CARTESIAN_POINT('',(-0.000714505093589406,0.0575484746511854,0.005));
#10436=CARTESIAN_POINT('',(-0.000634407793655926,0.0576310990677417,0.005));
#10437=CARTESIAN_POINT('',(-0.000623798861774598,0.0576420783410129,0.005));
#10438=CARTESIAN_POINT('',(-0.00210719799611823,0.0563235843633511,0.005));
#10439=CARTESIAN_POINT('',(-0.00210719799611841,0.056323584363351,0.));
#10440=CARTESIAN_POINT('',(-0.00210719799611822,0.0563235843633511,0.02));
#10441=CARTESIAN_POINT('',(-0.00245982232875767,0.0560731955544109,0.02));
#10442=CARTESIAN_POINT('',(-0.00244848063178828,0.0560808284750631,0.02));
#10443=CARTESIAN_POINT('',(-0.00239095569975174,0.0561197544221703,0.02));
#10444=CARTESIAN_POINT('',(-0.00228359393164813,0.0561943825918806,0.02));
#10445=CARTESIAN_POINT('',(-0.00213364988783077,0.0563031212638978,0.02));
#10446=CARTESIAN_POINT('',(-0.00197496672518959,0.0564231121941489,0.02));
#10447=CARTESIAN_POINT('',(-0.00180793891722273,0.0565547448717049,0.02));
#10448=CARTESIAN_POINT('',(-0.0016329729501665,0.05669839854475,0.02));
#10449=CARTESIAN_POINT('',(-0.00145048707478766,0.0568544363943969,0.02));
#10450=CARTESIAN_POINT('',(-0.001260910801091,0.0570232266708587,0.02));
#10451=CARTESIAN_POINT('',(-0.00106468536293703,0.0572050589488258,0.02));
#10452=CARTESIAN_POINT('',(-0.00086226037396645,0.057400467628007,0.02));
#10453=CARTESIAN_POINT('',(-0.000714505093589406,0.0575484746511854,0.02));
#10454=CARTESIAN_POINT('',(-0.000634407793655926,0.0576310990677417,0.02));
#10455=CARTESIAN_POINT('',(-0.000623798861774598,0.0576420783410129,0.02));
#10456=CARTESIAN_POINT('',(-0.00172618047691876,0.0552767473923083,0.02));
#10457=CARTESIAN_POINT('',(-0.00172618047691876,0.0552767473923083,0.005));
#10458=CARTESIAN_POINT('',(-0.00114326156821601,0.0553100781179134,0.02));
#10459=CARTESIAN_POINT('',(-0.00114326156821601,0.0553100781179134,0.00499999999999996));
#10460=CARTESIAN_POINT('',(-0.000469750206731938,0.0552964683050753,0.02));
#10461=CARTESIAN_POINT('',(-0.000469750206731938,0.0552964683050753,0.005));
#10462=CARTESIAN_POINT('',(0.000257680757990102,0.05522023299,0.02));
#10463=CARTESIAN_POINT('',(0.000257680757990102,0.05522023299,0.005));
#10464=CARTESIAN_POINT('',(-0.00215725323260661,0.0552418937949111,0.005));
#10465=CARTESIAN_POINT('',(-0.0021436586418467,0.0552433369407454,0.005));
#10466=CARTESIAN_POINT('',(-0.00207457087082348,0.0552504942488319,0.005));
#10467=CARTESIAN_POINT('',(-0.00194435692214091,0.0552623365684162,0.005));
#10468=CARTESIAN_POINT('',(-0.00175959724952943,0.0552754200864774,0.005));
#10469=CARTESIAN_POINT('',(-0.00156091021133141,0.0552855012719455,0.005));
#10470=CARTESIAN_POINT('',(-0.00134834763302922,0.0552920281962051,0.005));
#10471=CARTESIAN_POINT('',(-0.00112197712511148,0.0552944490539758,0.005));
#10472=CARTESIAN_POINT('',(-0.000881885637934694,0.0552922167859739,0.005));
#10473=CARTESIAN_POINT('',(-0.000628165488576945,0.0552847732124606,0.005));
#10474=CARTESIAN_POINT('',(-0.000360968546762169,0.0552716128866949,0.005));
#10475=CARTESIAN_POINT('',(-8.02957310099411E-5,0.0552520374286721,0.005));
#10476=CARTESIAN_POINT('',(0.000128028461110034,0.0552336327345159,0.005));
#10477=CARTESIAN_POINT('',(0.000242496503852843,0.0552218243113136,0.005));
#10478=CARTESIAN_POINT('',(0.000257680757990102,0.05522023299,0.005));
#10479=CARTESIAN_POINT('',(-0.00172618049808842,0.0552767473910978,0.005));
#10480=CARTESIAN_POINT('',(-0.00215725323260661,0.0552418937949111,0.02));
#10481=CARTESIAN_POINT('',(-0.0021436586418467,0.0552433369407454,0.02));
#10482=CARTESIAN_POINT('',(-0.00207457087082348,0.0552504942488319,0.02));
#10483=CARTESIAN_POINT('',(-0.00194435692214091,0.0552623365684162,0.02));
#10484=CARTESIAN_POINT('',(-0.00175959724952943,0.0552754200864774,0.02));
#10485=CARTESIAN_POINT('',(-0.00156091021133141,0.0552855012719455,0.02));
#10486=CARTESIAN_POINT('',(-0.00134834763302922,0.0552920281962051,0.02));
#10487=CARTESIAN_POINT('',(-0.00112197712511148,0.0552944490539758,0.02));
#10488=CARTESIAN_POINT('',(-0.000881885637934694,0.0552922167859739,0.02));
#10489=CARTESIAN_POINT('',(-0.000628165488576945,0.0552847732124606,0.02));
#10490=CARTESIAN_POINT('',(-0.000360968546762169,0.0552716128866949,0.02));
#10491=CARTESIAN_POINT('',(-8.02957310099411E-5,0.0552520374286721,0.02));
#10492=CARTESIAN_POINT('',(0.000128028461110034,0.0552336327345159,0.02));
#10493=CARTESIAN_POINT('',(0.000242496503852843,0.0552218243113136,0.02));
#10494=CARTESIAN_POINT('',(0.000257680757990102,0.05522023299,0.02));
#10495=CARTESIAN_POINT('',(-0.00172618049808865,0.0552767473910978,0.02));
#10496=CARTESIAN_POINT('',(-0.00172618049808888,0.0552767473910978,0.02));
#10497=CARTESIAN_POINT('',(-0.00175938282563943,0.0558574207322963,0.01));
#10498=CARTESIAN_POINT('',(-0.00175938282563943,0.0558574207322963,0.005));
#10499=CARTESIAN_POINT('',(-0.00175938282563943,0.0558574207322963,0.02));
#10500=CARTESIAN_POINT('',(-0.00112572273812472,0.0533723387489104,0.02));
#10501=CARTESIAN_POINT('',(-0.00112572273812472,0.0533723387489104,0.005));
#10502=CARTESIAN_POINT('',(-0.000629105803592553,0.0536793843672285,0.02));
#10503=CARTESIAN_POINT('',(-0.000629105803592553,0.0536793843672285,0.005));
#10504=CARTESIAN_POINT('',(-8.52038629277269E-5,0.0540768431197971,0.02));
#10505=CARTESIAN_POINT('',(-8.52038629277269E-5,0.0540768431197971,0.005));
#10506=CARTESIAN_POINT('',(0.000466945918558039,0.054556528694427,0.02));
#10507=CARTESIAN_POINT('',(0.000466945918558039,0.054556528694427,0.005));
#10508=CARTESIAN_POINT('',(-0.00149882806937284,0.0531536359694537,0.005));
#10509=CARTESIAN_POINT('',(-0.00148686427811579,0.053160251350515,0.005));
#10510=CARTESIAN_POINT('',(-0.00142616562598061,0.0531940155444632,0.005));
#10511=CARTESIAN_POINT('',(-0.00131270812825705,0.0532590025368152,0.005));
#10512=CARTESIAN_POINT('',(-0.00115385746707071,0.0533542589408467,0.005));
#10513=CARTESIAN_POINT('',(-0.000985320243122114,0.0534599631204805,0.005));
#10514=CARTESIAN_POINT('',(-0.000807455482609387,0.0535765374632945,0.005));
#10515=CARTESIAN_POINT('',(-0.000620635071308795,0.0537043952019291,0.005));
#10516=CARTESIAN_POINT('',(-0.000425244015097047,0.0538439345884393,0.005));
#10517=CARTESIAN_POINT('',(-0.000221678094442832,0.0539955599059987,0.005));
#10518=CARTESIAN_POINT('',(-1.0351626081399E-5,0.0541595980834431,0.005));
#10519=CARTESIAN_POINT('',(0.000208334063265755,0.0543366206733402,0.005));
#10520=CARTESIAN_POINT('',(0.000368426752229406,0.0544711867639047,0.005));
#10521=CARTESIAN_POINT('',(0.000455420450148654,0.0545465158299431,0.005));
#10522=CARTESIAN_POINT('',(0.000466945918558039,0.054556528694427,0.005));
#10523=CARTESIAN_POINT('',(-0.0011257227561604,0.0533723387377594,0.005));
#10524=CARTESIAN_POINT('',(-0.00112572275616059,0.0533723387377592,0.));
#10525=CARTESIAN_POINT('',(-0.0011257227561604,0.0533723387377594,0.02));
#10526=CARTESIAN_POINT('',(-0.00149882806937284,0.0531536359694537,0.02));
#10527=CARTESIAN_POINT('',(-0.00148686427811579,0.053160251350515,0.02));
#10528=CARTESIAN_POINT('',(-0.00142616562598061,0.0531940155444632,0.02));
#10529=CARTESIAN_POINT('',(-0.00131270812825705,0.0532590025368152,0.02));
#10530=CARTESIAN_POINT('',(-0.00115385746707071,0.0533542589408467,0.02));
#10531=CARTESIAN_POINT('',(-0.000985320243122114,0.0534599631204805,0.02));
#10532=CARTESIAN_POINT('',(-0.000807455482609387,0.0535765374632945,0.02));
#10533=CARTESIAN_POINT('',(-0.000620635071308795,0.0537043952019291,0.02));
#10534=CARTESIAN_POINT('',(-0.000425244015097047,0.0538439345884393,0.02));
#10535=CARTESIAN_POINT('',(-0.000221678094442832,0.0539955599059987,0.02));
#10536=CARTESIAN_POINT('',(-1.0351626081399E-5,0.0541595980834431,0.02));
#10537=CARTESIAN_POINT('',(0.000208334063265755,0.0543366206733402,0.02));
#10538=CARTESIAN_POINT('',(0.000368426752229406,0.0544711867639047,0.02));
#10539=CARTESIAN_POINT('',(0.000455420450148654,0.0545465158299431,0.02));
#10540=CARTESIAN_POINT('',(0.000466945918558039,0.054556528694427,0.02));
#10541=CARTESIAN_POINT('',(-0.000837392977400766,0.0522962774325544,0.02));
#10542=CARTESIAN_POINT('',(-0.000837392977400766,0.0522962774325544,0.005));
#10543=CARTESIAN_POINT('',(-0.000253787286987223,0.0522786765942361,0.02));
#10544=CARTESIAN_POINT('',(-0.000253787286987223,0.0522786765942361,0.00500000000000004));
#10545=CARTESIAN_POINT('',(0.000415974987081333,0.0522064181878867,0.02));
#10546=CARTESIAN_POINT('',(0.000415974987081333,0.0522064181878867,0.005));
#10547=CARTESIAN_POINT('',(0.00113399351185606,0.0520670731851722,0.02));
#10548=CARTESIAN_POINT('',(0.00113399351185606,0.0520670731851722,0.005));
#10549=CARTESIAN_POINT('',(-0.00126986306227739,0.0522991269298181,0.005));
#10550=CARTESIAN_POINT('',(-0.00125619442459255,0.0522993797373918,0.005));
#10551=CARTESIAN_POINT('',(-0.00118674575289389,0.0523004884137619,0.005));
#10552=CARTESIAN_POINT('',(-0.0010559951814395,0.0523009367763314,0.005));
#10553=CARTESIAN_POINT('',(-0.000870798271428398,0.05229786764116,0.005));
#10554=CARTESIAN_POINT('',(-0.000671988664188728,0.0522905937482853,0.005));
#10555=CARTESIAN_POINT('',(-0.000459666091739674,0.0522785697862353,0.005));
#10556=CARTESIAN_POINT('',(-0.000233946000290596,0.0522612519421576,0.005));
#10557=CARTESIAN_POINT('',(5.03731131616669E-6,0.0522381028167171,0.005));
#10558=CARTESIAN_POINT('',(0.00025714322872715,0.0522085744001809,0.005));
#10559=CARTESIAN_POINT('',(0.000522176407542449,0.0521721764055042,0.005));
#10560=CARTESIAN_POINT('',(0.000800075064909702,0.0521282131902833,0.005));
#10561=CARTESIAN_POINT('',(0.00100600244579463,0.0520917218818483,0.005));
#10562=CARTESIAN_POINT('',(0.00111900573118109,0.0520699818459752,0.005));
#10563=CARTESIAN_POINT('',(0.00113399351185606,0.0520670731851722,0.005));
#10564=CARTESIAN_POINT('',(-0.000837392998595364,0.0522962774331936,0.005));
#10565=CARTESIAN_POINT('',(-0.00126986306227739,0.0522991269298181,0.02));
#10566=CARTESIAN_POINT('',(-0.00125619442459255,0.0522993797373918,0.02));
#10567=CARTESIAN_POINT('',(-0.00118674575289389,0.0523004884137619,0.02));
#10568=CARTESIAN_POINT('',(-0.0010559951814395,0.0523009367763314,0.02));
#10569=CARTESIAN_POINT('',(-0.000870798271428398,0.05229786764116,0.02));
#10570=CARTESIAN_POINT('',(-0.000671988664188728,0.0522905937482853,0.02));
#10571=CARTESIAN_POINT('',(-0.000459666091739674,0.0522785697862353,0.02));
#10572=CARTESIAN_POINT('',(-0.000233946000290596,0.0522612519421576,0.02));
#10573=CARTESIAN_POINT('',(5.03731131616669E-6,0.0522381028167171,0.02));
#10574=CARTESIAN_POINT('',(0.00025714322872715,0.0522085744001809,0.02));
#10575=CARTESIAN_POINT('',(0.000522176407542449,0.0521721764055042,0.02));
#10576=CARTESIAN_POINT('',(0.000800075064909702,0.0521282131902833,0.02));
#10577=CARTESIAN_POINT('',(0.00100600244579463,0.0520917218818483,0.02));
#10578=CARTESIAN_POINT('',(0.00111900573118109,0.0520699818459752,0.02));
#10579=CARTESIAN_POINT('',(0.00113399351185606,0.0520670731851722,0.02));
#10580=CARTESIAN_POINT('',(-0.000837392998595598,0.0522962774331936,0.02));
#10581=CARTESIAN_POINT('',(-0.000837392998595829,0.0522962774331936,0.02));
#10582=CARTESIAN_POINT('',(-0.000819859964920077,0.0528776349105374,0.01));
#10583=CARTESIAN_POINT('',(-0.000819859964920077,0.0528776349105374,0.005));
#10584=CARTESIAN_POINT('',(-0.000819859964920077,0.0528776349105374,0.02));
#10585=CARTESIAN_POINT('',(-0.000405200311396436,0.0503467822987881,0.02));
#10586=CARTESIAN_POINT('',(-0.000405200311396436,0.0503467822987881,0.005));
#10587=CARTESIAN_POINT('',(0.000116287634689043,0.0506093764980388,0.02));
#10588=CARTESIAN_POINT('',(0.000116287634689043,0.0506093764980388,0.00499999999999996));
#10589=CARTESIAN_POINT('',(0.000692760677053106,0.0509579186224393,0.02));
#10590=CARTESIAN_POINT('',(0.000692760677053106,0.0509579186224393,0.00499999999999999));
#10591=CARTESIAN_POINT('',(0.00128461671446369,0.0513876558243212,0.02));
#10592=CARTESIAN_POINT('',(0.00128461671446369,0.0513876558243212,0.005));
#10593=CARTESIAN_POINT('',(-0.000795947067400056,0.0501614300217034,0.005));
#10594=CARTESIAN_POINT('',(-0.000783452233530753,0.0501669775161295,0.005));
#10595=CARTESIAN_POINT('',(-0.000720041814690534,0.0501953229910155,0.005));
#10596=CARTESIAN_POINT('',(-0.000601352067412193,0.050250174215757,0.005));
#10597=CARTESIAN_POINT('',(-0.000434803738305153,0.0503312233930509,0.005));
#10598=CARTESIAN_POINT('',(-0.00025769512308895,0.0504218363494343,0.005));
#10599=CARTESIAN_POINT('',(-7.03470682555394E-5,0.050522465156368,0.005));
#10600=CARTESIAN_POINT('',(0.000126905971154164,0.0506335538859985,0.005));
#10601=CARTESIAN_POINT('',(0.000333715164280707,0.0507555328303846,0.005));
#10602=CARTESIAN_POINT('',(0.000549721472319835,0.0508888392288209,0.005));
#10603=CARTESIAN_POINT('',(0.000774540648862095,0.0510338348761635,0.005));
#10604=CARTESIAN_POINT('',(0.00100782270844385,0.051191124127978,0.005));
#10605=CARTESIAN_POINT('',(0.00117903440396449,0.0513112251567262,0.005));
#10606=CARTESIAN_POINT('',(0.00127226242530011,0.0513786855725694,0.005));
#10607=CARTESIAN_POINT('',(0.00128461671446369,0.0513876558243212,0.005));
#10608=CARTESIAN_POINT('',(-0.000405200330335312,0.0503467822892514,0.005));
#10609=CARTESIAN_POINT('',(-0.000405200330335517,0.0503467822892513,0.));
#10610=CARTESIAN_POINT('',(-0.00040520033033531,0.0503467822892514,0.02));
#10611=CARTESIAN_POINT('',(-0.000795947067400056,0.0501614300217034,0.02));
#10612=CARTESIAN_POINT('',(-0.000783452233530753,0.0501669775161295,0.02));
#10613=CARTESIAN_POINT('',(-0.000720041814690534,0.0501953229910155,0.02));
#10614=CARTESIAN_POINT('',(-0.000601352067412193,0.050250174215757,0.02));
#10615=CARTESIAN_POINT('',(-0.000434803738305153,0.0503312233930509,0.02));
#10616=CARTESIAN_POINT('',(-0.00025769512308895,0.0504218363494343,0.02));
#10617=CARTESIAN_POINT('',(-7.03470682555394E-5,0.050522465156368,0.02));
#10618=CARTESIAN_POINT('',(0.000126905971154164,0.0506335538859985,0.02));
#10619=CARTESIAN_POINT('',(0.000333715164280707,0.0507555328303846,0.02));
#10620=CARTESIAN_POINT('',(0.000549721472319835,0.0508888392288209,0.02));
#10621=CARTESIAN_POINT('',(0.000774540648862095,0.0510338348761635,0.02));
#10622=CARTESIAN_POINT('',(0.00100782270844385,0.051191124127978,0.02));
#10623=CARTESIAN_POINT('',(0.00117903440396449,0.0513112251567262,0.02));
#10624=CARTESIAN_POINT('',(0.00127226242530011,0.0513786855725694,0.02));
#10625=CARTESIAN_POINT('',(0.00128461671446369,0.0513876558243212,0.02));
#10626=CARTESIAN_POINT('',(-0.00021175265573015,0.0492496861261605,0.02));
#10627=CARTESIAN_POINT('',(-0.00021175265573015,0.0492496861261605,0.005));
#10628=CARTESIAN_POINT('',(0.000368098224699387,0.0491812876769262,0.02));
#10629=CARTESIAN_POINT('',(0.000368098224699387,0.0491812876769262,0.00499999999999996));
#10630=CARTESIAN_POINT('',(0.001029014116033,0.0490509306071697,0.02));
#10631=CARTESIAN_POINT('',(0.001029014116033,0.0490509306071697,0.005));
#10632=CARTESIAN_POINT('',(0.00173215564633569,0.0488495364164244,0.02));
#10633=CARTESIAN_POINT('',(0.00173215564633569,0.0488495364164244,0.005));
#10634=CARTESIAN_POINT('',(-0.000642328711317058,0.0492902170316904,0.005));
#10635=CARTESIAN_POINT('',(-0.000628690053293428,0.0492892775769852,0.005));
#10636=CARTESIAN_POINT('',(-0.000559409027245202,0.0492843291839422,0.005));
#10637=CARTESIAN_POINT('',(-0.00042911692381711,0.049273380177187,0.005));
#10638=CARTESIAN_POINT('',(-0.000244892236716527,0.049254181746755,0.005));
#10639=CARTESIAN_POINT('',(-4.74731215908296E-5,0.0492296081342544,0.005));
#10640=CARTESIAN_POINT('',(0.000162993542024879,0.0491991247955062,0.005));
#10641=CARTESIAN_POINT('',(0.000386345350815854,0.0491622000488303,0.005));
#10642=CARTESIAN_POINT('',(0.000622401679549193,0.0491183102447736,0.005));
#10643=CARTESIAN_POINT('',(0.000870974686756201,0.0490669217142942,0.005));
#10644=CARTESIAN_POINT('',(0.00113182704004983,0.0490075630614237,0.005));
#10645=CARTESIAN_POINT('',(0.00140483656244974,0.0489395466756181,0.005));
#10646=CARTESIAN_POINT('',(0.00160679990038875,0.0488852464737956,0.005));
#10647=CARTESIAN_POINT('',(0.0017174784051838,0.0488537402800518,0.005));
#10648=CARTESIAN_POINT('',(0.00173215564633569,0.0488495364164244,0.005));
#10649=CARTESIAN_POINT('',(-0.000211752676788391,0.0492496861286445,0.005));
#10650=CARTESIAN_POINT('',(-0.000642328711317058,0.0492902170316904,0.02));
#10651=CARTESIAN_POINT('',(-0.000628690053293428,0.0492892775769852,0.02));
#10652=CARTESIAN_POINT('',(-0.000559409027245202,0.0492843291839422,0.02));
#10653=CARTESIAN_POINT('',(-0.00042911692381711,0.049273380177187,0.02));
#10654=CARTESIAN_POINT('',(-0.000244892236716527,0.049254181746755,0.02));
#10655=CARTESIAN_POINT('',(-4.74731215908296E-5,0.0492296081342544,0.02));
#10656=CARTESIAN_POINT('',(0.000162993542024879,0.0491991247955062,0.02));
#10657=CARTESIAN_POINT('',(0.000386345350815854,0.0491622000488303,0.02));
#10658=CARTESIAN_POINT('',(0.000622401679549193,0.0491183102447736,0.02));
#10659=CARTESIAN_POINT('',(0.000870974686756201,0.0490669217142942,0.02));
#10660=CARTESIAN_POINT('',(0.00113182704004983,0.0490075630614237,0.02));
#10661=CARTESIAN_POINT('',(0.00140483656244974,0.0489395466756181,0.02));
#10662=CARTESIAN_POINT('',(0.00160679990038875,0.0488852464737956,0.02));
#10663=CARTESIAN_POINT('',(0.0017174784051838,0.0488537402800518,0.02));
#10664=CARTESIAN_POINT('',(0.00173215564633569,0.0488495364164244,0.02));
#10665=CARTESIAN_POINT('',(-0.000211752676788623,0.0492496861286445,0.02));
#10666=CARTESIAN_POINT('',(-0.000211752676788851,0.0492496861286445,0.02));
#10667=CARTESIAN_POINT('',(-0.000143617718859801,0.0498273032606978,0.01));
#10668=CARTESIAN_POINT('',(-0.000143617718859801,0.0498273032606978,0.005));
#10669=CARTESIAN_POINT('',(-0.000143617718859801,0.0498273032606978,0.02));
#10670=CARTESIAN_POINT('',(4.8885690331166E-5,0.0472699413371311,0.02));
#10671=CARTESIAN_POINT('',(4.8885690331166E-5,0.0472699413371311,0.005));
#10672=CARTESIAN_POINT('',(0.000591275809817192,0.0474860856168993,0.02));
#10673=CARTESIAN_POINT('',(0.000591275809817192,0.0474860856168993,0.005));
#10674=CARTESIAN_POINT('',(0.00119593264594383,0.0477830584971084,0.02));
#10675=CARTESIAN_POINT('',(0.00119593264594383,0.0477830584971084,0.005));
#10676=CARTESIAN_POINT('',(0.00182299055746237,0.0481595767666548,0.02));
#10677=CARTESIAN_POINT('',(0.00182299055746237,0.0481595767666548,0.005));
#10678=CARTESIAN_POINT('',(-0.000356528671675492,0.0471193502051659,0.005));
#10679=CARTESIAN_POINT('',(-0.000343597888424263,0.0471237875931745,0.005));
#10680=CARTESIAN_POINT('',(-0.00027795829445464,0.0471464986228188,0.005));
#10681=CARTESIAN_POINT('',(-0.000154939598265139,0.0471907966290096,0.005));
#10682=CARTESIAN_POINT('',(1.80388654134668E-5,0.0472570217463877,0.005));
#10683=CARTESIAN_POINT('',(0.000202370968394376,0.0473318538602091,0.005));
#10684=CARTESIAN_POINT('',(0.000397776485727341,0.0474157712852805,0.005));
#10685=CARTESIAN_POINT('',(0.000603960938511608,0.0475092455535971,0.005));
#10686=CARTESIAN_POINT('',(0.000820614325718445,0.0476127357224394,0.005));
#10687=CARTESIAN_POINT('',(0.00104741708271013,0.047726708659568,0.005));
#10688=CARTESIAN_POINT('',(0.0012840179577502,0.0478515582723816,0.005));
#10689=CARTESIAN_POINT('',(0.0015301209702336,0.0479879171199335,0.005));
#10690=CARTESIAN_POINT('',(0.00171114864792786,0.0480926390455176,0.005));
#10691=CARTESIAN_POINT('',(0.00180990147114486,0.0481517173966673,0.005));
#10692=CARTESIAN_POINT('',(0.00182299055746237,0.0481595767666548,0.005));
#10693=CARTESIAN_POINT('',(4.88856706331605E-5,0.0472699413292814,0.005));
#10694=CARTESIAN_POINT('',(4.88856706329505E-5,0.0472699413292813,0.));
#10695=CARTESIAN_POINT('',(4.88856706331651E-5,0.0472699413292814,0.02));
#10696=CARTESIAN_POINT('',(-0.000356528671675492,0.0471193502051659,0.02));
#10697=CARTESIAN_POINT('',(-0.000343597888424263,0.0471237875931745,0.02));
#10698=CARTESIAN_POINT('',(-0.00027795829445464,0.0471464986228188,0.02));
#10699=CARTESIAN_POINT('',(-0.000154939598265139,0.0471907966290096,0.02));
#10700=CARTESIAN_POINT('',(1.80388654134668E-5,0.0472570217463877,0.02));
#10701=CARTESIAN_POINT('',(0.000202370968394376,0.0473318538602091,0.02));
#10702=CARTESIAN_POINT('',(0.000397776485727341,0.0474157712852805,0.02));
#10703=CARTESIAN_POINT('',(0.000603960938511608,0.0475092455535971,0.02));
#10704=CARTESIAN_POINT('',(0.000820614325718445,0.0476127357224394,0.02));
#10705=CARTESIAN_POINT('',(0.00104741708271013,0.047726708659568,0.02));
#10706=CARTESIAN_POINT('',(0.0012840179577502,0.0478515582723816,0.02));
#10707=CARTESIAN_POINT('',(0.0015301209702336,0.0479879171199335,0.02));
#10708=CARTESIAN_POINT('',(0.00171114864792786,0.0480926390455176,0.02));
#10709=CARTESIAN_POINT('',(0.00180990147114486,0.0481517173966673,0.02));
#10710=CARTESIAN_POINT('',(0.00182299055746237,0.0481595767666548,0.02));
#10711=CARTESIAN_POINT('',(0.000145978987473207,0.0461601598725504,0.02));
#10712=CARTESIAN_POINT('',(0.000145978987473207,0.0461601598725504,0.005));
#10713=CARTESIAN_POINT('',(0.000717662042595134,0.0460414843658987,0.02));
#10714=CARTESIAN_POINT('',(0.000717662042595134,0.0460414843658987,0.005));
#10715=CARTESIAN_POINT('',(0.00136470158218905,0.0458540207287409,0.02));
#10716=CARTESIAN_POINT('',(0.00136470158218905,0.0458540207287409,0.00499999999999999));
#10717=CARTESIAN_POINT('',(0.00204761478640541,0.0455921100813685,0.02));
#10718=CARTESIAN_POINT('',(0.00204761478640541,0.0455921100813685,0.005));
#10719=CARTESIAN_POINT('',(-0.000279426095052036,0.0462380637216822,0.005));
#10720=CARTESIAN_POINT('',(-0.000265921215112421,0.0462359391545156,0.005));
#10721=CARTESIAN_POINT('',(-0.000197335105155886,0.0462249713523186,0.005));
#10722=CARTESIAN_POINT('',(-6.84930713337035E-5,0.0462027083047912,0.005));
#10723=CARTESIAN_POINT('',(0.00011335733174962,0.0461675266907465,0.005));
#10724=CARTESIAN_POINT('',(0.000307883476090316,0.046125840378649,0.005));
#10725=CARTESIAN_POINT('',(0.000514892452479318,0.0460771296598169,0.005));
#10726=CARTESIAN_POINT('',(0.00073417613648378,0.0460208790301608,0.005));
#10727=CARTESIAN_POINT('',(0.000965508951147329,0.0459565825753982,0.005));
#10728=CARTESIAN_POINT('',(0.00120865725747303,0.0458837250287218,0.005));
#10729=CARTESIAN_POINT('',(0.00146334354132946,0.0458018574728475,0.005));
#10730=CARTESIAN_POINT('',(0.00172938616144892,0.0457103055622226,0.005));
#10731=CARTESIAN_POINT('',(0.00192584839349148,0.0456386097243359,0.005));
#10732=CARTESIAN_POINT('',(0.00203335978744414,0.0455975771538796,0.005));
#10733=CARTESIAN_POINT('',(0.00204761478640541,0.0455921100813685,0.005));
#10734=CARTESIAN_POINT('',(0.000145978966711592,0.0461601598768603,0.005));
#10735=CARTESIAN_POINT('',(-0.000279426095052036,0.0462380637216822,0.02));
#10736=CARTESIAN_POINT('',(-0.000265921215112421,0.0462359391545156,0.02));
#10737=CARTESIAN_POINT('',(-0.000197335105155886,0.0462249713523186,0.02));
#10738=CARTESIAN_POINT('',(-6.84930713337035E-5,0.0462027083047912,0.02));
#10739=CARTESIAN_POINT('',(0.00011335733174962,0.0461675266907465,0.02));
#10740=CARTESIAN_POINT('',(0.000307883476090316,0.046125840378649,0.02));
#10741=CARTESIAN_POINT('',(0.000514892452479318,0.0460771296598169,0.02));
#10742=CARTESIAN_POINT('',(0.00073417613648378,0.0460208790301608,0.02));
#10743=CARTESIAN_POINT('',(0.000965508951147329,0.0459565825753982,0.02));
#10744=CARTESIAN_POINT('',(0.00120865725747303,0.0458837250287218,0.02));
#10745=CARTESIAN_POINT('',(0.00146334354132946,0.0458018574728475,0.02));
#10746=CARTESIAN_POINT('',(0.00172938616144892,0.0457103055622226,0.02));
#10747=CARTESIAN_POINT('',(0.00192584839349148,0.0456386097243359,0.02));
#10748=CARTESIAN_POINT('',(0.00203335978744414,0.0455975771538796,0.02));
#10749=CARTESIAN_POINT('',(0.00204761478640541,0.0455921100813685,0.02));
#10750=CARTESIAN_POINT('',(0.000145978966711363,0.0461601598768603,0.02));
#10751=CARTESIAN_POINT('',(0.000145978966711138,0.0461601598768604,0.02));
#10752=CARTESIAN_POINT('',(0.000264197300722634,0.0467296406484734,0.01));
#10753=CARTESIAN_POINT('',(0.000264197300722634,0.0467296406484734,0.005));
#10754=CARTESIAN_POINT('',(0.000264197300722634,0.0467296406484734,0.02));
#10755=CARTESIAN_POINT('',(-0.0328618416025453,0.0791679804625689,0.02));
#10756=CARTESIAN_POINT('',(-0.0328618416025453,0.0791679804625689,0.005));
#10757=CARTESIAN_POINT('',(-0.0329805171091971,0.0797396635176909,0.02));
#10758=CARTESIAN_POINT('',(-0.0329805171091971,0.0797396635176909,0.005));
#10759=CARTESIAN_POINT('',(-0.0331679807463525,0.0803867030572833,0.02));
#10760=CARTESIAN_POINT('',(-0.0331679807463525,0.0803867030572833,0.005));
#10761=CARTESIAN_POINT('',(-0.0334298913937273,0.0810696162615012,0.02));
#10762=CARTESIAN_POINT('',(-0.0334298913937273,0.0810696162615012,0.005));
#10763=CARTESIAN_POINT('',(-0.0327839377534136,0.0787425753800437,0.005));
#10764=CARTESIAN_POINT('',(-0.0327860623205802,0.0787560802599833,0.005));
#10765=CARTESIAN_POINT('',(-0.0327970301227771,0.0788246663699399,0.005));
#10766=CARTESIAN_POINT('',(-0.0328192931703045,0.078953508403762,0.005));
#10767=CARTESIAN_POINT('',(-0.0328544747843492,0.0791353588068454,0.005));
#10768=CARTESIAN_POINT('',(-0.0328961610964468,0.0793298849511861,0.005));
#10769=CARTESIAN_POINT('',(-0.0329448718152788,0.0795368939275751,0.005));
#10770=CARTESIAN_POINT('',(-0.033001122444935,0.0797561776115795,0.005));
#10771=CARTESIAN_POINT('',(-0.0330654188996976,0.0799875104262431,0.005));
#10772=CARTESIAN_POINT('',(-0.033138276446374,0.0802306587325688,0.005));
#10773=CARTESIAN_POINT('',(-0.0332201440022483,0.0804853450164252,0.005));
#10774=CARTESIAN_POINT('',(-0.0333116959128731,0.0807513876365447,0.005));
#10775=CARTESIAN_POINT('',(-0.0333833917507598,0.0809478498685872,0.005));
#10776=CARTESIAN_POINT('',(-0.0334244243212161,0.0810553612625399,0.005));
#10777=CARTESIAN_POINT('',(-0.0334298913937273,0.0810696162615012,0.005));
#10778=CARTESIAN_POINT('',(-0.0328618415982354,0.0791679804418071,0.005));
#10779=CARTESIAN_POINT('',(-0.0328618415982354,0.0791679804418069,0.));
#10780=CARTESIAN_POINT('',(-0.0328618415982354,0.0791679804418071,0.02));
#10781=CARTESIAN_POINT('',(-0.0327839377534136,0.0787425753800437,0.02));
#10782=CARTESIAN_POINT('',(-0.0327860623205802,0.0787560802599833,0.02));
#10783=CARTESIAN_POINT('',(-0.0327970301227771,0.0788246663699399,0.02));
#10784=CARTESIAN_POINT('',(-0.0328192931703045,0.078953508403762,0.02));
#10785=CARTESIAN_POINT('',(-0.0328544747843492,0.0791353588068454,0.02));
#10786=CARTESIAN_POINT('',(-0.0328961610964468,0.0793298849511861,0.02));
#10787=CARTESIAN_POINT('',(-0.0329448718152788,0.0795368939275751,0.02));
#10788=CARTESIAN_POINT('',(-0.033001122444935,0.0797561776115795,0.02));
#10789=CARTESIAN_POINT('',(-0.0330654188996976,0.0799875104262431,0.02));
#10790=CARTESIAN_POINT('',(-0.033138276446374,0.0802306587325688,0.02));
#10791=CARTESIAN_POINT('',(-0.0332201440022483,0.0804853450164252,0.02));
#10792=CARTESIAN_POINT('',(-0.0333116959128731,0.0807513876365447,0.02));
#10793=CARTESIAN_POINT('',(-0.0333833917507598,0.0809478498685872,0.02));
#10794=CARTESIAN_POINT('',(-0.0334244243212161,0.0810553612625399,0.02));
#10795=CARTESIAN_POINT('',(-0.0334298913937273,0.0810696162615012,0.02));
#10796=CARTESIAN_POINT('',(-0.0317520601379646,0.0790708871654269,0.02));
#10797=CARTESIAN_POINT('',(-0.0317520601379646,0.0790708871654269,0.005));
#10798=CARTESIAN_POINT('',(-0.0315359158581965,0.0796132772849129,0.02));
#10799=CARTESIAN_POINT('',(-0.0315359158581965,0.0796132772849129,0.00499999999999996));
#10800=CARTESIAN_POINT('',(-0.0312389429779876,0.0802179341210399,0.02));
#10801=CARTESIAN_POINT('',(-0.0312389429779876,0.0802179341210399,0.005));
#10802=CARTESIAN_POINT('',(-0.0308624247084409,0.0808449920325581,0.02));
#10803=CARTESIAN_POINT('',(-0.0308624247084409,0.0808449920325581,0.005));
#10804=CARTESIAN_POINT('',(-0.0319026512699298,0.0786654728034203,0.005));
#10805=CARTESIAN_POINT('',(-0.0318982138819213,0.0786784035866715,0.005));
#10806=CARTESIAN_POINT('',(-0.0318755028522769,0.0787440431806411,0.005));
#10807=CARTESIAN_POINT('',(-0.0318312048460862,0.0788670618768306,0.005));
#10808=CARTESIAN_POINT('',(-0.0317649797287081,0.0790400403405092,0.005));
#10809=CARTESIAN_POINT('',(-0.0316901476148867,0.0792243724434901,0.005));
#10810=CARTESIAN_POINT('',(-0.0316062301898153,0.0794197779608231,0.005));
#10811=CARTESIAN_POINT('',(-0.0315127559214987,0.0796259624136074,0.005));
#10812=CARTESIAN_POINT('',(-0.0314092657526564,0.0798426158008142,0.005));
#10813=CARTESIAN_POINT('',(-0.0312952928155278,0.0800694185578059,0.005));
#10814=CARTESIAN_POINT('',(-0.0311704432027141,0.080306019432846,0.005));
#10815=CARTESIAN_POINT('',(-0.0310340843551623,0.0805521224453294,0.005));
#10816=CARTESIAN_POINT('',(-0.0309293624295781,0.0807331501230236,0.005));
#10817=CARTESIAN_POINT('',(-0.0308702840784285,0.0808319029462406,0.005));
#10818=CARTESIAN_POINT('',(-0.0308624247084409,0.0808449920325581,0.005));
#10819=CARTESIAN_POINT('',(-0.0317520601458142,0.0790708871457291,0.005));
#10820=CARTESIAN_POINT('',(-0.0319026512699298,0.0786654728034203,0.02));
#10821=CARTESIAN_POINT('',(-0.0318982138819213,0.0786784035866715,0.02));
#10822=CARTESIAN_POINT('',(-0.0318755028522769,0.0787440431806411,0.02));
#10823=CARTESIAN_POINT('',(-0.0318312048460862,0.0788670618768306,0.02));
#10824=CARTESIAN_POINT('',(-0.0317649797287081,0.0790400403405092,0.02));
#10825=CARTESIAN_POINT('',(-0.0316901476148867,0.0792243724434901,0.02));
#10826=CARTESIAN_POINT('',(-0.0316062301898153,0.0794197779608231,0.02));
#10827=CARTESIAN_POINT('',(-0.0315127559214987,0.0796259624136074,0.02));
#10828=CARTESIAN_POINT('',(-0.0314092657526564,0.0798426158008142,0.02));
#10829=CARTESIAN_POINT('',(-0.0312952928155278,0.0800694185578059,0.02));
#10830=CARTESIAN_POINT('',(-0.0311704432027141,0.080306019432846,0.02));
#10831=CARTESIAN_POINT('',(-0.0310340843551623,0.0805521224453294,0.02));
#10832=CARTESIAN_POINT('',(-0.0309293624295781,0.0807331501230236,0.02));
#10833=CARTESIAN_POINT('',(-0.0308702840784285,0.0808319029462406,0.02));
#10834=CARTESIAN_POINT('',(-0.0308624247084409,0.0808449920325581,0.02));
#10835=CARTESIAN_POINT('',(-0.0317520601458144,0.0790708871457289,0.02));
#10836=CARTESIAN_POINT('',(-0.0317520601458144,0.0790708871457287,0.02));
#10837=CARTESIAN_POINT('',(-0.0322923608266224,0.0792861987758184,0.01));
#10838=CARTESIAN_POINT('',(-0.0322923608266224,0.0792861987758184,0.005));
#10839=CARTESIAN_POINT('',(-0.0322923608266224,0.0792861987758184,0.02));
#10840=CARTESIAN_POINT('',(-0.0359707896430747,0.079255080873496,0.02));
#10841=CARTESIAN_POINT('',(-0.0359707896430747,0.079255080873496,0.005));
#10842=CARTESIAN_POINT('',(-0.0361388390148798,0.0798142452500693,0.02));
#10843=CARTESIAN_POINT('',(-0.0361388390148798,0.0798142452500693,0.005));
#10844=CARTESIAN_POINT('',(-0.0363819825079584,0.0804424840763362,0.02));
#10845=CARTESIAN_POINT('',(-0.0363819825079584,0.0804424840763362,0.005));
#10846=CARTESIAN_POINT('',(-0.0367024163137937,0.0810999715726256,0.02));
#10847=CARTESIAN_POINT('',(-0.0367024163137937,0.0810999715726256,0.005));
#10848=CARTESIAN_POINT('',(-0.0358561057456726,0.0788380843535771,0.005));
#10849=CARTESIAN_POINT('',(-0.0358593992560615,0.0788513526751419,0.005));
#10850=CARTESIAN_POINT('',(-0.0358763029958153,0.0789187218872965,0.005));
#10851=CARTESIAN_POINT('',(-0.0359097106488803,0.0790451332858385,0.005));
#10852=CARTESIAN_POINT('',(-0.0359606076932117,0.0792232254135328,0.005));
#10853=CARTESIAN_POINT('',(-0.0360190894469001,0.079413378125672,0.005));
#10854=CARTESIAN_POINT('',(-0.0360856568278335,0.0796153539515285,0.005));
#10855=CARTESIAN_POINT('',(-0.0361608052392131,0.0798289006295041,0.005));
#10856=CARTESIAN_POINT('',(-0.0362450190098376,0.0800537493476956,0.005));
#10857=CARTESIAN_POINT('',(-0.0363387910827883,0.0802896224477119,0.005));
#10858=CARTESIAN_POINT('',(-0.0364425444801331,0.0805362043457273,0.005));
#10859=CARTESIAN_POINT('',(-0.0365569351502568,0.0807932553185862,0.005));
#10860=CARTESIAN_POINT('',(-0.0366454809755903,0.0809827212485194,0.005));
#10861=CARTESIAN_POINT('',(-0.0366957276401217,0.0810862473050045,0.005));
#10862=CARTESIAN_POINT('',(-0.0367024163137937,0.0810999715726256,0.005));
#10863=CARTESIAN_POINT('',(-0.0359707896369716,0.0792550808531888,0.005));
#10864=CARTESIAN_POINT('',(-0.0359707896369716,0.0792550808531886,0.));
#10865=CARTESIAN_POINT('',(-0.0359707896369716,0.0792550808531888,0.02));
#10866=CARTESIAN_POINT('',(-0.0358561057456726,0.0788380843535771,0.02));
#10867=CARTESIAN_POINT('',(-0.0358593992560615,0.0788513526751419,0.02));
#10868=CARTESIAN_POINT('',(-0.0358763029958153,0.0789187218872965,0.02));
#10869=CARTESIAN_POINT('',(-0.0359097106488803,0.0790451332858385,0.02));
#10870=CARTESIAN_POINT('',(-0.0359606076932117,0.0792232254135328,0.02));
#10871=CARTESIAN_POINT('',(-0.0360190894469001,0.079413378125672,0.02));
#10872=CARTESIAN_POINT('',(-0.0360856568278335,0.0796153539515285,0.02));
#10873=CARTESIAN_POINT('',(-0.0361608052392131,0.0798289006295041,0.02));
#10874=CARTESIAN_POINT('',(-0.0362450190098376,0.0800537493476956,0.02));
#10875=CARTESIAN_POINT('',(-0.0363387910827883,0.0802896224477119,0.02));
#10876=CARTESIAN_POINT('',(-0.0364425444801331,0.0805362043457273,0.02));
#10877=CARTESIAN_POINT('',(-0.0365569351502568,0.0807932553185862,0.02));
#10878=CARTESIAN_POINT('',(-0.0366454809755903,0.0809827212485194,0.02));
#10879=CARTESIAN_POINT('',(-0.0366957276401217,0.0810862473050045,0.02));
#10880=CARTESIAN_POINT('',(-0.0367024163137937,0.0810999715726256,0.02));
#10881=CARTESIAN_POINT('',(-0.0348567689935907,0.079255080873496,0.02));
#10882=CARTESIAN_POINT('',(-0.0348567689935907,0.079255080873496,0.005));
#10883=CARTESIAN_POINT('',(-0.0346887196217855,0.0798142452500693,0.02));
#10884=CARTESIAN_POINT('',(-0.0346887196217855,0.0798142452500693,0.00499999999999996));
#10885=CARTESIAN_POINT('',(-0.0344455761287043,0.0804424840763362,0.02));
#10886=CARTESIAN_POINT('',(-0.0344455761287043,0.0804424840763362,0.005));
#10887=CARTESIAN_POINT('',(-0.0341251423228717,0.0810999715726256,0.02));
#10888=CARTESIAN_POINT('',(-0.0341251423228717,0.0810999715726256,0.005));
#10889=CARTESIAN_POINT('',(-0.0349714528909928,0.0788380843535771,0.005));
#10890=CARTESIAN_POINT('',(-0.0349681593806039,0.0788513526751419,0.005));
#10891=CARTESIAN_POINT('',(-0.0349512556408501,0.0789187218872965,0.005));
#10892=CARTESIAN_POINT('',(-0.034917847987785,0.0790451332858385,0.005));
#10893=CARTESIAN_POINT('',(-0.0348669509434536,0.0792232254135328,0.005));
#10894=CARTESIAN_POINT('',(-0.0348084691897653,0.079413378125672,0.005));
#10895=CARTESIAN_POINT('',(-0.0347419018088319,0.0796153539515285,0.005));
#10896=CARTESIAN_POINT('',(-0.0346667533974523,0.0798289006295041,0.005));
#10897=CARTESIAN_POINT('',(-0.0345825396268278,0.0800537493476956,0.005));
#10898=CARTESIAN_POINT('',(-0.0344887675538771,0.0802896224477119,0.005));
#10899=CARTESIAN_POINT('',(-0.0343850141565323,0.0805362043457273,0.005));
#10900=CARTESIAN_POINT('',(-0.0342706234864086,0.0807932553185862,0.005));
#10901=CARTESIAN_POINT('',(-0.034182077661075,0.0809827212485194,0.005));
#10902=CARTESIAN_POINT('',(-0.0341318309965436,0.0810862473050045,0.005));
#10903=CARTESIAN_POINT('',(-0.0341251423228717,0.0810999715726256,0.005));
#10904=CARTESIAN_POINT('',(-0.0348567689996937,0.0792550808531891,0.005));
#10905=CARTESIAN_POINT('',(-0.0349714528909928,0.0788380843535771,0.02));
#10906=CARTESIAN_POINT('',(-0.0349681593806039,0.0788513526751419,0.02));
#10907=CARTESIAN_POINT('',(-0.0349512556408501,0.0789187218872965,0.02));
#10908=CARTESIAN_POINT('',(-0.034917847987785,0.0790451332858385,0.02));
#10909=CARTESIAN_POINT('',(-0.0348669509434536,0.0792232254135328,0.02));
#10910=CARTESIAN_POINT('',(-0.0348084691897653,0.079413378125672,0.02));
#10911=CARTESIAN_POINT('',(-0.0347419018088319,0.0796153539515285,0.02));
#10912=CARTESIAN_POINT('',(-0.0346667533974523,0.0798289006295041,0.02));
#10913=CARTESIAN_POINT('',(-0.0345825396268278,0.0800537493476956,0.02));
#10914=CARTESIAN_POINT('',(-0.0344887675538771,0.0802896224477119,0.02));
#10915=CARTESIAN_POINT('',(-0.0343850141565323,0.0805362043457273,0.02));
#10916=CARTESIAN_POINT('',(-0.0342706234864086,0.0807932553185862,0.02));
#10917=CARTESIAN_POINT('',(-0.034182077661075,0.0809827212485194,0.02));
#10918=CARTESIAN_POINT('',(-0.0341318309965436,0.0810862473050045,0.02));
#10919=CARTESIAN_POINT('',(-0.0341251423228717,0.0810999715726256,0.02));
#10920=CARTESIAN_POINT('',(-0.0348567689996937,0.0792550808531888,0.02));
#10921=CARTESIAN_POINT('',(-0.0348567689996938,0.0792550808531886,0.02));
#10922=CARTESIAN_POINT('',(-0.0354137793183327,0.0794224828503785,0.01));
#10923=CARTESIAN_POINT('',(-0.0354137793183327,0.0794224828503785,0.005));
#10924=CARTESIAN_POINT('',(-0.0354137793183327,0.0794224828503785,0.02));
#10925=CARTESIAN_POINT('',(-0.0390754984987008,0.0790708871654269,0.02));
#10926=CARTESIAN_POINT('',(-0.0390754984987008,0.0790708871654269,0.005));
#10927=CARTESIAN_POINT('',(-0.0392916427784689,0.0796132772849129,0.02));
#10928=CARTESIAN_POINT('',(-0.0392916427784689,0.0796132772849129,0.005));
#10929=CARTESIAN_POINT('',(-0.0395886156586781,0.0802179341210399,0.02));
#10930=CARTESIAN_POINT('',(-0.0395886156586781,0.0802179341210399,0.005));
#10931=CARTESIAN_POINT('',(-0.0399651339282244,0.0808449920325581,0.02));
#10932=CARTESIAN_POINT('',(-0.0399651339282244,0.0808449920325581,0.005));
#10933=CARTESIAN_POINT('',(-0.0389249073667355,0.0786654728034203,0.005));
#10934=CARTESIAN_POINT('',(-0.0389293447547441,0.0786784035866715,0.005));
#10935=CARTESIAN_POINT('',(-0.0389520557843884,0.0787440431806411,0.005));
#10936=CARTESIAN_POINT('',(-0.0389963537905792,0.0788670618768306,0.005));
#10937=CARTESIAN_POINT('',(-0.0390625789079573,0.0790400403405092,0.005));
#10938=CARTESIAN_POINT('',(-0.0391374110217787,0.0792243724434901,0.005));
#10939=CARTESIAN_POINT('',(-0.03922132844685,0.0794197779608231,0.005));
#10940=CARTESIAN_POINT('',(-0.0393148027151667,0.0796259624136074,0.005));
#10941=CARTESIAN_POINT('',(-0.0394182928840089,0.0798426158008142,0.005));
#10942=CARTESIAN_POINT('',(-0.0395322658211376,0.0800694185578059,0.005));
#10943=CARTESIAN_POINT('',(-0.0396571154339512,0.080306019432846,0.005));
#10944=CARTESIAN_POINT('',(-0.0397934742815031,0.0805521224453294,0.005));
#10945=CARTESIAN_POINT('',(-0.0398981962070872,0.0807331501230236,0.005));
#10946=CARTESIAN_POINT('',(-0.039957274558237,0.0808319029462406,0.005));
#10947=CARTESIAN_POINT('',(-0.0399651339282244,0.0808449920325581,0.005));
#10948=CARTESIAN_POINT('',(-0.039075498490851,0.0790708871457289,0.005));
#10949=CARTESIAN_POINT('',(-0.039075498490851,0.0790708871457287,0.));
#10950=CARTESIAN_POINT('',(-0.039075498490851,0.0790708871457289,0.02));
#10951=CARTESIAN_POINT('',(-0.0389249073667355,0.0786654728034203,0.02));
#10952=CARTESIAN_POINT('',(-0.0389293447547441,0.0786784035866715,0.02));
#10953=CARTESIAN_POINT('',(-0.0389520557843884,0.0787440431806411,0.02));
#10954=CARTESIAN_POINT('',(-0.0389963537905792,0.0788670618768306,0.02));
#10955=CARTESIAN_POINT('',(-0.0390625789079573,0.0790400403405092,0.02));
#10956=CARTESIAN_POINT('',(-0.0391374110217787,0.0792243724434901,0.02));
#10957=CARTESIAN_POINT('',(-0.03922132844685,0.0794197779608231,0.02));
#10958=CARTESIAN_POINT('',(-0.0393148027151667,0.0796259624136074,0.02));
#10959=CARTESIAN_POINT('',(-0.0394182928840089,0.0798426158008142,0.02));
#10960=CARTESIAN_POINT('',(-0.0395322658211376,0.0800694185578059,0.02));
#10961=CARTESIAN_POINT('',(-0.0396571154339512,0.080306019432846,0.02));
#10962=CARTESIAN_POINT('',(-0.0397934742815031,0.0805521224453294,0.02));
#10963=CARTESIAN_POINT('',(-0.0398981962070872,0.0807331501230236,0.02));
#10964=CARTESIAN_POINT('',(-0.039957274558237,0.0808319029462406,0.02));
#10965=CARTESIAN_POINT('',(-0.0399651339282244,0.0808449920325581,0.02));
#10966=CARTESIAN_POINT('',(-0.03796571703412,0.079167980462569,0.02));
#10967=CARTESIAN_POINT('',(-0.03796571703412,0.079167980462569,0.00499999999999999));
#10968=CARTESIAN_POINT('',(-0.0378470415274684,0.0797396635176909,0.02));
#10969=CARTESIAN_POINT('',(-0.0378470415274684,0.0797396635176909,0.00499999999999999));
#10970=CARTESIAN_POINT('',(-0.0376595778903132,0.0803867030572833,0.02));
#10971=CARTESIAN_POINT('',(-0.0376595778903132,0.0803867030572833,0.00499999999999999));
#10972=CARTESIAN_POINT('',(-0.0373976672429381,0.0810696162615012,0.02));
#10973=CARTESIAN_POINT('',(-0.0373976672429381,0.0810696162615012,0.00499999999999999));
#10974=CARTESIAN_POINT('',(-0.0380436208832517,0.0787425753800437,0.005));
#10975=CARTESIAN_POINT('',(-0.0380414963160852,0.0787560802599833,0.005));
#10976=CARTESIAN_POINT('',(-0.0380305285138882,0.0788246663699399,0.005));
#10977=CARTESIAN_POINT('',(-0.0380082654663608,0.078953508403762,0.005));
#10978=CARTESIAN_POINT('',(-0.0379730838523161,0.0791353588068454,0.005));
#10979=CARTESIAN_POINT('',(-0.0379313975402186,0.0793298849511861,0.005));
#10980=CARTESIAN_POINT('',(-0.0378826868213865,0.0795368939275751,0.005));
#10981=CARTESIAN_POINT('',(-0.0378264361917304,0.0797561776115795,0.005));
#10982=CARTESIAN_POINT('',(-0.0377621397369678,0.0799875104262431,0.005));
#10983=CARTESIAN_POINT('',(-0.0376892821902913,0.0802306587325688,0.005));
#10984=CARTESIAN_POINT('',(-0.0376074146344171,0.0804853450164252,0.005));
#10985=CARTESIAN_POINT('',(-0.0375158627237923,0.0807513876365447,0.005));
#10986=CARTESIAN_POINT('',(-0.0374441668859055,0.0809478498685872,0.005));
#10987=CARTESIAN_POINT('',(-0.0374031343154493,0.0810553612625399,0.005));
#10988=CARTESIAN_POINT('',(-0.0373976672429381,0.0810696162615012,0.005));
#10989=CARTESIAN_POINT('',(-0.0379657170384299,0.0791679804418074,0.005));
#10990=CARTESIAN_POINT('',(-0.0380436208832517,0.0787425753800437,0.02));
#10991=CARTESIAN_POINT('',(-0.0380414963160852,0.0787560802599833,0.02));
#10992=CARTESIAN_POINT('',(-0.0380305285138882,0.0788246663699399,0.02));
#10993=CARTESIAN_POINT('',(-0.0380082654663608,0.078953508403762,0.02));
#10994=CARTESIAN_POINT('',(-0.0379730838523161,0.0791353588068454,0.02));
#10995=CARTESIAN_POINT('',(-0.0379313975402186,0.0793298849511861,0.02));
#10996=CARTESIAN_POINT('',(-0.0378826868213865,0.0795368939275751,0.02));
#10997=CARTESIAN_POINT('',(-0.0378264361917304,0.0797561776115795,0.02));
#10998=CARTESIAN_POINT('',(-0.0377621397369678,0.0799875104262431,0.02));
#10999=CARTESIAN_POINT('',(-0.0376892821902913,0.0802306587325688,0.02));
#11000=CARTESIAN_POINT('',(-0.0376074146344171,0.0804853450164252,0.02));
#11001=CARTESIAN_POINT('',(-0.0375158627237923,0.0807513876365447,0.02));
#11002=CARTESIAN_POINT('',(-0.0374441668859055,0.0809478498685872,0.02));
#11003=CARTESIAN_POINT('',(-0.0374031343154493,0.0810553612625399,0.02));
#11004=CARTESIAN_POINT('',(-0.0373976672429381,0.0810696162615012,0.02));
#11005=CARTESIAN_POINT('',(-0.0379657170384299,0.0791679804418071,0.02));
#11006=CARTESIAN_POINT('',(-0.03796571703843,0.0791679804418069,0.02));
#11007=CARTESIAN_POINT('',(-0.038535197810043,0.0792861987758184,0.01));
#11008=CARTESIAN_POINT('',(-0.038535197810043,0.0792861987758184,0.005));
#11009=CARTESIAN_POINT('',(-0.038535197810043,0.0792861987758184,0.02));
#11010=CARTESIAN_POINT('',(-0.0421523394603577,0.0786168011636993,0.02));
#11011=CARTESIAN_POINT('',(-0.0421523394603577,0.0786168011636993,0.00500000000000001));
#11012=CARTESIAN_POINT('',(-0.0424149336596085,0.0791382891097848,0.02));
#11013=CARTESIAN_POINT('',(-0.0424149336596085,0.0791382891097848,0.00500000000000004));
#11014=CARTESIAN_POINT('',(-0.042763475784009,0.0797147621521476,0.02));
#11015=CARTESIAN_POINT('',(-0.042763475784009,0.0797147621521476,0.00500000000000001));
#11016=CARTESIAN_POINT('',(-0.0431932129858908,0.0803066181895595,0.02));
#11017=CARTESIAN_POINT('',(-0.0431932129858908,0.0803066181895595,0.00500000000000001));
#11018=CARTESIAN_POINT('',(-0.041966987183273,0.0782260544076957,0.005));
#11019=CARTESIAN_POINT('',(-0.0419725346776991,0.078238549241565,0.005));
#11020=CARTESIAN_POINT('',(-0.0420008801525851,0.0783019596604052,0.005));
#11021=CARTESIAN_POINT('',(-0.0420557313773266,0.0784206494076836,0.005));
#11022=CARTESIAN_POINT('',(-0.0421367805546205,0.0785871977367906,0.005));
#11023=CARTESIAN_POINT('',(-0.0422273935110039,0.0787643063520068,0.005));
#11024=CARTESIAN_POINT('',(-0.0423280223179376,0.0789516544068402,0.005));
#11025=CARTESIAN_POINT('',(-0.0424391110475681,0.0791489074462499,0.005));
#11026=CARTESIAN_POINT('',(-0.0425610899919542,0.0793557166393765,0.005));
#11027=CARTESIAN_POINT('',(-0.0426943963903905,0.0795717229474156,0.005));
#11028=CARTESIAN_POINT('',(-0.0428393920377331,0.0797965421239579,0.005));
#11029=CARTESIAN_POINT('',(-0.0429966812895476,0.0800298241835396,0.005));
#11030=CARTESIAN_POINT('',(-0.0431167823182958,0.0802010358790603,0.005));
#11031=CARTESIAN_POINT('',(-0.0431842427341391,0.0802942639003959,0.005));
#11032=CARTESIAN_POINT('',(-0.0431932129858908,0.0803066181895595,0.005));
#11033=CARTESIAN_POINT('',(-0.0421523394508211,0.0786168011447604,0.005));
#11034=CARTESIAN_POINT('',(-0.042152339450821,0.0786168011447603,0.));
#11035=CARTESIAN_POINT('',(-0.0421523394508211,0.0786168011447604,0.02));
#11036=CARTESIAN_POINT('',(-0.041966987183273,0.0782260544076957,0.02));
#11037=CARTESIAN_POINT('',(-0.0419725346776991,0.078238549241565,0.02));
#11038=CARTESIAN_POINT('',(-0.0420008801525851,0.0783019596604052,0.02));
#11039=CARTESIAN_POINT('',(-0.0420557313773266,0.0784206494076836,0.02));
#11040=CARTESIAN_POINT('',(-0.0421367805546205,0.0785871977367906,0.02));
#11041=CARTESIAN_POINT('',(-0.0422273935110039,0.0787643063520068,0.02));
#11042=CARTESIAN_POINT('',(-0.0423280223179376,0.0789516544068402,0.02));
#11043=CARTESIAN_POINT('',(-0.0424391110475681,0.0791489074462499,0.02));
#11044=CARTESIAN_POINT('',(-0.0425610899919542,0.0793557166393765,0.02));
#11045=CARTESIAN_POINT('',(-0.0426943963903905,0.0795717229474156,0.02));
#11046=CARTESIAN_POINT('',(-0.0428393920377331,0.0797965421239579,0.02));
#11047=CARTESIAN_POINT('',(-0.0429966812895476,0.0800298241835396,0.02));
#11048=CARTESIAN_POINT('',(-0.0431167823182958,0.0802010358790603,0.02));
#11049=CARTESIAN_POINT('',(-0.0431842427341391,0.0802942639003959,0.02));
#11050=CARTESIAN_POINT('',(-0.0431932129858908,0.0803066181895595,0.02));
#11051=CARTESIAN_POINT('',(-0.0410552432877301,0.0788102488193656,0.02));
#11052=CARTESIAN_POINT('',(-0.0410552432877301,0.0788102488193656,0.005));
#11053=CARTESIAN_POINT('',(-0.0409868448384957,0.079390099699795,0.02));
#11054=CARTESIAN_POINT('',(-0.0409868448384957,0.079390099699795,0.005));
#11055=CARTESIAN_POINT('',(-0.0408564877687366,0.0800510155911332,0.02));
#11056=CARTESIAN_POINT('',(-0.0408564877687366,0.0800510155911332,0.005));
#11057=CARTESIAN_POINT('',(-0.040655093577994,0.0807541571214314,0.02));
#11058=CARTESIAN_POINT('',(-0.040655093577994,0.0807541571214314,0.005));
#11059=CARTESIAN_POINT('',(-0.04109577419326,0.0783796727637787,0.005));
#11060=CARTESIAN_POINT('',(-0.0410948347385547,0.0783933114218023,0.005));
#11061=CARTESIAN_POINT('',(-0.0410898863455119,0.0784625924478506,0.005));
#11062=CARTESIAN_POINT('',(-0.0410789373387565,0.0785928845512787,0.005));
#11063=CARTESIAN_POINT('',(-0.0410597389083246,0.0787771092383792,0.005));
#11064=CARTESIAN_POINT('',(-0.041035165295824,0.0789745283535049,0.005));
#11065=CARTESIAN_POINT('',(-0.0410046819570758,0.0791849950171206,0.005));
#11066=CARTESIAN_POINT('',(-0.0409677572103999,0.0794083468259116,0.005));
#11067=CARTESIAN_POINT('',(-0.0409238674063432,0.079644403154645,0.005));
#11068=CARTESIAN_POINT('',(-0.0408724788758638,0.079892976161852,0.005));
#11069=CARTESIAN_POINT('',(-0.0408131202229933,0.0801538285151456,0.005));
#11070=CARTESIAN_POINT('',(-0.0407451038371877,0.0804268380375455,0.005));
#11071=CARTESIAN_POINT('',(-0.0406908036353652,0.0806288013754845,0.005));
#11072=CARTESIAN_POINT('',(-0.0406592974416214,0.0807394798802796,0.005));
#11073=CARTESIAN_POINT('',(-0.040655093577994,0.0807541571214314,0.005));
#11074=CARTESIAN_POINT('',(-0.0410552432902141,0.0788102487983074,0.005));
#11075=CARTESIAN_POINT('',(-0.04109577419326,0.0783796727637787,0.02));
#11076=CARTESIAN_POINT('',(-0.0410948347385547,0.0783933114218023,0.02));
#11077=CARTESIAN_POINT('',(-0.0410898863455119,0.0784625924478506,0.02));
#11078=CARTESIAN_POINT('',(-0.0410789373387565,0.0785928845512787,0.02));
#11079=CARTESIAN_POINT('',(-0.0410597389083246,0.0787771092383792,0.02));
#11080=CARTESIAN_POINT('',(-0.041035165295824,0.0789745283535049,0.02));
#11081=CARTESIAN_POINT('',(-0.0410046819570758,0.0791849950171206,0.02));
#11082=CARTESIAN_POINT('',(-0.0409677572103999,0.0794083468259116,0.02));
#11083=CARTESIAN_POINT('',(-0.0409238674063432,0.079644403154645,0.02));
#11084=CARTESIAN_POINT('',(-0.0408724788758638,0.079892976161852,0.02));
#11085=CARTESIAN_POINT('',(-0.0408131202229933,0.0801538285151456,0.02));
#11086=CARTESIAN_POINT('',(-0.0407451038371877,0.0804268380375455,0.02));
#11087=CARTESIAN_POINT('',(-0.0406908036353652,0.0806288013754845,0.02));
#11088=CARTESIAN_POINT('',(-0.0406592974416214,0.0807394798802796,0.02));
#11089=CARTESIAN_POINT('',(-0.040655093577994,0.0807541571214314,0.02));
#11090=CARTESIAN_POINT('',(-0.0410552432902141,0.0788102487983071,0.02));
#11091=CARTESIAN_POINT('',(-0.0410552432902141,0.0788102487983069,0.02));
#11092=CARTESIAN_POINT('',(-0.0416328604222674,0.078878383756236,0.01));
#11093=CARTESIAN_POINT('',(-0.0416328604222674,0.078878383756236,0.005));
#11094=CARTESIAN_POINT('',(-0.0416328604222674,0.078878383756236,0.02));
#11095=CARTESIAN_POINT('',(-0.04517789591048,0.0778962787369711,0.02));
#11096=CARTESIAN_POINT('',(-0.04517789591048,0.0778962787369711,0.005));
#11097=CARTESIAN_POINT('',(-0.0454849415287982,0.0783928956715035,0.02));
#11098=CARTESIAN_POINT('',(-0.0454849415287982,0.0783928956715035,0.005));
#11099=CARTESIAN_POINT('',(-0.0458824002813667,0.078936797612167,0.02));
#11100=CARTESIAN_POINT('',(-0.0458824002813667,0.078936797612167,0.005));
#11101=CARTESIAN_POINT('',(-0.0463620858559966,0.0794889473936538,0.02));
#11102=CARTESIAN_POINT('',(-0.0463620858559966,0.0794889473936538,0.005));
#11103=CARTESIAN_POINT('',(-0.0449591931310233,0.0775231734057229,0.005));
#11104=CARTESIAN_POINT('',(-0.0449658085120846,0.07753513719698,0.005));
#11105=CARTESIAN_POINT('',(-0.0449995727060328,0.0775958358491152,0.005));
#11106=CARTESIAN_POINT('',(-0.0450645596983848,0.0777092933468387,0.005));
#11107=CARTESIAN_POINT('',(-0.0451598161024163,0.0778681440080251,0.005));
#11108=CARTESIAN_POINT('',(-0.0452655202820501,0.0780366812319737,0.005));
#11109=CARTESIAN_POINT('',(-0.0453820946248641,0.0782145459924864,0.005));
#11110=CARTESIAN_POINT('',(-0.0455099523634987,0.078401366403787,0.005));
#11111=CARTESIAN_POINT('',(-0.0456494917500089,0.0785967574599987,0.005));
#11112=CARTESIAN_POINT('',(-0.0458011170675683,0.0788003233806529,0.005));
#11113=CARTESIAN_POINT('',(-0.0459651552450128,0.0790116498490144,0.005));
#11114=CARTESIAN_POINT('',(-0.0461421778349098,0.0792303355383615,0.005));
#11115=CARTESIAN_POINT('',(-0.0462767439254743,0.0793904282273252,0.005));
#11116=CARTESIAN_POINT('',(-0.0463520729915127,0.0794774219252444,0.005));
#11117=CARTESIAN_POINT('',(-0.0463620858559966,0.0794889473936538,0.005));
#11118=CARTESIAN_POINT('',(-0.045177895899329,0.0778962787189354,0.005));
#11119=CARTESIAN_POINT('',(-0.0451778958993289,0.0778962787189352,0.));
#11120=CARTESIAN_POINT('',(-0.045177895899329,0.0778962787189354,0.02));
#11121=CARTESIAN_POINT('',(-0.0449591931310233,0.0775231734057229,0.02));
#11122=CARTESIAN_POINT('',(-0.0449658085120846,0.07753513719698,0.02));
#11123=CARTESIAN_POINT('',(-0.0449995727060328,0.0775958358491152,0.02));
#11124=CARTESIAN_POINT('',(-0.0450645596983848,0.0777092933468387,0.02));
#11125=CARTESIAN_POINT('',(-0.0451598161024163,0.0778681440080251,0.02));
#11126=CARTESIAN_POINT('',(-0.0452655202820501,0.0780366812319737,0.02));
#11127=CARTESIAN_POINT('',(-0.0453820946248641,0.0782145459924864,0.02));
#11128=CARTESIAN_POINT('',(-0.0455099523634987,0.078401366403787,0.02));
#11129=CARTESIAN_POINT('',(-0.0456494917500089,0.0785967574599987,0.02));
#11130=CARTESIAN_POINT('',(-0.0458011170675683,0.0788003233806529,0.02));
#11131=CARTESIAN_POINT('',(-0.0459651552450128,0.0790116498490144,0.02));
#11132=CARTESIAN_POINT('',(-0.0461421778349098,0.0792303355383615,0.02));
#11133=CARTESIAN_POINT('',(-0.0462767439254743,0.0793904282273252,0.02));
#11134=CARTESIAN_POINT('',(-0.0463520729915127,0.0794774219252444,0.02));
#11135=CARTESIAN_POINT('',(-0.0463620858559966,0.0794889473936538,0.02));
#11136=CARTESIAN_POINT('',(-0.044101834594124,0.078184608497695,0.02));
#11137=CARTESIAN_POINT('',(-0.044101834594124,0.078184608497695,0.005));
#11138=CARTESIAN_POINT('',(-0.0440842337558058,0.0787682141881084,0.02));
#11139=CARTESIAN_POINT('',(-0.0440842337558058,0.0787682141881084,0.005));
#11140=CARTESIAN_POINT('',(-0.044011975349456,0.0794379764621803,0.02));
#11141=CARTESIAN_POINT('',(-0.044011975349456,0.0794379764621803,0.005));
#11142=CARTESIAN_POINT('',(-0.0438726303467419,0.0801559949869518,0.02));
#11143=CARTESIAN_POINT('',(-0.0438726303467419,0.0801559949869518,0.005));
#11144=CARTESIAN_POINT('',(-0.0441046840913877,0.0777521384128184,0.005));
#11145=CARTESIAN_POINT('',(-0.0441049368989614,0.0777658070505032,0.005));
#11146=CARTESIAN_POINT('',(-0.0441060455753315,0.0778352557222019,0.005));
#11147=CARTESIAN_POINT('',(-0.044106493937901,0.0779660062936563,0.005));
#11148=CARTESIAN_POINT('',(-0.0441034248027296,0.0781512032036674,0.005));
#11149=CARTESIAN_POINT('',(-0.0440961509098549,0.078350012810907,0.005));
#11150=CARTESIAN_POINT('',(-0.0440841269478049,0.0785623353833561,0.005));
#11151=CARTESIAN_POINT('',(-0.0440668091037272,0.0787880554748052,0.005));
#11152=CARTESIAN_POINT('',(-0.0440436599782867,0.0790270387864119,0.005));
#11153=CARTESIAN_POINT('',(-0.0440141315617505,0.0792791447038229,0.005));
#11154=CARTESIAN_POINT('',(-0.0439777335670738,0.0795441778826382,0.005));
#11155=CARTESIAN_POINT('',(-0.0439337703518528,0.0798220765400055,0.005));
#11156=CARTESIAN_POINT('',(-0.0438972790434179,0.0800280039208904,0.005));
#11157=CARTESIAN_POINT('',(-0.0438755390075448,0.0801410072062769,0.005));
#11158=CARTESIAN_POINT('',(-0.0438726303467419,0.0801559949869518,0.005));
#11159=CARTESIAN_POINT('',(-0.0441018345947632,0.0781846084765004,0.005));
#11160=CARTESIAN_POINT('',(-0.0441046840913877,0.0777521384128184,0.02));
#11161=CARTESIAN_POINT('',(-0.0441049368989614,0.0777658070505032,0.02));
#11162=CARTESIAN_POINT('',(-0.0441060455753315,0.0778352557222019,0.02));
#11163=CARTESIAN_POINT('',(-0.044106493937901,0.0779660062936563,0.02));
#11164=CARTESIAN_POINT('',(-0.0441034248027296,0.0781512032036674,0.02));
#11165=CARTESIAN_POINT('',(-0.0440961509098549,0.078350012810907,0.02));
#11166=CARTESIAN_POINT('',(-0.0440841269478049,0.0785623353833561,0.02));
#11167=CARTESIAN_POINT('',(-0.0440668091037272,0.0787880554748052,0.02));
#11168=CARTESIAN_POINT('',(-0.0440436599782867,0.0790270387864119,0.02));
#11169=CARTESIAN_POINT('',(-0.0440141315617505,0.0792791447038229,0.02));
#11170=CARTESIAN_POINT('',(-0.0439777335670738,0.0795441778826382,0.02));
#11171=CARTESIAN_POINT('',(-0.0439337703518528,0.0798220765400055,0.02));
#11172=CARTESIAN_POINT('',(-0.0438972790434179,0.0800280039208904,0.02));
#11173=CARTESIAN_POINT('',(-0.0438755390075448,0.0801410072062769,0.02));
#11174=CARTESIAN_POINT('',(-0.0438726303467419,0.0801559949869518,0.02));
#11175=CARTESIAN_POINT('',(-0.0441018345947632,0.0781846084765002,0.02));
#11176=CARTESIAN_POINT('',(-0.0441018345947632,0.0781846084764999,0.02));
#11177=CARTESIAN_POINT('',(-0.044683192072107,0.0782021415101757,0.01));
#11178=CARTESIAN_POINT('',(-0.044683192072107,0.0782021415101757,0.005));
#11179=CARTESIAN_POINT('',(-0.044683192072107,0.0782021415101757,0.02));
#11180=CARTESIAN_POINT('',(-0.0481291415376012,0.0769148034959727,0.02));
#11181=CARTESIAN_POINT('',(-0.0481291415376012,0.0769148034959727,0.005));
#11182=CARTESIAN_POINT('',(-0.0484783017724326,0.0773827698642143,0.02));
#11183=CARTESIAN_POINT('',(-0.0484783017724326,0.0773827698642143,0.005));
#11184=CARTESIAN_POINT('',(-0.0489216522520771,0.0778899612809912,0.02));
#11185=CARTESIAN_POINT('',(-0.0489216522520771,0.0778899612809912,0.005));
#11186=CARTESIAN_POINT('',(-0.0494476355025825,0.0783982026133212,0.02));
#11187=CARTESIAN_POINT('',(-0.0494476355025825,0.0783982026133212,0.005));
#11188=CARTESIAN_POINT('',(-0.0478787527159805,0.0765621791463381,0.005));
#11189=CARTESIAN_POINT('',(-0.0478863856366327,0.0765735208433075,0.005));
#11190=CARTESIAN_POINT('',(-0.0479253115837399,0.076631045775344,0.005));
#11191=CARTESIAN_POINT('',(-0.0479999397534502,0.0767384075434476,0.005));
#11192=CARTESIAN_POINT('',(-0.0481086784254674,0.076888351587265,0.005));
#11193=CARTESIAN_POINT('',(-0.0482286693557186,0.0770470347499062,0.005));
#11194=CARTESIAN_POINT('',(-0.0483603020332745,0.077214062557873,0.005));
#11195=CARTESIAN_POINT('',(-0.0485039557063196,0.0773890285249293,0.005));
#11196=CARTESIAN_POINT('',(-0.0486599935559665,0.0775715144003081,0.005));
#11197=CARTESIAN_POINT('',(-0.0488287838324283,0.0777610906740048,0.005));
#11198=CARTESIAN_POINT('',(-0.0490106161103954,0.0779573161121587,0.005));
#11199=CARTESIAN_POINT('',(-0.0492060247895766,0.0781597411011293,0.005));
#11200=CARTESIAN_POINT('',(-0.049354031812755,0.0783074963815063,0.005));
#11201=CARTESIAN_POINT('',(-0.0494366562293113,0.0783875936814398,0.005));
#11202=CARTESIAN_POINT('',(-0.0494476355025825,0.0783982026133212,0.005));
#11203=CARTESIAN_POINT('',(-0.0481291415249207,0.0769148034789775,0.005));
#11204=CARTESIAN_POINT('',(-0.0481291415249206,0.0769148034789774,0.));
#11205=CARTESIAN_POINT('',(-0.0481291415249207,0.0769148034789775,0.02));
#11206=CARTESIAN_POINT('',(-0.0478787527159805,0.0765621791463381,0.02));
#11207=CARTESIAN_POINT('',(-0.0478863856366327,0.0765735208433075,0.02));
#11208=CARTESIAN_POINT('',(-0.0479253115837399,0.076631045775344,0.02));
#11209=CARTESIAN_POINT('',(-0.0479999397534502,0.0767384075434476,0.02));
#11210=CARTESIAN_POINT('',(-0.0481086784254674,0.076888351587265,0.02));
#11211=CARTESIAN_POINT('',(-0.0482286693557186,0.0770470347499062,0.02));
#11212=CARTESIAN_POINT('',(-0.0483603020332745,0.077214062557873,0.02));
#11213=CARTESIAN_POINT('',(-0.0485039557063196,0.0773890285249293,0.02));
#11214=CARTESIAN_POINT('',(-0.0486599935559665,0.0775715144003081,0.02));
#11215=CARTESIAN_POINT('',(-0.0488287838324283,0.0777610906740048,0.02));
#11216=CARTESIAN_POINT('',(-0.0490106161103954,0.0779573161121587,0.02));
#11217=CARTESIAN_POINT('',(-0.0492060247895766,0.0781597411011293,0.02));
#11218=CARTESIAN_POINT('',(-0.049354031812755,0.0783074963815063,0.02));
#11219=CARTESIAN_POINT('',(-0.0494366562293113,0.0783875936814398,0.02));
#11220=CARTESIAN_POINT('',(-0.0494476355025825,0.0783982026133212,0.02));
#11221=CARTESIAN_POINT('',(-0.0470823045538779,0.077295820998177,0.02));
#11222=CARTESIAN_POINT('',(-0.0470823045538779,0.077295820998177,0.005));
#11223=CARTESIAN_POINT('',(-0.047115635279483,0.0778787399068798,0.02));
#11224=CARTESIAN_POINT('',(-0.047115635279483,0.0778787399068798,0.005));
#11225=CARTESIAN_POINT('',(-0.0471020254666445,0.0785522512683615,0.02));
#11226=CARTESIAN_POINT('',(-0.0471020254666445,0.0785522512683615,0.00500000000000001));
#11227=CARTESIAN_POINT('',(-0.0470257901515696,0.0792796822330859,0.02));
#11228=CARTESIAN_POINT('',(-0.0470257901515696,0.0792796822330859,0.00500000000000001));
#11229=CARTESIAN_POINT('',(-0.0470474509564807,0.0768647482424892,0.005));
#11230=CARTESIAN_POINT('',(-0.047048894102315,0.0768783428332491,0.005));
#11231=CARTESIAN_POINT('',(-0.0470560514104015,0.0769474306042723,0.005));
#11232=CARTESIAN_POINT('',(-0.0470678937299858,0.0770776445529549,0.005));
#11233=CARTESIAN_POINT('',(-0.047080977248047,0.0772624042255663,0.005));
#11234=CARTESIAN_POINT('',(-0.0470910584335151,0.0774610912637644,0.005));
#11235=CARTESIAN_POINT('',(-0.0470975853577747,0.0776736538420665,0.005));
#11236=CARTESIAN_POINT('',(-0.0471000062155454,0.0779000243499843,0.005));
#11237=CARTESIAN_POINT('',(-0.0470977739475435,0.0781401158371611,0.005));
#11238=CARTESIAN_POINT('',(-0.0470903303740302,0.0783938359865188,0.005));
#11239=CARTESIAN_POINT('',(-0.0470771700482645,0.0786610329283336,0.005));
#11240=CARTESIAN_POINT('',(-0.0470575945902417,0.0789417057440858,0.005));
#11241=CARTESIAN_POINT('',(-0.0470391898960855,0.0791500299362058,0.005));
#11242=CARTESIAN_POINT('',(-0.0470273814728832,0.0792644979789486,0.005));
#11243=CARTESIAN_POINT('',(-0.0470257901515696,0.0792796822330859,0.005));
#11244=CARTESIAN_POINT('',(-0.0470823045526674,0.0772958209770074,0.005));
#11245=CARTESIAN_POINT('',(-0.0470474509564807,0.0768647482424892,0.02));
#11246=CARTESIAN_POINT('',(-0.047048894102315,0.0768783428332491,0.02));
#11247=CARTESIAN_POINT('',(-0.0470560514104015,0.0769474306042723,0.02));
#11248=CARTESIAN_POINT('',(-0.0470678937299858,0.0770776445529549,0.02));
#11249=CARTESIAN_POINT('',(-0.047080977248047,0.0772624042255663,0.02));
#11250=CARTESIAN_POINT('',(-0.0470910584335151,0.0774610912637644,0.02));
#11251=CARTESIAN_POINT('',(-0.0470975853577747,0.0776736538420665,0.02));
#11252=CARTESIAN_POINT('',(-0.0471000062155454,0.0779000243499843,0.02));
#11253=CARTESIAN_POINT('',(-0.0470977739475435,0.0781401158371611,0.02));
#11254=CARTESIAN_POINT('',(-0.0470903303740302,0.0783938359865188,0.02));
#11255=CARTESIAN_POINT('',(-0.0470771700482645,0.0786610329283336,0.02));
#11256=CARTESIAN_POINT('',(-0.0470575945902417,0.0789417057440858,0.02));
#11257=CARTESIAN_POINT('',(-0.0470391898960855,0.0791500299362058,0.02));
#11258=CARTESIAN_POINT('',(-0.0470273814728832,0.0792644979789486,0.02));
#11259=CARTESIAN_POINT('',(-0.0470257901515696,0.0792796822330859,0.02));
#11260=CARTESIAN_POINT('',(-0.0470823045526674,0.0772958209770071,0.02));
#11261=CARTESIAN_POINT('',(-0.0470823045526674,0.0772958209770069,0.02));
#11262=CARTESIAN_POINT('',(-0.0476629778938659,0.0772626186494563,0.01));
#11263=CARTESIAN_POINT('',(-0.0476629778938659,0.0772626186494563,0.005));
#11264=CARTESIAN_POINT('',(-0.0476629778938659,0.0772626186494563,0.02));
#11265=CARTESIAN_POINT('',(-0.0509836155804881,0.0756798450599193,0.02));
#11266=CARTESIAN_POINT('',(-0.0509836155804881,0.0756798450599193,0.005));
#11267=CARTESIAN_POINT('',(-0.0513722331116163,0.076115599355242,0.02));
#11268=CARTESIAN_POINT('',(-0.0513722331116163,0.076115599355242,0.005));
#11269=CARTESIAN_POINT('',(-0.0518581011534721,0.076582220215206,0.02));
#11270=CARTESIAN_POINT('',(-0.0518581011534721,0.076582220215206,0.005));
#11271=CARTESIAN_POINT('',(-0.0524263790297323,0.0770426850749496,0.02));
#11272=CARTESIAN_POINT('',(-0.0524263790297323,0.0770426850749496,0.005));
#11273=CARTESIAN_POINT('',(-0.0507034463268249,0.0753503853761193,0.005));
#11274=CARTESIAN_POINT('',(-0.0507120386959329,0.0753610186616388,0.005));
#11275=CARTESIAN_POINT('',(-0.0507558301462375,0.0754149320741094,0.005));
#11276=CARTESIAN_POINT('',(-0.050839531527873,0.075515381024711,0.005));
#11277=CARTESIAN_POINT('',(-0.0509609249009235,0.0756552772864473,0.005));
#11278=CARTESIAN_POINT('',(-0.0510942893783603,0.0758028987130978,0.005));
#11279=CARTESIAN_POINT('',(-0.0512399785865001,0.075957818386046,0.005));
#11280=CARTESIAN_POINT('',(-0.0513983349027634,0.0761195983122013,0.005));
#11281=CARTESIAN_POINT('',(-0.0515696836732928,0.0762877901790476,0.005));
#11282=CARTESIAN_POINT('',(-0.0517543543127349,0.0764619340158746,0.005));
#11283=CARTESIAN_POINT('',(-0.051952596837796,0.0766415650297525,0.005));
#11284=CARTESIAN_POINT('',(-0.0521649044282218,0.0768261887419529,0.005));
#11285=CARTESIAN_POINT('',(-0.0523252259611986,0.0769604821068426,0.005));
#11286=CARTESIAN_POINT('',(-0.0524145169065726,0.0770330734199738,0.005));
#11287=CARTESIAN_POINT('',(-0.0524263790297323,0.0770426850749496,0.005));
#11288=CARTESIAN_POINT('',(-0.0509836155663747,0.075679845044094,0.005));
#11289=CARTESIAN_POINT('',(-0.0509836155663746,0.0756798450440938,0.));
#11290=CARTESIAN_POINT('',(-0.0509836155663747,0.075679845044094,0.02));
#11291=CARTESIAN_POINT('',(-0.0507034463268249,0.0753503853761193,0.02));
#11292=CARTESIAN_POINT('',(-0.0507120386959329,0.0753610186616388,0.02));
#11293=CARTESIAN_POINT('',(-0.0507558301462375,0.0754149320741094,0.02));
#11294=CARTESIAN_POINT('',(-0.050839531527873,0.075515381024711,0.02));
#11295=CARTESIAN_POINT('',(-0.0509609249009235,0.0756552772864473,0.02));
#11296=CARTESIAN_POINT('',(-0.0510942893783603,0.0758028987130978,0.02));
#11297=CARTESIAN_POINT('',(-0.0512399785865001,0.075957818386046,0.02));
#11298=CARTESIAN_POINT('',(-0.0513983349027634,0.0761195983122013,0.02));
#11299=CARTESIAN_POINT('',(-0.0515696836732928,0.0762877901790476,0.02));
#11300=CARTESIAN_POINT('',(-0.0517543543127349,0.0764619340158746,0.02));
#11301=CARTESIAN_POINT('',(-0.051952596837796,0.0766415650297525,0.02));
#11302=CARTESIAN_POINT('',(-0.0521649044282218,0.0768261887419529,0.02));
#11303=CARTESIAN_POINT('',(-0.0523252259611986,0.0769604821068426,0.02));
#11304=CARTESIAN_POINT('',(-0.0524145169065726,0.0770330734199738,0.02));
#11305=CARTESIAN_POINT('',(-0.0524263790297323,0.0770426850749496,0.02));
#11306=CARTESIAN_POINT('',(-0.0499739699909411,0.0761506505303475,0.02));
#11307=CARTESIAN_POINT('',(-0.0499739699909411,0.0761506505303475,0.005));
#11308=CARTESIAN_POINT('',(-0.0500579786135221,0.0767284462924683,0.02));
#11309=CARTESIAN_POINT('',(-0.0500579786135221,0.0767284462924683,0.00499999999999996));
#11310=CARTESIAN_POINT('',(-0.050103120973091,0.0774005809132272,0.02));
#11311=CARTESIAN_POINT('',(-0.050103120973091,0.0774005809132272,0.005));
#11312=CARTESIAN_POINT('',(-0.0500905755424325,0.0781318881290226,0.02));
#11313=CARTESIAN_POINT('',(-0.0500905755424325,0.0781318881290226,0.005));
#11314=CARTESIAN_POINT('',(-0.0499016785558043,0.0757242558278081,0.005));
#11315=CARTESIAN_POINT('',(-0.0499043010566881,0.0757376729085987,0.005));
#11316=CARTESIAN_POINT('',(-0.0499174525250548,0.0758058739792927,0.005));
#11317=CARTESIAN_POINT('',(-0.0499405986744514,0.0759345602984286,0.005));
#11318=CARTESIAN_POINT('',(-0.0499697352722726,0.076117476600971,0.005));
#11319=CARTESIAN_POINT('',(-0.0499970948121748,0.0763145289417962,0.005));
#11320=CARTESIAN_POINT('',(-0.0500221229489093,0.0765257137963818,0.005));
#11321=CARTESIAN_POINT('',(-0.0500442640843391,0.0767510119045167,0.005));
#11322=CARTESIAN_POINT('',(-0.0500629656626832,0.0769903843260749,0.005));
#11323=CARTESIAN_POINT('',(-0.0500776635822817,0.0772437877438424,0.005));
#11324=CARTESIAN_POINT('',(-0.0500878410834525,0.0775111149185915,0.005));
#11325=CARTESIAN_POINT('',(-0.0500928023636835,0.077792425803126,0.005));
#11326=CARTESIAN_POINT('',(-0.0500926243546415,0.0780015613335894,0.005));
#11327=CARTESIAN_POINT('',(-0.0500908374133407,0.0781166229627655,0.005));
#11328=CARTESIAN_POINT('',(-0.0500905755424325,0.0781318881290226,0.005));
#11329=CARTESIAN_POINT('',(-0.0499739699878902,0.0761506505093639,0.005));
#11330=CARTESIAN_POINT('',(-0.0499016785558043,0.0757242558278081,0.02));
#11331=CARTESIAN_POINT('',(-0.0499043010566881,0.0757376729085987,0.02));
#11332=CARTESIAN_POINT('',(-0.0499174525250548,0.0758058739792927,0.02));
#11333=CARTESIAN_POINT('',(-0.0499405986744514,0.0759345602984286,0.02));
#11334=CARTESIAN_POINT('',(-0.0499697352722726,0.076117476600971,0.02));
#11335=CARTESIAN_POINT('',(-0.0499970948121748,0.0763145289417962,0.02));
#11336=CARTESIAN_POINT('',(-0.0500221229489093,0.0765257137963818,0.02));
#11337=CARTESIAN_POINT('',(-0.0500442640843391,0.0767510119045167,0.02));
#11338=CARTESIAN_POINT('',(-0.0500629656626832,0.0769903843260749,0.02));
#11339=CARTESIAN_POINT('',(-0.0500776635822817,0.0772437877438424,0.02));
#11340=CARTESIAN_POINT('',(-0.0500878410834525,0.0775111149185915,0.02));
#11341=CARTESIAN_POINT('',(-0.0500928023636835,0.077792425803126,0.02));
#11342=CARTESIAN_POINT('',(-0.0500926243546415,0.0780015613335894,0.02));
#11343=CARTESIAN_POINT('',(-0.0500908374133407,0.0781166229627655,0.02));
#11344=CARTESIAN_POINT('',(-0.0500905755424325,0.0781318881290226,0.02));
#11345=CARTESIAN_POINT('',(-0.0499739699878902,0.0761506505093637,0.02));
#11346=CARTESIAN_POINT('',(-0.0499739699878902,0.0761506505093635,0.02));
#11347=CARTESIAN_POINT('',(-0.0505495399181967,0.0760669655103474,0.01));
#11348=CARTESIAN_POINT('',(-0.0505495399181967,0.0760669655103474,0.005));
#11349=CARTESIAN_POINT('',(-0.0505495399181967,0.0760669655103474,0.02));
#11350=CARTESIAN_POINT('',(-0.053719593768096,0.0742008022081975,0.02));
#11351=CARTESIAN_POINT('',(-0.053719593768096,0.0742008022081975,0.005));
#11352=CARTESIAN_POINT('',(-0.0541447109814559,0.0746010280772987,0.02));
#11353=CARTESIAN_POINT('',(-0.0541447109814559,0.0746010280772987,0.005));
#11354=CARTESIAN_POINT('',(-0.054669398836359,0.0750235271139494,0.02));
#11355=CARTESIAN_POINT('',(-0.054669398836359,0.0750235271139494,0.005));
#11356=CARTESIAN_POINT('',(-0.0552756464005897,0.0754327110854899,0.02));
#11357=CARTESIAN_POINT('',(-0.0552756464005897,0.0754327110854899,0.005));
#11358=CARTESIAN_POINT('',(-0.0534117763395813,0.0738970145773591,0.005));
#11359=CARTESIAN_POINT('',(-0.0534212627640281,0.0739068585257053,0.005));
#11360=CARTESIAN_POINT('',(-0.0534695864381512,0.0739567501049873,0.005));
#11361=CARTESIAN_POINT('',(-0.0535617240136573,0.07404952176092,0.005));
#11362=CARTESIAN_POINT('',(-0.0536948482108729,0.0741783055455516,0.005));
#11363=CARTESIAN_POINT('',(-0.0538405712512945,0.0743137417480185,0.005));
#11364=CARTESIAN_POINT('',(-0.0539992082071745,0.0744553742536939,0.005));
#11365=CARTESIAN_POINT('',(-0.0541710619794711,0.0746027368960247,0.005));
#11366=CARTESIAN_POINT('',(-0.0543564176032761,0.0747553547126748,0.005));
#11367=CARTESIAN_POINT('',(-0.0545555631506251,0.0749127407728829,0.005));
#11368=CARTESIAN_POINT('',(-0.0547687071774623,0.0750744102620051,0.005));
#11369=CARTESIAN_POINT('',(-0.0549962978901749,0.0752398275995067,0.005));
#11370=CARTESIAN_POINT('',(-0.0551677137892793,0.0753596369953136,0.005));
#11371=CARTESIAN_POINT('',(-0.0552629917054615,0.0754241698579177,0.005));
#11372=CARTESIAN_POINT('',(-0.0552756464005897,0.0754327110854899,0.005));
#11373=CARTESIAN_POINT('',(-0.053719593752657,0.0742008021936625,0.005));
#11374=CARTESIAN_POINT('',(-0.0537195937526568,0.0742008021936624,0.));
#11375=CARTESIAN_POINT('',(-0.053719593752657,0.0742008021936625,0.02));
#11376=CARTESIAN_POINT('',(-0.0534117763395813,0.0738970145773591,0.02));
#11377=CARTESIAN_POINT('',(-0.0534212627640281,0.0739068585257053,0.02));
#11378=CARTESIAN_POINT('',(-0.0534695864381512,0.0739567501049873,0.02));
#11379=CARTESIAN_POINT('',(-0.0535617240136573,0.07404952176092,0.02));
#11380=CARTESIAN_POINT('',(-0.0536948482108729,0.0741783055455516,0.02));
#11381=CARTESIAN_POINT('',(-0.0538405712512945,0.0743137417480185,0.02));
#11382=CARTESIAN_POINT('',(-0.0539992082071745,0.0744553742536939,0.02));
#11383=CARTESIAN_POINT('',(-0.0541710619794711,0.0746027368960247,0.02));
#11384=CARTESIAN_POINT('',(-0.0543564176032761,0.0747553547126748,0.02));
#11385=CARTESIAN_POINT('',(-0.0545555631506251,0.0749127407728829,0.02));
#11386=CARTESIAN_POINT('',(-0.0547687071774623,0.0750744102620051,0.02));
#11387=CARTESIAN_POINT('',(-0.0549962978901749,0.0752398275995067,0.02));
#11388=CARTESIAN_POINT('',(-0.0551677137892793,0.0753596369953136,0.02));
#11389=CARTESIAN_POINT('',(-0.0552629917054615,0.0754241698579177,0.02));
#11390=CARTESIAN_POINT('',(-0.0552756464005897,0.0754327110854899,0.02));
#11391=CARTESIAN_POINT('',(-0.0527548235853023,0.0747578125329396,0.02));
#11392=CARTESIAN_POINT('',(-0.0527548235853023,0.0747578125329396,0.005));
#11393=CARTESIAN_POINT('',(-0.0528888707485156,0.075326087773846,0.02));
#11394=CARTESIAN_POINT('',(-0.0528888707485156,0.075326087773846,0.005));
#11395=CARTESIAN_POINT('',(-0.0529924217198798,0.0759917303035738,0.02));
#11396=CARTESIAN_POINT('',(-0.0529924217198798,0.0759917303035738,0.005));
#11397=CARTESIAN_POINT('',(-0.0530436616519382,0.076721348080951,0.02));
#11398=CARTESIAN_POINT('',(-0.0530436616519382,0.076721348080951,0.005));
#11399=CARTESIAN_POINT('',(-0.0526456444938981,0.074339341004699,0.005));
#11400=CARTESIAN_POINT('',(-0.0526494263910161,0.0743524784634342,0.005));
#11401=CARTESIAN_POINT('',(-0.0526684719290476,0.0744192737824699,0.005));
#11402=CARTESIAN_POINT('',(-0.0527027457520835,0.0745454530914677,0.005));
#11403=CARTESIAN_POINT('',(-0.0527477136825621,0.0747251339204307,0.005));
#11404=CARTESIAN_POINT('',(-0.0527921433542797,0.0749190518765859,0.005));
#11405=CARTESIAN_POINT('',(-0.0528354822242563,0.0751272517631947,0.005));
#11406=CARTESIAN_POINT('',(-0.0528771751299353,0.0753497628169051,0.005));
#11407=CARTESIAN_POINT('',(-0.0529166682243218,0.0755865944041796,0.005));
#11408=CARTESIAN_POINT('',(-0.0529533957769891,0.0758377525373385,0.005));
#11409=CARTESIAN_POINT('',(-0.0529868336481672,0.0761031754238055,0.005));
#11410=CARTESIAN_POINT('',(-0.0530162939083137,0.0763829834314307,0.005));
#11411=CARTESIAN_POINT('',(-0.0530343439391423,0.0765913386525713,0.005));
#11412=CARTESIAN_POINT('',(-0.0530425920794453,0.0767061181797067,0.005));
#11413=CARTESIAN_POINT('',(-0.0530436616519382,0.076721348080951,0.005));
#11414=CARTESIAN_POINT('',(-0.0527548235804342,0.0747578125123018,0.005));
#11415=CARTESIAN_POINT('',(-0.0526456444938981,0.074339341004699,0.02));
#11416=CARTESIAN_POINT('',(-0.0526494263910161,0.0743524784634342,0.02));
#11417=CARTESIAN_POINT('',(-0.0526684719290476,0.0744192737824699,0.02));
#11418=CARTESIAN_POINT('',(-0.0527027457520835,0.0745454530914677,0.02));
#11419=CARTESIAN_POINT('',(-0.0527477136825621,0.0747251339204307,0.02));
#11420=CARTESIAN_POINT('',(-0.0527921433542797,0.0749190518765859,0.02));
#11421=CARTESIAN_POINT('',(-0.0528354822242563,0.0751272517631947,0.02));
#11422=CARTESIAN_POINT('',(-0.0528771751299353,0.0753497628169051,0.02));
#11423=CARTESIAN_POINT('',(-0.0529166682243218,0.0755865944041796,0.02));
#11424=CARTESIAN_POINT('',(-0.0529533957769891,0.0758377525373385,0.02));
#11425=CARTESIAN_POINT('',(-0.0529868336481672,0.0761031754238055,0.02));
#11426=CARTESIAN_POINT('',(-0.0530162939083137,0.0763829834314307,0.02));
#11427=CARTESIAN_POINT('',(-0.0530343439391423,0.0765913386525713,0.02));
#11428=CARTESIAN_POINT('',(-0.0530425920794453,0.0767061181797067,0.02));
#11429=CARTESIAN_POINT('',(-0.0530436616519382,0.076721348080951,0.02));
#11430=CARTESIAN_POINT('',(-0.0527548235804341,0.0747578125123015,0.02));
#11431=CARTESIAN_POINT('',(-0.0527548235804341,0.0747578125123013,0.02));
#11432=CARTESIAN_POINT('',(-0.0533209096651404,0.0746242817351926,0.01));
#11433=CARTESIAN_POINT('',(-0.0533209096651404,0.0746242817351926,0.005));
#11434=CARTESIAN_POINT('',(-0.0533209096651404,0.0746242817351926,0.02));
#11435=CARTESIAN_POINT('',(-0.0691013781597469,0.0552767473923083,0.02));
#11436=CARTESIAN_POINT('',(-0.0691013781597469,0.0552767473923083,0.005));
#11437=CARTESIAN_POINT('',(-0.0696842970684495,0.0553100781179136,0.02));
#11438=CARTESIAN_POINT('',(-0.0696842970684495,0.0553100781179136,0.005));
#11439=CARTESIAN_POINT('',(-0.0703578084299312,0.0552964683050753,0.02));
#11440=CARTESIAN_POINT('',(-0.0703578084299312,0.0552964683050753,0.005));
#11441=CARTESIAN_POINT('',(-0.0710852393946555,0.05522023299,0.02));
#11442=CARTESIAN_POINT('',(-0.0710852393946555,0.05522023299,0.005));
#11443=CARTESIAN_POINT('',(-0.0686703054040588,0.0552418937949111,0.005));
#11444=CARTESIAN_POINT('',(-0.0686838999948187,0.0552433369407454,0.005));
#11445=CARTESIAN_POINT('',(-0.0687529877658419,0.0552504942488319,0.005));
#11446=CARTESIAN_POINT('',(-0.0688832017145245,0.0552623365684162,0.005));
#11447=CARTESIAN_POINT('',(-0.0690679613871359,0.0552754200864774,0.005));
#11448=CARTESIAN_POINT('',(-0.069266648425334,0.0552855012719455,0.005));
#11449=CARTESIAN_POINT('',(-0.0694792110036362,0.0552920281962051,0.005));
#11450=CARTESIAN_POINT('',(-0.0697055815115539,0.0552944490539758,0.005));
#11451=CARTESIAN_POINT('',(-0.0699456729987307,0.0552922167859739,0.005));
#11452=CARTESIAN_POINT('',(-0.0701993931480884,0.0552847732124606,0.005));
#11453=CARTESIAN_POINT('',(-0.0704665900899032,0.0552716128866949,0.005));
#11454=CARTESIAN_POINT('',(-0.0707472629056554,0.0552520374286721,0.005));
#11455=CARTESIAN_POINT('',(-0.0709555870977754,0.0552336327345159,0.005));
#11456=CARTESIAN_POINT('',(-0.0710700551405182,0.0552218243113136,0.005));
#11457=CARTESIAN_POINT('',(-0.0710852393946555,0.05522023299,0.005));
#11458=CARTESIAN_POINT('',(-0.069101378138577,0.0552767473910978,0.005));
#11459=CARTESIAN_POINT('',(-0.0691013781385765,0.0552767473910978,0.));
#11460=CARTESIAN_POINT('',(-0.0691013781385767,0.0552767473910978,0.02));
#11461=CARTESIAN_POINT('',(-0.0686703054040588,0.0552418937949111,0.02));
#11462=CARTESIAN_POINT('',(-0.0686838999948187,0.0552433369407454,0.02));
#11463=CARTESIAN_POINT('',(-0.0687529877658419,0.0552504942488319,0.02));
#11464=CARTESIAN_POINT('',(-0.0688832017145245,0.0552623365684162,0.02));
#11465=CARTESIAN_POINT('',(-0.0690679613871359,0.0552754200864774,0.02));
#11466=CARTESIAN_POINT('',(-0.069266648425334,0.0552855012719455,0.02));
#11467=CARTESIAN_POINT('',(-0.0694792110036362,0.0552920281962051,0.02));
#11468=CARTESIAN_POINT('',(-0.0697055815115539,0.0552944490539758,0.02));
#11469=CARTESIAN_POINT('',(-0.0699456729987307,0.0552922167859739,0.02));
#11470=CARTESIAN_POINT('',(-0.0701993931480884,0.0552847732124606,0.02));
#11471=CARTESIAN_POINT('',(-0.0704665900899032,0.0552716128866949,0.02));
#11472=CARTESIAN_POINT('',(-0.0707472629056554,0.0552520374286721,0.02));
#11473=CARTESIAN_POINT('',(-0.0709555870977754,0.0552336327345159,0.02));
#11474=CARTESIAN_POINT('',(-0.0710700551405182,0.0552218243113136,0.02));
#11475=CARTESIAN_POINT('',(-0.0710852393946555,0.05522023299,0.02));
#11476=CARTESIAN_POINT('',(-0.0687203606575423,0.0563235843760316,0.02));
#11477=CARTESIAN_POINT('',(-0.0687203606575423,0.0563235843760316,0.00500000000000001));
#11478=CARTESIAN_POINT('',(-0.069188327025784,0.056672744610863,0.02));
#11479=CARTESIAN_POINT('',(-0.069188327025784,0.056672744610863,0.00500000000000001));
#11480=CARTESIAN_POINT('',(-0.0696955184425655,0.0571160950905072,0.02));
#11481=CARTESIAN_POINT('',(-0.0696955184425655,0.0571160950905072,0.00500000000000001));
#11482=CARTESIAN_POINT('',(-0.0702037597748908,0.0576420783410129,0.02));
#11483=CARTESIAN_POINT('',(-0.0702037597748908,0.0576420783410129,0.00500000000000001));
#11484=CARTESIAN_POINT('',(-0.0683677363079077,0.0560731955544109,0.005));
#11485=CARTESIAN_POINT('',(-0.0683790780048771,0.0560808284750631,0.005));
#11486=CARTESIAN_POINT('',(-0.0684366029369136,0.0561197544221703,0.005));
#11487=CARTESIAN_POINT('',(-0.0685439647050172,0.0561943825918806,0.005));
#11488=CARTESIAN_POINT('',(-0.0686939087488346,0.0563031212638978,0.005));
#11489=CARTESIAN_POINT('',(-0.0688525919114758,0.056423112194149,0.005));
#11490=CARTESIAN_POINT('',(-0.0690196197194426,0.0565547448717049,0.005));
#11491=CARTESIAN_POINT('',(-0.0691945856864989,0.05669839854475,0.005));
#11492=CARTESIAN_POINT('',(-0.0693770715618777,0.0568544363943969,0.005));
#11493=CARTESIAN_POINT('',(-0.0695666478355744,0.0570232266708587,0.005));
#11494=CARTESIAN_POINT('',(-0.0697628732737283,0.0572050589488258,0.005));
#11495=CARTESIAN_POINT('',(-0.0699652982626989,0.057400467628007,0.005));
#11496=CARTESIAN_POINT('',(-0.070113053543076,0.0575484746511854,0.005));
#11497=CARTESIAN_POINT('',(-0.0701931508430095,0.0576310990677417,0.005));
#11498=CARTESIAN_POINT('',(-0.0702037597748908,0.0576420783410129,0.005));
#11499=CARTESIAN_POINT('',(-0.0687203606405472,0.0563235843633511,0.005));
#11500=CARTESIAN_POINT('',(-0.0683677363079077,0.0560731955544109,0.02));
#11501=CARTESIAN_POINT('',(-0.0683790780048771,0.0560808284750631,0.02));
#11502=CARTESIAN_POINT('',(-0.0684366029369136,0.0561197544221703,0.02));
#11503=CARTESIAN_POINT('',(-0.0685439647050172,0.0561943825918806,0.02));
#11504=CARTESIAN_POINT('',(-0.0686939087488346,0.0563031212638978,0.02));
#11505=CARTESIAN_POINT('',(-0.0688525919114758,0.056423112194149,0.02));
#11506=CARTESIAN_POINT('',(-0.0690196197194426,0.0565547448717049,0.02));
#11507=CARTESIAN_POINT('',(-0.0691945856864989,0.05669839854475,0.02));
#11508=CARTESIAN_POINT('',(-0.0693770715618777,0.0568544363943969,0.02));
#11509=CARTESIAN_POINT('',(-0.0695666478355744,0.0570232266708587,0.02));
#11510=CARTESIAN_POINT('',(-0.0697628732737283,0.0572050589488258,0.02));
#11511=CARTESIAN_POINT('',(-0.0699652982626989,0.057400467628007,0.02));
#11512=CARTESIAN_POINT('',(-0.070113053543076,0.0575484746511854,0.02));
#11513=CARTESIAN_POINT('',(-0.0701931508430095,0.0576310990677417,0.02));
#11514=CARTESIAN_POINT('',(-0.0702037597748908,0.0576420783410129,0.02));
#11515=CARTESIAN_POINT('',(-0.0687203606405472,0.0563235843633511,0.02));
#11516=CARTESIAN_POINT('',(-0.068720360640547,0.056323584363351,0.02));
#11517=CARTESIAN_POINT('',(-0.0690681758110259,0.0558574207322963,0.01));
#11518=CARTESIAN_POINT('',(-0.0690681758110259,0.0558574207322963,0.005));
#11519=CARTESIAN_POINT('',(-0.0690681758110259,0.0558574207322963,0.02));
#11520=CARTESIAN_POINT('',(-0.0679562076919174,0.0581684128293716,0.02));
#11521=CARTESIAN_POINT('',(-0.0679562076919174,0.0581684128293716,0.00500000000000001));
#11522=CARTESIAN_POINT('',(-0.0685340034540382,0.0582524214519525,0.02));
#11523=CARTESIAN_POINT('',(-0.0685340034540382,0.0582524214519525,0.00500000000000001));
#11524=CARTESIAN_POINT('',(-0.0692061380748016,0.0582975638115217,0.02));
#11525=CARTESIAN_POINT('',(-0.0692061380748016,0.0582975638115217,0.00500000000000001));
#11526=CARTESIAN_POINT('',(-0.0699374452905922,0.0582850183808629,0.02));
#11527=CARTESIAN_POINT('',(-0.0699374452905922,0.0582850183808629,0.00500000000000001));
#11528=CARTESIAN_POINT('',(-0.0675298129893777,0.0580961213942347,0.005));
#11529=CARTESIAN_POINT('',(-0.0675432300701684,0.0580987438951185,0.005));
#11530=CARTESIAN_POINT('',(-0.0676114311408623,0.0581118953634852,0.005));
#11531=CARTESIAN_POINT('',(-0.0677401174599983,0.0581350415128818,0.005));
#11532=CARTESIAN_POINT('',(-0.0679230337625406,0.058164178110703,0.005));
#11533=CARTESIAN_POINT('',(-0.0681200861033658,0.0581915376506052,0.005));
#11534=CARTESIAN_POINT('',(-0.0683312709579514,0.0582165657873398,0.005));
#11535=CARTESIAN_POINT('',(-0.0685565690660863,0.0582387069227695,0.005));
#11536=CARTESIAN_POINT('',(-0.0687959414876445,0.0582574085011136,0.005));
#11537=CARTESIAN_POINT('',(-0.069049344905412,0.0582721064207121,0.005));
#11538=CARTESIAN_POINT('',(-0.0693166720801611,0.0582822839218829,0.005));
#11539=CARTESIAN_POINT('',(-0.0695979829646956,0.0582872452021139,0.005));
#11540=CARTESIAN_POINT('',(-0.069807118495159,0.0582870671930719,0.005));
#11541=CARTESIAN_POINT('',(-0.0699221801243352,0.0582852802517711,0.005));
#11542=CARTESIAN_POINT('',(-0.0699374452905922,0.0582850183808629,0.005));
#11543=CARTESIAN_POINT('',(-0.0679562076709336,0.0581684128263206,0.005));
#11544=CARTESIAN_POINT('',(-0.0679562076709331,0.0581684128263206,0.));
#11545=CARTESIAN_POINT('',(-0.0679562076709333,0.0581684128263206,0.02));
#11546=CARTESIAN_POINT('',(-0.0675298129893777,0.0580961213942347,0.02));
#11547=CARTESIAN_POINT('',(-0.0675432300701684,0.0580987438951185,0.02));
#11548=CARTESIAN_POINT('',(-0.0676114311408623,0.0581118953634852,0.02));
#11549=CARTESIAN_POINT('',(-0.0677401174599983,0.0581350415128818,0.02));
#11550=CARTESIAN_POINT('',(-0.0679230337625406,0.058164178110703,0.02));
#11551=CARTESIAN_POINT('',(-0.0681200861033658,0.0581915376506052,0.02));
#11552=CARTESIAN_POINT('',(-0.0683312709579514,0.0582165657873398,0.02));
#11553=CARTESIAN_POINT('',(-0.0685565690660863,0.0582387069227695,0.02));
#11554=CARTESIAN_POINT('',(-0.0687959414876445,0.0582574085011136,0.02));
#11555=CARTESIAN_POINT('',(-0.069049344905412,0.0582721064207121,0.02));
#11556=CARTESIAN_POINT('',(-0.0693166720801611,0.0582822839218829,0.02));
#11557=CARTESIAN_POINT('',(-0.0695979829646956,0.0582872452021139,0.02));
#11558=CARTESIAN_POINT('',(-0.069807118495159,0.0582870671930719,0.02));
#11559=CARTESIAN_POINT('',(-0.0699221801243352,0.0582852802517711,0.02));
#11560=CARTESIAN_POINT('',(-0.0699374452905922,0.0582850183808629,0.02));
#11561=CARTESIAN_POINT('',(-0.0674854022214889,0.0591780584189186,0.02));
#11562=CARTESIAN_POINT('',(-0.0674854022214889,0.0591780584189186,0.00500000000000001));
#11563=CARTESIAN_POINT('',(-0.0679211565168118,0.0595666759500469,0.02));
#11564=CARTESIAN_POINT('',(-0.0679211565168118,0.0595666759500469,0.00500000000000005));
#11565=CARTESIAN_POINT('',(-0.068387777376775,0.0600525439919075,0.02));
#11566=CARTESIAN_POINT('',(-0.068387777376775,0.0600525439919075,0.00500000000000002));
#11567=CARTESIAN_POINT('',(-0.0688482422365192,0.0606208218681627,0.02));
#11568=CARTESIAN_POINT('',(-0.0688482422365192,0.0606208218681627,0.00500000000000002));
#11569=CARTESIAN_POINT('',(-0.067155942537689,0.0588978891652553,0.005));
#11570=CARTESIAN_POINT('',(-0.0671665758232084,0.0589064815343634,0.005));
#11571=CARTESIAN_POINT('',(-0.0672204892356791,0.0589502729846679,0.005));
#11572=CARTESIAN_POINT('',(-0.0673209381862806,0.0590339743663034,0.005));
#11573=CARTESIAN_POINT('',(-0.0674608344480169,0.0591553677393539,0.005));
#11574=CARTESIAN_POINT('',(-0.0676084558746674,0.0592887322167908,0.005));
#11575=CARTESIAN_POINT('',(-0.0677633755476156,0.0594344214249305,0.005));
#11576=CARTESIAN_POINT('',(-0.0679251554737709,0.0595927777411938,0.005));
#11577=CARTESIAN_POINT('',(-0.0680933473406172,0.0597641265117232,0.005));
#11578=CARTESIAN_POINT('',(-0.0682674911774442,0.0599487971511653,0.005));
#11579=CARTESIAN_POINT('',(-0.0684471221913222,0.0601470396762264,0.005));
#11580=CARTESIAN_POINT('',(-0.0686317459035226,0.0603593472666522,0.005));
#11581=CARTESIAN_POINT('',(-0.0687660392684122,0.060519668799629,0.005));
#11582=CARTESIAN_POINT('',(-0.0688386305815434,0.0606089597450031,0.005));
#11583=CARTESIAN_POINT('',(-0.0688482422365192,0.0606208218681627,0.005));
#11584=CARTESIAN_POINT('',(-0.0674854022056636,0.0591780584048052,0.005));
#11585=CARTESIAN_POINT('',(-0.067155942537689,0.0588978891652553,0.02));
#11586=CARTESIAN_POINT('',(-0.0671665758232084,0.0589064815343634,0.02));
#11587=CARTESIAN_POINT('',(-0.0672204892356791,0.0589502729846679,0.02));
#11588=CARTESIAN_POINT('',(-0.0673209381862806,0.0590339743663034,0.02));
#11589=CARTESIAN_POINT('',(-0.0674608344480169,0.0591553677393539,0.02));
#11590=CARTESIAN_POINT('',(-0.0676084558746674,0.0592887322167908,0.02));
#11591=CARTESIAN_POINT('',(-0.0677633755476156,0.0594344214249305,0.02));
#11592=CARTESIAN_POINT('',(-0.0679251554737709,0.0595927777411938,0.02));
#11593=CARTESIAN_POINT('',(-0.0680933473406172,0.0597641265117232,0.02));
#11594=CARTESIAN_POINT('',(-0.0682674911774442,0.0599487971511653,0.02));
#11595=CARTESIAN_POINT('',(-0.0684471221913222,0.0601470396762264,0.02));
#11596=CARTESIAN_POINT('',(-0.0686317459035226,0.0603593472666522,0.02));
#11597=CARTESIAN_POINT('',(-0.0687660392684122,0.060519668799629,0.02));
#11598=CARTESIAN_POINT('',(-0.0688386305815434,0.0606089597450031,0.02));
#11599=CARTESIAN_POINT('',(-0.0688482422365192,0.0606208218681627,0.02));
#11600=CARTESIAN_POINT('',(-0.0674854022056636,0.0591780584048051,0.02));
#11601=CARTESIAN_POINT('',(-0.0674854022056635,0.059178058404805,0.02));
#11602=CARTESIAN_POINT('',(-0.067872522671917,0.0587439827566271,0.01));
#11603=CARTESIAN_POINT('',(-0.067872522671917,0.0587439827566271,0.005));
#11604=CARTESIAN_POINT('',(-0.067872522671917,0.0587439827566271,0.02));
#11605=CARTESIAN_POINT('',(-0.0665633696945094,0.0609492664237327,0.02));
#11606=CARTESIAN_POINT('',(-0.0665633696945094,0.0609492664237327,0.005));
#11607=CARTESIAN_POINT('',(-0.0671316449354157,0.061083313586946,0.02));
#11608=CARTESIAN_POINT('',(-0.0671316449354157,0.061083313586946,0.00500000000000004));
#11609=CARTESIAN_POINT('',(-0.0677972874651435,0.0611868645583102,0.02));
#11610=CARTESIAN_POINT('',(-0.0677972874651435,0.0611868645583102,0.005));
#11611=CARTESIAN_POINT('',(-0.0685269052425206,0.0612381044903686,0.02));
#11612=CARTESIAN_POINT('',(-0.0685269052425206,0.0612381044903686,0.005));
#11613=CARTESIAN_POINT('',(-0.0661448981662686,0.0608400873323285,0.005));
#11614=CARTESIAN_POINT('',(-0.0661580356250038,0.0608438692294465,0.005));
#11615=CARTESIAN_POINT('',(-0.0662248309440395,0.060862914767478,0.005));
#11616=CARTESIAN_POINT('',(-0.0663510102530373,0.0608971885905139,0.005));
#11617=CARTESIAN_POINT('',(-0.0665306910820003,0.0609421565209925,0.005));
#11618=CARTESIAN_POINT('',(-0.0667246090381555,0.0609865861927101,0.005));
#11619=CARTESIAN_POINT('',(-0.0669328089247643,0.0610299250626867,0.005));
#11620=CARTESIAN_POINT('',(-0.0671553199784747,0.0610716179683657,0.005));
#11621=CARTESIAN_POINT('',(-0.0673921515657492,0.0611111110627522,0.005));
#11622=CARTESIAN_POINT('',(-0.0676433096989081,0.0611478386154195,0.005));
#11623=CARTESIAN_POINT('',(-0.0679087325853751,0.0611812764865976,0.005));
#11624=CARTESIAN_POINT('',(-0.0681885405930004,0.061210736746744,0.005));
#11625=CARTESIAN_POINT('',(-0.0683968958141409,0.0612287867775727,0.005));
#11626=CARTESIAN_POINT('',(-0.0685116753412763,0.0612370349178757,0.005));
#11627=CARTESIAN_POINT('',(-0.0685269052425206,0.0612381044903686,0.005));
#11628=CARTESIAN_POINT('',(-0.0665633696738713,0.0609492664188646,0.005));
#11629=CARTESIAN_POINT('',(-0.0665633696738709,0.0609492664188645,0.));
#11630=CARTESIAN_POINT('',(-0.0665633696738711,0.0609492664188645,0.02));
#11631=CARTESIAN_POINT('',(-0.0661448981662686,0.0608400873323285,0.02));
#11632=CARTESIAN_POINT('',(-0.0661580356250038,0.0608438692294465,0.02));
#11633=CARTESIAN_POINT('',(-0.0662248309440395,0.060862914767478,0.02));
#11634=CARTESIAN_POINT('',(-0.0663510102530373,0.0608971885905139,0.02));
#11635=CARTESIAN_POINT('',(-0.0665306910820003,0.0609421565209925,0.02));
#11636=CARTESIAN_POINT('',(-0.0667246090381555,0.0609865861927101,0.02));
#11637=CARTESIAN_POINT('',(-0.0669328089247643,0.0610299250626867,0.02));
#11638=CARTESIAN_POINT('',(-0.0671553199784747,0.0610716179683657,0.02));
#11639=CARTESIAN_POINT('',(-0.0673921515657492,0.0611111110627522,0.02));
#11640=CARTESIAN_POINT('',(-0.0676433096989081,0.0611478386154195,0.02));
#11641=CARTESIAN_POINT('',(-0.0679087325853751,0.0611812764865976,0.02));
#11642=CARTESIAN_POINT('',(-0.0681885405930004,0.061210736746744,0.02));
#11643=CARTESIAN_POINT('',(-0.0683968958141409,0.0612287867775727,0.02));
#11644=CARTESIAN_POINT('',(-0.0685116753412763,0.0612370349178757,0.02));
#11645=CARTESIAN_POINT('',(-0.0685269052425206,0.0612381044903686,0.02));
#11646=CARTESIAN_POINT('',(-0.0660063593697672,0.0619140366065263,0.02));
#11647=CARTESIAN_POINT('',(-0.0660063593697672,0.0619140366065263,0.00500000000000001));
#11648=CARTESIAN_POINT('',(-0.0664065852388683,0.0623391538198864,0.02));
#11649=CARTESIAN_POINT('',(-0.0664065852388683,0.0623391538198864,0.00500000000000005));
#11650=CARTESIAN_POINT('',(-0.0668290842755197,0.0628638416747901,0.02));
#11651=CARTESIAN_POINT('',(-0.0668290842755197,0.0628638416747901,0.00500000000000002));
#11652=CARTESIAN_POINT('',(-0.0672382682470595,0.0634700892390201,0.02));
#11653=CARTESIAN_POINT('',(-0.0672382682470595,0.0634700892390201,0.00500000000000002));
#11654=CARTESIAN_POINT('',(-0.0657025717389287,0.0616062191780117,0.005));
#11655=CARTESIAN_POINT('',(-0.0657124156872749,0.0616157056024585,0.005));
#11656=CARTESIAN_POINT('',(-0.0657623072665569,0.0616640292765816,0.005));
#11657=CARTESIAN_POINT('',(-0.0658550789224896,0.0617561668520877,0.005));
#11658=CARTESIAN_POINT('',(-0.0659838627071213,0.0618892910493033,0.005));
#11659=CARTESIAN_POINT('',(-0.0661192989095881,0.0620350140897249,0.005));
#11660=CARTESIAN_POINT('',(-0.0662609314152635,0.0621936510456049,0.005));
#11661=CARTESIAN_POINT('',(-0.0664082940575943,0.0623655048179015,0.005));
#11662=CARTESIAN_POINT('',(-0.0665609118742444,0.0625508604417065,0.005));
#11663=CARTESIAN_POINT('',(-0.0667182979344525,0.0627500059890555,0.005));
#11664=CARTESIAN_POINT('',(-0.0668799674235747,0.0629631500158927,0.005));
#11665=CARTESIAN_POINT('',(-0.0670453847610762,0.0631907407286052,0.005));
#11666=CARTESIAN_POINT('',(-0.0671651941568832,0.0633621566277097,0.005));
#11667=CARTESIAN_POINT('',(-0.0672297270194873,0.0634574345438919,0.005));
#11668=CARTESIAN_POINT('',(-0.0672382682470595,0.0634700892390201,0.005));
#11669=CARTESIAN_POINT('',(-0.0660063593552321,0.0619140365910874,0.005));
#11670=CARTESIAN_POINT('',(-0.0657025717389287,0.0616062191780117,0.02));
#11671=CARTESIAN_POINT('',(-0.0657124156872749,0.0616157056024585,0.02));
#11672=CARTESIAN_POINT('',(-0.0657623072665569,0.0616640292765816,0.02));
#11673=CARTESIAN_POINT('',(-0.0658550789224896,0.0617561668520877,0.02));
#11674=CARTESIAN_POINT('',(-0.0659838627071213,0.0618892910493033,0.02));
#11675=CARTESIAN_POINT('',(-0.0661192989095881,0.0620350140897249,0.02));
#11676=CARTESIAN_POINT('',(-0.0662609314152635,0.0621936510456049,0.02));
#11677=CARTESIAN_POINT('',(-0.0664082940575943,0.0623655048179015,0.02));
#11678=CARTESIAN_POINT('',(-0.0665609118742444,0.0625508604417065,0.02));
#11679=CARTESIAN_POINT('',(-0.0667182979344525,0.0627500059890555,0.02));
#11680=CARTESIAN_POINT('',(-0.0668799674235747,0.0629631500158927,0.02));
#11681=CARTESIAN_POINT('',(-0.0670453847610762,0.0631907407286052,0.02));
#11682=CARTESIAN_POINT('',(-0.0671651941568832,0.0633621566277097,0.02));
#11683=CARTESIAN_POINT('',(-0.0672297270194873,0.0634574345438919,0.02));
#11684=CARTESIAN_POINT('',(-0.0672382682470595,0.0634700892390201,0.02));
#11685=CARTESIAN_POINT('',(-0.0660063593552321,0.0619140365910874,0.02));
#11686=CARTESIAN_POINT('',(-0.066006359355232,0.0619140365910872,0.02));
#11687=CARTESIAN_POINT('',(-0.0664298388967622,0.0615153525035708,0.01));
#11688=CARTESIAN_POINT('',(-0.0664298388967622,0.0615153525035708,0.005));
#11689=CARTESIAN_POINT('',(-0.0664298388967622,0.0615153525035708,0.02));
#11690=CARTESIAN_POINT('',(-0.0649334645057018,0.0635981442004135,0.02));
#11691=CARTESIAN_POINT('',(-0.0649334645057018,0.0635981442004135,0.005));
#11692=CARTESIAN_POINT('',(-0.0654878943076763,0.0637812097244071,0.02));
#11693=CARTESIAN_POINT('',(-0.0654878943076763,0.0637812097244071,0.005));
#11694=CARTESIAN_POINT('',(-0.0661419788047933,0.0639423812221392,0.02));
#11695=CARTESIAN_POINT('',(-0.0661419788047933,0.0639423812221392,0.005));
#11696=CARTESIAN_POINT('',(-0.0668643543119138,0.0640570165501016,0.02));
#11697=CARTESIAN_POINT('',(-0.0668643543119138,0.0640570165501016,0.005));
#11698=CARTESIAN_POINT('',(-0.0645261009727699,0.0634529083715515,0.005));
#11699=CARTESIAN_POINT('',(-0.0645388588254559,0.0634578208823831,0.005));
#11700=CARTESIAN_POINT('',(-0.0646037400401235,0.0634826155420351,0.005));
#11701=CARTESIAN_POINT('',(-0.0647264520382525,0.0635277561942217,0.005));
#11702=CARTESIAN_POINT('',(-0.0649015299140335,0.0635882132242546,0.005));
#11703=CARTESIAN_POINT('',(-0.0650908376527815,0.0636493748911584,0.005));
#11704=CARTESIAN_POINT('',(-0.0652944680445618,0.0637106946594077,0.005));
#11705=CARTESIAN_POINT('',(-0.0655124986003732,0.0637716220271488,0.005));
#11706=CARTESIAN_POINT('',(-0.0657449869219821,0.063831606071283,0.005));
#11707=CARTESIAN_POINT('',(-0.0659919883054855,0.0638900837381666,0.005));
#11708=CARTESIAN_POINT('',(-0.0662534868752378,0.0639465274969619,0.005));
#11709=CARTESIAN_POINT('',(-0.066529662498063,0.0640002625266555,0.005));
#11710=CARTESIAN_POINT('',(-0.0667356517008394,0.0640364032257213,0.005));
#11711=CARTESIAN_POINT('',(-0.0668492755844268,0.0640546236742999,0.005));
#11712=CARTESIAN_POINT('',(-0.0668643543119138,0.0640570165501016,0.005));
#11713=CARTESIAN_POINT('',(-0.0649334644855666,0.0635981441937651,0.005));
#11714=CARTESIAN_POINT('',(-0.0649334644855661,0.063598144193765,0.));
#11715=CARTESIAN_POINT('',(-0.0649334644855664,0.0635981441937651,0.02));
#11716=CARTESIAN_POINT('',(-0.0645261009727699,0.0634529083715515,0.02));
#11717=CARTESIAN_POINT('',(-0.0645388588254559,0.0634578208823831,0.02));
#11718=CARTESIAN_POINT('',(-0.0646037400401235,0.0634826155420351,0.02));
#11719=CARTESIAN_POINT('',(-0.0647264520382525,0.0635277561942217,0.02));
#11720=CARTESIAN_POINT('',(-0.0649015299140335,0.0635882132242546,0.02));
#11721=CARTESIAN_POINT('',(-0.0650908376527815,0.0636493748911584,0.02));
#11722=CARTESIAN_POINT('',(-0.0652944680445618,0.0637106946594077,0.02));
#11723=CARTESIAN_POINT('',(-0.0655124986003732,0.0637716220271488,0.02));
#11724=CARTESIAN_POINT('',(-0.0657449869219821,0.063831606071283,0.02));
#11725=CARTESIAN_POINT('',(-0.0659919883054855,0.0638900837381666,0.02));
#11726=CARTESIAN_POINT('',(-0.0662534868752378,0.0639465274969619,0.02));
#11727=CARTESIAN_POINT('',(-0.066529662498063,0.0640002625266555,0.02));
#11728=CARTESIAN_POINT('',(-0.0667356517008394,0.0640364032257213,0.02));
#11729=CARTESIAN_POINT('',(-0.0668492755844268,0.0640546236742999,0.02));
#11730=CARTESIAN_POINT('',(-0.0668643543119138,0.0640570165501016,0.02));
#11731=CARTESIAN_POINT('',(-0.0642944885115491,0.0645106964928185,0.02));
#11732=CARTESIAN_POINT('',(-0.0642944885115491,0.0645106964928185,0.005));
#11733=CARTESIAN_POINT('',(-0.0646561399939015,0.0649690779897234,0.02));
#11734=CARTESIAN_POINT('',(-0.0646561399939015,0.0649690779897234,0.005));
#11735=CARTESIAN_POINT('',(-0.0650313017344522,0.0655285924662816,0.02));
#11736=CARTESIAN_POINT('',(-0.0650313017344522,0.0655285924662816,0.005));
#11737=CARTESIAN_POINT('',(-0.0653860906807005,0.0661681958084583,0.02));
#11738=CARTESIAN_POINT('',(-0.0653860906807005,0.0661681958084583,0.005));
#11739=CARTESIAN_POINT('',(-0.0640186849409748,0.0641775735659486,0.005));
#11740=CARTESIAN_POINT('',(-0.064027664633757,0.0641878818483161,0.005));
#11741=CARTESIAN_POINT('',(-0.0640731546748066,0.064240369973919,0.005));
#11742=CARTESIAN_POINT('',(-0.0641575429877517,0.0643402425207119,0.005));
#11743=CARTESIAN_POINT('',(-0.0642742341729159,0.0644840843865693,0.005));
#11744=CARTESIAN_POINT('',(-0.0643964543999197,0.064641056949648,0.005));
#11745=CARTESIAN_POINT('',(-0.064523721829434,0.0648114343302464,0.005));
#11746=CARTESIAN_POINT('',(-0.0646555456692523,0.0649954776476009,0.005));
#11747=CARTESIAN_POINT('',(-0.0647914279219682,0.0651934294564637,0.005));
#11748=CARTESIAN_POINT('',(-0.064930858402607,0.0654055342938569,0.005));
#11749=CARTESIAN_POINT('',(-0.0650733359645426,0.0656319576677261,0.005));
#11750=CARTESIAN_POINT('',(-0.0652182880015251,0.0658730993999786,0.005));
#11751=CARTESIAN_POINT('',(-0.0653227016064044,0.0660543050867148,0.005));
#11752=CARTESIAN_POINT('',(-0.0653786848844309,0.0661548448512326,0.005));
#11753=CARTESIAN_POINT('',(-0.0653860906807005,0.0661681958084583,0.005));
#11754=CARTESIAN_POINT('',(-0.064294488498415,0.0645106964761714,0.005));
#11755=CARTESIAN_POINT('',(-0.0640186849409748,0.0641775735659486,0.02));
#11756=CARTESIAN_POINT('',(-0.064027664633757,0.0641878818483161,0.02));
#11757=CARTESIAN_POINT('',(-0.0640731546748066,0.064240369973919,0.02));
#11758=CARTESIAN_POINT('',(-0.0641575429877517,0.0643402425207119,0.02));
#11759=CARTESIAN_POINT('',(-0.0642742341729159,0.0644840843865693,0.02));
#11760=CARTESIAN_POINT('',(-0.0643964543999197,0.064641056949648,0.02));
#11761=CARTESIAN_POINT('',(-0.064523721829434,0.0648114343302464,0.02));
#11762=CARTESIAN_POINT('',(-0.0646555456692523,0.0649954776476009,0.02));
#11763=CARTESIAN_POINT('',(-0.0647914279219682,0.0651934294564637,0.02));
#11764=CARTESIAN_POINT('',(-0.064930858402607,0.0654055342938569,0.02));
#11765=CARTESIAN_POINT('',(-0.0650733359645426,0.0656319576677261,0.02));
#11766=CARTESIAN_POINT('',(-0.0652182880015251,0.0658730993999786,0.02));
#11767=CARTESIAN_POINT('',(-0.0653227016064044,0.0660543050867148,0.02));
#11768=CARTESIAN_POINT('',(-0.0653786848844309,0.0661548448512326,0.02));
#11769=CARTESIAN_POINT('',(-0.0653860906807005,0.0661681958084583,0.02));
#11770=CARTESIAN_POINT('',(-0.064294488498415,0.0645106964761714,0.02));
#11771=CARTESIAN_POINT('',(-0.0642944884984148,0.0645106964761713,0.02));
#11772=CARTESIAN_POINT('',(-0.0647511041802067,0.0641504381759544,0.01));
#11773=CARTESIAN_POINT('',(-0.0647511041802067,0.0641504381759544,0.005));
#11774=CARTESIAN_POINT('',(-0.0647511041802067,0.0641504381759544,0.02));
#11775=CARTESIAN_POINT('',(-0.0587538330897239,0.0705572608561521,0.02));
#11776=CARTESIAN_POINT('',(-0.0587538330897239,0.0705572608561521,0.005));
#11777=CARTESIAN_POINT('',(-0.0592419903102043,0.0708775855656042,0.02));
#11778=CARTESIAN_POINT('',(-0.0592419903102043,0.0708775855656042,0.00499999999999996));
#11779=CARTESIAN_POINT('',(-0.0598320731654051,0.0712025548026905,0.02));
#11780=CARTESIAN_POINT('',(-0.0598320731654051,0.0712025548026905,0.00499999999999999));
#11781=CARTESIAN_POINT('',(-0.0605001645178922,0.0715002485655277,0.02));
#11782=CARTESIAN_POINT('',(-0.0605001645178922,0.0715002485655277,0.00499999999999999));
#11783=CARTESIAN_POINT('',(-0.0583979399311174,0.0703115403775488,0.005));
#11784=CARTESIAN_POINT('',(-0.0584089916191523,0.0703195874738826,0.005));
#11785=CARTESIAN_POINT('',(-0.058465244729906,0.0703603297700199,0.005));
#11786=CARTESIAN_POINT('',(-0.0585720921576,0.0704356924939609,0.005));
#11787=CARTESIAN_POINT('',(-0.0587255569686459,0.0705394029892786,0.005));
#11788=CARTESIAN_POINT('',(-0.058892584398394,0.0706474770710932,0.005));
#11789=CARTESIAN_POINT('',(-0.0590734055289679,0.0707594108424616,0.005));
#11790=CARTESIAN_POINT('',(-0.0592682377106068,0.0708746926207489,0.005));
#11791=CARTESIAN_POINT('',(-0.0594772791717353,0.0709928051635396,0.005));
#11792=CARTESIAN_POINT('',(-0.0597007290532877,0.071113218914461,0.005));
#11793=CARTESIAN_POINT('',(-0.0599387085555957,0.0712354202089332,0.005));
#11794=CARTESIAN_POINT('',(-0.0601915660732002,0.0713588037728709,0.005));
#11795=CARTESIAN_POINT('',(-0.0603811824628771,0.0714470269362427,0.005));
#11796=CARTESIAN_POINT('',(-0.060486218907415,0.0714940345631423,0.005));
#11797=CARTESIAN_POINT('',(-0.0605001645178922,0.0715002485655277,0.005));
#11798=CARTESIAN_POINT('',(-0.0587538330719955,0.0705572608445189,0.005));
#11799=CARTESIAN_POINT('',(-0.0587538330719951,0.0705572608445186,3.46944695195361E-18));
#11800=CARTESIAN_POINT('',(-0.0587538330719953,0.0705572608445187,0.02));
#11801=CARTESIAN_POINT('',(-0.0583979399311174,0.0703115403775488,0.02));
#11802=CARTESIAN_POINT('',(-0.0584089916191523,0.0703195874738826,0.02));
#11803=CARTESIAN_POINT('',(-0.058465244729906,0.0703603297700199,0.02));
#11804=CARTESIAN_POINT('',(-0.0585720921576,0.0704356924939609,0.02));
#11805=CARTESIAN_POINT('',(-0.0587255569686459,0.0705394029892786,0.02));
#11806=CARTESIAN_POINT('',(-0.058892584398394,0.0706474770710932,0.02));
#11807=CARTESIAN_POINT('',(-0.0590734055289679,0.0707594108424616,0.02));
#11808=CARTESIAN_POINT('',(-0.0592682377106068,0.0708746926207489,0.02));
#11809=CARTESIAN_POINT('',(-0.0594772791717353,0.0709928051635396,0.02));
#11810=CARTESIAN_POINT('',(-0.0597007290532877,0.071113218914461,0.02));
#11811=CARTESIAN_POINT('',(-0.0599387085555957,0.0712354202089332,0.02));
#11812=CARTESIAN_POINT('',(-0.0601915660732002,0.0713588037728709,0.02));
#11813=CARTESIAN_POINT('',(-0.0603811824628771,0.0714470269362427,0.02));
#11814=CARTESIAN_POINT('',(-0.060486218907415,0.0714940345631423,0.02));
#11815=CARTESIAN_POINT('',(-0.0605001645178922,0.0715002485655277,0.02));
#11816=CARTESIAN_POINT('',(-0.0579004437616667,0.0712733395265753,0.02));
#11817=CARTESIAN_POINT('',(-0.0579004437616667,0.0712733395265753,0.00500000000000001));
#11818=CARTESIAN_POINT('',(-0.0581311344072651,0.0718097043440512,0.02));
#11819=CARTESIAN_POINT('',(-0.0581311344072651,0.0718097043440512,0.00500000000000001));
#11820=CARTESIAN_POINT('',(-0.058348699818958,0.0724472528305948,0.02));
#11821=CARTESIAN_POINT('',(-0.058348699818958,0.0724472528305948,0.00500000000000001));
#11822=CARTESIAN_POINT('',(-0.0585258580987512,0.0731568883536598,0.02));
#11823=CARTESIAN_POINT('',(-0.0585258580987512,0.0731568883536598,0.00500000000000001));
#11824=CARTESIAN_POINT('',(-0.0577202565277005,0.0708801842714108,0.005));
#11825=CARTESIAN_POINT('',(-0.0577262622650719,0.0708924654230854,0.005));
#11826=CARTESIAN_POINT('',(-0.057756617344013,0.0709549387481649,0.005));
#11827=CARTESIAN_POINT('',(-0.0578122812777307,0.0710732495230238,0.005));
#11828=CARTESIAN_POINT('',(-0.0578877672928142,0.0712423919972731,0.005));
#11829=CARTESIAN_POINT('',(-0.0579651954776887,0.0714256487724149,0.005));
#11830=CARTESIAN_POINT('',(-0.0580440294637484,0.07162315991913,0.005));
#11831=CARTESIAN_POINT('',(-0.0581237275994943,0.0718350506328621,0.005));
#11832=CARTESIAN_POINT('',(-0.0582037460785808,0.0720614263122976,0.005));
#11833=CARTESIAN_POINT('',(-0.058283528809326,0.0723023911164737,0.005));
#11834=CARTESIAN_POINT('',(-0.0583625488846525,0.0725579752074982,0.005));
#11835=CARTESIAN_POINT('',(-0.0584401497278712,0.0728284165822743,0.005));
#11836=CARTESIAN_POINT('',(-0.0584941060426318,0.0730304720644739,0.005));
#11837=CARTESIAN_POINT('',(-0.0585221601308706,0.0731420755581512,0.005));
#11838=CARTESIAN_POINT('',(-0.0585258580987512,0.0731568883536598,0.005));
#11839=CARTESIAN_POINT('',(-0.0579004437532888,0.0712733395070963,0.005));
#11840=CARTESIAN_POINT('',(-0.0577202565277005,0.0708801842714108,0.02));
#11841=CARTESIAN_POINT('',(-0.0577262622650719,0.0708924654230854,0.02));
#11842=CARTESIAN_POINT('',(-0.057756617344013,0.0709549387481649,0.02));
#11843=CARTESIAN_POINT('',(-0.0578122812777307,0.0710732495230238,0.02));
#11844=CARTESIAN_POINT('',(-0.0578877672928142,0.0712423919972731,0.02));
#11845=CARTESIAN_POINT('',(-0.0579651954776887,0.0714256487724149,0.02));
#11846=CARTESIAN_POINT('',(-0.0580440294637484,0.07162315991913,0.02));
#11847=CARTESIAN_POINT('',(-0.0581237275994943,0.0718350506328621,0.02));
#11848=CARTESIAN_POINT('',(-0.0582037460785808,0.0720614263122976,0.02));
#11849=CARTESIAN_POINT('',(-0.058283528809326,0.0723023911164737,0.02));
#11850=CARTESIAN_POINT('',(-0.0583625488846525,0.0725579752074982,0.02));
#11851=CARTESIAN_POINT('',(-0.0584401497278712,0.0728284165822743,0.02));
#11852=CARTESIAN_POINT('',(-0.0584941060426318,0.0730304720644739,0.02));
#11853=CARTESIAN_POINT('',(-0.0585221601308706,0.0731420755581512,0.02));
#11854=CARTESIAN_POINT('',(-0.0585258580987512,0.0731568883536598,0.02));
#11855=CARTESIAN_POINT('',(-0.0579004437532887,0.0712733395070961,0.02));
#11856=CARTESIAN_POINT('',(-0.0579004437532886,0.0712733395070959,0.02));
#11857=CARTESIAN_POINT('',(-0.0584347423422724,0.0710435375455217,0.01));
#11858=CARTESIAN_POINT('',(-0.0584347423422724,0.0710435375455217,0.005));
#11859=CARTESIAN_POINT('',(-0.0584347423422724,0.0710435375455217,0.02));
#11860=CARTESIAN_POINT('',(-0.0563162536543881,0.0724889313499794,0.02));
#11861=CARTESIAN_POINT('',(-0.0563162536543881,0.0724889313499794,0.005));
#11862=CARTESIAN_POINT('',(-0.056774635151293,0.0728505828323322,0.02));
#11863=CARTESIAN_POINT('',(-0.056774635151293,0.0728505828323322,0.005));
#11864=CARTESIAN_POINT('',(-0.0573341496278508,0.0732257445728871,0.02));
#11865=CARTESIAN_POINT('',(-0.0573341496278508,0.0732257445728871,0.005));
#11866=CARTESIAN_POINT('',(-0.0579737529700279,0.0735805335191308,0.02));
#11867=CARTESIAN_POINT('',(-0.0579737529700279,0.0735805335191308,0.005));
#11868=CARTESIAN_POINT('',(-0.0559831307275182,0.0722131277794052,0.005));
#11869=CARTESIAN_POINT('',(-0.0559934390098857,0.0722221074721873,0.005));
#11870=CARTESIAN_POINT('',(-0.0560459271354886,0.072267597513237,0.005));
#11871=CARTESIAN_POINT('',(-0.0561457996822816,0.0723519858261821,0.005));
#11872=CARTESIAN_POINT('',(-0.056289641548139,0.0724686770113463,0.005));
#11873=CARTESIAN_POINT('',(-0.0564466141112176,0.0725908972383501,0.005));
#11874=CARTESIAN_POINT('',(-0.0566169914918161,0.0727181646678644,0.005));
#11875=CARTESIAN_POINT('',(-0.0568010348091706,0.0728499885076827,0.005));
#11876=CARTESIAN_POINT('',(-0.0569989866180333,0.0729858707603986,0.005));
#11877=CARTESIAN_POINT('',(-0.0572110914554265,0.0731253012410374,0.005));
#11878=CARTESIAN_POINT('',(-0.0574375148292958,0.073267778802973,0.005));
#11879=CARTESIAN_POINT('',(-0.0576786565615482,0.0734127308399555,0.005));
#11880=CARTESIAN_POINT('',(-0.0578598622482844,0.0735171444448348,0.005));
#11881=CARTESIAN_POINT('',(-0.0579604020128022,0.0735731277228613,0.005));
#11882=CARTESIAN_POINT('',(-0.0579737529700279,0.0735805335191308,0.005));
#11883=CARTESIAN_POINT('',(-0.056316253637741,0.0724889313368453,0.005));
#11884=CARTESIAN_POINT('',(-0.0563162536377409,0.0724889313368452,3.46944695195361E-18));
#11885=CARTESIAN_POINT('',(-0.056316253637741,0.0724889313368453,0.02));
#11886=CARTESIAN_POINT('',(-0.0559831307275182,0.0722131277794052,0.02));
#11887=CARTESIAN_POINT('',(-0.0559934390098857,0.0722221074721873,0.02));
#11888=CARTESIAN_POINT('',(-0.0560459271354886,0.072267597513237,0.02));
#11889=CARTESIAN_POINT('',(-0.0561457996822816,0.0723519858261821,0.02));
#11890=CARTESIAN_POINT('',(-0.056289641548139,0.0724686770113463,0.02));
#11891=CARTESIAN_POINT('',(-0.0564466141112176,0.0725908972383501,0.02));
#11892=CARTESIAN_POINT('',(-0.0566169914918161,0.0727181646678644,0.02));
#11893=CARTESIAN_POINT('',(-0.0568010348091706,0.0728499885076827,0.02));
#11894=CARTESIAN_POINT('',(-0.0569989866180333,0.0729858707603986,0.02));
#11895=CARTESIAN_POINT('',(-0.0572110914554265,0.0731253012410374,0.02));
#11896=CARTESIAN_POINT('',(-0.0574375148292958,0.073267778802973,0.02));
#11897=CARTESIAN_POINT('',(-0.0576786565615482,0.0734127308399555,0.02));
#11898=CARTESIAN_POINT('',(-0.0578598622482844,0.0735171444448348,0.02));
#11899=CARTESIAN_POINT('',(-0.0579604020128022,0.0735731277228613,0.02));
#11900=CARTESIAN_POINT('',(-0.0579737529700279,0.0735805335191308,0.02));
#11901=CARTESIAN_POINT('',(-0.0554037013619831,0.0731279073441321,0.02));
#11902=CARTESIAN_POINT('',(-0.0554037013619831,0.0731279073441321,0.005));
#11903=CARTESIAN_POINT('',(-0.0555867668859767,0.0736823371461066,0.02));
#11904=CARTESIAN_POINT('',(-0.0555867668859767,0.0736823371461066,0.00500000000000004));
#11905=CARTESIAN_POINT('',(-0.0557479383837134,0.0743364216432236,0.02));
#11906=CARTESIAN_POINT('',(-0.0557479383837134,0.0743364216432236,0.00500000000000001));
#11907=CARTESIAN_POINT('',(-0.0558625737116712,0.0750587971503442,0.02));
#11908=CARTESIAN_POINT('',(-0.0558625737116712,0.0750587971503442,0.005));
#11909=CARTESIAN_POINT('',(-0.0552584655331212,0.0727205438112003,0.005));
#11910=CARTESIAN_POINT('',(-0.0552633780439527,0.0727333016638863,0.005));
#11911=CARTESIAN_POINT('',(-0.0552881727036047,0.0727981828785539,0.005));
#11912=CARTESIAN_POINT('',(-0.0553333133557914,0.0729208948766829,0.005));
#11913=CARTESIAN_POINT('',(-0.0553937703858242,0.0730959727524638,0.005));
#11914=CARTESIAN_POINT('',(-0.055454932052728,0.0732852804912118,0.005));
#11915=CARTESIAN_POINT('',(-0.0555162518209773,0.0734889108829922,0.005));
#11916=CARTESIAN_POINT('',(-0.0555771791887185,0.0737069414388036,0.005));
#11917=CARTESIAN_POINT('',(-0.0556371632328526,0.0739394297604124,0.005));
#11918=CARTESIAN_POINT('',(-0.0556956408997362,0.0741864311439159,0.005));
#11919=CARTESIAN_POINT('',(-0.0557520846585316,0.0744479297136682,0.005));
#11920=CARTESIAN_POINT('',(-0.0558058196882252,0.0747241053364934,0.005));
#11921=CARTESIAN_POINT('',(-0.0558419603872909,0.0749300945392698,0.005));
#11922=CARTESIAN_POINT('',(-0.0558601808358696,0.0750437184228572,0.005));
#11923=CARTESIAN_POINT('',(-0.0558625737116712,0.0750587971503442,0.005));
#11924=CARTESIAN_POINT('',(-0.0554037013553348,0.073127907323997,0.005));
#11925=CARTESIAN_POINT('',(-0.0552584655331212,0.0727205438112003,0.02));
#11926=CARTESIAN_POINT('',(-0.0552633780439527,0.0727333016638863,0.02));
#11927=CARTESIAN_POINT('',(-0.0552881727036047,0.0727981828785539,0.02));
#11928=CARTESIAN_POINT('',(-0.0553333133557914,0.0729208948766829,0.02));
#11929=CARTESIAN_POINT('',(-0.0553937703858242,0.0730959727524638,0.02));
#11930=CARTESIAN_POINT('',(-0.055454932052728,0.0732852804912118,0.02));
#11931=CARTESIAN_POINT('',(-0.0555162518209773,0.0734889108829922,0.02));
#11932=CARTESIAN_POINT('',(-0.0555771791887185,0.0737069414388036,0.02));
#11933=CARTESIAN_POINT('',(-0.0556371632328526,0.0739394297604124,0.02));
#11934=CARTESIAN_POINT('',(-0.0556956408997362,0.0741864311439159,0.02));
#11935=CARTESIAN_POINT('',(-0.0557520846585316,0.0744479297136682,0.02));
#11936=CARTESIAN_POINT('',(-0.0558058196882252,0.0747241053364934,0.02));
#11937=CARTESIAN_POINT('',(-0.0558419603872909,0.0749300945392698,0.02));
#11938=CARTESIAN_POINT('',(-0.0558601808358696,0.0750437184228572,0.02));
#11939=CARTESIAN_POINT('',(-0.0558625737116712,0.0750587971503442,0.02));
#11940=CARTESIAN_POINT('',(-0.0554037013553347,0.0731279073239968,0.02));
#11941=CARTESIAN_POINT('',(-0.0554037013553346,0.0731279073239965,0.02));
#11942=CARTESIAN_POINT('',(-0.055955995337524,0.0729455470186371,0.01));
#11943=CARTESIAN_POINT('',(-0.055955995337524,0.0729455470186371,0.005));
#11944=CARTESIAN_POINT('',(-0.055955995337524,0.0729455470186371,0.02));
#11945=CARTESIAN_POINT('',(-0.0630788966881451,0.0660948866000972,0.02));
#11946=CARTESIAN_POINT('',(-0.0630788966881451,0.0660948866000972,0.005));
#11947=CARTESIAN_POINT('',(-0.0636152615056209,0.0663255772456956,0.02));
#11948=CARTESIAN_POINT('',(-0.0636152615056209,0.0663255772456956,0.005));
#11949=CARTESIAN_POINT('',(-0.0642528099921638,0.0665431426573884,0.02));
#11950=CARTESIAN_POINT('',(-0.0642528099921638,0.0665431426573884,0.005));
#11951=CARTESIAN_POINT('',(-0.0649624455152294,0.0667203009371816,0.02));
#11952=CARTESIAN_POINT('',(-0.0649624455152294,0.0667203009371816,0.005));
#11953=CARTESIAN_POINT('',(-0.0626857414329804,0.0659146993661309,0.005));
#11954=CARTESIAN_POINT('',(-0.062698022584655,0.0659207051035023,0.005));
#11955=CARTESIAN_POINT('',(-0.0627604959097345,0.0659510601824433,0.005));
#11956=CARTESIAN_POINT('',(-0.0628788066845934,0.0660067241161611,0.005));
#11957=CARTESIAN_POINT('',(-0.0630479491588427,0.0660822101312446,0.005));
#11958=CARTESIAN_POINT('',(-0.0632312059339845,0.0661596383161191,0.005));
#11959=CARTESIAN_POINT('',(-0.0634287170806996,0.0662384723021788,0.005));
#11960=CARTESIAN_POINT('',(-0.0636406077944317,0.0663181704379247,0.005));
#11961=CARTESIAN_POINT('',(-0.0638669834738672,0.0663981889170112,0.005));
#11962=CARTESIAN_POINT('',(-0.0641079482780433,0.0664779716477564,0.005));
#11963=CARTESIAN_POINT('',(-0.0643635323690678,0.0665569917230829,0.005));
#11964=CARTESIAN_POINT('',(-0.0646339737438439,0.0666345925663016,0.005));
#11965=CARTESIAN_POINT('',(-0.0648360292260434,0.0666885488810622,0.005));
#11966=CARTESIAN_POINT('',(-0.0649476327197208,0.066716602969301,0.005));
#11967=CARTESIAN_POINT('',(-0.0649624455152294,0.0667203009371816,0.005));
#11968=CARTESIAN_POINT('',(-0.0630788966686659,0.0660948865917192,0.005));
#11969=CARTESIAN_POINT('',(-0.0630788966686655,0.066094886591719,0.));
#11970=CARTESIAN_POINT('',(-0.0630788966686657,0.0660948865917191,0.02));
#11971=CARTESIAN_POINT('',(-0.0626857414329804,0.0659146993661309,0.02));
#11972=CARTESIAN_POINT('',(-0.062698022584655,0.0659207051035023,0.02));
#11973=CARTESIAN_POINT('',(-0.0627604959097345,0.0659510601824433,0.02));
#11974=CARTESIAN_POINT('',(-0.0628788066845934,0.0660067241161611,0.02));
#11975=CARTESIAN_POINT('',(-0.0630479491588427,0.0660822101312446,0.02));
#11976=CARTESIAN_POINT('',(-0.0632312059339845,0.0661596383161191,0.02));
#11977=CARTESIAN_POINT('',(-0.0634287170806996,0.0662384723021788,0.02));
#11978=CARTESIAN_POINT('',(-0.0636406077944317,0.0663181704379247,0.02));
#11979=CARTESIAN_POINT('',(-0.0638669834738672,0.0663981889170112,0.02));
#11980=CARTESIAN_POINT('',(-0.0641079482780433,0.0664779716477564,0.02));
#11981=CARTESIAN_POINT('',(-0.0643635323690678,0.0665569917230829,0.02));
#11982=CARTESIAN_POINT('',(-0.0646339737438439,0.0666345925663016,0.02));
#11983=CARTESIAN_POINT('',(-0.0648360292260434,0.0666885488810622,0.02));
#11984=CARTESIAN_POINT('',(-0.0649476327197208,0.066716602969301,0.02));
#11985=CARTESIAN_POINT('',(-0.0649624455152294,0.0667203009371816,0.02));
#11986=CARTESIAN_POINT('',(-0.0623628180177216,0.0669482759281542,0.02));
#11987=CARTESIAN_POINT('',(-0.0623628180177216,0.0669482759281542,0.005));
#11988=CARTESIAN_POINT('',(-0.0626831427271737,0.0674364331486344,0.02));
#11989=CARTESIAN_POINT('',(-0.0626831427271737,0.0674364331486344,0.00499999999999997));
#11990=CARTESIAN_POINT('',(-0.0630081119642607,0.0680265160038357,0.02));
#11991=CARTESIAN_POINT('',(-0.0630081119642607,0.0680265160038357,0.005));
#11992=CARTESIAN_POINT('',(-0.0633058057270973,0.0686946073563226,0.02));
#11993=CARTESIAN_POINT('',(-0.0633058057270973,0.0686946073563226,0.005));
#11994=CARTESIAN_POINT('',(-0.0621170975391184,0.0665923827695477,0.005));
#11995=CARTESIAN_POINT('',(-0.0621251446354522,0.0666034344575827,0.005));
#11996=CARTESIAN_POINT('',(-0.0621658869315895,0.0666596875683364,0.005));
#11997=CARTESIAN_POINT('',(-0.0622412496555305,0.0667665349960304,0.005));
#11998=CARTESIAN_POINT('',(-0.0623449601508482,0.0669199998070763,0.005));
#11999=CARTESIAN_POINT('',(-0.0624530342326628,0.0670870272368244,0.005));
#12000=CARTESIAN_POINT('',(-0.0625649680040312,0.0672678483673982,0.005));
#12001=CARTESIAN_POINT('',(-0.0626802497823185,0.0674626805490372,0.005));
#12002=CARTESIAN_POINT('',(-0.0627983623251092,0.0676717220101657,0.005));
#12003=CARTESIAN_POINT('',(-0.0629187760760306,0.0678951718917181,0.005));
#12004=CARTESIAN_POINT('',(-0.0630409773705028,0.0681331513940261,0.005));
#12005=CARTESIAN_POINT('',(-0.0631643609344405,0.0683860089116306,0.005));
#12006=CARTESIAN_POINT('',(-0.0632525840978123,0.0685756253013075,0.005));
#12007=CARTESIAN_POINT('',(-0.0632995917247119,0.0686806617458454,0.005));
#12008=CARTESIAN_POINT('',(-0.0633058057270973,0.0686946073563226,0.005));
#12009=CARTESIAN_POINT('',(-0.0623628180060884,0.0669482759104257,0.005));
#12010=CARTESIAN_POINT('',(-0.0621170975391184,0.0665923827695477,0.02));
#12011=CARTESIAN_POINT('',(-0.0621251446354522,0.0666034344575827,0.02));
#12012=CARTESIAN_POINT('',(-0.0621658869315895,0.0666596875683364,0.02));
#12013=CARTESIAN_POINT('',(-0.0622412496555305,0.0667665349960304,0.02));
#12014=CARTESIAN_POINT('',(-0.0623449601508482,0.0669199998070763,0.02));
#12015=CARTESIAN_POINT('',(-0.0624530342326628,0.0670870272368244,0.02));
#12016=CARTESIAN_POINT('',(-0.0625649680040312,0.0672678483673982,0.02));
#12017=CARTESIAN_POINT('',(-0.0626802497823185,0.0674626805490372,0.02));
#12018=CARTESIAN_POINT('',(-0.0627983623251092,0.0676717220101657,0.02));
#12019=CARTESIAN_POINT('',(-0.0629187760760306,0.0678951718917181,0.02));
#12020=CARTESIAN_POINT('',(-0.0630409773705028,0.0681331513940261,0.02));
#12021=CARTESIAN_POINT('',(-0.0631643609344405,0.0683860089116306,0.02));
#12022=CARTESIAN_POINT('',(-0.0632525840978123,0.0685756253013075,0.02));
#12023=CARTESIAN_POINT('',(-0.0632995917247119,0.0686806617458454,0.02));
#12024=CARTESIAN_POINT('',(-0.0633058057270973,0.0686946073563226,0.02));
#12025=CARTESIAN_POINT('',(-0.0623628180060884,0.0669482759104257,0.02));
#12026=CARTESIAN_POINT('',(-0.0623628180060882,0.0669482759104255,0.02));
#12027=CARTESIAN_POINT('',(-0.0628490947070912,0.0666291851807028,0.01));
#12028=CARTESIAN_POINT('',(-0.0628490947070912,0.0666291851807028,0.005));
#12029=CARTESIAN_POINT('',(-0.0628490947070912,0.0666291851807028,0.02));
#12030=CARTESIAN_POINT('',(-0.0610137806227496,0.0684204919055478,0.02));
#12031=CARTESIAN_POINT('',(-0.0610137806227496,0.0684204919055478,0.005));
#12032=CARTESIAN_POINT('',(-0.0615279983955998,0.0686970519776429,0.02));
#12033=CARTESIAN_POINT('',(-0.0615279983955998,0.0686970519776429,0.005));
#12034=CARTESIAN_POINT('',(-0.0621441587426128,0.0689693554991424,0.02));
#12035=CARTESIAN_POINT('',(-0.0621441587426128,0.0689693554991424,0.005));
#12036=CARTESIAN_POINT('',(-0.0628356535268143,0.0692076884492879,0.02));
#12037=CARTESIAN_POINT('',(-0.0628356535268143,0.0692076884492879,0.005));
#12038=CARTESIAN_POINT('',(-0.0606378257942375,0.0682067246001278,0.005));
#12039=CARTESIAN_POINT('',(-0.0606495367779209,0.0682137778567513,0.005));
#12040=CARTESIAN_POINT('',(-0.060709126753686,0.0682494623345017,0.005));
#12041=CARTESIAN_POINT('',(-0.0608221358888401,0.0683152259136042,0.005));
#12042=CARTESIAN_POINT('',(-0.0609840556851977,0.0684051664195837,0.005));
#12043=CARTESIAN_POINT('',(-0.061159866802021,0.0684982718471896,0.005));
#12044=CARTESIAN_POINT('',(-0.0613497555245838,0.0685940200768247,0.005));
#12045=CARTESIAN_POINT('',(-0.0615538937799621,0.0686918824296392,0.005));
#12046=CARTESIAN_POINT('',(-0.0617724339616143,0.0687913263547357,0.005));
#12047=CARTESIAN_POINT('',(-0.0620055282988047,0.0688918069545873,0.005));
#12048=CARTESIAN_POINT('',(-0.0622532527618428,0.0689928019559581,0.005));
#12049=CARTESIAN_POINT('',(-0.0625159016664109,0.0690936780234284,0.005));
#12050=CARTESIAN_POINT('',(-0.0627124856638096,0.0691650393137488,0.005));
#12051=CARTESIAN_POINT('',(-0.0628212193976019,0.0692027135330968,0.005));
#12052=CARTESIAN_POINT('',(-0.0628356535268143,0.0692076884492879,0.005));
#12053=CARTESIAN_POINT('',(-0.0610137806040747,0.068420491895504,0.005));
#12054=CARTESIAN_POINT('',(-0.0610137806040743,0.0684204918955038,0.));
#12055=CARTESIAN_POINT('',(-0.0610137806040745,0.0684204918955039,0.02));
#12056=CARTESIAN_POINT('',(-0.0606378257942375,0.0682067246001278,0.02));
#12057=CARTESIAN_POINT('',(-0.0606495367779209,0.0682137778567513,0.02));
#12058=CARTESIAN_POINT('',(-0.060709126753686,0.0682494623345017,0.02));
#12059=CARTESIAN_POINT('',(-0.0608221358888401,0.0683152259136042,0.02));
#12060=CARTESIAN_POINT('',(-0.0609840556851977,0.0684051664195837,0.02));
#12061=CARTESIAN_POINT('',(-0.061159866802021,0.0684982718471896,0.02));
#12062=CARTESIAN_POINT('',(-0.0613497555245838,0.0685940200768247,0.02));
#12063=CARTESIAN_POINT('',(-0.0615538937799621,0.0686918824296392,0.02));
#12064=CARTESIAN_POINT('',(-0.0617724339616143,0.0687913263547357,0.02));
#12065=CARTESIAN_POINT('',(-0.0620055282988047,0.0688918069545873,0.02));
#12066=CARTESIAN_POINT('',(-0.0622532527618428,0.0689928019559581,0.02));
#12067=CARTESIAN_POINT('',(-0.0625159016664109,0.0690936780234284,0.02));
#12068=CARTESIAN_POINT('',(-0.0627124856638096,0.0691650393137488,0.02));
#12069=CARTESIAN_POINT('',(-0.0628212193976019,0.0692027135330968,0.02));
#12070=CARTESIAN_POINT('',(-0.0628356535268143,0.0692076884492879,0.02));
#12071=CARTESIAN_POINT('',(-0.0602260490671173,0.0692082234611798,0.02));
#12072=CARTESIAN_POINT('',(-0.0602260490671173,0.0692082234611798,0.005));
#12073=CARTESIAN_POINT('',(-0.0605026091392125,0.0697224412340301,0.02));
#12074=CARTESIAN_POINT('',(-0.0605026091392125,0.0697224412340301,0.005));
#12075=CARTESIAN_POINT('',(-0.0607749126607109,0.0703386015810437,0.02));
#12076=CARTESIAN_POINT('',(-0.0607749126607109,0.0703386015810437,0.005));
#12077=CARTESIAN_POINT('',(-0.0610132456108575,0.0710300963652447,0.02));
#12078=CARTESIAN_POINT('',(-0.0610132456108575,0.0710300963652447,0.005));
#12079=CARTESIAN_POINT('',(-0.0600122817616974,0.0688322686326679,0.005));
#12080=CARTESIAN_POINT('',(-0.0600193350183209,0.0688439796163513,0.005));
#12081=CARTESIAN_POINT('',(-0.0600550194960713,0.0689035695921163,0.005));
#12082=CARTESIAN_POINT('',(-0.0601207830751738,0.0690165787272705,0.005));
#12083=CARTESIAN_POINT('',(-0.0602107235811533,0.0691784985236281,0.005));
#12084=CARTESIAN_POINT('',(-0.0603038290087592,0.0693543096404514,0.005));
#12085=CARTESIAN_POINT('',(-0.0603995772383943,0.0695441983630142,0.005));
#12086=CARTESIAN_POINT('',(-0.0604974395912088,0.0697483366183925,0.005));
#12087=CARTESIAN_POINT('',(-0.0605968835163053,0.0699668768000447,0.005));
#12088=CARTESIAN_POINT('',(-0.060697364116157,0.0701999711372351,0.005));
#12089=CARTESIAN_POINT('',(-0.0607983591175278,0.0704476956002732,0.005));
#12090=CARTESIAN_POINT('',(-0.060899235184998,0.0707103445048413,0.005));
#12091=CARTESIAN_POINT('',(-0.0609705964753184,0.07090692850224,0.005));
#12092=CARTESIAN_POINT('',(-0.0610082706946664,0.0710156622360323,0.005));
#12093=CARTESIAN_POINT('',(-0.0610132456108575,0.0710300963652447,0.005));
#12094=CARTESIAN_POINT('',(-0.0602260490570735,0.0692082234425049,0.005));
#12095=CARTESIAN_POINT('',(-0.0600122817616974,0.0688322686326679,0.02));
#12096=CARTESIAN_POINT('',(-0.0600193350183209,0.0688439796163513,0.02));
#12097=CARTESIAN_POINT('',(-0.0600550194960713,0.0689035695921163,0.02));
#12098=CARTESIAN_POINT('',(-0.0601207830751738,0.0690165787272705,0.02));
#12099=CARTESIAN_POINT('',(-0.0602107235811533,0.0691784985236281,0.02));
#12100=CARTESIAN_POINT('',(-0.0603038290087592,0.0693543096404514,0.02));
#12101=CARTESIAN_POINT('',(-0.0603995772383943,0.0695441983630142,0.02));
#12102=CARTESIAN_POINT('',(-0.0604974395912088,0.0697483366183925,0.02));
#12103=CARTESIAN_POINT('',(-0.0605968835163053,0.0699668768000447,0.02));
#12104=CARTESIAN_POINT('',(-0.060697364116157,0.0701999711372351,0.02));
#12105=CARTESIAN_POINT('',(-0.0607983591175278,0.0704476956002732,0.02));
#12106=CARTESIAN_POINT('',(-0.060899235184998,0.0707103445048413,0.02));
#12107=CARTESIAN_POINT('',(-0.0609705964753184,0.07090692850224,0.02));
#12108=CARTESIAN_POINT('',(-0.0610082706946664,0.0710156622360323,0.02));
#12109=CARTESIAN_POINT('',(-0.0610132456108575,0.0710300963652447,0.02));
#12110=CARTESIAN_POINT('',(-0.0602260490570735,0.0692082234425049,0.02));
#12111=CARTESIAN_POINT('',(-0.0602260490570734,0.0692082234425047,0.02));
#12112=CARTESIAN_POINT('',(-0.060738285917971,0.0689327287564014,0.01));
#12113=CARTESIAN_POINT('',(-0.060738285917971,0.0689327287564014,0.005));
#12114=CARTESIAN_POINT('',(-0.060738285917971,0.0689327287564014,0.02));
#12115=CARTESIAN_POINT('',(-0.0699901656592648,0.0522962774325544,0.02));
#12116=CARTESIAN_POINT('',(-0.0699901656592648,0.0522962774325544,0.005));
#12117=CARTESIAN_POINT('',(-0.0705737713496783,0.052278676594236,0.02));
#12118=CARTESIAN_POINT('',(-0.0705737713496783,0.052278676594236,0.005));
#12119=CARTESIAN_POINT('',(-0.0712435336237506,0.0522064181878822,0.02));
#12120=CARTESIAN_POINT('',(-0.0712435336237506,0.0522064181878822,0.005));
#12121=CARTESIAN_POINT('',(-0.0719615521485214,0.0520670731851723,0.02));
#12122=CARTESIAN_POINT('',(-0.0719615521485214,0.0520670731851723,0.005));
#12123=CARTESIAN_POINT('',(-0.069557695574388,0.0522991269298181,0.005));
#12124=CARTESIAN_POINT('',(-0.0695713642120728,0.0522993797373918,0.005));
#12125=CARTESIAN_POINT('',(-0.0696408128837715,0.0523004884137619,0.005));
#12126=CARTESIAN_POINT('',(-0.0697715634552259,0.0523009367763314,0.005));
#12127=CARTESIAN_POINT('',(-0.069956760365237,0.0522978676411601,0.005));
#12128=CARTESIAN_POINT('',(-0.0701555699724766,0.0522905937482853,0.005));
#12129=CARTESIAN_POINT('',(-0.0703678925449257,0.0522785697862353,0.005));
#12130=CARTESIAN_POINT('',(-0.0705936126363748,0.0522612519421576,0.005));
#12131=CARTESIAN_POINT('',(-0.0708325959479815,0.0522381028167171,0.005));
#12132=CARTESIAN_POINT('',(-0.0710847018653925,0.0522085744001809,0.005));
#12133=CARTESIAN_POINT('',(-0.0713497350442078,0.0521721764055042,0.005));
#12134=CARTESIAN_POINT('',(-0.0716276337015751,0.0521282131902833,0.005));
#12135=CARTESIAN_POINT('',(-0.07183356108246,0.0520917218818483,0.005));
#12136=CARTESIAN_POINT('',(-0.0719465643678465,0.0520699818459752,0.005));
#12137=CARTESIAN_POINT('',(-0.0719615521485214,0.0520670731851723,0.005));
#12138=CARTESIAN_POINT('',(-0.06999016563807,0.0522962774331936,0.005));
#12139=CARTESIAN_POINT('',(-0.0699901656380695,0.0522962774331936,0.));
#12140=CARTESIAN_POINT('',(-0.0699901656380698,0.0522962774331936,0.02));
#12141=CARTESIAN_POINT('',(-0.069557695574388,0.0522991269298181,0.02));
#12142=CARTESIAN_POINT('',(-0.0695713642120728,0.0522993797373918,0.02));
#12143=CARTESIAN_POINT('',(-0.0696408128837715,0.0523004884137619,0.02));
#12144=CARTESIAN_POINT('',(-0.0697715634552259,0.0523009367763314,0.02));
#12145=CARTESIAN_POINT('',(-0.069956760365237,0.0522978676411601,0.02));
#12146=CARTESIAN_POINT('',(-0.0701555699724766,0.0522905937482853,0.02));
#12147=CARTESIAN_POINT('',(-0.0703678925449257,0.0522785697862353,0.02));
#12148=CARTESIAN_POINT('',(-0.0705936126363748,0.0522612519421576,0.02));
#12149=CARTESIAN_POINT('',(-0.0708325959479815,0.0522381028167171,0.02));
#12150=CARTESIAN_POINT('',(-0.0710847018653925,0.0522085744001809,0.02));
#12151=CARTESIAN_POINT('',(-0.0713497350442078,0.0521721764055042,0.02));
#12152=CARTESIAN_POINT('',(-0.0716276337015751,0.0521282131902833,0.02));
#12153=CARTESIAN_POINT('',(-0.07183356108246,0.0520917218818483,0.02));
#12154=CARTESIAN_POINT('',(-0.0719465643678465,0.0520699818459752,0.02));
#12155=CARTESIAN_POINT('',(-0.0719615521485214,0.0520670731851723,0.02));
#12156=CARTESIAN_POINT('',(-0.0697018358985407,0.0533723387489104,0.02));
#12157=CARTESIAN_POINT('',(-0.0697018358985407,0.0533723387489104,0.005));
#12158=CARTESIAN_POINT('',(-0.0701984528330728,0.0536793843672285,0.02));
#12159=CARTESIAN_POINT('',(-0.0701984528330728,0.0536793843672285,0.005));
#12160=CARTESIAN_POINT('',(-0.0707423547737372,0.0540768431198021,0.02));
#12161=CARTESIAN_POINT('',(-0.0707423547737372,0.0540768431198021,0.005));
#12162=CARTESIAN_POINT('',(-0.0712945045552234,0.054556528694427,0.02));
#12163=CARTESIAN_POINT('',(-0.0712945045552234,0.054556528694427,0.005));
#12164=CARTESIAN_POINT('',(-0.0693287305672925,0.0531536359694537,0.005));
#12165=CARTESIAN_POINT('',(-0.0693406943585496,0.053160251350515,0.005));
#12166=CARTESIAN_POINT('',(-0.0694013930106848,0.0531940155444633,0.005));
#12167=CARTESIAN_POINT('',(-0.0695148505084083,0.0532590025368152,0.005));
#12168=CARTESIAN_POINT('',(-0.0696737011695947,0.0533542589408467,0.005));
#12169=CARTESIAN_POINT('',(-0.0698422383935433,0.0534599631204805,0.005));
#12170=CARTESIAN_POINT('',(-0.070020103154056,0.0535765374632945,0.005));
#12171=CARTESIAN_POINT('',(-0.0702069235653566,0.0537043952019291,0.005));
#12172=CARTESIAN_POINT('',(-0.0704023146215683,0.0538439345884393,0.005));
#12173=CARTESIAN_POINT('',(-0.0706058805422225,0.0539955599059987,0.005));
#12174=CARTESIAN_POINT('',(-0.070817207010584,0.0541595980834432,0.005));
#12175=CARTESIAN_POINT('',(-0.0710358926999311,0.0543366206733402,0.005));
#12176=CARTESIAN_POINT('',(-0.0711959853888948,0.0544711867639047,0.005));
#12177=CARTESIAN_POINT('',(-0.071282979086814,0.0545465158299432,0.005));
#12178=CARTESIAN_POINT('',(-0.0712945045552234,0.054556528694427,0.005));
#12179=CARTESIAN_POINT('',(-0.069701835880505,0.0533723387377594,0.005));
#12180=CARTESIAN_POINT('',(-0.0693287305672925,0.0531536359694537,0.02));
#12181=CARTESIAN_POINT('',(-0.0693406943585496,0.053160251350515,0.02));
#12182=CARTESIAN_POINT('',(-0.0694013930106848,0.0531940155444633,0.02));
#12183=CARTESIAN_POINT('',(-0.0695148505084083,0.0532590025368152,0.02));
#12184=CARTESIAN_POINT('',(-0.0696737011695947,0.0533542589408467,0.02));
#12185=CARTESIAN_POINT('',(-0.0698422383935433,0.0534599631204805,0.02));
#12186=CARTESIAN_POINT('',(-0.070020103154056,0.0535765374632945,0.02));
#12187=CARTESIAN_POINT('',(-0.0702069235653566,0.0537043952019291,0.02));
#12188=CARTESIAN_POINT('',(-0.0704023146215683,0.0538439345884393,0.02));
#12189=CARTESIAN_POINT('',(-0.0706058805422225,0.0539955599059987,0.02));
#12190=CARTESIAN_POINT('',(-0.070817207010584,0.0541595980834432,0.02));
#12191=CARTESIAN_POINT('',(-0.0710358926999311,0.0543366206733402,0.02));
#12192=CARTESIAN_POINT('',(-0.0711959853888948,0.0544711867639047,0.02));
#12193=CARTESIAN_POINT('',(-0.071282979086814,0.0545465158299432,0.02));
#12194=CARTESIAN_POINT('',(-0.0712945045552234,0.054556528694427,0.02));
#12195=CARTESIAN_POINT('',(-0.069701835880505,0.0533723387377594,0.02));
#12196=CARTESIAN_POINT('',(-0.0697018358805048,0.0533723387377593,0.02));
#12197=CARTESIAN_POINT('',(-0.0700076986717453,0.0528776349105374,0.01));
#12198=CARTESIAN_POINT('',(-0.0700076986717453,0.0528776349105374,0.005));
#12199=CARTESIAN_POINT('',(-0.0700076986717453,0.0528776349105374,0.02));
#12200=CARTESIAN_POINT('',(-0.0706158059809355,0.0492496861261605,0.02));
#12201=CARTESIAN_POINT('',(-0.0706158059809355,0.0492496861261605,0.005));
#12202=CARTESIAN_POINT('',(-0.071195656861365,0.0491812876769259,0.02));
#12203=CARTESIAN_POINT('',(-0.071195656861365,0.0491812876769259,0.00500000000000004));
#12204=CARTESIAN_POINT('',(-0.0718565727526983,0.0490509306071697,0.02));
#12205=CARTESIAN_POINT('',(-0.0718565727526983,0.0490509306071697,0.00500000000000001));
#12206=CARTESIAN_POINT('',(-0.0725597142830011,0.0488495364164244,0.02));
#12207=CARTESIAN_POINT('',(-0.0725597142830011,0.0488495364164244,0.00500000000000001));
#12208=CARTESIAN_POINT('',(-0.0701852299253483,0.0492902170316904,0.005));
#12209=CARTESIAN_POINT('',(-0.070198868583372,0.0492892775769852,0.005));
#12210=CARTESIAN_POINT('',(-0.0702681496094202,0.0492843291839422,0.005));
#12211=CARTESIAN_POINT('',(-0.0703984417128483,0.049273380177187,0.005));
#12212=CARTESIAN_POINT('',(-0.0705826663999488,0.049254181746755,0.005));
#12213=CARTESIAN_POINT('',(-0.0707800855150746,0.0492296081342543,0.005));
#12214=CARTESIAN_POINT('',(-0.0709905521786903,0.0491991247955062,0.005));
#12215=CARTESIAN_POINT('',(-0.0712139039874812,0.0491622000488303,0.005));
#12216=CARTESIAN_POINT('',(-0.0714499603162146,0.0491183102447736,0.005));
#12217=CARTESIAN_POINT('',(-0.0716985333234216,0.0490669217142942,0.005));
#12218=CARTESIAN_POINT('',(-0.0719593856767152,0.0490075630614237,0.005));
#12219=CARTESIAN_POINT('',(-0.0722323951991151,0.0489395466756181,0.005));
#12220=CARTESIAN_POINT('',(-0.0724343585370541,0.0488852464737956,0.005));
#12221=CARTESIAN_POINT('',(-0.0725450370418492,0.0488537402800518,0.005));
#12222=CARTESIAN_POINT('',(-0.0725597142830011,0.0488495364164244,0.005));
#12223=CARTESIAN_POINT('',(-0.070615805959877,0.0492496861286445,0.005));
#12224=CARTESIAN_POINT('',(-0.0706158059598765,0.0492496861286445,0.));
#12225=CARTESIAN_POINT('',(-0.0706158059598767,0.0492496861286445,0.02));
#12226=CARTESIAN_POINT('',(-0.0701852299253483,0.0492902170316904,0.02));
#12227=CARTESIAN_POINT('',(-0.070198868583372,0.0492892775769852,0.02));
#12228=CARTESIAN_POINT('',(-0.0702681496094202,0.0492843291839422,0.02));
#12229=CARTESIAN_POINT('',(-0.0703984417128483,0.049273380177187,0.02));
#12230=CARTESIAN_POINT('',(-0.0705826663999488,0.049254181746755,0.02));
#12231=CARTESIAN_POINT('',(-0.0707800855150746,0.0492296081342543,0.02));
#12232=CARTESIAN_POINT('',(-0.0709905521786903,0.0491991247955062,0.02));
#12233=CARTESIAN_POINT('',(-0.0712139039874812,0.0491622000488303,0.02));
#12234=CARTESIAN_POINT('',(-0.0714499603162146,0.0491183102447736,0.02));
#12235=CARTESIAN_POINT('',(-0.0716985333234216,0.0490669217142942,0.02));
#12236=CARTESIAN_POINT('',(-0.0719593856767152,0.0490075630614237,0.02));
#12237=CARTESIAN_POINT('',(-0.0722323951991151,0.0489395466756181,0.02));
#12238=CARTESIAN_POINT('',(-0.0724343585370541,0.0488852464737956,0.02));
#12239=CARTESIAN_POINT('',(-0.0725450370418492,0.0488537402800518,0.02));
#12240=CARTESIAN_POINT('',(-0.0725597142830011,0.0488495364164244,0.02));
#12241=CARTESIAN_POINT('',(-0.070422358325269,0.0503467822987881,0.02));
#12242=CARTESIAN_POINT('',(-0.070422358325269,0.0503467822987881,0.005));
#12243=CARTESIAN_POINT('',(-0.0709438462713545,0.0506093764980389,0.02));
#12244=CARTESIAN_POINT('',(-0.0709438462713545,0.0506093764980389,0.005));
#12245=CARTESIAN_POINT('',(-0.0715203193137172,0.0509579186224393,0.02));
#12246=CARTESIAN_POINT('',(-0.0715203193137172,0.0509579186224393,0.00499999999999999));
#12247=CARTESIAN_POINT('',(-0.0721121753511291,0.0513876558243212,0.02));
#12248=CARTESIAN_POINT('',(-0.0721121753511291,0.0513876558243212,0.005));
#12249=CARTESIAN_POINT('',(-0.0700316115692653,0.0501614300217034,0.005));
#12250=CARTESIAN_POINT('',(-0.0700441064031346,0.0501669775161295,0.005));
#12251=CARTESIAN_POINT('',(-0.0701075168219748,0.0501953229910155,0.005));
#12252=CARTESIAN_POINT('',(-0.0702262065692532,0.050250174215757,0.005));
#12253=CARTESIAN_POINT('',(-0.0703927548983602,0.0503312233930509,0.005));
#12254=CARTESIAN_POINT('',(-0.0705698635135764,0.0504218363494343,0.005));
#12255=CARTESIAN_POINT('',(-0.0707572115684098,0.050522465156368,0.005));
#12256=CARTESIAN_POINT('',(-0.0709544646078195,0.0506335538859985,0.005));
#12257=CARTESIAN_POINT('',(-0.0711612738009461,0.0507555328303846,0.005));
#12258=CARTESIAN_POINT('',(-0.0713772801089852,0.0508888392288209,0.005));
#12259=CARTESIAN_POINT('',(-0.0716020992855275,0.0510338348761635,0.005));
#12260=CARTESIAN_POINT('',(-0.0718353813451092,0.051191124127978,0.005));
#12261=CARTESIAN_POINT('',(-0.0720065930406299,0.0513112251567262,0.005));
#12262=CARTESIAN_POINT('',(-0.0720998210619655,0.0513786855725694,0.005));
#12263=CARTESIAN_POINT('',(-0.0721121753511291,0.0513876558243212,0.005));
#12264=CARTESIAN_POINT('',(-0.0704223583063301,0.0503467822892515,0.005));
#12265=CARTESIAN_POINT('',(-0.0700316115692653,0.0501614300217034,0.02));
#12266=CARTESIAN_POINT('',(-0.0700441064031346,0.0501669775161295,0.02));
#12267=CARTESIAN_POINT('',(-0.0701075168219748,0.0501953229910155,0.02));
#12268=CARTESIAN_POINT('',(-0.0702262065692532,0.050250174215757,0.02));
#12269=CARTESIAN_POINT('',(-0.0703927548983602,0.0503312233930509,0.02));
#12270=CARTESIAN_POINT('',(-0.0705698635135764,0.0504218363494343,0.02));
#12271=CARTESIAN_POINT('',(-0.0707572115684098,0.050522465156368,0.02));
#12272=CARTESIAN_POINT('',(-0.0709544646078195,0.0506335538859985,0.02));
#12273=CARTESIAN_POINT('',(-0.0711612738009461,0.0507555328303846,0.02));
#12274=CARTESIAN_POINT('',(-0.0713772801089852,0.0508888392288209,0.02));
#12275=CARTESIAN_POINT('',(-0.0716020992855275,0.0510338348761635,0.02));
#12276=CARTESIAN_POINT('',(-0.0718353813451092,0.051191124127978,0.02));
#12277=CARTESIAN_POINT('',(-0.0720065930406299,0.0513112251567262,0.02));
#12278=CARTESIAN_POINT('',(-0.0720998210619655,0.0513786855725694,0.02));
#12279=CARTESIAN_POINT('',(-0.0721121753511291,0.0513876558243212,0.02));
#12280=CARTESIAN_POINT('',(-0.0704223583063301,0.0503467822892514,0.02));
#12281=CARTESIAN_POINT('',(-0.0704223583063299,0.0503467822892513,0.02));
#12282=CARTESIAN_POINT('',(-0.0706839409178056,0.0498273032606978,0.01));
#12283=CARTESIAN_POINT('',(-0.0706839409178056,0.0498273032606978,0.005));
#12284=CARTESIAN_POINT('',(-0.0706839409178056,0.0498273032606978,0.02));
#12285=CARTESIAN_POINT('',(-0.0709735376241387,0.0461601598725504,0.02));
#12286=CARTESIAN_POINT('',(-0.0709735376241387,0.0461601598725504,0.005));
#12287=CARTESIAN_POINT('',(-0.0715452206792607,0.0460414843658987,0.02));
#12288=CARTESIAN_POINT('',(-0.0715452206792607,0.0460414843658987,0.00500000000000004));
#12289=CARTESIAN_POINT('',(-0.0721922602188536,0.0458540207287409,0.02));
#12290=CARTESIAN_POINT('',(-0.0721922602188536,0.0458540207287409,0.005));
#12291=CARTESIAN_POINT('',(-0.0728751734230708,0.0455921100813685,0.02));
#12292=CARTESIAN_POINT('',(-0.0728751734230708,0.0455921100813685,0.005));
#12293=CARTESIAN_POINT('',(-0.0705481325416133,0.0462380637216822,0.005));
#12294=CARTESIAN_POINT('',(-0.070561637421553,0.0462359391545156,0.005));
#12295=CARTESIAN_POINT('',(-0.0706302235315095,0.0462249713523186,0.005));
#12296=CARTESIAN_POINT('',(-0.0707590655653317,0.0462027083047912,0.005));
#12297=CARTESIAN_POINT('',(-0.070940915968415,0.0461675266907465,0.005));
#12298=CARTESIAN_POINT('',(-0.0711354421127557,0.046125840378649,0.005));
#12299=CARTESIAN_POINT('',(-0.0713424510891447,0.0460771296598169,0.005));
#12300=CARTESIAN_POINT('',(-0.0715617347731492,0.0460208790301608,0.005));
#12301=CARTESIAN_POINT('',(-0.0717930675878127,0.0459565825753982,0.005));
#12302=CARTESIAN_POINT('',(-0.0720362158941384,0.0458837250287218,0.005));
#12303=CARTESIAN_POINT('',(-0.0722909021779949,0.0458018574728475,0.005));
#12304=CARTESIAN_POINT('',(-0.0725569447981143,0.0457103055622226,0.005));
#12305=CARTESIAN_POINT('',(-0.0727534070301569,0.0456386097243359,0.005));
#12306=CARTESIAN_POINT('',(-0.0728609184241095,0.0455975771538796,0.005));
#12307=CARTESIAN_POINT('',(-0.0728751734230708,0.0455921100813685,0.005));
#12308=CARTESIAN_POINT('',(-0.0709735376033769,0.0461601598768603,0.005));
#12309=CARTESIAN_POINT('',(-0.0709735376033765,0.0461601598768604,0.));
#12310=CARTESIAN_POINT('',(-0.0709735376033767,0.0461601598768604,0.02));
#12311=CARTESIAN_POINT('',(-0.0705481325416133,0.0462380637216822,0.02));
#12312=CARTESIAN_POINT('',(-0.070561637421553,0.0462359391545156,0.02));
#12313=CARTESIAN_POINT('',(-0.0706302235315095,0.0462249713523186,0.02));
#12314=CARTESIAN_POINT('',(-0.0707590655653317,0.0462027083047912,0.02));
#12315=CARTESIAN_POINT('',(-0.070940915968415,0.0461675266907465,0.02));
#12316=CARTESIAN_POINT('',(-0.0711354421127557,0.046125840378649,0.02));
#12317=CARTESIAN_POINT('',(-0.0713424510891447,0.0460771296598169,0.02));
#12318=CARTESIAN_POINT('',(-0.0715617347731492,0.0460208790301608,0.02));
#12319=CARTESIAN_POINT('',(-0.0717930675878127,0.0459565825753982,0.02));
#12320=CARTESIAN_POINT('',(-0.0720362158941384,0.0458837250287218,0.02));
#12321=CARTESIAN_POINT('',(-0.0722909021779949,0.0458018574728475,0.02));
#12322=CARTESIAN_POINT('',(-0.0725569447981143,0.0457103055622226,0.02));
#12323=CARTESIAN_POINT('',(-0.0727534070301569,0.0456386097243359,0.02));
#12324=CARTESIAN_POINT('',(-0.0728609184241095,0.0455975771538796,0.02));
#12325=CARTESIAN_POINT('',(-0.0728751734230708,0.0455921100813685,0.02));
#12326=CARTESIAN_POINT('',(-0.0708764443269966,0.0472699413371311,0.02));
#12327=CARTESIAN_POINT('',(-0.0708764443269966,0.0472699413371311,0.00500000000000001));
#12328=CARTESIAN_POINT('',(-0.0714188344464826,0.0474860856168992,0.02));
#12329=CARTESIAN_POINT('',(-0.0714188344464826,0.0474860856168992,0.00500000000000001));
#12330=CARTESIAN_POINT('',(-0.072023491282609,0.0477830584971039,0.02));
#12331=CARTESIAN_POINT('',(-0.072023491282609,0.0477830584971039,0.00500000000000001));
#12332=CARTESIAN_POINT('',(-0.0726505491941278,0.0481595767666549,0.02));
#12333=CARTESIAN_POINT('',(-0.0726505491941278,0.0481595767666549,0.00500000000000001));
#12334=CARTESIAN_POINT('',(-0.0704710299649899,0.0471193502051659,0.005));
#12335=CARTESIAN_POINT('',(-0.0704839607482411,0.0471237875931745,0.005));
#12336=CARTESIAN_POINT('',(-0.0705496003422107,0.0471464986228188,0.005));
#12337=CARTESIAN_POINT('',(-0.0706726190384002,0.0471907966290096,0.005));
#12338=CARTESIAN_POINT('',(-0.0708455975020789,0.0472570217463877,0.005));
#12339=CARTESIAN_POINT('',(-0.0710299296050598,0.0473318538602091,0.005));
#12340=CARTESIAN_POINT('',(-0.0712253351223927,0.0474157712852805,0.005));
#12341=CARTESIAN_POINT('',(-0.071431519575177,0.0475092455535971,0.005));
#12342=CARTESIAN_POINT('',(-0.0716481729623838,0.0476127357224394,0.005));
#12343=CARTESIAN_POINT('',(-0.0718749757193755,0.047726708659568,0.005));
#12344=CARTESIAN_POINT('',(-0.0721115765944156,0.0478515582723816,0.005));
#12345=CARTESIAN_POINT('',(-0.072357679606899,0.0479879171199335,0.005));
#12346=CARTESIAN_POINT('',(-0.0725387072845932,0.0480926390455177,0.005));
#12347=CARTESIAN_POINT('',(-0.0726374601078103,0.0481517173966673,0.005));
#12348=CARTESIAN_POINT('',(-0.0726505491941278,0.0481595767666549,0.005));
#12349=CARTESIAN_POINT('',(-0.0708764443072986,0.0472699413292815,0.005));
#12350=CARTESIAN_POINT('',(-0.0704710299649899,0.0471193502051659,0.02));
#12351=CARTESIAN_POINT('',(-0.0704839607482411,0.0471237875931745,0.02));
#12352=CARTESIAN_POINT('',(-0.0705496003422107,0.0471464986228188,0.02));
#12353=CARTESIAN_POINT('',(-0.0706726190384002,0.0471907966290096,0.02));
#12354=CARTESIAN_POINT('',(-0.0708455975020789,0.0472570217463877,0.02));
#12355=CARTESIAN_POINT('',(-0.0710299296050598,0.0473318538602091,0.02));
#12356=CARTESIAN_POINT('',(-0.0712253351223927,0.0474157712852805,0.02));
#12357=CARTESIAN_POINT('',(-0.071431519575177,0.0475092455535971,0.02));
#12358=CARTESIAN_POINT('',(-0.0716481729623838,0.0476127357224394,0.02));
#12359=CARTESIAN_POINT('',(-0.0718749757193755,0.047726708659568,0.02));
#12360=CARTESIAN_POINT('',(-0.0721115765944156,0.0478515582723816,0.02));
#12361=CARTESIAN_POINT('',(-0.072357679606899,0.0479879171199335,0.02));
#12362=CARTESIAN_POINT('',(-0.0725387072845932,0.0480926390455177,0.02));
#12363=CARTESIAN_POINT('',(-0.0726374601078103,0.0481517173966673,0.02));
#12364=CARTESIAN_POINT('',(-0.0726505491941278,0.0481595767666549,0.02));
#12365=CARTESIAN_POINT('',(-0.0708764443072986,0.0472699413292814,0.02));
#12366=CARTESIAN_POINT('',(-0.0708764443072984,0.0472699413292814,0.02));
#12367=CARTESIAN_POINT('',(-0.071091755937388,0.0467296406484734,0.01));
#12368=CARTESIAN_POINT('',(-0.071091755937388,0.0467296406484734,0.005));
#12369=CARTESIAN_POINT('',(-0.071091755937388,0.0467296406484734,0.02));
#12370=CARTESIAN_POINT('',(-0.0710606380350658,0.043051211832021,0.02));
#12371=CARTESIAN_POINT('',(-0.0710606380350658,0.043051211832021,0.005));
#12372=CARTESIAN_POINT('',(-0.071619802411639,0.0428831624602159,0.02));
#12373=CARTESIAN_POINT('',(-0.071619802411639,0.0428831624602159,0.005));
#12374=CARTESIAN_POINT('',(-0.0722480412379058,0.0426400189671373,0.02));
#12375=CARTESIAN_POINT('',(-0.0722480412379058,0.0426400189671373,0.005));
#12376=CARTESIAN_POINT('',(-0.0729055287341952,0.042319585161302,0.02));
#12377=CARTESIAN_POINT('',(-0.0729055287341952,0.042319585161302,0.005));
#12378=CARTESIAN_POINT('',(-0.0706436415151467,0.0431658957294231,0.005));
#12379=CARTESIAN_POINT('',(-0.0706569098367115,0.0431626022190343,0.005));
#12380=CARTESIAN_POINT('',(-0.0707242790488661,0.0431456984792805,0.005));
#12381=CARTESIAN_POINT('',(-0.0708506904474081,0.0431122908262154,0.005));
#12382=CARTESIAN_POINT('',(-0.0710287825751024,0.043061393781884,0.005));
#12383=CARTESIAN_POINT('',(-0.0712189352872416,0.0430029120281957,0.005));
#12384=CARTESIAN_POINT('',(-0.0714209111130981,0.0429363446472623,0.005));
#12385=CARTESIAN_POINT('',(-0.0716344577910737,0.0428611962358827,0.005));
#12386=CARTESIAN_POINT('',(-0.0718593065092653,0.0427769824652582,0.005));
#12387=CARTESIAN_POINT('',(-0.0720951796092816,0.0426832103923075,0.005));
#12388=CARTESIAN_POINT('',(-0.0723417615072969,0.0425794569949626,0.005));
#12389=CARTESIAN_POINT('',(-0.0725988124801558,0.042465066324839,0.005));
#12390=CARTESIAN_POINT('',(-0.072788278410089,0.0423765204995055,0.005));
#12391=CARTESIAN_POINT('',(-0.0728918044665741,0.0423262738349741,0.005));
#12392=CARTESIAN_POINT('',(-0.0729055287341952,0.042319585161302,0.005));
#12393=CARTESIAN_POINT('',(-0.0710606380147586,0.0430512118381241,0.005));
#12394=CARTESIAN_POINT('',(-0.0710606380147582,0.0430512118381242,0.));
#12395=CARTESIAN_POINT('',(-0.0710606380147584,0.0430512118381241,0.02));
#12396=CARTESIAN_POINT('',(-0.0706436415151467,0.0431658957294231,0.02));
#12397=CARTESIAN_POINT('',(-0.0706569098367115,0.0431626022190343,0.02));
#12398=CARTESIAN_POINT('',(-0.0707242790488661,0.0431456984792805,0.02));
#12399=CARTESIAN_POINT('',(-0.0708506904474081,0.0431122908262154,0.02));
#12400=CARTESIAN_POINT('',(-0.0710287825751024,0.043061393781884,0.02));
#12401=CARTESIAN_POINT('',(-0.0712189352872416,0.0430029120281957,0.02));
#12402=CARTESIAN_POINT('',(-0.0714209111130981,0.0429363446472623,0.02));
#12403=CARTESIAN_POINT('',(-0.0716344577910737,0.0428611962358827,0.02));
#12404=CARTESIAN_POINT('',(-0.0718593065092653,0.0427769824652582,0.02));
#12405=CARTESIAN_POINT('',(-0.0720951796092816,0.0426832103923075,0.02));
#12406=CARTESIAN_POINT('',(-0.0723417615072969,0.0425794569949626,0.02));
#12407=CARTESIAN_POINT('',(-0.0725988124801558,0.042465066324839,0.02));
#12408=CARTESIAN_POINT('',(-0.072788278410089,0.0423765204995055,0.02));
#12409=CARTESIAN_POINT('',(-0.0728918044665741,0.0423262738349741,0.02));
#12410=CARTESIAN_POINT('',(-0.0729055287341952,0.042319585161302,0.02));
#12411=CARTESIAN_POINT('',(-0.0710606380350656,0.0441652324815051,0.02));
#12412=CARTESIAN_POINT('',(-0.0710606380350656,0.0441652324815051,0.005));
#12413=CARTESIAN_POINT('',(-0.0716198024116388,0.0443332818533103,0.02));
#12414=CARTESIAN_POINT('',(-0.0716198024116388,0.0443332818533103,0.005));
#12415=CARTESIAN_POINT('',(-0.0722480412379012,0.0445764253463891,0.02));
#12416=CARTESIAN_POINT('',(-0.0722480412379012,0.0445764253463891,0.005));
#12417=CARTESIAN_POINT('',(-0.0729055287341953,0.0448968591522241,0.02));
#12418=CARTESIAN_POINT('',(-0.0729055287341953,0.0448968591522241,0.005));
#12419=CARTESIAN_POINT('',(-0.0706436415151467,0.044050548584103,0.005));
#12420=CARTESIAN_POINT('',(-0.0706569098367115,0.0440538420944919,0.005));
#12421=CARTESIAN_POINT('',(-0.0707242790488661,0.0440707458342457,0.005));
#12422=CARTESIAN_POINT('',(-0.0708506904474081,0.0441041534873107,0.005));
#12423=CARTESIAN_POINT('',(-0.0710287825751024,0.0441550505316421,0.005));
#12424=CARTESIAN_POINT('',(-0.0712189352872416,0.0442135322853305,0.005));
#12425=CARTESIAN_POINT('',(-0.0714209111130981,0.0442800996662639,0.005));
#12426=CARTESIAN_POINT('',(-0.0716344577910737,0.0443552480776435,0.005));
#12427=CARTESIAN_POINT('',(-0.0718593065092653,0.044439461848268,0.005));
#12428=CARTESIAN_POINT('',(-0.0720951796092816,0.0445332339212186,0.005));
#12429=CARTESIAN_POINT('',(-0.0723417615072969,0.0446369873185635,0.005));
#12430=CARTESIAN_POINT('',(-0.0725988124801558,0.0447513779886872,0.005));
#12431=CARTESIAN_POINT('',(-0.072788278410089,0.0448399238140207,0.005));
#12432=CARTESIAN_POINT('',(-0.0728918044665741,0.0448901704785521,0.005));
#12433=CARTESIAN_POINT('',(-0.0729055287341953,0.0448968591522241,0.005));
#12434=CARTESIAN_POINT('',(-0.0710606380147584,0.044165232475402,0.005));
#12435=CARTESIAN_POINT('',(-0.0706436415151467,0.044050548584103,0.02));
#12436=CARTESIAN_POINT('',(-0.0706569098367115,0.0440538420944919,0.02));
#12437=CARTESIAN_POINT('',(-0.0707242790488661,0.0440707458342457,0.02));
#12438=CARTESIAN_POINT('',(-0.0708506904474081,0.0441041534873107,0.02));
#12439=CARTESIAN_POINT('',(-0.0710287825751024,0.0441550505316421,0.02));
#12440=CARTESIAN_POINT('',(-0.0712189352872416,0.0442135322853305,0.02));
#12441=CARTESIAN_POINT('',(-0.0714209111130981,0.0442800996662639,0.02));
#12442=CARTESIAN_POINT('',(-0.0716344577910737,0.0443552480776435,0.02));
#12443=CARTESIAN_POINT('',(-0.0718593065092653,0.044439461848268,0.02));
#12444=CARTESIAN_POINT('',(-0.0720951796092816,0.0445332339212186,0.02));
#12445=CARTESIAN_POINT('',(-0.0723417615072969,0.0446369873185635,0.02));
#12446=CARTESIAN_POINT('',(-0.0725988124801558,0.0447513779886872,0.02));
#12447=CARTESIAN_POINT('',(-0.072788278410089,0.0448399238140207,0.02));
#12448=CARTESIAN_POINT('',(-0.0728918044665741,0.0448901704785521,0.02));
#12449=CARTESIAN_POINT('',(-0.0729055287341953,0.0448968591522241,0.02));
#12450=CARTESIAN_POINT('',(-0.0710606380147584,0.044165232475402,0.02));
#12451=CARTESIAN_POINT('',(-0.0710606380147582,0.044165232475402,0.02));
#12452=CARTESIAN_POINT('',(-0.0712280400119481,0.0436082221567631,0.01));
#12453=CARTESIAN_POINT('',(-0.0712280400119481,0.0436082221567631,0.005));
#12454=CARTESIAN_POINT('',(-0.0712280400119481,0.0436082221567631,0.02));
#12455=CARTESIAN_POINT('',(-0.0708764443269968,0.0399465029763949,0.02));
#12456=CARTESIAN_POINT('',(-0.0708764443269968,0.0399465029763949,0.005));
#12457=CARTESIAN_POINT('',(-0.0714188344464826,0.0397303586966268,0.02));
#12458=CARTESIAN_POINT('',(-0.0714188344464826,0.0397303586966268,0.00500000000000004));
#12459=CARTESIAN_POINT('',(-0.0720234912826091,0.0394333858164199,0.02));
#12460=CARTESIAN_POINT('',(-0.0720234912826091,0.0394333858164199,0.00500000000000001));
#12461=CARTESIAN_POINT('',(-0.0726505491941278,0.0390568675468713,0.02));
#12462=CARTESIAN_POINT('',(-0.0726505491941278,0.0390568675468713,0.00500000000000001));
#12463=CARTESIAN_POINT('',(-0.0704710299649899,0.0400970941083603,0.005));
#12464=CARTESIAN_POINT('',(-0.0704839607482411,0.0400926567203517,0.005));
#12465=CARTESIAN_POINT('',(-0.0705496003422107,0.0400699456907073,0.005));
#12466=CARTESIAN_POINT('',(-0.0706726190384002,0.0400256476845166,0.005));
#12467=CARTESIAN_POINT('',(-0.0708455975020789,0.0399594225671384,0.005));
#12468=CARTESIAN_POINT('',(-0.0710299296050597,0.0398845904533171,0.005));
#12469=CARTESIAN_POINT('',(-0.0712253351223927,0.0398006730282457,0.005));
#12470=CARTESIAN_POINT('',(-0.071431519575177,0.039707198759929,0.005));
#12471=CARTESIAN_POINT('',(-0.0716481729623838,0.0396037085910868,0.005));
#12472=CARTESIAN_POINT('',(-0.0718749757193755,0.0394897356539581,0.005));
#12473=CARTESIAN_POINT('',(-0.0721115765944156,0.0393648860411446,0.005));
#12474=CARTESIAN_POINT('',(-0.072357679606899,0.0392285271935926,0.005));
#12475=CARTESIAN_POINT('',(-0.0725387072845932,0.0391238052680086,0.005));
#12476=CARTESIAN_POINT('',(-0.0726374601078103,0.0390647269168588,0.005));
#12477=CARTESIAN_POINT('',(-0.0726505491941278,0.0390568675468713,0.005));
#12478=CARTESIAN_POINT('',(-0.0708764443072988,0.0399465029842447,0.005));
#12479=CARTESIAN_POINT('',(-0.0708764443072983,0.0399465029842448,0.));
#12480=CARTESIAN_POINT('',(-0.0708764443072985,0.0399465029842447,0.02));
#12481=CARTESIAN_POINT('',(-0.0704710299649899,0.0400970941083603,0.02));
#12482=CARTESIAN_POINT('',(-0.0704839607482411,0.0400926567203517,0.02));
#12483=CARTESIAN_POINT('',(-0.0705496003422107,0.0400699456907073,0.02));
#12484=CARTESIAN_POINT('',(-0.0706726190384002,0.0400256476845166,0.02));
#12485=CARTESIAN_POINT('',(-0.0708455975020789,0.0399594225671384,0.02));
#12486=CARTESIAN_POINT('',(-0.0710299296050597,0.0398845904533171,0.02));
#12487=CARTESIAN_POINT('',(-0.0712253351223927,0.0398006730282457,0.02));
#12488=CARTESIAN_POINT('',(-0.071431519575177,0.039707198759929,0.02));
#12489=CARTESIAN_POINT('',(-0.0716481729623838,0.0396037085910868,0.02));
#12490=CARTESIAN_POINT('',(-0.0718749757193755,0.0394897356539581,0.02));
#12491=CARTESIAN_POINT('',(-0.0721115765944156,0.0393648860411446,0.02));
#12492=CARTESIAN_POINT('',(-0.072357679606899,0.0392285271935926,0.02));
#12493=CARTESIAN_POINT('',(-0.0725387072845932,0.0391238052680086,0.02));
#12494=CARTESIAN_POINT('',(-0.0726374601078103,0.0390647269168588,0.02));
#12495=CARTESIAN_POINT('',(-0.0726505491941278,0.0390568675468713,0.02));
#12496=CARTESIAN_POINT('',(-0.0709735376241386,0.0410562844409758,0.02));
#12497=CARTESIAN_POINT('',(-0.0709735376241386,0.0410562844409758,0.005));
#12498=CARTESIAN_POINT('',(-0.0715452206792604,0.0411749599476275,0.02));
#12499=CARTESIAN_POINT('',(-0.0715452206792604,0.0411749599476275,0.005));
#12500=CARTESIAN_POINT('',(-0.0721922602188535,0.0413624235847829,0.02));
#12501=CARTESIAN_POINT('',(-0.0721922602188535,0.0413624235847829,0.005));
#12502=CARTESIAN_POINT('',(-0.0728751734230708,0.0416243342321577,0.02));
#12503=CARTESIAN_POINT('',(-0.0728751734230708,0.0416243342321577,0.005));
#12504=CARTESIAN_POINT('',(-0.0705481325416133,0.040978380591844,0.005));
#12505=CARTESIAN_POINT('',(-0.070561637421553,0.0409805051590106,0.005));
#12506=CARTESIAN_POINT('',(-0.0706302235315095,0.0409914729612076,0.005));
#12507=CARTESIAN_POINT('',(-0.0707590655653317,0.041013736008735,0.005));
#12508=CARTESIAN_POINT('',(-0.070940915968415,0.0410489176227797,0.005));
#12509=CARTESIAN_POINT('',(-0.0711354421127557,0.0410906039348772,0.005));
#12510=CARTESIAN_POINT('',(-0.0713424510891447,0.0411393146537092,0.005));
#12511=CARTESIAN_POINT('',(-0.0715617347731492,0.0411955652833654,0.005));
#12512=CARTESIAN_POINT('',(-0.0717930675878127,0.0412598617381279,0.005));
#12513=CARTESIAN_POINT('',(-0.0720362158941384,0.0413327192848044,0.005));
#12514=CARTESIAN_POINT('',(-0.0722909021779948,0.0414145868406787,0.005));
#12515=CARTESIAN_POINT('',(-0.0725569447981143,0.0415061387513036,0.005));
#12516=CARTESIAN_POINT('',(-0.0727534070301569,0.0415778345891903,0.005));
#12517=CARTESIAN_POINT('',(-0.0728609184241095,0.0416188671596465,0.005));
#12518=CARTESIAN_POINT('',(-0.0728751734230708,0.0416243342321577,0.005));
#12519=CARTESIAN_POINT('',(-0.0709735376033767,0.0410562844366658,0.005));
#12520=CARTESIAN_POINT('',(-0.0705481325416133,0.040978380591844,0.02));
#12521=CARTESIAN_POINT('',(-0.070561637421553,0.0409805051590106,0.02));
#12522=CARTESIAN_POINT('',(-0.0706302235315095,0.0409914729612076,0.02));
#12523=CARTESIAN_POINT('',(-0.0707590655653317,0.041013736008735,0.02));
#12524=CARTESIAN_POINT('',(-0.070940915968415,0.0410489176227797,0.02));
#12525=CARTESIAN_POINT('',(-0.0711354421127557,0.0410906039348772,0.02));
#12526=CARTESIAN_POINT('',(-0.0713424510891447,0.0411393146537092,0.02));
#12527=CARTESIAN_POINT('',(-0.0715617347731492,0.0411955652833654,0.02));
#12528=CARTESIAN_POINT('',(-0.0717930675878127,0.0412598617381279,0.02));
#12529=CARTESIAN_POINT('',(-0.0720362158941384,0.0413327192848044,0.02));
#12530=CARTESIAN_POINT('',(-0.0722909021779948,0.0414145868406787,0.02));
#12531=CARTESIAN_POINT('',(-0.0725569447981143,0.0415061387513036,0.02));
#12532=CARTESIAN_POINT('',(-0.0727534070301569,0.0415778345891903,0.02));
#12533=CARTESIAN_POINT('',(-0.0728609184241095,0.0416188671596465,0.02));
#12534=CARTESIAN_POINT('',(-0.0728751734230708,0.0416243342321577,0.02));
#12535=CARTESIAN_POINT('',(-0.0709735376033767,0.0410562844366658,0.02));
#12536=CARTESIAN_POINT('',(-0.0709735376033765,0.0410562844366657,0.02));
#12537=CARTESIAN_POINT('',(-0.071091755937388,0.0404868036650528,0.01));
#12538=CARTESIAN_POINT('',(-0.071091755937388,0.0404868036650528,0.005));
#12539=CARTESIAN_POINT('',(-0.071091755937388,0.0404868036650528,0.02));
#12540=CARTESIAN_POINT('',(-0.0704223583252692,0.036869662014738,0.02));
#12541=CARTESIAN_POINT('',(-0.0704223583252692,0.036869662014738,0.005));
#12542=CARTESIAN_POINT('',(-0.0709438462713547,0.0366070678154872,0.02));
#12543=CARTESIAN_POINT('',(-0.0709438462713547,0.0366070678154872,0.00500000000000004));
#12544=CARTESIAN_POINT('',(-0.0715203193137172,0.0362585256910871,0.02));
#12545=CARTESIAN_POINT('',(-0.0715203193137172,0.0362585256910871,0.005));
#12546=CARTESIAN_POINT('',(-0.0721121753511291,0.035828788489205,0.02));
#12547=CARTESIAN_POINT('',(-0.0721121753511291,0.035828788489205,0.005));
#12548=CARTESIAN_POINT('',(-0.0700316115692653,0.0370550142918227,0.005));
#12549=CARTESIAN_POINT('',(-0.0700441064031346,0.0370494667973967,0.005));
#12550=CARTESIAN_POINT('',(-0.0701075168219748,0.0370211213225107,0.005));
#12551=CARTESIAN_POINT('',(-0.0702262065692532,0.0369662700977691,0.005));
#12552=CARTESIAN_POINT('',(-0.0703927548983602,0.0368852209204753,0.005));
#12553=CARTESIAN_POINT('',(-0.0705698635135764,0.0367946079640918,0.005));
#12554=CARTESIAN_POINT('',(-0.0707572115684098,0.0366939791571582,0.005));
#12555=CARTESIAN_POINT('',(-0.0709544646078195,0.0365828904275277,0.005));
#12556=CARTESIAN_POINT('',(-0.0711612738009461,0.0364609114831416,0.005));
#12557=CARTESIAN_POINT('',(-0.0713772801089852,0.0363276050847052,0.005));
#12558=CARTESIAN_POINT('',(-0.0716020992855275,0.0361826094373627,0.005));
#12559=CARTESIAN_POINT('',(-0.0718353813451092,0.0360253201855482,0.005));
#12560=CARTESIAN_POINT('',(-0.0720065930406299,0.0359052191568,0.005));
#12561=CARTESIAN_POINT('',(-0.0720998210619655,0.0358377587409568,0.005));
#12562=CARTESIAN_POINT('',(-0.0721121753511291,0.0358287884892049,0.005));
#12563=CARTESIAN_POINT('',(-0.0704223583063303,0.0368696620242746,0.005));
#12564=CARTESIAN_POINT('',(-0.0704223583063299,0.0368696620242749,0.));
#12565=CARTESIAN_POINT('',(-0.0704223583063301,0.0368696620242747,0.02));
#12566=CARTESIAN_POINT('',(-0.0700316115692653,0.0370550142918227,0.02));
#12567=CARTESIAN_POINT('',(-0.0700441064031346,0.0370494667973967,0.02));
#12568=CARTESIAN_POINT('',(-0.0701075168219748,0.0370211213225107,0.02));
#12569=CARTESIAN_POINT('',(-0.0702262065692532,0.0369662700977691,0.02));
#12570=CARTESIAN_POINT('',(-0.0703927548983602,0.0368852209204753,0.02));
#12571=CARTESIAN_POINT('',(-0.0705698635135764,0.0367946079640918,0.02));
#12572=CARTESIAN_POINT('',(-0.0707572115684098,0.0366939791571582,0.02));
#12573=CARTESIAN_POINT('',(-0.0709544646078195,0.0365828904275277,0.02));
#12574=CARTESIAN_POINT('',(-0.0711612738009461,0.0364609114831416,0.02));
#12575=CARTESIAN_POINT('',(-0.0713772801089852,0.0363276050847052,0.02));
#12576=CARTESIAN_POINT('',(-0.0716020992855275,0.0361826094373627,0.02));
#12577=CARTESIAN_POINT('',(-0.0718353813451092,0.0360253201855482,0.02));
#12578=CARTESIAN_POINT('',(-0.0720065930406299,0.0359052191568,0.02));
#12579=CARTESIAN_POINT('',(-0.0720998210619655,0.0358377587409568,0.02));
#12580=CARTESIAN_POINT('',(-0.0721121753511291,0.0358287884892049,0.02));
#12581=CARTESIAN_POINT('',(-0.0706158059809353,0.0379667581873657,0.02));
#12582=CARTESIAN_POINT('',(-0.0706158059809353,0.0379667581873657,0.005));
#12583=CARTESIAN_POINT('',(-0.0711956568613649,0.0380351566366,0.02));
#12584=CARTESIAN_POINT('',(-0.0711956568613649,0.0380351566366,0.005));
#12585=CARTESIAN_POINT('',(-0.0718565727526982,0.0381655137063588,0.02));
#12586=CARTESIAN_POINT('',(-0.0718565727526982,0.0381655137063588,0.005));
#12587=CARTESIAN_POINT('',(-0.0725597142830011,0.0383669078971018,0.02));
#12588=CARTESIAN_POINT('',(-0.0725597142830011,0.0383669078971018,0.005));
#12589=CARTESIAN_POINT('',(-0.0701852299253483,0.0379262272818358,0.005));
#12590=CARTESIAN_POINT('',(-0.070198868583372,0.037927166736541,0.005));
#12591=CARTESIAN_POINT('',(-0.0702681496094202,0.0379321151295839,0.005));
#12592=CARTESIAN_POINT('',(-0.0703984417128483,0.0379430641363392,0.005));
#12593=CARTESIAN_POINT('',(-0.0705826663999488,0.0379622625667712,0.005));
#12594=CARTESIAN_POINT('',(-0.0707800855150746,0.0379868361792718,0.005));
#12595=CARTESIAN_POINT('',(-0.0709905521786903,0.03801731951802,0.005));
#12596=CARTESIAN_POINT('',(-0.0712139039874812,0.0380542442646959,0.005));
#12597=CARTESIAN_POINT('',(-0.0714499603162146,0.0380981340687526,0.005));
#12598=CARTESIAN_POINT('',(-0.0716985333234216,0.0381495225992319,0.005));
#12599=CARTESIAN_POINT('',(-0.0719593856767152,0.0382088812521025,0.005));
#12600=CARTESIAN_POINT('',(-0.0722323951991151,0.0382768976379081,0.005));
#12601=CARTESIAN_POINT('',(-0.0724343585370541,0.0383311978397306,0.005));
#12602=CARTESIAN_POINT('',(-0.0725450370418492,0.0383627040334744,0.005));
#12603=CARTESIAN_POINT('',(-0.0725597142830011,0.0383669078971018,0.005));
#12604=CARTESIAN_POINT('',(-0.0706158059598768,0.0379667581848816,0.005));
#12605=CARTESIAN_POINT('',(-0.0701852299253483,0.0379262272818358,0.02));
#12606=CARTESIAN_POINT('',(-0.070198868583372,0.037927166736541,0.02));
#12607=CARTESIAN_POINT('',(-0.0702681496094202,0.0379321151295839,0.02));
#12608=CARTESIAN_POINT('',(-0.0703984417128483,0.0379430641363392,0.02));
#12609=CARTESIAN_POINT('',(-0.0705826663999488,0.0379622625667712,0.02));
#12610=CARTESIAN_POINT('',(-0.0707800855150746,0.0379868361792718,0.02));
#12611=CARTESIAN_POINT('',(-0.0709905521786903,0.03801731951802,0.02));
#12612=CARTESIAN_POINT('',(-0.0712139039874812,0.0380542442646959,0.02));
#12613=CARTESIAN_POINT('',(-0.0714499603162146,0.0380981340687526,0.02));
#12614=CARTESIAN_POINT('',(-0.0716985333234216,0.0381495225992319,0.02));
#12615=CARTESIAN_POINT('',(-0.0719593856767152,0.0382088812521025,0.02));
#12616=CARTESIAN_POINT('',(-0.0722323951991151,0.0382768976379081,0.02));
#12617=CARTESIAN_POINT('',(-0.0724343585370541,0.0383311978397306,0.02));
#12618=CARTESIAN_POINT('',(-0.0725450370418492,0.0383627040334744,0.02));
#12619=CARTESIAN_POINT('',(-0.0725597142830011,0.0383669078971018,0.02));
#12620=CARTESIAN_POINT('',(-0.0706158059598768,0.0379667581848816,0.02));
#12621=CARTESIAN_POINT('',(-0.0706158059598765,0.0379667581848816,0.02));
#12622=CARTESIAN_POINT('',(-0.0706839409178056,0.0373891410528284,0.01));
#12623=CARTESIAN_POINT('',(-0.0706839409178056,0.0373891410528284,0.005));
#12624=CARTESIAN_POINT('',(-0.0706839409178056,0.0373891410528284,0.02));
#12625=CARTESIAN_POINT('',(-0.0697018358985409,0.0338441055646157,0.02));
#12626=CARTESIAN_POINT('',(-0.0697018358985409,0.0338441055646157,0.005));
#12627=CARTESIAN_POINT('',(-0.070198452833073,0.0335370599462973,0.02));
#12628=CARTESIAN_POINT('',(-0.070198452833073,0.0335370599462973,0.00499999999999997));
#12629=CARTESIAN_POINT('',(-0.0707423547737373,0.0331396011937263,0.02));
#12630=CARTESIAN_POINT('',(-0.0707423547737373,0.0331396011937263,0.005));
#12631=CARTESIAN_POINT('',(-0.0712945045552234,0.0326599156190992,0.02));
#12632=CARTESIAN_POINT('',(-0.0712945045552234,0.0326599156190992,0.005));
#12633=CARTESIAN_POINT('',(-0.0693287305672925,0.0340628083440725,0.005));
#12634=CARTESIAN_POINT('',(-0.0693406943585496,0.0340561929630111,0.005));
#12635=CARTESIAN_POINT('',(-0.0694013930106848,0.0340224287690629,0.005));
#12636=CARTESIAN_POINT('',(-0.0695148505084083,0.033957441776711,0.005));
#12637=CARTESIAN_POINT('',(-0.0696737011695947,0.0338621853726795,0.005));
#12638=CARTESIAN_POINT('',(-0.0698422383935433,0.0337564811930456,0.005));
#12639=CARTESIAN_POINT('',(-0.070020103154056,0.0336399068502317,0.005));
#12640=CARTESIAN_POINT('',(-0.0702069235653566,0.0335120491115971,0.005));
#12641=CARTESIAN_POINT('',(-0.0704023146215683,0.0333725097250868,0.005));
#12642=CARTESIAN_POINT('',(-0.0706058805422225,0.0332208844075275,0.005));
#12643=CARTESIAN_POINT('',(-0.070817207010584,0.033056846230083,0.005));
#12644=CARTESIAN_POINT('',(-0.0710358926999311,0.032879823640186,0.005));
#12645=CARTESIAN_POINT('',(-0.0711959853888948,0.0327452575496215,0.005));
#12646=CARTESIAN_POINT('',(-0.071282979086814,0.032669928483583,0.005));
#12647=CARTESIAN_POINT('',(-0.0712945045552234,0.0326599156190992,0.005));
#12648=CARTESIAN_POINT('',(-0.0697018358805052,0.0338441055757666,0.005));
#12649=CARTESIAN_POINT('',(-0.0697018358805048,0.0338441055757669,0.));
#12650=CARTESIAN_POINT('',(-0.069701835880505,0.0338441055757668,0.02));
#12651=CARTESIAN_POINT('',(-0.0693287305672925,0.0340628083440725,0.02));
#12652=CARTESIAN_POINT('',(-0.0693406943585496,0.0340561929630111,0.02));
#12653=CARTESIAN_POINT('',(-0.0694013930106848,0.0340224287690629,0.02));
#12654=CARTESIAN_POINT('',(-0.0695148505084083,0.033957441776711,0.02));
#12655=CARTESIAN_POINT('',(-0.0696737011695947,0.0338621853726795,0.02));
#12656=CARTESIAN_POINT('',(-0.0698422383935433,0.0337564811930456,0.02));
#12657=CARTESIAN_POINT('',(-0.070020103154056,0.0336399068502317,0.02));
#12658=CARTESIAN_POINT('',(-0.0702069235653566,0.0335120491115971,0.02));
#12659=CARTESIAN_POINT('',(-0.0704023146215683,0.0333725097250868,0.02));
#12660=CARTESIAN_POINT('',(-0.0706058805422225,0.0332208844075275,0.02));
#12661=CARTESIAN_POINT('',(-0.070817207010584,0.033056846230083,0.02));
#12662=CARTESIAN_POINT('',(-0.0710358926999311,0.032879823640186,0.02));
#12663=CARTESIAN_POINT('',(-0.0711959853888948,0.0327452575496215,0.02));
#12664=CARTESIAN_POINT('',(-0.071282979086814,0.032669928483583,0.02));
#12665=CARTESIAN_POINT('',(-0.0712945045552234,0.0326599156190992,0.02));
#12666=CARTESIAN_POINT('',(-0.0699901656592646,0.0349201668809718,0.02));
#12667=CARTESIAN_POINT('',(-0.0699901656592646,0.0349201668809718,0.00500000000000001));
#12668=CARTESIAN_POINT('',(-0.0705737713496781,0.0349377677192901,0.02));
#12669=CARTESIAN_POINT('',(-0.0705737713496781,0.0349377677192901,0.00500000000000001));
#12670=CARTESIAN_POINT('',(-0.0712435336237506,0.0350100261256417,0.02));
#12671=CARTESIAN_POINT('',(-0.0712435336237506,0.0350100261256417,0.00500000000000001));
#12672=CARTESIAN_POINT('',(-0.0719615521485214,0.0351493711283539,0.02));
#12673=CARTESIAN_POINT('',(-0.0719615521485214,0.0351493711283539,0.00500000000000001));
#12674=CARTESIAN_POINT('',(-0.069557695574388,0.0349173173837081,0.005));
#12675=CARTESIAN_POINT('',(-0.0695713642120728,0.0349170645761343,0.005));
#12676=CARTESIAN_POINT('',(-0.0696408128837715,0.0349159558997643,0.005));
#12677=CARTESIAN_POINT('',(-0.0697715634552259,0.0349155075371948,0.005));
#12678=CARTESIAN_POINT('',(-0.069956760365237,0.0349185766723661,0.005));
#12679=CARTESIAN_POINT('',(-0.0701555699724766,0.0349258505652408,0.005));
#12680=CARTESIAN_POINT('',(-0.0703678925449257,0.0349378745272909,0.005));
#12681=CARTESIAN_POINT('',(-0.0705936126363748,0.0349551923713686,0.005));
#12682=CARTESIAN_POINT('',(-0.0708325959479815,0.034978341496809,0.005));
#12683=CARTESIAN_POINT('',(-0.0710847018653925,0.0350078699133453,0.005));
#12684=CARTESIAN_POINT('',(-0.0713497350442078,0.035044267908022,0.005));
#12685=CARTESIAN_POINT('',(-0.0716276337015751,0.0350882311232429,0.005));
#12686=CARTESIAN_POINT('',(-0.07183356108246,0.0351247224316779,0.005));
#12687=CARTESIAN_POINT('',(-0.0719465643678465,0.035146462467551,0.005));
#12688=CARTESIAN_POINT('',(-0.0719615521485214,0.0351493711283539,0.005));
#12689=CARTESIAN_POINT('',(-0.0699901656380698,0.0349201668803326,0.005));
#12690=CARTESIAN_POINT('',(-0.069557695574388,0.0349173173837081,0.02));
#12691=CARTESIAN_POINT('',(-0.0695713642120728,0.0349170645761343,0.02));
#12692=CARTESIAN_POINT('',(-0.0696408128837715,0.0349159558997643,0.02));
#12693=CARTESIAN_POINT('',(-0.0697715634552259,0.0349155075371948,0.02));
#12694=CARTESIAN_POINT('',(-0.069956760365237,0.0349185766723661,0.02));
#12695=CARTESIAN_POINT('',(-0.0701555699724766,0.0349258505652408,0.02));
#12696=CARTESIAN_POINT('',(-0.0703678925449257,0.0349378745272909,0.02));
#12697=CARTESIAN_POINT('',(-0.0705936126363748,0.0349551923713686,0.02));
#12698=CARTESIAN_POINT('',(-0.0708325959479815,0.034978341496809,0.02));
#12699=CARTESIAN_POINT('',(-0.0710847018653925,0.0350078699133453,0.02));
#12700=CARTESIAN_POINT('',(-0.0713497350442078,0.035044267908022,0.02));
#12701=CARTESIAN_POINT('',(-0.0716276337015751,0.0350882311232429,0.02));
#12702=CARTESIAN_POINT('',(-0.07183356108246,0.0351247224316779,0.02));
#12703=CARTESIAN_POINT('',(-0.0719465643678465,0.035146462467551,0.02));
#12704=CARTESIAN_POINT('',(-0.0719615521485214,0.0351493711283539,0.02));
#12705=CARTESIAN_POINT('',(-0.0699901656380698,0.0349201668803326,0.02));
#12706=CARTESIAN_POINT('',(-0.0699901656380695,0.0349201668803326,0.02));
#12707=CARTESIAN_POINT('',(-0.0700076986717453,0.0343388094029888,0.01));
#12708=CARTESIAN_POINT('',(-0.0700076986717453,0.0343388094029888,0.005));
#12709=CARTESIAN_POINT('',(-0.0700076986717453,0.0343388094029888,0.02));
#12710=CARTESIAN_POINT('',(-0.0687203606575425,0.0308928599374945,0.02));
#12711=CARTESIAN_POINT('',(-0.0687203606575425,0.0308928599374945,0.005));
#12712=CARTESIAN_POINT('',(-0.0691883270257839,0.0305436997026632,0.02));
#12713=CARTESIAN_POINT('',(-0.0691883270257839,0.0305436997026632,0.005));
#12714=CARTESIAN_POINT('',(-0.0696955184425609,0.0301003492230212,0.02));
#12715=CARTESIAN_POINT('',(-0.0696955184425609,0.0301003492230212,0.005));
#12716=CARTESIAN_POINT('',(-0.0702037597748908,0.0295743659725132,0.02));
#12717=CARTESIAN_POINT('',(-0.0702037597748908,0.0295743659725132,0.005));
#12718=CARTESIAN_POINT('',(-0.0683677363079077,0.0311432487591153,0.005));
#12719=CARTESIAN_POINT('',(-0.0683790780048771,0.031135615838463,0.005));
#12720=CARTESIAN_POINT('',(-0.0684366029369136,0.0310966898913559,0.005));
#12721=CARTESIAN_POINT('',(-0.0685439647050172,0.0310220617216455,0.005));
#12722=CARTESIAN_POINT('',(-0.0686939087488346,0.0309133230496284,0.005));
#12723=CARTESIAN_POINT('',(-0.0688525919114758,0.0307933321193772,0.005));
#12724=CARTESIAN_POINT('',(-0.0690196197194426,0.0306616994418213,0.005));
#12725=CARTESIAN_POINT('',(-0.0691945856864989,0.0305180457687762,0.005));
#12726=CARTESIAN_POINT('',(-0.0693770715618777,0.0303620079191293,0.005));
#12727=CARTESIAN_POINT('',(-0.0695666478355744,0.0301932176426674,0.005));
#12728=CARTESIAN_POINT('',(-0.0697628732737283,0.0300113853647003,0.005));
#12729=CARTESIAN_POINT('',(-0.0699652982626989,0.0298159766855191,0.005));
#12730=CARTESIAN_POINT('',(-0.070113053543076,0.0296679696623408,0.005));
#12731=CARTESIAN_POINT('',(-0.0701931508430094,0.0295853452457845,0.005));
#12732=CARTESIAN_POINT('',(-0.0702037597748908,0.0295743659725132,0.005));
#12733=CARTESIAN_POINT('',(-0.0687203606405473,0.0308928599501749,0.005));
#12734=CARTESIAN_POINT('',(-0.068720360640547,0.0308928599501752,0.));
#12735=CARTESIAN_POINT('',(-0.0687203606405471,0.0308928599501751,0.02));
#12736=CARTESIAN_POINT('',(-0.0683677363079077,0.0311432487591153,0.02));
#12737=CARTESIAN_POINT('',(-0.0683790780048771,0.031135615838463,0.02));
#12738=CARTESIAN_POINT('',(-0.0684366029369136,0.0310966898913559,0.02));
#12739=CARTESIAN_POINT('',(-0.0685439647050172,0.0310220617216455,0.02));
#12740=CARTESIAN_POINT('',(-0.0686939087488346,0.0309133230496284,0.02));
#12741=CARTESIAN_POINT('',(-0.0688525919114758,0.0307933321193772,0.02));
#12742=CARTESIAN_POINT('',(-0.0690196197194426,0.0306616994418213,0.02));
#12743=CARTESIAN_POINT('',(-0.0691945856864989,0.0305180457687762,0.02));
#12744=CARTESIAN_POINT('',(-0.0693770715618777,0.0303620079191293,0.02));
#12745=CARTESIAN_POINT('',(-0.0695666478355744,0.0301932176426674,0.02));
#12746=CARTESIAN_POINT('',(-0.0697628732737283,0.0300113853647003,0.02));
#12747=CARTESIAN_POINT('',(-0.0699652982626989,0.0298159766855191,0.02));
#12748=CARTESIAN_POINT('',(-0.070113053543076,0.0296679696623408,0.02));
#12749=CARTESIAN_POINT('',(-0.0701931508430094,0.0295853452457845,0.02));
#12750=CARTESIAN_POINT('',(-0.0702037597748908,0.0295743659725132,0.02));
#12751=CARTESIAN_POINT('',(-0.0691013781597466,0.0319396969212179,0.02));
#12752=CARTESIAN_POINT('',(-0.0691013781597466,0.0319396969212179,0.005));
#12753=CARTESIAN_POINT('',(-0.0696842970684494,0.0319063661956127,0.02));
#12754=CARTESIAN_POINT('',(-0.0696842970684494,0.0319063661956127,0.00499999999999996));
#12755=CARTESIAN_POINT('',(-0.0703578084299311,0.0319199760084509,0.02));
#12756=CARTESIAN_POINT('',(-0.0703578084299311,0.0319199760084509,0.005));
#12757=CARTESIAN_POINT('',(-0.0710852393946555,0.0319962113235262,0.02));
#12758=CARTESIAN_POINT('',(-0.0710852393946555,0.0319962113235262,0.005));
#12759=CARTESIAN_POINT('',(-0.0686703054040588,0.0319745505186151,0.005));
#12760=CARTESIAN_POINT('',(-0.0686838999948187,0.0319731073727808,0.005));
#12761=CARTESIAN_POINT('',(-0.0687529877658419,0.0319659500646942,0.005));
#12762=CARTESIAN_POINT('',(-0.0688832017145245,0.0319541077451099,0.005));
#12763=CARTESIAN_POINT('',(-0.0690679613871359,0.0319410242270488,0.005));
#12764=CARTESIAN_POINT('',(-0.069266648425334,0.0319309430415807,0.005));
#12765=CARTESIAN_POINT('',(-0.0694792110036362,0.0319244161173211,0.005));
#12766=CARTESIAN_POINT('',(-0.0697055815115539,0.0319219952595504,0.005));
#12767=CARTESIAN_POINT('',(-0.0699456729987307,0.0319242275275523,0.005));
#12768=CARTESIAN_POINT('',(-0.0701993931480884,0.0319316711010656,0.005));
#12769=CARTESIAN_POINT('',(-0.0704665900899032,0.0319448314268313,0.005));
#12770=CARTESIAN_POINT('',(-0.0707472629056554,0.031964406884854,0.005));
#12771=CARTESIAN_POINT('',(-0.0709555870977754,0.0319828115790103,0.005));
#12772=CARTESIAN_POINT('',(-0.0710700551405182,0.0319946200022126,0.005));
#12773=CARTESIAN_POINT('',(-0.0710852393946555,0.0319962113235262,0.005));
#12774=CARTESIAN_POINT('',(-0.0691013781385767,0.0319396969224284,0.005));
#12775=CARTESIAN_POINT('',(-0.0686703054040588,0.0319745505186151,0.02));
#12776=CARTESIAN_POINT('',(-0.0686838999948187,0.0319731073727808,0.02));
#12777=CARTESIAN_POINT('',(-0.0687529877658419,0.0319659500646942,0.02));
#12778=CARTESIAN_POINT('',(-0.0688832017145245,0.0319541077451099,0.02));
#12779=CARTESIAN_POINT('',(-0.0690679613871359,0.0319410242270488,0.02));
#12780=CARTESIAN_POINT('',(-0.069266648425334,0.0319309430415807,0.02));
#12781=CARTESIAN_POINT('',(-0.0694792110036362,0.0319244161173211,0.02));
#12782=CARTESIAN_POINT('',(-0.0697055815115539,0.0319219952595504,0.02));
#12783=CARTESIAN_POINT('',(-0.0699456729987307,0.0319242275275523,0.02));
#12784=CARTESIAN_POINT('',(-0.0701993931480884,0.0319316711010656,0.02));
#12785=CARTESIAN_POINT('',(-0.0704665900899032,0.0319448314268313,0.02));
#12786=CARTESIAN_POINT('',(-0.0707472629056554,0.031964406884854,0.02));
#12787=CARTESIAN_POINT('',(-0.0709555870977754,0.0319828115790103,0.02));
#12788=CARTESIAN_POINT('',(-0.0710700551405182,0.0319946200022126,0.02));
#12789=CARTESIAN_POINT('',(-0.0710852393946555,0.0319962113235262,0.02));
#12790=CARTESIAN_POINT('',(-0.0691013781385767,0.0319396969224284,0.02));
#12791=CARTESIAN_POINT('',(-0.0691013781385765,0.0319396969224284,0.02));
#12792=CARTESIAN_POINT('',(-0.0690681758110259,0.0313590235812298,0.01));
#12793=CARTESIAN_POINT('',(-0.0690681758110259,0.0313590235812298,0.005));
#12794=CARTESIAN_POINT('',(-0.0690681758110259,0.0313590235812298,0.02));
#12795=CARTESIAN_POINT('',(-0.0579004437616668,0.0159431047869507,0.02));
#12796=CARTESIAN_POINT('',(-0.0579004437616668,0.0159431047869507,0.00500000000000001));
#12797=CARTESIAN_POINT('',(-0.0581311344072653,0.0154067399694747,0.02));
#12798=CARTESIAN_POINT('',(-0.0581311344072653,0.0154067399694747,0.00500000000000001));
#12799=CARTESIAN_POINT('',(-0.058348699818958,0.0147691914829355,0.02));
#12800=CARTESIAN_POINT('',(-0.058348699818958,0.0147691914829355,0.00500000000000001));
#12801=CARTESIAN_POINT('',(-0.0585258580987512,0.0140595559598663,0.02));
#12802=CARTESIAN_POINT('',(-0.0585258580987512,0.0140595559598663,0.00500000000000001));
#12803=CARTESIAN_POINT('',(-0.0577202565277005,0.0163362600421154,0.005));
#12804=CARTESIAN_POINT('',(-0.0577262622650719,0.0163239788904408,0.005));
#12805=CARTESIAN_POINT('',(-0.0577566173440129,0.0162615055653613,0.005));
#12806=CARTESIAN_POINT('',(-0.0578122812777307,0.0161431947905024,0.005));
#12807=CARTESIAN_POINT('',(-0.0578877672928141,0.0159740523162531,0.005));
#12808=CARTESIAN_POINT('',(-0.0579651954776887,0.0157907955411112,0.005));
#12809=CARTESIAN_POINT('',(-0.0580440294637484,0.0155932843943962,0.005));
#12810=CARTESIAN_POINT('',(-0.0581237275994943,0.015381393680664,0.005));
#12811=CARTESIAN_POINT('',(-0.0582037460785808,0.0151550180012286,0.005));
#12812=CARTESIAN_POINT('',(-0.058283528809326,0.0149140531970525,0.005));
#12813=CARTESIAN_POINT('',(-0.0583625488846525,0.014658469106028,0.005));
#12814=CARTESIAN_POINT('',(-0.0584401497278712,0.0143880277312518,0.005));
#12815=CARTESIAN_POINT('',(-0.0584941060426318,0.0141859722490523,0.005));
#12816=CARTESIAN_POINT('',(-0.0585221601308706,0.014074368755375,0.005));
#12817=CARTESIAN_POINT('',(-0.0585258580987512,0.0140595559598663,0.005));
#12818=CARTESIAN_POINT('',(-0.0579004437532888,0.0159431048064298,0.005));
#12819=CARTESIAN_POINT('',(-0.0579004437532886,0.0159431048064302,0.));
#12820=CARTESIAN_POINT('',(-0.0579004437532887,0.0159431048064301,0.02));
#12821=CARTESIAN_POINT('',(-0.0577202565277005,0.0163362600421154,0.02));
#12822=CARTESIAN_POINT('',(-0.0577262622650719,0.0163239788904408,0.02));
#12823=CARTESIAN_POINT('',(-0.0577566173440129,0.0162615055653613,0.02));
#12824=CARTESIAN_POINT('',(-0.0578122812777307,0.0161431947905024,0.02));
#12825=CARTESIAN_POINT('',(-0.0578877672928141,0.0159740523162531,0.02));
#12826=CARTESIAN_POINT('',(-0.0579651954776887,0.0157907955411112,0.02));
#12827=CARTESIAN_POINT('',(-0.0580440294637484,0.0155932843943962,0.02));
#12828=CARTESIAN_POINT('',(-0.0581237275994943,0.015381393680664,0.02));
#12829=CARTESIAN_POINT('',(-0.0582037460785808,0.0151550180012286,0.02));
#12830=CARTESIAN_POINT('',(-0.058283528809326,0.0149140531970525,0.02));
#12831=CARTESIAN_POINT('',(-0.0583625488846525,0.014658469106028,0.02));
#12832=CARTESIAN_POINT('',(-0.0584401497278712,0.0143880277312518,0.02));
#12833=CARTESIAN_POINT('',(-0.0584941060426318,0.0141859722490523,0.02));
#12834=CARTESIAN_POINT('',(-0.0585221601308706,0.014074368755375,0.02));
#12835=CARTESIAN_POINT('',(-0.0585258580987512,0.0140595559598663,0.02));
#12836=CARTESIAN_POINT('',(-0.0587538330897237,0.0166591834573742,0.02));
#12837=CARTESIAN_POINT('',(-0.0587538330897237,0.0166591834573742,0.00500000000000001));
#12838=CARTESIAN_POINT('',(-0.059241990310204,0.0163388587479221,0.02));
#12839=CARTESIAN_POINT('',(-0.059241990310204,0.0163388587479221,0.00500000000000001));
#12840=CARTESIAN_POINT('',(-0.059832073165405,0.016013889510838,0.02));
#12841=CARTESIAN_POINT('',(-0.059832073165405,0.016013889510838,0.00500000000000001));
#12842=CARTESIAN_POINT('',(-0.0605001645178922,0.0157161957479985,0.02));
#12843=CARTESIAN_POINT('',(-0.0605001645178922,0.0157161957479985,0.00500000000000001));
#12844=CARTESIAN_POINT('',(-0.0583979399311173,0.0169049039359774,0.005));
#12845=CARTESIAN_POINT('',(-0.0584089916191523,0.0168968568396435,0.005));
#12846=CARTESIAN_POINT('',(-0.058465244729906,0.0168561145435063,0.005));
#12847=CARTESIAN_POINT('',(-0.0585720921576,0.0167807518195653,0.005));
#12848=CARTESIAN_POINT('',(-0.0587255569686459,0.0166770413242476,0.005));
#12849=CARTESIAN_POINT('',(-0.058892584398394,0.016568967242433,0.005));
#12850=CARTESIAN_POINT('',(-0.0590734055289678,0.0164570334710646,0.005));
#12851=CARTESIAN_POINT('',(-0.0592682377106068,0.0163417516927773,0.005));
#12852=CARTESIAN_POINT('',(-0.0594772791717353,0.0162236391499865,0.005));
#12853=CARTESIAN_POINT('',(-0.0597007290532877,0.0161032253990652,0.005));
#12854=CARTESIAN_POINT('',(-0.0599387085555957,0.015981024104593,0.005));
#12855=CARTESIAN_POINT('',(-0.0601915660732002,0.0158576405406552,0.005));
#12856=CARTESIAN_POINT('',(-0.0603811824628771,0.0157694173772835,0.005));
#12857=CARTESIAN_POINT('',(-0.060486218907415,0.0157224097503839,0.005));
#12858=CARTESIAN_POINT('',(-0.0605001645178922,0.0157161957479985,0.005));
#12859=CARTESIAN_POINT('',(-0.0587538330719954,0.0166591834690074,0.005));
#12860=CARTESIAN_POINT('',(-0.0583979399311173,0.0169049039359774,0.02));
#12861=CARTESIAN_POINT('',(-0.0584089916191523,0.0168968568396435,0.02));
#12862=CARTESIAN_POINT('',(-0.058465244729906,0.0168561145435063,0.02));
#12863=CARTESIAN_POINT('',(-0.0585720921576,0.0167807518195653,0.02));
#12864=CARTESIAN_POINT('',(-0.0587255569686459,0.0166770413242476,0.02));
#12865=CARTESIAN_POINT('',(-0.058892584398394,0.016568967242433,0.02));
#12866=CARTESIAN_POINT('',(-0.0590734055289678,0.0164570334710646,0.02));
#12867=CARTESIAN_POINT('',(-0.0592682377106068,0.0163417516927773,0.02));
#12868=CARTESIAN_POINT('',(-0.0594772791717353,0.0162236391499865,0.02));
#12869=CARTESIAN_POINT('',(-0.0597007290532877,0.0161032253990652,0.02));
#12870=CARTESIAN_POINT('',(-0.0599387085555957,0.015981024104593,0.02));
#12871=CARTESIAN_POINT('',(-0.0601915660732002,0.0158576405406552,0.02));
#12872=CARTESIAN_POINT('',(-0.0603811824628771,0.0157694173772835,0.02));
#12873=CARTESIAN_POINT('',(-0.060486218907415,0.0157224097503839,0.02));
#12874=CARTESIAN_POINT('',(-0.0605001645178922,0.0157161957479985,0.02));
#12875=CARTESIAN_POINT('',(-0.0587538330719953,0.0166591834690074,0.02));
#12876=CARTESIAN_POINT('',(-0.0587538330719951,0.0166591834690076,0.02));
#12877=CARTESIAN_POINT('',(-0.0584347423422724,0.0161729067680045,0.01));
#12878=CARTESIAN_POINT('',(-0.0584347423422724,0.0161729067680045,0.005));
#12879=CARTESIAN_POINT('',(-0.0584347423422724,0.0161729067680045,0.02));
#12880=CARTESIAN_POINT('',(-0.0602260490671174,0.0180082208523462,0.02));
#12881=CARTESIAN_POINT('',(-0.0602260490671174,0.0180082208523462,0.005));
#12882=CARTESIAN_POINT('',(-0.0605026091392128,0.0174940030794959,0.02));
#12883=CARTESIAN_POINT('',(-0.0605026091392128,0.0174940030794959,0.005));
#12884=CARTESIAN_POINT('',(-0.060774912660711,0.0168778427324824,0.02));
#12885=CARTESIAN_POINT('',(-0.060774912660711,0.0168778427324824,0.005));
#12886=CARTESIAN_POINT('',(-0.0610132456108575,0.0161863479482815,0.02));
#12887=CARTESIAN_POINT('',(-0.0610132456108575,0.0161863479482815,0.005));
#12888=CARTESIAN_POINT('',(-0.0600122817616974,0.0183841756808583,0.005));
#12889=CARTESIAN_POINT('',(-0.0600193350183209,0.0183724646971749,0.005));
#12890=CARTESIAN_POINT('',(-0.0600550194960713,0.0183128747214098,0.005));
#12891=CARTESIAN_POINT('',(-0.0601207830751738,0.0181998655862557,0.005));
#12892=CARTESIAN_POINT('',(-0.0602107235811533,0.018037945789898,0.005));
#12893=CARTESIAN_POINT('',(-0.0603038290087593,0.0178621346730748,0.005));
#12894=CARTESIAN_POINT('',(-0.0603995772383943,0.017672245950512,0.005));
#12895=CARTESIAN_POINT('',(-0.0604974395912088,0.0174681076951337,0.005));
#12896=CARTESIAN_POINT('',(-0.0605968835163053,0.0172495675134815,0.005));
#12897=CARTESIAN_POINT('',(-0.060697364116157,0.0170164731762911,0.005));
#12898=CARTESIAN_POINT('',(-0.0607983591175278,0.0167687487132529,0.005));
#12899=CARTESIAN_POINT('',(-0.060899235184998,0.0165060998086848,0.005));
#12900=CARTESIAN_POINT('',(-0.0609705964753184,0.0163095158112862,0.005));
#12901=CARTESIAN_POINT('',(-0.0610082706946664,0.0162007820774939,0.005));
#12902=CARTESIAN_POINT('',(-0.0610132456108575,0.0161863479482815,0.005));
#12903=CARTESIAN_POINT('',(-0.0602260490570736,0.0180082208710211,0.005));
#12904=CARTESIAN_POINT('',(-0.0602260490570734,0.0180082208710215,0.));
#12905=CARTESIAN_POINT('',(-0.0602260490570735,0.0180082208710213,0.02));
#12906=CARTESIAN_POINT('',(-0.0600122817616974,0.0183841756808583,0.02));
#12907=CARTESIAN_POINT('',(-0.0600193350183209,0.0183724646971749,0.02));
#12908=CARTESIAN_POINT('',(-0.0600550194960713,0.0183128747214098,0.02));
#12909=CARTESIAN_POINT('',(-0.0601207830751738,0.0181998655862557,0.02));
#12910=CARTESIAN_POINT('',(-0.0602107235811533,0.018037945789898,0.02));
#12911=CARTESIAN_POINT('',(-0.0603038290087593,0.0178621346730748,0.02));
#12912=CARTESIAN_POINT('',(-0.0603995772383943,0.017672245950512,0.02));
#12913=CARTESIAN_POINT('',(-0.0604974395912088,0.0174681076951337,0.02));
#12914=CARTESIAN_POINT('',(-0.0605968835163053,0.0172495675134815,0.02));
#12915=CARTESIAN_POINT('',(-0.060697364116157,0.0170164731762911,0.02));
#12916=CARTESIAN_POINT('',(-0.0607983591175278,0.0167687487132529,0.02));
#12917=CARTESIAN_POINT('',(-0.060899235184998,0.0165060998086848,0.02));
#12918=CARTESIAN_POINT('',(-0.0609705964753184,0.0163095158112862,0.02));
#12919=CARTESIAN_POINT('',(-0.0610082706946664,0.0162007820774939,0.02));
#12920=CARTESIAN_POINT('',(-0.0610132456108575,0.0161863479482815,0.02));
#12921=CARTESIAN_POINT('',(-0.0610137806227494,0.0187959524079784,0.02));
#12922=CARTESIAN_POINT('',(-0.0610137806227494,0.0187959524079784,0.00500000000000001));
#12923=CARTESIAN_POINT('',(-0.0615279983955996,0.0185193923358831,0.02));
#12924=CARTESIAN_POINT('',(-0.0615279983955996,0.0185193923358831,0.00500000000000001));
#12925=CARTESIAN_POINT('',(-0.0621441587426126,0.0182470888143846,0.02));
#12926=CARTESIAN_POINT('',(-0.0621441587426126,0.0182470888143846,0.00500000000000001));
#12927=CARTESIAN_POINT('',(-0.0628356535268143,0.0180087558642382,0.02));
#12928=CARTESIAN_POINT('',(-0.0628356535268143,0.0180087558642382,0.00500000000000001));
#12929=CARTESIAN_POINT('',(-0.0606378257942375,0.0190097197133984,0.005));
#12930=CARTESIAN_POINT('',(-0.0606495367779209,0.0190026664567749,0.005));
#12931=CARTESIAN_POINT('',(-0.060709126753686,0.0189669819790245,0.005));
#12932=CARTESIAN_POINT('',(-0.0608221358888401,0.018901218399922,0.005));
#12933=CARTESIAN_POINT('',(-0.0609840556851977,0.0188112778939424,0.005));
#12934=CARTESIAN_POINT('',(-0.061159866802021,0.0187181724663365,0.005));
#12935=CARTESIAN_POINT('',(-0.0613497555245838,0.0186224242367014,0.005));
#12936=CARTESIAN_POINT('',(-0.0615538937799621,0.018524561883887,0.005));
#12937=CARTESIAN_POINT('',(-0.0617724339616143,0.0184251179587905,0.005));
#12938=CARTESIAN_POINT('',(-0.0620055282988047,0.0183246373589388,0.005));
#12939=CARTESIAN_POINT('',(-0.0622532527618429,0.018223642357568,0.005));
#12940=CARTESIAN_POINT('',(-0.062515901666411,0.0181227662900978,0.005));
#12941=CARTESIAN_POINT('',(-0.0627124856638096,0.0180514049997773,0.005));
#12942=CARTESIAN_POINT('',(-0.0628212193976019,0.0180137307804294,0.005));
#12943=CARTESIAN_POINT('',(-0.0628356535268143,0.0180087558642382,0.005));
#12944=CARTESIAN_POINT('',(-0.0610137806040745,0.0187959524180223,0.005));
#12945=CARTESIAN_POINT('',(-0.0606378257942375,0.0190097197133984,0.02));
#12946=CARTESIAN_POINT('',(-0.0606495367779209,0.0190026664567749,0.02));
#12947=CARTESIAN_POINT('',(-0.060709126753686,0.0189669819790245,0.02));
#12948=CARTESIAN_POINT('',(-0.0608221358888401,0.018901218399922,0.02));
#12949=CARTESIAN_POINT('',(-0.0609840556851977,0.0188112778939424,0.02));
#12950=CARTESIAN_POINT('',(-0.061159866802021,0.0187181724663365,0.02));
#12951=CARTESIAN_POINT('',(-0.0613497555245838,0.0186224242367014,0.02));
#12952=CARTESIAN_POINT('',(-0.0615538937799621,0.018524561883887,0.02));
#12953=CARTESIAN_POINT('',(-0.0617724339616143,0.0184251179587905,0.02));
#12954=CARTESIAN_POINT('',(-0.0620055282988047,0.0183246373589388,0.02));
#12955=CARTESIAN_POINT('',(-0.0622532527618429,0.018223642357568,0.02));
#12956=CARTESIAN_POINT('',(-0.062515901666411,0.0181227662900978,0.02));
#12957=CARTESIAN_POINT('',(-0.0627124856638096,0.0180514049997773,0.02));
#12958=CARTESIAN_POINT('',(-0.0628212193976019,0.0180137307804294,0.02));
#12959=CARTESIAN_POINT('',(-0.0628356535268143,0.0180087558642382,0.02));
#12960=CARTESIAN_POINT('',(-0.0610137806040745,0.0187959524180223,0.02));
#12961=CARTESIAN_POINT('',(-0.0610137806040743,0.0187959524180224,0.02));
#12962=CARTESIAN_POINT('',(-0.060738285917971,0.0182837155571247,0.01));
#12963=CARTESIAN_POINT('',(-0.060738285917971,0.0182837155571247,0.005));
#12964=CARTESIAN_POINT('',(-0.060738285917971,0.0182837155571247,0.02));
#12965=CARTESIAN_POINT('',(-0.0554037013619832,0.0140885369693939,0.02));
#12966=CARTESIAN_POINT('',(-0.0554037013619832,0.0140885369693939,0.005));
#12967=CARTESIAN_POINT('',(-0.0555867668859766,0.0135341071674195,0.02));
#12968=CARTESIAN_POINT('',(-0.0555867668859766,0.0135341071674195,0.005));
#12969=CARTESIAN_POINT('',(-0.0557479383837134,0.0128800226702995,0.02));
#12970=CARTESIAN_POINT('',(-0.0557479383837134,0.0128800226702995,0.005));
#12971=CARTESIAN_POINT('',(-0.0558625737116712,0.012157647163182,0.02));
#12972=CARTESIAN_POINT('',(-0.0558625737116712,0.012157647163182,0.005));
#12973=CARTESIAN_POINT('',(-0.0552584655331212,0.0144959005023259,0.005));
#12974=CARTESIAN_POINT('',(-0.0552633780439527,0.0144831426496399,0.005));
#12975=CARTESIAN_POINT('',(-0.0552881727036047,0.0144182614349723,0.005));
#12976=CARTESIAN_POINT('',(-0.0553333133557914,0.0142955494368433,0.005));
#12977=CARTESIAN_POINT('',(-0.0553937703858242,0.0141204715610623,0.005));
#12978=CARTESIAN_POINT('',(-0.055454932052728,0.0139311638223143,0.005));
#12979=CARTESIAN_POINT('',(-0.0555162518209773,0.013727533430534,0.005));
#12980=CARTESIAN_POINT('',(-0.0555771791887185,0.0135095028747226,0.005));
#12981=CARTESIAN_POINT('',(-0.0556371632328526,0.0132770145531137,0.005));
#12982=CARTESIAN_POINT('',(-0.0556956408997362,0.0130300131696103,0.005));
#12983=CARTESIAN_POINT('',(-0.0557520846585316,0.012768514599858,0.005));
#12984=CARTESIAN_POINT('',(-0.0558058196882252,0.0124923389770328,0.005));
#12985=CARTESIAN_POINT('',(-0.0558419603872909,0.0122863497742564,0.005));
#12986=CARTESIAN_POINT('',(-0.0558601808358696,0.0121727258906689,0.005));
#12987=CARTESIAN_POINT('',(-0.0558625737116712,0.012157647163182,0.005));
#12988=CARTESIAN_POINT('',(-0.0554037013553348,0.0140885369895292,0.005));
#12989=CARTESIAN_POINT('',(-0.0554037013553346,0.0140885369895296,0.));
#12990=CARTESIAN_POINT('',(-0.0554037013553347,0.0140885369895294,0.02));
#12991=CARTESIAN_POINT('',(-0.0552584655331212,0.0144959005023259,0.02));
#12992=CARTESIAN_POINT('',(-0.0552633780439527,0.0144831426496399,0.02));
#12993=CARTESIAN_POINT('',(-0.0552881727036047,0.0144182614349723,0.02));
#12994=CARTESIAN_POINT('',(-0.0553333133557914,0.0142955494368433,0.02));
#12995=CARTESIAN_POINT('',(-0.0553937703858242,0.0141204715610623,0.02));
#12996=CARTESIAN_POINT('',(-0.055454932052728,0.0139311638223143,0.02));
#12997=CARTESIAN_POINT('',(-0.0555162518209773,0.013727533430534,0.02));
#12998=CARTESIAN_POINT('',(-0.0555771791887185,0.0135095028747226,0.02));
#12999=CARTESIAN_POINT('',(-0.0556371632328526,0.0132770145531137,0.02));
#13000=CARTESIAN_POINT('',(-0.0556956408997362,0.0130300131696103,0.02));
#13001=CARTESIAN_POINT('',(-0.0557520846585316,0.012768514599858,0.02));
#13002=CARTESIAN_POINT('',(-0.0558058196882252,0.0124923389770328,0.02));
#13003=CARTESIAN_POINT('',(-0.0558419603872909,0.0122863497742564,0.02));
#13004=CARTESIAN_POINT('',(-0.0558601808358696,0.0121727258906689,0.02));
#13005=CARTESIAN_POINT('',(-0.0558625737116712,0.012157647163182,0.02));
#13006=CARTESIAN_POINT('',(-0.0563162536543881,0.0147275129635467,0.02));
#13007=CARTESIAN_POINT('',(-0.0563162536543881,0.0147275129635467,0.005));
#13008=CARTESIAN_POINT('',(-0.0567746351512931,0.0143658614811942,0.02));
#13009=CARTESIAN_POINT('',(-0.0567746351512931,0.0143658614811942,0.005));
#13010=CARTESIAN_POINT('',(-0.0573341496278509,0.0139906997406411,0.02));
#13011=CARTESIAN_POINT('',(-0.0573341496278509,0.0139906997406411,0.005));
#13012=CARTESIAN_POINT('',(-0.0579737529700279,0.0136359107943953,0.02));
#13013=CARTESIAN_POINT('',(-0.0579737529700279,0.0136359107943953,0.005));
#13014=CARTESIAN_POINT('',(-0.0559831307275182,0.0150033165341209,0.005));
#13015=CARTESIAN_POINT('',(-0.0559934390098857,0.0149943368413388,0.005));
#13016=CARTESIAN_POINT('',(-0.0560459271354886,0.0149488468002892,0.005));
#13017=CARTESIAN_POINT('',(-0.0561457996822816,0.014864458487344,0.005));
#13018=CARTESIAN_POINT('',(-0.0562896415481389,0.0147477673021798,0.005));
#13019=CARTESIAN_POINT('',(-0.0564466141112176,0.0146255470751761,0.005));
#13020=CARTESIAN_POINT('',(-0.0566169914918161,0.0144982796456617,0.005));
#13021=CARTESIAN_POINT('',(-0.0568010348091706,0.0143664558058435,0.005));
#13022=CARTESIAN_POINT('',(-0.0569989866180333,0.0142305735531275,0.005));
#13023=CARTESIAN_POINT('',(-0.0572110914554265,0.0140911430724887,0.005));
#13024=CARTESIAN_POINT('',(-0.0574375148292958,0.0139486655105532,0.005));
#13025=CARTESIAN_POINT('',(-0.0576786565615482,0.0138037134735707,0.005));
#13026=CARTESIAN_POINT('',(-0.0578598622482844,0.0136992998686914,0.005));
#13027=CARTESIAN_POINT('',(-0.0579604020128022,0.0136433165906649,0.005));
#13028=CARTESIAN_POINT('',(-0.0579737529700279,0.0136359107943953,0.005));
#13029=CARTESIAN_POINT('',(-0.0563162536377411,0.0147275129766808,0.005));
#13030=CARTESIAN_POINT('',(-0.0559831307275182,0.0150033165341209,0.02));
#13031=CARTESIAN_POINT('',(-0.0559934390098857,0.0149943368413388,0.02));
#13032=CARTESIAN_POINT('',(-0.0560459271354886,0.0149488468002892,0.02));
#13033=CARTESIAN_POINT('',(-0.0561457996822816,0.014864458487344,0.02));
#13034=CARTESIAN_POINT('',(-0.0562896415481389,0.0147477673021798,0.02));
#13035=CARTESIAN_POINT('',(-0.0564466141112176,0.0146255470751761,0.02));
#13036=CARTESIAN_POINT('',(-0.0566169914918161,0.0144982796456617,0.02));
#13037=CARTESIAN_POINT('',(-0.0568010348091706,0.0143664558058435,0.02));
#13038=CARTESIAN_POINT('',(-0.0569989866180333,0.0142305735531275,0.02));
#13039=CARTESIAN_POINT('',(-0.0572110914554265,0.0140911430724887,0.02));
#13040=CARTESIAN_POINT('',(-0.0574375148292958,0.0139486655105532,0.02));
#13041=CARTESIAN_POINT('',(-0.0576786565615482,0.0138037134735707,0.02));
#13042=CARTESIAN_POINT('',(-0.0578598622482844,0.0136992998686914,0.02));
#13043=CARTESIAN_POINT('',(-0.0579604020128022,0.0136433165906649,0.02));
#13044=CARTESIAN_POINT('',(-0.0579737529700279,0.0136359107943953,0.02));
#13045=CARTESIAN_POINT('',(-0.0563162536377411,0.0147275129766808,0.02));
#13046=CARTESIAN_POINT('',(-0.0563162536377409,0.014727512976681,0.02));
#13047=CARTESIAN_POINT('',(-0.055955995337524,0.0142708972948891,0.01));
#13048=CARTESIAN_POINT('',(-0.055955995337524,0.0142708972948891,0.005));
#13049=CARTESIAN_POINT('',(-0.055955995337524,0.0142708972948891,0.02));
#13050=CARTESIAN_POINT('',(-0.0527548235853024,0.0124586317805864,0.02));
#13051=CARTESIAN_POINT('',(-0.0527548235853024,0.0124586317805864,0.005));
#13052=CARTESIAN_POINT('',(-0.0528888707485158,0.0118903565396802,0.02));
#13053=CARTESIAN_POINT('',(-0.0528888707485158,0.0118903565396802,0.00499999999999996));
#13054=CARTESIAN_POINT('',(-0.0529924217198749,0.0112247140099507,0.02));
#13055=CARTESIAN_POINT('',(-0.0529924217198749,0.0112247140099507,0.005));
#13056=CARTESIAN_POINT('',(-0.0530436616519383,0.0104950962325752,0.02));
#13057=CARTESIAN_POINT('',(-0.0530436616519383,0.0104950962325752,0.005));
#13058=CARTESIAN_POINT('',(-0.0526456444938981,0.0128771033088272,0.005));
#13059=CARTESIAN_POINT('',(-0.0526494263910161,0.012863965850092,0.005));
#13060=CARTESIAN_POINT('',(-0.0526684719290477,0.0127971705310562,0.005));
#13061=CARTESIAN_POINT('',(-0.0527027457520835,0.0126709912220585,0.005));
#13062=CARTESIAN_POINT('',(-0.0527477136825622,0.0124913103930955,0.005));
#13063=CARTESIAN_POINT('',(-0.0527921433542798,0.0122973924369403,0.005));
#13064=CARTESIAN_POINT('',(-0.0528354822242563,0.0120891925503315,0.005));
#13065=CARTESIAN_POINT('',(-0.0528771751299353,0.0118666814966211,0.005));
#13066=CARTESIAN_POINT('',(-0.0529166682243218,0.0116298499093465,0.005));
#13067=CARTESIAN_POINT('',(-0.0529533957769891,0.0113786917761877,0.005));
#13068=CARTESIAN_POINT('',(-0.0529868336481672,0.0111132688897206,0.005));
#13069=CARTESIAN_POINT('',(-0.0530162939083137,0.0108334608820954,0.005));
#13070=CARTESIAN_POINT('',(-0.0530343439391423,0.0106251056609549,0.005));
#13071=CARTESIAN_POINT('',(-0.0530425920794453,0.0105103261338195,0.005));
#13072=CARTESIAN_POINT('',(-0.0530436616519383,0.0104950962325752,0.005));
#13073=CARTESIAN_POINT('',(-0.0527548235804342,0.0124586318012245,0.005));
#13074=CARTESIAN_POINT('',(-0.0527548235804341,0.0124586318012249,0.));
#13075=CARTESIAN_POINT('',(-0.0527548235804341,0.0124586318012247,0.02));
#13076=CARTESIAN_POINT('',(-0.0526456444938981,0.0128771033088272,0.02));
#13077=CARTESIAN_POINT('',(-0.0526494263910161,0.012863965850092,0.02));
#13078=CARTESIAN_POINT('',(-0.0526684719290477,0.0127971705310562,0.02));
#13079=CARTESIAN_POINT('',(-0.0527027457520835,0.0126709912220585,0.02));
#13080=CARTESIAN_POINT('',(-0.0527477136825622,0.0124913103930955,0.02));
#13081=CARTESIAN_POINT('',(-0.0527921433542798,0.0122973924369403,0.02));
#13082=CARTESIAN_POINT('',(-0.0528354822242563,0.0120891925503315,0.02));
#13083=CARTESIAN_POINT('',(-0.0528771751299353,0.0118666814966211,0.02));
#13084=CARTESIAN_POINT('',(-0.0529166682243218,0.0116298499093465,0.02));
#13085=CARTESIAN_POINT('',(-0.0529533957769891,0.0113786917761877,0.02));
#13086=CARTESIAN_POINT('',(-0.0529868336481672,0.0111132688897206,0.02));
#13087=CARTESIAN_POINT('',(-0.0530162939083137,0.0108334608820954,0.02));
#13088=CARTESIAN_POINT('',(-0.0530343439391423,0.0106251056609549,0.02));
#13089=CARTESIAN_POINT('',(-0.0530425920794453,0.0105103261338195,0.02));
#13090=CARTESIAN_POINT('',(-0.0530436616519383,0.0104950962325752,0.02));
#13091=CARTESIAN_POINT('',(-0.053719593768096,0.0130156421053286,0.02));
#13092=CARTESIAN_POINT('',(-0.053719593768096,0.0130156421053286,0.00500000000000001));
#13093=CARTESIAN_POINT('',(-0.0541447109814558,0.0126154162362276,0.02));
#13094=CARTESIAN_POINT('',(-0.0541447109814558,0.0126154162362276,0.00500000000000001));
#13095=CARTESIAN_POINT('',(-0.0546693988363589,0.012192917199579,0.02));
#13096=CARTESIAN_POINT('',(-0.0546693988363589,0.012192917199579,0.00500000000000001));
#13097=CARTESIAN_POINT('',(-0.0552756464005897,0.0117837332280362,0.02));
#13098=CARTESIAN_POINT('',(-0.0552756464005897,0.0117837332280362,0.00500000000000001));
#13099=CARTESIAN_POINT('',(-0.0534117763395813,0.0133194297361671,0.005));
#13100=CARTESIAN_POINT('',(-0.0534212627640281,0.0133095857878208,0.005));
#13101=CARTESIAN_POINT('',(-0.0534695864381512,0.0132596942085389,0.005));
#13102=CARTESIAN_POINT('',(-0.0535617240136573,0.0131669225526061,0.005));
#13103=CARTESIAN_POINT('',(-0.053694848210873,0.0130381387679745,0.005));
#13104=CARTESIAN_POINT('',(-0.0538405712512945,0.0129027025655077,0.005));
#13105=CARTESIAN_POINT('',(-0.0539992082071745,0.0127610700598323,0.005));
#13106=CARTESIAN_POINT('',(-0.0541710619794711,0.0126137074175015,0.005));
#13107=CARTESIAN_POINT('',(-0.0543564176032762,0.0124610896008514,0.005));
#13108=CARTESIAN_POINT('',(-0.0545555631506251,0.0123037035406433,0.005));
#13109=CARTESIAN_POINT('',(-0.0547687071774624,0.012142034051521,0.005));
#13110=CARTESIAN_POINT('',(-0.0549962978901749,0.0119766167140195,0.005));
#13111=CARTESIAN_POINT('',(-0.0551677137892793,0.0118568073182125,0.005));
#13112=CARTESIAN_POINT('',(-0.0552629917054615,0.0117922744556085,0.005));
#13113=CARTESIAN_POINT('',(-0.0552756464005897,0.0117837332280362,0.005));
#13114=CARTESIAN_POINT('',(-0.053719593752657,0.0130156421198636,0.005));
#13115=CARTESIAN_POINT('',(-0.0534117763395813,0.0133194297361671,0.02));
#13116=CARTESIAN_POINT('',(-0.0534212627640281,0.0133095857878208,0.02));
#13117=CARTESIAN_POINT('',(-0.0534695864381512,0.0132596942085389,0.02));
#13118=CARTESIAN_POINT('',(-0.0535617240136573,0.0131669225526061,0.02));
#13119=CARTESIAN_POINT('',(-0.053694848210873,0.0130381387679745,0.02));
#13120=CARTESIAN_POINT('',(-0.0538405712512945,0.0129027025655077,0.02));
#13121=CARTESIAN_POINT('',(-0.0539992082071745,0.0127610700598323,0.02));
#13122=CARTESIAN_POINT('',(-0.0541710619794711,0.0126137074175015,0.02));
#13123=CARTESIAN_POINT('',(-0.0543564176032762,0.0124610896008514,0.02));
#13124=CARTESIAN_POINT('',(-0.0545555631506251,0.0123037035406433,0.02));
#13125=CARTESIAN_POINT('',(-0.0547687071774624,0.012142034051521,0.02));
#13126=CARTESIAN_POINT('',(-0.0549962978901749,0.0119766167140195,0.02));
#13127=CARTESIAN_POINT('',(-0.0551677137892793,0.0118568073182125,0.02));
#13128=CARTESIAN_POINT('',(-0.0552629917054615,0.0117922744556085,0.02));
#13129=CARTESIAN_POINT('',(-0.0552756464005897,0.0117837332280362,0.02));
#13130=CARTESIAN_POINT('',(-0.053719593752657,0.0130156421198636,0.02));
#13131=CARTESIAN_POINT('',(-0.0537195937526568,0.0130156421198638,0.02));
#13132=CARTESIAN_POINT('',(-0.0533209096651404,0.0125921625783336,0.01));
#13133=CARTESIAN_POINT('',(-0.0533209096651404,0.0125921625783336,0.005));
#13134=CARTESIAN_POINT('',(-0.0533209096651404,0.0125921625783336,0.02));
#13135=CARTESIAN_POINT('',(-0.0642944885115492,0.0227057478207075,0.02));
#13136=CARTESIAN_POINT('',(-0.0642944885115492,0.0227057478207075,0.005));
#13137=CARTESIAN_POINT('',(-0.0646561399939016,0.0222473663238026,0.02));
#13138=CARTESIAN_POINT('',(-0.0646561399939016,0.0222473663238026,0.00499999999999999));
#13139=CARTESIAN_POINT('',(-0.0650313017344568,0.0216878518472448,0.02));
#13140=CARTESIAN_POINT('',(-0.0650313017344568,0.0216878518472448,0.00499999999999999));
#13141=CARTESIAN_POINT('',(-0.0653860906807004,0.0210482485050678,0.02));
#13142=CARTESIAN_POINT('',(-0.0653860906807004,0.0210482485050678,0.005));
#13143=CARTESIAN_POINT('',(-0.0640186849409748,0.0230388707475775,0.005));
#13144=CARTESIAN_POINT('',(-0.064027664633757,0.0230285624652101,0.005));
#13145=CARTESIAN_POINT('',(-0.0640731546748066,0.0229760743396072,0.005));
#13146=CARTESIAN_POINT('',(-0.0641575429877517,0.0228762017928142,0.005));
#13147=CARTESIAN_POINT('',(-0.0642742341729159,0.0227323599269568,0.005));
#13148=CARTESIAN_POINT('',(-0.0643964543999197,0.0225753873638781,0.005));
#13149=CARTESIAN_POINT('',(-0.064523721829434,0.0224050099832797,0.005));
#13150=CARTESIAN_POINT('',(-0.0646555456692523,0.0222209666659252,0.005));
#13151=CARTESIAN_POINT('',(-0.0647914279219682,0.0220230148570624,0.005));
#13152=CARTESIAN_POINT('',(-0.064930858402607,0.0218109100196692,0.005));
#13153=CARTESIAN_POINT('',(-0.0650733359645426,0.0215844866458,0.005));
#13154=CARTESIAN_POINT('',(-0.0652182880015251,0.0213433449135476,0.005));
#13155=CARTESIAN_POINT('',(-0.0653227016064044,0.0211621392268114,0.005));
#13156=CARTESIAN_POINT('',(-0.0653786848844309,0.0210615994622936,0.005));
#13157=CARTESIAN_POINT('',(-0.0653860906807004,0.0210482485050678,0.005));
#13158=CARTESIAN_POINT('',(-0.0642944884984151,0.0227057478373545,0.005));
#13159=CARTESIAN_POINT('',(-0.0642944884984148,0.0227057478373549,0.));
#13160=CARTESIAN_POINT('',(-0.0642944884984149,0.0227057478373547,0.02));
#13161=CARTESIAN_POINT('',(-0.0640186849409748,0.0230388707475775,0.02));
#13162=CARTESIAN_POINT('',(-0.064027664633757,0.0230285624652101,0.02));
#13163=CARTESIAN_POINT('',(-0.0640731546748066,0.0229760743396072,0.02));
#13164=CARTESIAN_POINT('',(-0.0641575429877517,0.0228762017928142,0.02));
#13165=CARTESIAN_POINT('',(-0.0642742341729159,0.0227323599269568,0.02));
#13166=CARTESIAN_POINT('',(-0.0643964543999197,0.0225753873638781,0.02));
#13167=CARTESIAN_POINT('',(-0.064523721829434,0.0224050099832797,0.02));
#13168=CARTESIAN_POINT('',(-0.0646555456692523,0.0222209666659252,0.02));
#13169=CARTESIAN_POINT('',(-0.0647914279219682,0.0220230148570624,0.02));
#13170=CARTESIAN_POINT('',(-0.064930858402607,0.0218109100196692,0.02));
#13171=CARTESIAN_POINT('',(-0.0650733359645426,0.0215844866458,0.02));
#13172=CARTESIAN_POINT('',(-0.0652182880015251,0.0213433449135476,0.02));
#13173=CARTESIAN_POINT('',(-0.0653227016064044,0.0211621392268114,0.02));
#13174=CARTESIAN_POINT('',(-0.0653786848844309,0.0210615994622936,0.02));
#13175=CARTESIAN_POINT('',(-0.0653860906807004,0.0210482485050678,0.02));
#13176=CARTESIAN_POINT('',(-0.0649334645057016,0.0236183001131127,0.02));
#13177=CARTESIAN_POINT('',(-0.0649334645057016,0.0236183001131127,0.005));
#13178=CARTESIAN_POINT('',(-0.0654878943076761,0.0234352345891191,0.02));
#13179=CARTESIAN_POINT('',(-0.0654878943076761,0.0234352345891191,0.00499999999999996));
#13180=CARTESIAN_POINT('',(-0.0661419788047932,0.0232740630913847,0.02));
#13181=CARTESIAN_POINT('',(-0.0661419788047932,0.0232740630913847,0.005));
#13182=CARTESIAN_POINT('',(-0.0668643543119138,0.0231594277634245,0.02));
#13183=CARTESIAN_POINT('',(-0.0668643543119138,0.0231594277634245,0.005));
#13184=CARTESIAN_POINT('',(-0.0645261009727699,0.0237635359419746,0.005));
#13185=CARTESIAN_POINT('',(-0.0645388588254559,0.0237586234311431,0.005));
#13186=CARTESIAN_POINT('',(-0.0646037400401235,0.0237338287714911,0.005));
#13187=CARTESIAN_POINT('',(-0.0647264520382525,0.0236886881193044,0.005));
#13188=CARTESIAN_POINT('',(-0.0649015299140334,0.0236282310892716,0.005));
#13189=CARTESIAN_POINT('',(-0.0650908376527814,0.0235670694223678,0.005));
#13190=CARTESIAN_POINT('',(-0.0652944680445618,0.0235057496541184,0.005));
#13191=CARTESIAN_POINT('',(-0.0655124986003732,0.0234448222863773,0.005));
#13192=CARTESIAN_POINT('',(-0.065744986921982,0.0233848382422432,0.005));
#13193=CARTESIAN_POINT('',(-0.0659919883054855,0.0233263605753595,0.005));
#13194=CARTESIAN_POINT('',(-0.0662534868752377,0.0232699168165642,0.005));
#13195=CARTESIAN_POINT('',(-0.066529662498063,0.0232161817868706,0.005));
#13196=CARTESIAN_POINT('',(-0.0667356517008394,0.0231800410878048,0.005));
#13197=CARTESIAN_POINT('',(-0.0668492755844268,0.0231618206392262,0.005));
#13198=CARTESIAN_POINT('',(-0.0668643543119138,0.0231594277634245,0.005));
#13199=CARTESIAN_POINT('',(-0.0649334644855664,0.0236183001197611,0.005));
#13200=CARTESIAN_POINT('',(-0.0645261009727699,0.0237635359419746,0.02));
#13201=CARTESIAN_POINT('',(-0.0645388588254559,0.0237586234311431,0.02));
#13202=CARTESIAN_POINT('',(-0.0646037400401235,0.0237338287714911,0.02));
#13203=CARTESIAN_POINT('',(-0.0647264520382525,0.0236886881193044,0.02));
#13204=CARTESIAN_POINT('',(-0.0649015299140334,0.0236282310892716,0.02));
#13205=CARTESIAN_POINT('',(-0.0650908376527814,0.0235670694223678,0.02));
#13206=CARTESIAN_POINT('',(-0.0652944680445618,0.0235057496541184,0.02));
#13207=CARTESIAN_POINT('',(-0.0655124986003732,0.0234448222863773,0.02));
#13208=CARTESIAN_POINT('',(-0.065744986921982,0.0233848382422432,0.02));
#13209=CARTESIAN_POINT('',(-0.0659919883054855,0.0233263605753595,0.02));
#13210=CARTESIAN_POINT('',(-0.0662534868752377,0.0232699168165642,0.02));
#13211=CARTESIAN_POINT('',(-0.066529662498063,0.0232161817868706,0.02));
#13212=CARTESIAN_POINT('',(-0.0667356517008394,0.0231800410878048,0.02));
#13213=CARTESIAN_POINT('',(-0.0668492755844268,0.0231618206392262,0.02));
#13214=CARTESIAN_POINT('',(-0.0668643543119138,0.0231594277634245,0.02));
#13215=CARTESIAN_POINT('',(-0.0649334644855664,0.0236183001197611,0.02));
#13216=CARTESIAN_POINT('',(-0.0649334644855661,0.0236183001197612,0.02));
#13217=CARTESIAN_POINT('',(-0.0647511041802067,0.0230660061375718,0.01));
#13218=CARTESIAN_POINT('',(-0.0647511041802067,0.0230660061375718,0.005));
#13219=CARTESIAN_POINT('',(-0.0647511041802067,0.0230660061375718,0.02));
#13220=CARTESIAN_POINT('',(-0.0623628180177218,0.0202681683853718,0.02));
#13221=CARTESIAN_POINT('',(-0.0623628180177218,0.0202681683853718,0.005));
#13222=CARTESIAN_POINT('',(-0.0626831427271737,0.0197800111648916,0.02));
#13223=CARTESIAN_POINT('',(-0.0626831427271737,0.0197800111648916,0.00500000000000004));
#13224=CARTESIAN_POINT('',(-0.0630081119642562,0.0191899283096905,0.02));
#13225=CARTESIAN_POINT('',(-0.0630081119642562,0.0191899283096905,0.005));
#13226=CARTESIAN_POINT('',(-0.0633058057270974,0.0185218369572036,0.02));
#13227=CARTESIAN_POINT('',(-0.0633058057270974,0.0185218369572036,0.005));
#13228=CARTESIAN_POINT('',(-0.0621170975391184,0.0206240615439784,0.005));
#13229=CARTESIAN_POINT('',(-0.0621251446354523,0.0206130098559434,0.005));
#13230=CARTESIAN_POINT('',(-0.0621658869315895,0.0205567567451898,0.005));
#13231=CARTESIAN_POINT('',(-0.0622412496555306,0.0204499093174958,0.005));
#13232=CARTESIAN_POINT('',(-0.0623449601508482,0.0202964445064499,0.005));
#13233=CARTESIAN_POINT('',(-0.0624530342326628,0.0201294170767017,0.005));
#13234=CARTESIAN_POINT('',(-0.0625649680040313,0.0199485959461279,0.005));
#13235=CARTESIAN_POINT('',(-0.0626802497823185,0.019753763764489,0.005));
#13236=CARTESIAN_POINT('',(-0.0627983623251092,0.0195447223033605,0.005));
#13237=CARTESIAN_POINT('',(-0.0629187760760306,0.0193212724218081,0.005));
#13238=CARTESIAN_POINT('',(-0.0630409773705028,0.0190832929195001,0.005));
#13239=CARTESIAN_POINT('',(-0.0631643609344405,0.0188304354018956,0.005));
#13240=CARTESIAN_POINT('',(-0.0632525840978123,0.0186408190122187,0.005));
#13241=CARTESIAN_POINT('',(-0.0632995917247119,0.0185357825676808,0.005));
#13242=CARTESIAN_POINT('',(-0.0633058057270974,0.0185218369572036,0.005));
#13243=CARTESIAN_POINT('',(-0.0623628180060885,0.0202681684031003,0.005));
#13244=CARTESIAN_POINT('',(-0.0623628180060882,0.0202681684031007,3.46944695195361E-18));
#13245=CARTESIAN_POINT('',(-0.0623628180060884,0.0202681684031005,0.02));
#13246=CARTESIAN_POINT('',(-0.0621170975391184,0.0206240615439784,0.02));
#13247=CARTESIAN_POINT('',(-0.0621251446354523,0.0206130098559434,0.02));
#13248=CARTESIAN_POINT('',(-0.0621658869315895,0.0205567567451898,0.02));
#13249=CARTESIAN_POINT('',(-0.0622412496555306,0.0204499093174958,0.02));
#13250=CARTESIAN_POINT('',(-0.0623449601508482,0.0202964445064499,0.02));
#13251=CARTESIAN_POINT('',(-0.0624530342326628,0.0201294170767017,0.02));
#13252=CARTESIAN_POINT('',(-0.0625649680040313,0.0199485959461279,0.02));
#13253=CARTESIAN_POINT('',(-0.0626802497823185,0.019753763764489,0.02));
#13254=CARTESIAN_POINT('',(-0.0627983623251092,0.0195447223033605,0.02));
#13255=CARTESIAN_POINT('',(-0.0629187760760306,0.0193212724218081,0.02));
#13256=CARTESIAN_POINT('',(-0.0630409773705028,0.0190832929195001,0.02));
#13257=CARTESIAN_POINT('',(-0.0631643609344405,0.0188304354018956,0.02));
#13258=CARTESIAN_POINT('',(-0.0632525840978123,0.0186408190122187,0.02));
#13259=CARTESIAN_POINT('',(-0.0632995917247119,0.0185357825676808,0.02));
#13260=CARTESIAN_POINT('',(-0.0633058057270974,0.0185218369572036,0.02));
#13261=CARTESIAN_POINT('',(-0.0630788966881449,0.0211215577134291,0.02));
#13262=CARTESIAN_POINT('',(-0.0630788966881449,0.0211215577134291,0.005));
#13263=CARTESIAN_POINT('',(-0.0636152615056207,0.0208908670678307,0.02));
#13264=CARTESIAN_POINT('',(-0.0636152615056207,0.0208908670678307,0.005));
#13265=CARTESIAN_POINT('',(-0.0642528099921592,0.02067330165614,0.02));
#13266=CARTESIAN_POINT('',(-0.0642528099921592,0.02067330165614,0.005));
#13267=CARTESIAN_POINT('',(-0.0649624455152295,0.0204961433763446,0.02));
#13268=CARTESIAN_POINT('',(-0.0649624455152295,0.0204961433763446,0.005));
#13269=CARTESIAN_POINT('',(-0.0626857414329804,0.0213017449473952,0.005));
#13270=CARTESIAN_POINT('',(-0.062698022584655,0.0212957392100239,0.005));
#13271=CARTESIAN_POINT('',(-0.0627604959097345,0.0212653841310828,0.005));
#13272=CARTESIAN_POINT('',(-0.0628788066845934,0.021209720197365,0.005));
#13273=CARTESIAN_POINT('',(-0.0630479491588427,0.0211342341822816,0.005));
#13274=CARTESIAN_POINT('',(-0.0632312059339845,0.0210568059974071,0.005));
#13275=CARTESIAN_POINT('',(-0.0634287170806996,0.0209779720113473,0.005));
#13276=CARTESIAN_POINT('',(-0.0636406077944317,0.0208982738756015,0.005));
#13277=CARTESIAN_POINT('',(-0.0638669834738672,0.020818255396515,0.005));
#13278=CARTESIAN_POINT('',(-0.0641079482780433,0.0207384726657698,0.005));
#13279=CARTESIAN_POINT('',(-0.0643635323690678,0.0206594525904433,0.005));
#13280=CARTESIAN_POINT('',(-0.0646339737438439,0.0205818517472246,0.005));
#13281=CARTESIAN_POINT('',(-0.0648360292260435,0.020527895432464,0.005));
#13282=CARTESIAN_POINT('',(-0.0649476327197208,0.0204998413442252,0.005));
#13283=CARTESIAN_POINT('',(-0.0649624455152295,0.0204961433763446,0.005));
#13284=CARTESIAN_POINT('',(-0.0630788966686658,0.0211215577218071,0.005));
#13285=CARTESIAN_POINT('',(-0.0626857414329804,0.0213017449473952,0.02));
#13286=CARTESIAN_POINT('',(-0.062698022584655,0.0212957392100239,0.02));
#13287=CARTESIAN_POINT('',(-0.0627604959097345,0.0212653841310828,0.02));
#13288=CARTESIAN_POINT('',(-0.0628788066845934,0.021209720197365,0.02));
#13289=CARTESIAN_POINT('',(-0.0630479491588427,0.0211342341822816,0.02));
#13290=CARTESIAN_POINT('',(-0.0632312059339845,0.0210568059974071,0.02));
#13291=CARTESIAN_POINT('',(-0.0634287170806996,0.0209779720113473,0.02));
#13292=CARTESIAN_POINT('',(-0.0636406077944317,0.0208982738756015,0.02));
#13293=CARTESIAN_POINT('',(-0.0638669834738672,0.020818255396515,0.02));
#13294=CARTESIAN_POINT('',(-0.0641079482780433,0.0207384726657698,0.02));
#13295=CARTESIAN_POINT('',(-0.0643635323690678,0.0206594525904433,0.02));
#13296=CARTESIAN_POINT('',(-0.0646339737438439,0.0205818517472246,0.02));
#13297=CARTESIAN_POINT('',(-0.0648360292260435,0.020527895432464,0.02));
#13298=CARTESIAN_POINT('',(-0.0649476327197208,0.0204998413442252,0.02));
#13299=CARTESIAN_POINT('',(-0.0649624455152295,0.0204961433763446,0.02));
#13300=CARTESIAN_POINT('',(-0.0630788966686657,0.0211215577218071,0.02));
#13301=CARTESIAN_POINT('',(-0.0630788966686655,0.0211215577218072,0.02));
#13302=CARTESIAN_POINT('',(-0.0628490947070913,0.0205872591328234,0.01));
#13303=CARTESIAN_POINT('',(-0.0628490947070913,0.0205872591328234,0.005));
#13304=CARTESIAN_POINT('',(-0.0628490947070913,0.0205872591328234,0.02));
#13305=CARTESIAN_POINT('',(-0.0660063593697673,0.0253024077069996,0.02));
#13306=CARTESIAN_POINT('',(-0.0660063593697673,0.0253024077069996,0.005));
#13307=CARTESIAN_POINT('',(-0.0664065852388683,0.0248772904936397,0.02));
#13308=CARTESIAN_POINT('',(-0.0664065852388683,0.0248772904936397,0.00499999999999996));
#13309=CARTESIAN_POINT('',(-0.0668290842755197,0.0243526026387364,0.02));
#13310=CARTESIAN_POINT('',(-0.0668290842755197,0.0243526026387364,0.005));
#13311=CARTESIAN_POINT('',(-0.0672382682470595,0.0237463550745061,0.02));
#13312=CARTESIAN_POINT('',(-0.0672382682470595,0.0237463550745061,0.005));
#13313=CARTESIAN_POINT('',(-0.0657025717389287,0.0256102251355145,0.005));
#13314=CARTESIAN_POINT('',(-0.0657124156872749,0.0256007387110677,0.005));
#13315=CARTESIAN_POINT('',(-0.0657623072665569,0.0255524150369446,0.005));
#13316=CARTESIAN_POINT('',(-0.0658550789224896,0.0254602774614385,0.005));
#13317=CARTESIAN_POINT('',(-0.0659838627071213,0.0253271532642228,0.005));
#13318=CARTESIAN_POINT('',(-0.0661192989095881,0.0251814302238012,0.005));
#13319=CARTESIAN_POINT('',(-0.0662609314152635,0.0250227932679212,0.005));
#13320=CARTESIAN_POINT('',(-0.0664082940575943,0.0248509394956247,0.005));
#13321=CARTESIAN_POINT('',(-0.0665609118742444,0.0246655838718197,0.005));
#13322=CARTESIAN_POINT('',(-0.0667182979344525,0.0244664383244707,0.005));
#13323=CARTESIAN_POINT('',(-0.0668799674235747,0.0242532942976335,0.005));
#13324=CARTESIAN_POINT('',(-0.0670453847610762,0.0240257035849209,0.005));
#13325=CARTESIAN_POINT('',(-0.0671651941568832,0.0238542876858165,0.005));
#13326=CARTESIAN_POINT('',(-0.0672297270194873,0.0237590097696342,0.005));
#13327=CARTESIAN_POINT('',(-0.0672382682470595,0.0237463550745061,0.005));
#13328=CARTESIAN_POINT('',(-0.0660063593552323,0.0253024077224387,0.005));
#13329=CARTESIAN_POINT('',(-0.066006359355232,0.025302407722439,0.));
#13330=CARTESIAN_POINT('',(-0.0660063593552321,0.0253024077224388,0.02));
#13331=CARTESIAN_POINT('',(-0.0657025717389287,0.0256102251355145,0.02));
#13332=CARTESIAN_POINT('',(-0.0657124156872749,0.0256007387110677,0.02));
#13333=CARTESIAN_POINT('',(-0.0657623072665569,0.0255524150369446,0.02));
#13334=CARTESIAN_POINT('',(-0.0658550789224896,0.0254602774614385,0.02));
#13335=CARTESIAN_POINT('',(-0.0659838627071213,0.0253271532642228,0.02));
#13336=CARTESIAN_POINT('',(-0.0661192989095881,0.0251814302238012,0.02));
#13337=CARTESIAN_POINT('',(-0.0662609314152635,0.0250227932679212,0.02));
#13338=CARTESIAN_POINT('',(-0.0664082940575943,0.0248509394956247,0.02));
#13339=CARTESIAN_POINT('',(-0.0665609118742444,0.0246655838718197,0.02));
#13340=CARTESIAN_POINT('',(-0.0667182979344525,0.0244664383244707,0.02));
#13341=CARTESIAN_POINT('',(-0.0668799674235747,0.0242532942976335,0.02));
#13342=CARTESIAN_POINT('',(-0.0670453847610762,0.0240257035849209,0.02));
#13343=CARTESIAN_POINT('',(-0.0671651941568832,0.0238542876858165,0.02));
#13344=CARTESIAN_POINT('',(-0.0672297270194873,0.0237590097696342,0.02));
#13345=CARTESIAN_POINT('',(-0.0672382682470595,0.0237463550745061,0.02));
#13346=CARTESIAN_POINT('',(-0.0665633696945092,0.0262671778897934,0.02));
#13347=CARTESIAN_POINT('',(-0.0665633696945092,0.0262671778897934,0.005));
#13348=CARTESIAN_POINT('',(-0.0671316449354154,0.0261331307265801,0.0199999999999999));
#13349=CARTESIAN_POINT('',(-0.0671316449354154,0.0261331307265801,0.00499999999999992));
#13350=CARTESIAN_POINT('',(-0.0677972874651434,0.0260295797552184,0.02));
#13351=CARTESIAN_POINT('',(-0.0677972874651434,0.0260295797552184,0.00499999999999999));
#13352=CARTESIAN_POINT('',(-0.0685269052425206,0.0259783398231575,0.02));
#13353=CARTESIAN_POINT('',(-0.0685269052425206,0.0259783398231575,0.00499999999999999));
#13354=CARTESIAN_POINT('',(-0.0661448981662686,0.0263763569811977,0.005));
#13355=CARTESIAN_POINT('',(-0.0661580356250038,0.0263725750840797,0.005));
#13356=CARTESIAN_POINT('',(-0.0662248309440395,0.0263535295460482,0.005));
#13357=CARTESIAN_POINT('',(-0.0663510102530373,0.0263192557230123,0.005));
#13358=CARTESIAN_POINT('',(-0.0665306910820003,0.0262742877925336,0.005));
#13359=CARTESIAN_POINT('',(-0.0667246090381555,0.026229858120816,0.005));
#13360=CARTESIAN_POINT('',(-0.0669328089247643,0.0261865192508395,0.005));
#13361=CARTESIAN_POINT('',(-0.0671553199784747,0.0261448263451605,0.005));
#13362=CARTESIAN_POINT('',(-0.0673921515657492,0.026105333250774,0.005));
#13363=CARTESIAN_POINT('',(-0.0676433096989081,0.0260686056981067,0.005));
#13364=CARTESIAN_POINT('',(-0.0679087325853751,0.0260351678269286,0.005));
#13365=CARTESIAN_POINT('',(-0.0681885405930004,0.0260057075667821,0.005));
#13366=CARTESIAN_POINT('',(-0.0683968958141409,0.0259876575359534,0.005));
#13367=CARTESIAN_POINT('',(-0.0685116753412763,0.0259794093956505,0.005));
#13368=CARTESIAN_POINT('',(-0.0685269052425206,0.0259783398231575,0.005));
#13369=CARTESIAN_POINT('',(-0.0665633696738711,0.0262671778946616,0.005));
#13370=CARTESIAN_POINT('',(-0.0661448981662686,0.0263763569811977,0.02));
#13371=CARTESIAN_POINT('',(-0.0661580356250038,0.0263725750840797,0.02));
#13372=CARTESIAN_POINT('',(-0.0662248309440395,0.0263535295460482,0.02));
#13373=CARTESIAN_POINT('',(-0.0663510102530373,0.0263192557230123,0.02));
#13374=CARTESIAN_POINT('',(-0.0665306910820003,0.0262742877925336,0.02));
#13375=CARTESIAN_POINT('',(-0.0667246090381555,0.026229858120816,0.02));
#13376=CARTESIAN_POINT('',(-0.0669328089247643,0.0261865192508395,0.02));
#13377=CARTESIAN_POINT('',(-0.0671553199784747,0.0261448263451605,0.02));
#13378=CARTESIAN_POINT('',(-0.0673921515657492,0.026105333250774,0.02));
#13379=CARTESIAN_POINT('',(-0.0676433096989081,0.0260686056981067,0.02));
#13380=CARTESIAN_POINT('',(-0.0679087325853751,0.0260351678269286,0.02));
#13381=CARTESIAN_POINT('',(-0.0681885405930004,0.0260057075667821,0.02));
#13382=CARTESIAN_POINT('',(-0.0683968958141409,0.0259876575359534,0.02));
#13383=CARTESIAN_POINT('',(-0.0685116753412763,0.0259794093956505,0.02));
#13384=CARTESIAN_POINT('',(-0.0685269052425206,0.0259783398231575,0.02));
#13385=CARTESIAN_POINT('',(-0.0665633696738711,0.0262671778946616,0.02));
#13386=CARTESIAN_POINT('',(-0.0665633696738709,0.0262671778946617,0.02));
#13387=CARTESIAN_POINT('',(-0.0664298388967622,0.0257010918099553,0.01));
#13388=CARTESIAN_POINT('',(-0.0664298388967622,0.0257010918099553,0.005));
#13389=CARTESIAN_POINT('',(-0.0664298388967622,0.0257010918099553,0.02));
#13390=CARTESIAN_POINT('',(-0.0674854022214891,0.0280383858946075,0.02));
#13391=CARTESIAN_POINT('',(-0.0674854022214891,0.0280383858946075,0.005));
#13392=CARTESIAN_POINT('',(-0.0679211565168119,0.0276497683634791,0.02));
#13393=CARTESIAN_POINT('',(-0.0679211565168119,0.0276497683634791,0.005));
#13394=CARTESIAN_POINT('',(-0.0683877773767751,0.0271639003216185,0.02));
#13395=CARTESIAN_POINT('',(-0.0683877773767751,0.0271639003216185,0.005));
#13396=CARTESIAN_POINT('',(-0.0688482422365192,0.0265956224453635,0.02));
#13397=CARTESIAN_POINT('',(-0.0688482422365192,0.0265956224453635,0.005));
#13398=CARTESIAN_POINT('',(-0.067155942537689,0.0283185551482709,0.005));
#13399=CARTESIAN_POINT('',(-0.0671665758232084,0.0283099627791628,0.005));
#13400=CARTESIAN_POINT('',(-0.0672204892356791,0.0282661713288582,0.005));
#13401=CARTESIAN_POINT('',(-0.0673209381862806,0.0281824699472228,0.005));
#13402=CARTESIAN_POINT('',(-0.0674608344480169,0.0280610765741723,0.005));
#13403=CARTESIAN_POINT('',(-0.0676084558746674,0.0279277120967354,0.005));
#13404=CARTESIAN_POINT('',(-0.0677633755476156,0.0277820228885957,0.005));
#13405=CARTESIAN_POINT('',(-0.0679251554737709,0.0276236665723323,0.005));
#13406=CARTESIAN_POINT('',(-0.0680933473406172,0.027452317801803,0.005));
#13407=CARTESIAN_POINT('',(-0.0682674911774442,0.0272676471623609,0.005));
#13408=CARTESIAN_POINT('',(-0.0684471221913222,0.0270694046372998,0.005));
#13409=CARTESIAN_POINT('',(-0.0686317459035226,0.0268570970468739,0.005));
#13410=CARTESIAN_POINT('',(-0.0687660392684122,0.0266967755138971,0.005));
#13411=CARTESIAN_POINT('',(-0.0688386305815434,0.0266074845685231,0.005));
#13412=CARTESIAN_POINT('',(-0.0688482422365192,0.0265956224453635,0.005));
#13413=CARTESIAN_POINT('',(-0.0674854022056638,0.0280383859087209,0.005));
#13414=CARTESIAN_POINT('',(-0.0674854022056634,0.0280383859087212,0.));
#13415=CARTESIAN_POINT('',(-0.0674854022056636,0.0280383859087211,0.02));
#13416=CARTESIAN_POINT('',(-0.067155942537689,0.0283185551482709,0.02));
#13417=CARTESIAN_POINT('',(-0.0671665758232084,0.0283099627791628,0.02));
#13418=CARTESIAN_POINT('',(-0.0672204892356791,0.0282661713288582,0.02));
#13419=CARTESIAN_POINT('',(-0.0673209381862806,0.0281824699472228,0.02));
#13420=CARTESIAN_POINT('',(-0.0674608344480169,0.0280610765741723,0.02));
#13421=CARTESIAN_POINT('',(-0.0676084558746674,0.0279277120967354,0.02));
#13422=CARTESIAN_POINT('',(-0.0677633755476156,0.0277820228885957,0.02));
#13423=CARTESIAN_POINT('',(-0.0679251554737709,0.0276236665723323,0.02));
#13424=CARTESIAN_POINT('',(-0.0680933473406172,0.027452317801803,0.02));
#13425=CARTESIAN_POINT('',(-0.0682674911774442,0.0272676471623609,0.02));
#13426=CARTESIAN_POINT('',(-0.0684471221913222,0.0270694046372998,0.02));
#13427=CARTESIAN_POINT('',(-0.0686317459035226,0.0268570970468739,0.02));
#13428=CARTESIAN_POINT('',(-0.0687660392684122,0.0266967755138971,0.02));
#13429=CARTESIAN_POINT('',(-0.0688386305815434,0.0266074845685231,0.02));
#13430=CARTESIAN_POINT('',(-0.0688482422365192,0.0265956224453635,0.02));
#13431=CARTESIAN_POINT('',(-0.0679562076919172,0.0290480314841546,0.02));
#13432=CARTESIAN_POINT('',(-0.0679562076919172,0.0290480314841546,0.005));
#13433=CARTESIAN_POINT('',(-0.0685340034540377,0.0289640228615735,0.02));
#13434=CARTESIAN_POINT('',(-0.0685340034540377,0.0289640228615735,0.00500000000000004));
#13435=CARTESIAN_POINT('',(-0.0692061380748015,0.0289188805020044,0.02));
#13436=CARTESIAN_POINT('',(-0.0692061380748015,0.0289188805020044,0.005));
#13437=CARTESIAN_POINT('',(-0.0699374452905922,0.0289314259326633,0.02));
#13438=CARTESIAN_POINT('',(-0.0699374452905922,0.0289314259326633,0.005));
#13439=CARTESIAN_POINT('',(-0.0675298129893777,0.0291203229192914,0.005));
#13440=CARTESIAN_POINT('',(-0.0675432300701684,0.0291177004184077,0.005));
#13441=CARTESIAN_POINT('',(-0.0676114311408623,0.0291045489500409,0.005));
#13442=CARTESIAN_POINT('',(-0.0677401174599983,0.0290814028006444,0.005));
#13443=CARTESIAN_POINT('',(-0.0679230337625406,0.0290522662028232,0.005));
#13444=CARTESIAN_POINT('',(-0.0681200861033658,0.029024906662921,0.005));
#13445=CARTESIAN_POINT('',(-0.0683312709579514,0.0289998785261864,0.005));
#13446=CARTESIAN_POINT('',(-0.0685565690660863,0.0289777373907566,0.005));
#13447=CARTESIAN_POINT('',(-0.0687959414876445,0.0289590358124126,0.005));
#13448=CARTESIAN_POINT('',(-0.069049344905412,0.0289443378928141,0.005));
#13449=CARTESIAN_POINT('',(-0.0693166720801611,0.0289341603916432,0.005));
#13450=CARTESIAN_POINT('',(-0.0695979829646956,0.0289291991114123,0.005));
#13451=CARTESIAN_POINT('',(-0.069807118495159,0.0289293771204542,0.005));
#13452=CARTESIAN_POINT('',(-0.0699221801243352,0.028931164061755,0.005));
#13453=CARTESIAN_POINT('',(-0.0699374452905922,0.0289314259326632,0.005));
#13454=CARTESIAN_POINT('',(-0.0679562076709333,0.0290480314872055,0.005));
#13455=CARTESIAN_POINT('',(-0.0675298129893777,0.0291203229192914,0.02));
#13456=CARTESIAN_POINT('',(-0.0675432300701684,0.0291177004184077,0.02));
#13457=CARTESIAN_POINT('',(-0.0676114311408623,0.0291045489500409,0.02));
#13458=CARTESIAN_POINT('',(-0.0677401174599983,0.0290814028006444,0.02));
#13459=CARTESIAN_POINT('',(-0.0679230337625406,0.0290522662028232,0.02));
#13460=CARTESIAN_POINT('',(-0.0681200861033658,0.029024906662921,0.02));
#13461=CARTESIAN_POINT('',(-0.0683312709579514,0.0289998785261864,0.02));
#13462=CARTESIAN_POINT('',(-0.0685565690660863,0.0289777373907566,0.02));
#13463=CARTESIAN_POINT('',(-0.0687959414876445,0.0289590358124126,0.02));
#13464=CARTESIAN_POINT('',(-0.069049344905412,0.0289443378928141,0.02));
#13465=CARTESIAN_POINT('',(-0.0693166720801611,0.0289341603916432,0.02));
#13466=CARTESIAN_POINT('',(-0.0695979829646956,0.0289291991114123,0.02));
#13467=CARTESIAN_POINT('',(-0.069807118495159,0.0289293771204542,0.02));
#13468=CARTESIAN_POINT('',(-0.0699221801243352,0.028931164061755,0.02));
#13469=CARTESIAN_POINT('',(-0.0699374452905922,0.0289314259326632,0.02));
#13470=CARTESIAN_POINT('',(-0.0679562076709333,0.0290480314872055,0.02));
#13471=CARTESIAN_POINT('',(-0.0679562076709331,0.0290480314872056,0.02));
#13472=CARTESIAN_POINT('',(-0.067872522671917,0.0284724615568991,0.01));
#13473=CARTESIAN_POINT('',(-0.067872522671917,0.0284724615568991,0.005));
#13474=CARTESIAN_POINT('',(-0.067872522671917,0.0284724615568991,0.02));
#13475=CARTESIAN_POINT('',(-0.0499739699909412,0.0110657937831784,0.02));
#13476=CARTESIAN_POINT('',(-0.0499739699909412,0.0110657937831784,0.005));
#13477=CARTESIAN_POINT('',(-0.0500579786135223,0.0104879980210578,0.02));
#13478=CARTESIAN_POINT('',(-0.0500579786135223,0.0104879980210578,0.00499999999999996));
#13479=CARTESIAN_POINT('',(-0.050103120973091,0.00981586340029617,0.02));
#13480=CARTESIAN_POINT('',(-0.050103120973091,0.00981586340029617,0.005));
#13481=CARTESIAN_POINT('',(-0.0500905755424325,0.00908455618450356,0.02));
#13482=CARTESIAN_POINT('',(-0.0500905755424325,0.00908455618450356,0.005));
#13483=CARTESIAN_POINT('',(-0.0499016785558043,0.0114921884857181,0.005));
#13484=CARTESIAN_POINT('',(-0.0499043010566881,0.0114787714049274,0.005));
#13485=CARTESIAN_POINT('',(-0.0499174525250548,0.0114105703342335,0.005));
#13486=CARTESIAN_POINT('',(-0.0499405986744513,0.0112818840150975,0.005));
#13487=CARTESIAN_POINT('',(-0.0499697352722726,0.0110989677125552,0.005));
#13488=CARTESIAN_POINT('',(-0.0499970948121748,0.01090191537173,0.005));
#13489=CARTESIAN_POINT('',(-0.0500221229489093,0.0106907305171443,0.005));
#13490=CARTESIAN_POINT('',(-0.0500442640843391,0.0104654324090095,0.005));
#13491=CARTESIAN_POINT('',(-0.0500629656626832,0.0102260599874513,0.005));
#13492=CARTESIAN_POINT('',(-0.0500776635822817,0.00997265656968378,0.005));
#13493=CARTESIAN_POINT('',(-0.0500878410834525,0.00970532939493466,0.005));
#13494=CARTESIAN_POINT('',(-0.0500928023636835,0.0094240185104002,0.005));
#13495=CARTESIAN_POINT('',(-0.0500926243546415,0.00921488297993681,0.005));
#13496=CARTESIAN_POINT('',(-0.0500908374133407,0.00909982135076061,0.005));
#13497=CARTESIAN_POINT('',(-0.0500905755424325,0.00908455618450356,0.005));
#13498=CARTESIAN_POINT('',(-0.0499739699878902,0.0110657938041622,0.005));
#13499=CARTESIAN_POINT('',(-0.0499739699878902,0.0110657938041627,0.));
#13500=CARTESIAN_POINT('',(-0.0499739699878902,0.0110657938041625,0.02));
#13501=CARTESIAN_POINT('',(-0.0499016785558043,0.0114921884857181,0.02));
#13502=CARTESIAN_POINT('',(-0.0499043010566881,0.0114787714049274,0.02));
#13503=CARTESIAN_POINT('',(-0.0499174525250548,0.0114105703342335,0.02));
#13504=CARTESIAN_POINT('',(-0.0499405986744513,0.0112818840150975,0.02));
#13505=CARTESIAN_POINT('',(-0.0499697352722726,0.0110989677125552,0.02));
#13506=CARTESIAN_POINT('',(-0.0499970948121748,0.01090191537173,0.02));
#13507=CARTESIAN_POINT('',(-0.0500221229489093,0.0106907305171443,0.02));
#13508=CARTESIAN_POINT('',(-0.0500442640843391,0.0104654324090095,0.02));
#13509=CARTESIAN_POINT('',(-0.0500629656626832,0.0102260599874513,0.02));
#13510=CARTESIAN_POINT('',(-0.0500776635822817,0.00997265656968378,0.02));
#13511=CARTESIAN_POINT('',(-0.0500878410834525,0.00970532939493466,0.02));
#13512=CARTESIAN_POINT('',(-0.0500928023636835,0.0094240185104002,0.02));
#13513=CARTESIAN_POINT('',(-0.0500926243546415,0.00921488297993681,0.02));
#13514=CARTESIAN_POINT('',(-0.0500908374133407,0.00909982135076061,0.02));
#13515=CARTESIAN_POINT('',(-0.0500905755424325,0.00908455618450356,0.02));
#13516=CARTESIAN_POINT('',(-0.0509836155804882,0.0115365992536068,0.02));
#13517=CARTESIAN_POINT('',(-0.0509836155804882,0.0115365992536068,0.005));
#13518=CARTESIAN_POINT('',(-0.0513722331116163,0.011100844958284,0.02));
#13519=CARTESIAN_POINT('',(-0.0513722331116163,0.011100844958284,0.005));
#13520=CARTESIAN_POINT('',(-0.0518581011534721,0.01063422409832,0.02));
#13521=CARTESIAN_POINT('',(-0.0518581011534721,0.01063422409832,0.005));
#13522=CARTESIAN_POINT('',(-0.0524263790297323,0.0101737592385766,0.02));
#13523=CARTESIAN_POINT('',(-0.0524263790297323,0.0101737592385766,0.005));
#13524=CARTESIAN_POINT('',(-0.0507034463268249,0.0118660589374068,0.005));
#13525=CARTESIAN_POINT('',(-0.0507120386959329,0.0118554256518873,0.005));
#13526=CARTESIAN_POINT('',(-0.0507558301462375,0.0118015122394167,0.005));
#13527=CARTESIAN_POINT('',(-0.050839531527873,0.0117010632888151,0.005));
#13528=CARTESIAN_POINT('',(-0.0509609249009235,0.0115611670270789,0.005));
#13529=CARTESIAN_POINT('',(-0.0510942893783603,0.0114135456004284,0.005));
#13530=CARTESIAN_POINT('',(-0.0512399785865001,0.0112586259274801,0.005));
#13531=CARTESIAN_POINT('',(-0.0513983349027634,0.0110968460013249,0.005));
#13532=CARTESIAN_POINT('',(-0.0515696836732928,0.0109286541344786,0.005));
#13533=CARTESIAN_POINT('',(-0.0517543543127349,0.0107545102976516,0.005));
#13534=CARTESIAN_POINT('',(-0.051952596837796,0.0105748792837736,0.005));
#13535=CARTESIAN_POINT('',(-0.0521649044282218,0.0103902555715732,0.005));
#13536=CARTESIAN_POINT('',(-0.0523252259611986,0.0102559622066835,0.005));
#13537=CARTESIAN_POINT('',(-0.0524145169065726,0.0101833708935524,0.005));
#13538=CARTESIAN_POINT('',(-0.0524263790297323,0.0101737592385766,0.005));
#13539=CARTESIAN_POINT('',(-0.0509836155663747,0.0115365992694321,0.005));
#13540=CARTESIAN_POINT('',(-0.0507034463268249,0.0118660589374068,0.02));
#13541=CARTESIAN_POINT('',(-0.0507120386959329,0.0118554256518873,0.02));
#13542=CARTESIAN_POINT('',(-0.0507558301462375,0.0118015122394167,0.02));
#13543=CARTESIAN_POINT('',(-0.050839531527873,0.0117010632888151,0.02));
#13544=CARTESIAN_POINT('',(-0.0509609249009235,0.0115611670270789,0.02));
#13545=CARTESIAN_POINT('',(-0.0510942893783603,0.0114135456004284,0.02));
#13546=CARTESIAN_POINT('',(-0.0512399785865001,0.0112586259274801,0.02));
#13547=CARTESIAN_POINT('',(-0.0513983349027634,0.0110968460013249,0.02));
#13548=CARTESIAN_POINT('',(-0.0515696836732928,0.0109286541344786,0.02));
#13549=CARTESIAN_POINT('',(-0.0517543543127349,0.0107545102976516,0.02));
#13550=CARTESIAN_POINT('',(-0.051952596837796,0.0105748792837736,0.02));
#13551=CARTESIAN_POINT('',(-0.0521649044282218,0.0103902555715732,0.02));
#13552=CARTESIAN_POINT('',(-0.0523252259611986,0.0102559622066835,0.02));
#13553=CARTESIAN_POINT('',(-0.0524145169065726,0.0101833708935524,0.02));
#13554=CARTESIAN_POINT('',(-0.0524263790297323,0.0101737592385766,0.02));
#13555=CARTESIAN_POINT('',(-0.0509836155663747,0.0115365992694321,0.02));
#13556=CARTESIAN_POINT('',(-0.0509836155663746,0.0115365992694323,0.02));
#13557=CARTESIAN_POINT('',(-0.0505495399181967,0.0111494788031788,0.01));
#13558=CARTESIAN_POINT('',(-0.0505495399181967,0.0111494788031788,0.005));
#13559=CARTESIAN_POINT('',(-0.0505495399181967,0.0111494788031788,0.02));
#13560=CARTESIAN_POINT('',(-0.0470823045538779,0.00992062331534895,0.02));
#13561=CARTESIAN_POINT('',(-0.0470823045538779,0.00992062331534895,0.005));
#13562=CARTESIAN_POINT('',(-0.0471156352794831,0.00933770440664625,0.02));
#13563=CARTESIAN_POINT('',(-0.0471156352794831,0.00933770440664625,0.00500000000000004));
#13564=CARTESIAN_POINT('',(-0.0471020254666445,0.00866419304516177,0.02));
#13565=CARTESIAN_POINT('',(-0.0471020254666445,0.00866419304516177,0.005));
#13566=CARTESIAN_POINT('',(-0.0470257901515696,0.0079367620804403,0.02));
#13567=CARTESIAN_POINT('',(-0.0470257901515696,0.0079367620804403,0.005));
#13568=CARTESIAN_POINT('',(-0.0470474509564807,0.010351696071037,0.005));
#13569=CARTESIAN_POINT('',(-0.047048894102315,0.0103381014802771,0.005));
#13570=CARTESIAN_POINT('',(-0.0470560514104015,0.0102690137092539,0.005));
#13571=CARTESIAN_POINT('',(-0.0470678937299858,0.0101387997605713,0.005));
#13572=CARTESIAN_POINT('',(-0.047080977248047,0.00995404008795983,0.005));
#13573=CARTESIAN_POINT('',(-0.0470910584335151,0.0097553530497618,0.005));
#13574=CARTESIAN_POINT('',(-0.0470975853577747,0.00954279047145961,0.005));
#13575=CARTESIAN_POINT('',(-0.0471000062155454,0.00931641996354188,0.005));
#13576=CARTESIAN_POINT('',(-0.0470977739475435,0.00907632847636509,0.005));
#13577=CARTESIAN_POINT('',(-0.0470903303740302,0.00882260832700734,0.005));
#13578=CARTESIAN_POINT('',(-0.0470771700482645,0.00855541138519256,0.005));
#13579=CARTESIAN_POINT('',(-0.0470575945902417,0.00827473856944034,0.005));
#13580=CARTESIAN_POINT('',(-0.0470391898960855,0.00806641437732036,0.005));
#13581=CARTESIAN_POINT('',(-0.0470273814728832,0.00795194633457755,0.005));
#13582=CARTESIAN_POINT('',(-0.0470257901515696,0.0079367620804403,0.005));
#13583=CARTESIAN_POINT('',(-0.0470823045526674,0.00992062333651884,0.005));
#13584=CARTESIAN_POINT('',(-0.0470823045526674,0.0099206233365193,3.46944695195361E-18));
#13585=CARTESIAN_POINT('',(-0.0470823045526674,0.00992062333651906,0.02));
#13586=CARTESIAN_POINT('',(-0.0470474509564807,0.010351696071037,0.02));
#13587=CARTESIAN_POINT('',(-0.047048894102315,0.0103381014802771,0.02));
#13588=CARTESIAN_POINT('',(-0.0470560514104015,0.0102690137092539,0.02));
#13589=CARTESIAN_POINT('',(-0.0470678937299858,0.0101387997605713,0.02));
#13590=CARTESIAN_POINT('',(-0.047080977248047,0.00995404008795983,0.02));
#13591=CARTESIAN_POINT('',(-0.0470910584335151,0.0097553530497618,0.02));
#13592=CARTESIAN_POINT('',(-0.0470975853577747,0.00954279047145961,0.02));
#13593=CARTESIAN_POINT('',(-0.0471000062155454,0.00931641996354188,0.02));
#13594=CARTESIAN_POINT('',(-0.0470977739475435,0.00907632847636509,0.02));
#13595=CARTESIAN_POINT('',(-0.0470903303740302,0.00882260832700734,0.02));
#13596=CARTESIAN_POINT('',(-0.0470771700482645,0.00855541138519256,0.02));
#13597=CARTESIAN_POINT('',(-0.0470575945902417,0.00827473856944034,0.02));
#13598=CARTESIAN_POINT('',(-0.0470391898960855,0.00806641437732036,0.02));
#13599=CARTESIAN_POINT('',(-0.0470273814728832,0.00795194633457755,0.02));
#13600=CARTESIAN_POINT('',(-0.0470257901515696,0.0079367620804403,0.02));
#13601=CARTESIAN_POINT('',(-0.0481291415376012,0.0103016408175535,0.02));
#13602=CARTESIAN_POINT('',(-0.0481291415376012,0.0103016408175535,0.005));
#13603=CARTESIAN_POINT('',(-0.0484783017724325,0.0098336744493119,0.02));
#13604=CARTESIAN_POINT('',(-0.0484783017724325,0.0098336744493119,0.005));
#13605=CARTESIAN_POINT('',(-0.0489216522520772,0.00932648303253156,0.02));
#13606=CARTESIAN_POINT('',(-0.0489216522520772,0.00932648303253156,0.005));
#13607=CARTESIAN_POINT('',(-0.0494476355025825,0.00881824170020499,0.02));
#13608=CARTESIAN_POINT('',(-0.0494476355025825,0.00881824170020499,0.005));
#13609=CARTESIAN_POINT('',(-0.0478787527159805,0.0106542651671881,0.005));
#13610=CARTESIAN_POINT('',(-0.0478863856366327,0.0106429234702187,0.005));
#13611=CARTESIAN_POINT('',(-0.0479253115837399,0.0105853985381821,0.005));
#13612=CARTESIAN_POINT('',(-0.0479999397534502,0.0104780367700785,0.005));
#13613=CARTESIAN_POINT('',(-0.0481086784254674,0.0103280927262612,0.005));
#13614=CARTESIAN_POINT('',(-0.0482286693557186,0.01016940956362,0.005));
#13615=CARTESIAN_POINT('',(-0.0483603020332745,0.0100023817556531,0.005));
#13616=CARTESIAN_POINT('',(-0.0485039557063196,0.00982741578859689,0.005));
#13617=CARTESIAN_POINT('',(-0.0486599935559665,0.00964492991321805,0.005));
#13618=CARTESIAN_POINT('',(-0.0488287838324283,0.00945535363952139,0.005));
#13619=CARTESIAN_POINT('',(-0.0490106161103954,0.00925912820136743,0.005));
#13620=CARTESIAN_POINT('',(-0.0492060247895766,0.00905670321239684,0.005));
#13621=CARTESIAN_POINT('',(-0.049354031812755,0.0089089479320198,0.005));
#13622=CARTESIAN_POINT('',(-0.0494366562293113,0.00882885063208632,0.005));
#13623=CARTESIAN_POINT('',(-0.0494476355025825,0.00881824170020499,0.005));
#13624=CARTESIAN_POINT('',(-0.0481291415249207,0.0103016408345486,0.005));
#13625=CARTESIAN_POINT('',(-0.0478787527159805,0.0106542651671881,0.02));
#13626=CARTESIAN_POINT('',(-0.0478863856366327,0.0106429234702187,0.02));
#13627=CARTESIAN_POINT('',(-0.0479253115837399,0.0105853985381821,0.02));
#13628=CARTESIAN_POINT('',(-0.0479999397534502,0.0104780367700785,0.02));
#13629=CARTESIAN_POINT('',(-0.0481086784254674,0.0103280927262612,0.02));
#13630=CARTESIAN_POINT('',(-0.0482286693557186,0.01016940956362,0.02));
#13631=CARTESIAN_POINT('',(-0.0483603020332745,0.0100023817556531,0.02));
#13632=CARTESIAN_POINT('',(-0.0485039557063196,0.00982741578859689,0.02));
#13633=CARTESIAN_POINT('',(-0.0486599935559665,0.00964492991321805,0.02));
#13634=CARTESIAN_POINT('',(-0.0488287838324283,0.00945535363952139,0.02));
#13635=CARTESIAN_POINT('',(-0.0490106161103954,0.00925912820136743,0.02));
#13636=CARTESIAN_POINT('',(-0.0492060247895766,0.00905670321239684,0.02));
#13637=CARTESIAN_POINT('',(-0.049354031812755,0.0089089479320198,0.02));
#13638=CARTESIAN_POINT('',(-0.0494366562293113,0.00882885063208632,0.02));
#13639=CARTESIAN_POINT('',(-0.0494476355025825,0.00881824170020499,0.02));
#13640=CARTESIAN_POINT('',(-0.0481291415249207,0.0103016408345486,0.02));
#13641=CARTESIAN_POINT('',(-0.0481291415249206,0.0103016408345488,0.02));
#13642=CARTESIAN_POINT('',(-0.0476629778938659,0.00995382566406983,0.01));
#13643=CARTESIAN_POINT('',(-0.0476629778938659,0.00995382566406983,0.005));
#13644=CARTESIAN_POINT('',(-0.0476629778938659,0.00995382566406983,0.02));
#13645=CARTESIAN_POINT('',(-0.044101834594124,0.00903183581583095,0.02));
#13646=CARTESIAN_POINT('',(-0.044101834594124,0.00903183581583095,0.005));
#13647=CARTESIAN_POINT('',(-0.0440842337558056,0.00844823012541743,0.02));
#13648=CARTESIAN_POINT('',(-0.0440842337558056,0.00844823012541743,0.005));
#13649=CARTESIAN_POINT('',(-0.044011975349456,0.00777846785134872,0.02));
#13650=CARTESIAN_POINT('',(-0.044011975349456,0.00777846785134872,0.005));
#13651=CARTESIAN_POINT('',(-0.0438726303467419,0.00706044932657433,0.02));
#13652=CARTESIAN_POINT('',(-0.0438726303467419,0.00706044932657433,0.005));
#13653=CARTESIAN_POINT('',(-0.0441046840913877,0.00946430590070778,0.005));
#13654=CARTESIAN_POINT('',(-0.0441049368989614,0.00945063726302295,0.005));
#13655=CARTESIAN_POINT('',(-0.0441060455753315,0.00938118859132428,0.005));
#13656=CARTESIAN_POINT('',(-0.044106493937901,0.00925043801986989,0.005));
#13657=CARTESIAN_POINT('',(-0.0441034248027296,0.00906524110985879,0.005));
#13658=CARTESIAN_POINT('',(-0.0440961509098549,0.00886643150261912,0.005));
#13659=CARTESIAN_POINT('',(-0.0440841269478049,0.00865410893017006,0.005));
#13660=CARTESIAN_POINT('',(-0.0440668091037272,0.00842838883872099,0.005));
#13661=CARTESIAN_POINT('',(-0.0440436599782867,0.00818940552711422,0.005));
#13662=CARTESIAN_POINT('',(-0.0440141315617505,0.00793729960970324,0.005));
#13663=CARTESIAN_POINT('',(-0.0439777335670738,0.00767226643088794,0.005));
#13664=CARTESIAN_POINT('',(-0.0439337703518528,0.00739436777352069,0.005));
#13665=CARTESIAN_POINT('',(-0.0438972790434179,0.00718844039263576,0.005));
#13666=CARTESIAN_POINT('',(-0.0438755390075448,0.0070754371072493,0.005));
#13667=CARTESIAN_POINT('',(-0.0438726303467419,0.00706044932657433,0.005));
#13668=CARTESIAN_POINT('',(-0.0441018345947632,0.00903183583702578,0.005));
#13669=CARTESIAN_POINT('',(-0.0441018345947632,0.00903183583702624,0.));
#13670=CARTESIAN_POINT('',(-0.0441018345947632,0.00903183583702601,0.02));
#13671=CARTESIAN_POINT('',(-0.0441046840913877,0.00946430590070778,0.02));
#13672=CARTESIAN_POINT('',(-0.0441049368989614,0.00945063726302295,0.02));
#13673=CARTESIAN_POINT('',(-0.0441060455753315,0.00938118859132428,0.02));
#13674=CARTESIAN_POINT('',(-0.044106493937901,0.00925043801986989,0.02));
#13675=CARTESIAN_POINT('',(-0.0441034248027296,0.00906524110985879,0.02));
#13676=CARTESIAN_POINT('',(-0.0440961509098549,0.00886643150261912,0.02));
#13677=CARTESIAN_POINT('',(-0.0440841269478049,0.00865410893017006,0.02));
#13678=CARTESIAN_POINT('',(-0.0440668091037272,0.00842838883872099,0.02));
#13679=CARTESIAN_POINT('',(-0.0440436599782867,0.00818940552711422,0.02));
#13680=CARTESIAN_POINT('',(-0.0440141315617505,0.00793729960970324,0.02));
#13681=CARTESIAN_POINT('',(-0.0439777335670738,0.00767226643088794,0.02));
#13682=CARTESIAN_POINT('',(-0.0439337703518528,0.00739436777352069,0.02));
#13683=CARTESIAN_POINT('',(-0.0438972790434179,0.00718844039263576,0.02));
#13684=CARTESIAN_POINT('',(-0.0438755390075448,0.0070754371072493,0.02));
#13685=CARTESIAN_POINT('',(-0.0438726303467419,0.00706044932657433,0.02));
#13686=CARTESIAN_POINT('',(-0.04517789591048,0.0093201655765551,0.02));
#13687=CARTESIAN_POINT('',(-0.04517789591048,0.0093201655765551,0.00500000000000001));
#13688=CARTESIAN_POINT('',(-0.0454849415287982,0.00882354864202289,0.02));
#13689=CARTESIAN_POINT('',(-0.0454849415287982,0.00882354864202289,0.005));
#13690=CARTESIAN_POINT('',(-0.0458824002813667,0.00827964670135834,0.02));
#13691=CARTESIAN_POINT('',(-0.0458824002813667,0.00827964670135834,0.005));
#13692=CARTESIAN_POINT('',(-0.0463620858559966,0.00772749691987235,0.02));
#13693=CARTESIAN_POINT('',(-0.0463620858559966,0.00772749691987235,0.00500000000000001));
#13694=CARTESIAN_POINT('',(-0.0449591931310233,0.00969327090780323,0.005));
#13695=CARTESIAN_POINT('',(-0.0449658085120846,0.00968130711654619,0.005));
#13696=CARTESIAN_POINT('',(-0.0449995727060328,0.009620608464411,0.005));
#13697=CARTESIAN_POINT('',(-0.0450645596983848,0.00950715096668744,0.005));
#13698=CARTESIAN_POINT('',(-0.0451598161024163,0.0093483003055011,0.005));
#13699=CARTESIAN_POINT('',(-0.0452655202820501,0.0091797630815525,0.005));
#13700=CARTESIAN_POINT('',(-0.0453820946248641,0.00900189832103978,0.005));
#13701=CARTESIAN_POINT('',(-0.0455099523634987,0.00881507790973918,0.005));
#13702=CARTESIAN_POINT('',(-0.0456494917500089,0.00861968685352744,0.005));
#13703=CARTESIAN_POINT('',(-0.0458011170675683,0.00841612093287322,0.005));
#13704=CARTESIAN_POINT('',(-0.0459651552450128,0.00820479446451179,0.005));
#13705=CARTESIAN_POINT('',(-0.0461421778349098,0.00798610877516463,0.005));
#13706=CARTESIAN_POINT('',(-0.0462767439254743,0.00782601608620098,0.005));
#13707=CARTESIAN_POINT('',(-0.0463520729915127,0.00773902238828174,0.005));
#13708=CARTESIAN_POINT('',(-0.0463620858559966,0.00772749691987235,0.005));
#13709=CARTESIAN_POINT('',(-0.045177895899329,0.00932016559459077,0.005));
#13710=CARTESIAN_POINT('',(-0.0449591931310233,0.00969327090780323,0.02));
#13711=CARTESIAN_POINT('',(-0.0449658085120846,0.00968130711654619,0.02));
#13712=CARTESIAN_POINT('',(-0.0449995727060328,0.009620608464411,0.02));
#13713=CARTESIAN_POINT('',(-0.0450645596983848,0.00950715096668744,0.02));
#13714=CARTESIAN_POINT('',(-0.0451598161024163,0.0093483003055011,0.02));
#13715=CARTESIAN_POINT('',(-0.0452655202820501,0.0091797630815525,0.02));
#13716=CARTESIAN_POINT('',(-0.0453820946248641,0.00900189832103978,0.02));
#13717=CARTESIAN_POINT('',(-0.0455099523634987,0.00881507790973918,0.02));
#13718=CARTESIAN_POINT('',(-0.0456494917500089,0.00861968685352744,0.02));
#13719=CARTESIAN_POINT('',(-0.0458011170675683,0.00841612093287322,0.02));
#13720=CARTESIAN_POINT('',(-0.0459651552450128,0.00820479446451179,0.02));
#13721=CARTESIAN_POINT('',(-0.0461421778349098,0.00798610877516463,0.02));
#13722=CARTESIAN_POINT('',(-0.0462767439254743,0.00782601608620098,0.02));
#13723=CARTESIAN_POINT('',(-0.0463520729915127,0.00773902238828174,0.02));
#13724=CARTESIAN_POINT('',(-0.0463620858559966,0.00772749691987235,0.02));
#13725=CARTESIAN_POINT('',(-0.045177895899329,0.00932016559459077,0.02));
#13726=CARTESIAN_POINT('',(-0.0451778958993289,0.00932016559459097,0.02));
#13727=CARTESIAN_POINT('',(-0.044683192072107,0.00901430280335047,0.01));
#13728=CARTESIAN_POINT('',(-0.044683192072107,0.00901430280335047,0.005));
#13729=CARTESIAN_POINT('',(-0.044683192072107,0.00901430280335047,0.02));
#13730=CARTESIAN_POINT('',(-0.0410552432877301,0.00840619549416034,0.02));
#13731=CARTESIAN_POINT('',(-0.0410552432877301,0.00840619549416034,0.005));
#13732=CARTESIAN_POINT('',(-0.0409868448384957,0.00782634461373087,0.02));
#13733=CARTESIAN_POINT('',(-0.0409868448384957,0.00782634461373087,0.005));
#13734=CARTESIAN_POINT('',(-0.0408564877687366,0.00716542872239726,0.02));
#13735=CARTESIAN_POINT('',(-0.0408564877687366,0.00716542872239726,0.005));
#13736=CARTESIAN_POINT('',(-0.040655093577994,0.0064622871920947,0.02));
#13737=CARTESIAN_POINT('',(-0.040655093577994,0.0064622871920947,0.005));
#13738=CARTESIAN_POINT('',(-0.04109577419326,0.00883677154974745,0.005));
#13739=CARTESIAN_POINT('',(-0.0410948347385547,0.00882313289172382,0.005));
#13740=CARTESIAN_POINT('',(-0.0410898863455119,0.00875385186567559,0.005));
#13741=CARTESIAN_POINT('',(-0.0410789373387565,0.0086235597622475,0.005));
#13742=CARTESIAN_POINT('',(-0.0410597389083246,0.00843933507514692,0.005));
#13743=CARTESIAN_POINT('',(-0.041035165295824,0.00824191596002122,0.005));
#13744=CARTESIAN_POINT('',(-0.0410046819570757,0.00803144929640551,0.005));
#13745=CARTESIAN_POINT('',(-0.0409677572103999,0.00780809748761454,0.005));
#13746=CARTESIAN_POINT('',(-0.0409238674063432,0.0075720411588812,0.005));
#13747=CARTESIAN_POINT('',(-0.0408724788758638,0.00732346815167419,0.005));
#13748=CARTESIAN_POINT('',(-0.0408131202229933,0.00706261579838056,0.005));
#13749=CARTESIAN_POINT('',(-0.0407451038371877,0.00678960627598065,0.005));
#13750=CARTESIAN_POINT('',(-0.0406908036353652,0.00658764293804165,0.005));
#13751=CARTESIAN_POINT('',(-0.0406592974416214,0.00647696443324659,0.005));
#13752=CARTESIAN_POINT('',(-0.040655093577994,0.0064622871920947,0.005));
#13753=CARTESIAN_POINT('',(-0.0410552432902141,0.00840619551521881,0.005));
#13754=CARTESIAN_POINT('',(-0.0410552432902141,0.00840619551521927,0.));
#13755=CARTESIAN_POINT('',(-0.0410552432902141,0.00840619551521903,0.02));
#13756=CARTESIAN_POINT('',(-0.04109577419326,0.00883677154974745,0.02));
#13757=CARTESIAN_POINT('',(-0.0410948347385547,0.00882313289172382,0.02));
#13758=CARTESIAN_POINT('',(-0.0410898863455119,0.00875385186567559,0.02));
#13759=CARTESIAN_POINT('',(-0.0410789373387565,0.0086235597622475,0.02));
#13760=CARTESIAN_POINT('',(-0.0410597389083246,0.00843933507514692,0.02));
#13761=CARTESIAN_POINT('',(-0.041035165295824,0.00824191596002122,0.02));
#13762=CARTESIAN_POINT('',(-0.0410046819570757,0.00803144929640551,0.02));
#13763=CARTESIAN_POINT('',(-0.0409677572103999,0.00780809748761454,0.02));
#13764=CARTESIAN_POINT('',(-0.0409238674063432,0.0075720411588812,0.02));
#13765=CARTESIAN_POINT('',(-0.0408724788758638,0.00732346815167419,0.02));
#13766=CARTESIAN_POINT('',(-0.0408131202229933,0.00706261579838056,0.02));
#13767=CARTESIAN_POINT('',(-0.0407451038371877,0.00678960627598065,0.02));
#13768=CARTESIAN_POINT('',(-0.0406908036353652,0.00658764293804165,0.02));
#13769=CARTESIAN_POINT('',(-0.0406592974416214,0.00647696443324659,0.02));
#13770=CARTESIAN_POINT('',(-0.040655093577994,0.0064622871920947,0.02));
#13771=CARTESIAN_POINT('',(-0.0421523394603577,0.00859964314982679,0.02));
#13772=CARTESIAN_POINT('',(-0.0421523394603577,0.00859964314982679,0.005));
#13773=CARTESIAN_POINT('',(-0.0424149336596085,0.00807815520374132,0.02));
#13774=CARTESIAN_POINT('',(-0.0424149336596085,0.00807815520374132,0.005));
#13775=CARTESIAN_POINT('',(-0.0427634757840086,0.00750168216137754,0.02));
#13776=CARTESIAN_POINT('',(-0.0427634757840086,0.00750168216137754,0.005));
#13777=CARTESIAN_POINT('',(-0.0431932129858908,0.0069098261239667,0.02));
#13778=CARTESIAN_POINT('',(-0.0431932129858908,0.0069098261239667,0.005));
#13779=CARTESIAN_POINT('',(-0.041966987183273,0.00899038990583045,0.005));
#13780=CARTESIAN_POINT('',(-0.0419725346776991,0.00897789507196115,0.005));
#13781=CARTESIAN_POINT('',(-0.042000880152585,0.00891448465312093,0.005));
#13782=CARTESIAN_POINT('',(-0.0420557313773266,0.00879579490584258,0.005));
#13783=CARTESIAN_POINT('',(-0.0421367805546204,0.00862924657673555,0.005));
#13784=CARTESIAN_POINT('',(-0.0422273935110039,0.00845213796151934,0.005));
#13785=CARTESIAN_POINT('',(-0.0423280223179376,0.00826478990668593,0.005));
#13786=CARTESIAN_POINT('',(-0.0424391110475681,0.00806753686727623,0.005));
#13787=CARTESIAN_POINT('',(-0.0425610899919542,0.00786072767414969,0.005));
#13788=CARTESIAN_POINT('',(-0.0426943963903905,0.00764472136611056,0.005));
#13789=CARTESIAN_POINT('',(-0.0428393920377331,0.0074199021895683,0.005));
#13790=CARTESIAN_POINT('',(-0.0429966812895476,0.00718662012998654,0.005));
#13791=CARTESIAN_POINT('',(-0.0431167823182958,0.0070154084344659,0.005));
#13792=CARTESIAN_POINT('',(-0.043184242734139,0.00692218041313028,0.005));
#13793=CARTESIAN_POINT('',(-0.0431932129858908,0.0069098261239667,0.005));
#13794=CARTESIAN_POINT('',(-0.0421523394508211,0.00859964316876568,0.005));
#13795=CARTESIAN_POINT('',(-0.041966987183273,0.00899038990583045,0.02));
#13796=CARTESIAN_POINT('',(-0.0419725346776991,0.00897789507196115,0.02));
#13797=CARTESIAN_POINT('',(-0.042000880152585,0.00891448465312093,0.02));
#13798=CARTESIAN_POINT('',(-0.0420557313773266,0.00879579490584258,0.02));
#13799=CARTESIAN_POINT('',(-0.0421367805546204,0.00862924657673555,0.02));
#13800=CARTESIAN_POINT('',(-0.0422273935110039,0.00845213796151934,0.02));
#13801=CARTESIAN_POINT('',(-0.0423280223179376,0.00826478990668593,0.02));
#13802=CARTESIAN_POINT('',(-0.0424391110475681,0.00806753686727623,0.02));
#13803=CARTESIAN_POINT('',(-0.0425610899919542,0.00786072767414969,0.02));
#13804=CARTESIAN_POINT('',(-0.0426943963903905,0.00764472136611056,0.02));
#13805=CARTESIAN_POINT('',(-0.0428393920377331,0.0074199021895683,0.02));
#13806=CARTESIAN_POINT('',(-0.0429966812895476,0.00718662012998654,0.02));
#13807=CARTESIAN_POINT('',(-0.0431167823182958,0.0070154084344659,0.02));
#13808=CARTESIAN_POINT('',(-0.043184242734139,0.00692218041313028,0.02));
#13809=CARTESIAN_POINT('',(-0.0431932129858908,0.0069098261239667,0.02));
#13810=CARTESIAN_POINT('',(-0.0421523394508211,0.00859964316876569,0.02));
#13811=CARTESIAN_POINT('',(-0.042152339450821,0.00859964316876589,0.02));
#13812=CARTESIAN_POINT('',(-0.0416328604222674,0.00833806055729019,0.01));
#13813=CARTESIAN_POINT('',(-0.0416328604222674,0.00833806055729019,0.005));
#13814=CARTESIAN_POINT('',(-0.0416328604222674,0.00833806055729019,0.02));
#13815=CARTESIAN_POINT('',(-0.03796571703412,0.00804846385095698,0.02));
#13816=CARTESIAN_POINT('',(-0.03796571703412,0.00804846385095698,0.00500000000000001));
#13817=CARTESIAN_POINT('',(-0.0378470415274683,0.0074767807958351,0.02));
#13818=CARTESIAN_POINT('',(-0.0378470415274683,0.0074767807958351,0.00500000000000001));
#13819=CARTESIAN_POINT('',(-0.0376595778903132,0.00682974125624109,0.02));
#13820=CARTESIAN_POINT('',(-0.0376595778903132,0.00682974125624109,0.00500000000000001));
#13821=CARTESIAN_POINT('',(-0.0373976672429381,0.00614682805202498,0.02));
#13822=CARTESIAN_POINT('',(-0.0373976672429381,0.00614682805202498,0.00500000000000001));
#13823=CARTESIAN_POINT('',(-0.0380436208832517,0.00847386893348243,0.005));
#13824=CARTESIAN_POINT('',(-0.0380414963160852,0.00846036405354281,0.005));
#13825=CARTESIAN_POINT('',(-0.0380305285138882,0.00839177794358628,0.005));
#13826=CARTESIAN_POINT('',(-0.0380082654663608,0.00826293590976409,0.005));
#13827=CARTESIAN_POINT('',(-0.0379730838523161,0.00808108550668077,0.005));
#13828=CARTESIAN_POINT('',(-0.0379313975402186,0.00788655936234007,0.005));
#13829=CARTESIAN_POINT('',(-0.0378826868213865,0.00767955038595107,0.005));
#13830=CARTESIAN_POINT('',(-0.0378264361917304,0.00746026670194661,0.005));
#13831=CARTESIAN_POINT('',(-0.0377621397369678,0.00722893388728306,0.005));
#13832=CARTESIAN_POINT('',(-0.0376892821902913,0.00698578558095736,0.005));
#13833=CARTESIAN_POINT('',(-0.0376074146344171,0.00673109929710093,0.005));
#13834=CARTESIAN_POINT('',(-0.0375158627237923,0.00646505667698147,0.005));
#13835=CARTESIAN_POINT('',(-0.0374441668859055,0.00626859444493891,0.005));
#13836=CARTESIAN_POINT('',(-0.0374031343154493,0.00616108305098625,0.005));
#13837=CARTESIAN_POINT('',(-0.0373976672429381,0.00614682805202498,0.005));
#13838=CARTESIAN_POINT('',(-0.0379657170384299,0.00804846387171882,0.005));
#13839=CARTESIAN_POINT('',(-0.03796571703843,0.00804846387171927,0.));
#13840=CARTESIAN_POINT('',(-0.0379657170384299,0.00804846387171905,0.02));
#13841=CARTESIAN_POINT('',(-0.0380436208832517,0.00847386893348243,0.02));
#13842=CARTESIAN_POINT('',(-0.0380414963160852,0.00846036405354281,0.02));
#13843=CARTESIAN_POINT('',(-0.0380305285138882,0.00839177794358628,0.02));
#13844=CARTESIAN_POINT('',(-0.0380082654663608,0.00826293590976409,0.02));
#13845=CARTESIAN_POINT('',(-0.0379730838523161,0.00808108550668077,0.02));
#13846=CARTESIAN_POINT('',(-0.0379313975402186,0.00788655936234007,0.02));
#13847=CARTESIAN_POINT('',(-0.0378826868213865,0.00767955038595107,0.02));
#13848=CARTESIAN_POINT('',(-0.0378264361917304,0.00746026670194661,0.02));
#13849=CARTESIAN_POINT('',(-0.0377621397369678,0.00722893388728306,0.02));
#13850=CARTESIAN_POINT('',(-0.0376892821902913,0.00698578558095736,0.02));
#13851=CARTESIAN_POINT('',(-0.0376074146344171,0.00673109929710093,0.02));
#13852=CARTESIAN_POINT('',(-0.0375158627237923,0.00646505667698147,0.02));
#13853=CARTESIAN_POINT('',(-0.0374441668859055,0.00626859444493891,0.02));
#13854=CARTESIAN_POINT('',(-0.0374031343154493,0.00616108305098625,0.02));
#13855=CARTESIAN_POINT('',(-0.0373976672429381,0.00614682805202498,0.02));
#13856=CARTESIAN_POINT('',(-0.0390754984987008,0.0081455571480992,0.02));
#13857=CARTESIAN_POINT('',(-0.0390754984987008,0.0081455571480992,0.005));
#13858=CARTESIAN_POINT('',(-0.039291642778469,0.00760316702861319,0.02));
#13859=CARTESIAN_POINT('',(-0.039291642778469,0.00760316702861319,0.00499999999999996));
#13860=CARTESIAN_POINT('',(-0.0395886156586758,0.00699851019248649,0.02));
#13861=CARTESIAN_POINT('',(-0.0395886156586758,0.00699851019248649,0.005));
#13862=CARTESIAN_POINT('',(-0.0399651339282244,0.00637145228096801,0.02));
#13863=CARTESIAN_POINT('',(-0.0399651339282244,0.00637145228096801,0.005));
#13864=CARTESIAN_POINT('',(-0.0389249073667355,0.00855097151010588,0.005));
#13865=CARTESIAN_POINT('',(-0.0389293447547441,0.00853804072685465,0.005));
#13866=CARTESIAN_POINT('',(-0.0389520557843884,0.00847240113288503,0.005));
#13867=CARTESIAN_POINT('',(-0.0389963537905792,0.00834938243669553,0.005));
#13868=CARTESIAN_POINT('',(-0.0390625789079573,0.00817640397301692,0.005));
#13869=CARTESIAN_POINT('',(-0.0391374110217787,0.00799207187003601,0.005));
#13870=CARTESIAN_POINT('',(-0.03922132844685,0.00779666635270305,0.005));
#13871=CARTESIAN_POINT('',(-0.0393148027151667,0.00759048189991878,0.005));
#13872=CARTESIAN_POINT('',(-0.0394182928840089,0.00737382851271194,0.005));
#13873=CARTESIAN_POINT('',(-0.0395322658211376,0.00714702575572026,0.005));
#13874=CARTESIAN_POINT('',(-0.0396571154339512,0.00691042488068019,0.005));
#13875=CARTESIAN_POINT('',(-0.0397934742815031,0.0066643218681968,0.005));
#13876=CARTESIAN_POINT('',(-0.0398981962070872,0.00648329419050253,0.005));
#13877=CARTESIAN_POINT('',(-0.0399572745582369,0.00638454136728552,0.005));
#13878=CARTESIAN_POINT('',(-0.0399651339282244,0.00637145228096801,0.005));
#13879=CARTESIAN_POINT('',(-0.039075498490851,0.00814555716779721,0.005));
#13880=CARTESIAN_POINT('',(-0.0389249073667355,0.00855097151010588,0.02));
#13881=CARTESIAN_POINT('',(-0.0389293447547441,0.00853804072685465,0.02));
#13882=CARTESIAN_POINT('',(-0.0389520557843884,0.00847240113288503,0.02));
#13883=CARTESIAN_POINT('',(-0.0389963537905792,0.00834938243669553,0.02));
#13884=CARTESIAN_POINT('',(-0.0390625789079573,0.00817640397301692,0.02));
#13885=CARTESIAN_POINT('',(-0.0391374110217787,0.00799207187003601,0.02));
#13886=CARTESIAN_POINT('',(-0.03922132844685,0.00779666635270305,0.02));
#13887=CARTESIAN_POINT('',(-0.0393148027151667,0.00759048189991878,0.02));
#13888=CARTESIAN_POINT('',(-0.0394182928840089,0.00737382851271194,0.02));
#13889=CARTESIAN_POINT('',(-0.0395322658211376,0.00714702575572026,0.02));
#13890=CARTESIAN_POINT('',(-0.0396571154339512,0.00691042488068019,0.02));
#13891=CARTESIAN_POINT('',(-0.0397934742815031,0.0066643218681968,0.02));
#13892=CARTESIAN_POINT('',(-0.0398981962070872,0.00648329419050253,0.02));
#13893=CARTESIAN_POINT('',(-0.0399572745582369,0.00638454136728552,0.02));
#13894=CARTESIAN_POINT('',(-0.0399651339282244,0.00637145228096801,0.02));
#13895=CARTESIAN_POINT('',(-0.039075498490851,0.00814555716779721,0.02));
#13896=CARTESIAN_POINT('',(-0.039075498490851,0.00814555716779742,0.02));
#13897=CARTESIAN_POINT('',(-0.038535197810043,0.00793024553770776,0.01));
#13898=CARTESIAN_POINT('',(-0.038535197810043,0.00793024553770776,0.005));
#13899=CARTESIAN_POINT('',(-0.038535197810043,0.00793024553770776,0.02));
#13900=CARTESIAN_POINT('',(-0.0348567689935906,0.00796136344002994,0.02));
#13901=CARTESIAN_POINT('',(-0.0348567689935906,0.00796136344002994,0.005));
#13902=CARTESIAN_POINT('',(-0.0346887196217856,0.0074021990634568,0.02));
#13903=CARTESIAN_POINT('',(-0.0346887196217856,0.0074021990634568,0.005));
#13904=CARTESIAN_POINT('',(-0.0344455761287043,0.00677396023719216,0.02));
#13905=CARTESIAN_POINT('',(-0.0344455761287043,0.00677396023719216,0.005));
#13906=CARTESIAN_POINT('',(-0.0341251423228717,0.00611647274090052,0.02));
#13907=CARTESIAN_POINT('',(-0.0341251423228717,0.00611647274090052,0.005));
#13908=CARTESIAN_POINT('',(-0.0349714528909928,0.00837835995994908,0.005));
#13909=CARTESIAN_POINT('',(-0.0349681593806039,0.00836509163838429,0.005));
#13910=CARTESIAN_POINT('',(-0.0349512556408501,0.00829772242622964,0.005));
#13911=CARTESIAN_POINT('',(-0.034917847987785,0.0081713110276877,0.005));
#13912=CARTESIAN_POINT('',(-0.0348669509434536,0.00799321889999337,0.005));
#13913=CARTESIAN_POINT('',(-0.0348084691897654,0.00780306618785421,0.005));
#13914=CARTESIAN_POINT('',(-0.0347419018088319,0.00760109036199767,0.005));
#13915=CARTESIAN_POINT('',(-0.0346667533974523,0.00738754368402211,0.005));
#13916=CARTESIAN_POINT('',(-0.0345825396268278,0.00716269496583051,0.005));
#13917=CARTESIAN_POINT('',(-0.0344887675538771,0.00692682186581422,0.005));
#13918=CARTESIAN_POINT('',(-0.0343850141565323,0.00668023996779891,0.005));
#13919=CARTESIAN_POINT('',(-0.0342706234864086,0.00642318899493994,0.005));
#13920=CARTESIAN_POINT('',(-0.034182077661075,0.00623372306500681,0.005));
#13921=CARTESIAN_POINT('',(-0.0341318309965436,0.00613019700852168,0.005));
#13922=CARTESIAN_POINT('',(-0.0341251423228717,0.00611647274090052,0.005));
#13923=CARTESIAN_POINT('',(-0.0348567689996937,0.00796136346033713,0.005));
#13924=CARTESIAN_POINT('',(-0.0348567689996938,0.00796136346033757,0.));
#13925=CARTESIAN_POINT('',(-0.0348567689996938,0.00796136346033735,0.02));
#13926=CARTESIAN_POINT('',(-0.0349714528909928,0.00837835995994908,0.02));
#13927=CARTESIAN_POINT('',(-0.0349681593806039,0.00836509163838429,0.02));
#13928=CARTESIAN_POINT('',(-0.0349512556408501,0.00829772242622964,0.02));
#13929=CARTESIAN_POINT('',(-0.034917847987785,0.0081713110276877,0.02));
#13930=CARTESIAN_POINT('',(-0.0348669509434536,0.00799321889999337,0.02));
#13931=CARTESIAN_POINT('',(-0.0348084691897654,0.00780306618785421,0.02));
#13932=CARTESIAN_POINT('',(-0.0347419018088319,0.00760109036199767,0.02));
#13933=CARTESIAN_POINT('',(-0.0346667533974523,0.00738754368402211,0.02));
#13934=CARTESIAN_POINT('',(-0.0345825396268278,0.00716269496583051,0.02));
#13935=CARTESIAN_POINT('',(-0.0344887675538771,0.00692682186581422,0.02));
#13936=CARTESIAN_POINT('',(-0.0343850141565323,0.00668023996779891,0.02));
#13937=CARTESIAN_POINT('',(-0.0342706234864086,0.00642318899493994,0.02));
#13938=CARTESIAN_POINT('',(-0.034182077661075,0.00623372306500681,0.02));
#13939=CARTESIAN_POINT('',(-0.0341318309965436,0.00613019700852168,0.02));
#13940=CARTESIAN_POINT('',(-0.0341251423228717,0.00611647274090052,0.02));
#13941=CARTESIAN_POINT('',(-0.0359707896430748,0.00796136344003014,0.02));
#13942=CARTESIAN_POINT('',(-0.0359707896430748,0.00796136344003014,0.00500000000000001));
#13943=CARTESIAN_POINT('',(-0.0361388390148799,0.00740219906345697,0.02));
#13944=CARTESIAN_POINT('',(-0.0361388390148799,0.00740219906345697,0.00500000000000004));
#13945=CARTESIAN_POINT('',(-0.0363819825079611,0.00677396023719223,0.02));
#13946=CARTESIAN_POINT('',(-0.0363819825079611,0.00677396023719223,0.00500000000000001));
#13947=CARTESIAN_POINT('',(-0.0367024163137937,0.00611647274090052,0.02));
#13948=CARTESIAN_POINT('',(-0.0367024163137937,0.00611647274090052,0.00500000000000001));
#13949=CARTESIAN_POINT('',(-0.0358561057456726,0.00837835995994908,0.005));
#13950=CARTESIAN_POINT('',(-0.0358593992560616,0.00836509163838429,0.005));
#13951=CARTESIAN_POINT('',(-0.0358763029958153,0.00829772242622964,0.005));
#13952=CARTESIAN_POINT('',(-0.0359097106488804,0.0081713110276877,0.005));
#13953=CARTESIAN_POINT('',(-0.0359606076932118,0.00799321889999337,0.005));
#13954=CARTESIAN_POINT('',(-0.0360190894469001,0.00780306618785421,0.005));
#13955=CARTESIAN_POINT('',(-0.0360856568278335,0.00760109036199767,0.005));
#13956=CARTESIAN_POINT('',(-0.0361608052392131,0.00738754368402211,0.005));
#13957=CARTESIAN_POINT('',(-0.0362450190098376,0.00716269496583051,0.005));
#13958=CARTESIAN_POINT('',(-0.0363387910827883,0.00692682186581422,0.005));
#13959=CARTESIAN_POINT('',(-0.0364425444801331,0.00668023996779891,0.005));
#13960=CARTESIAN_POINT('',(-0.0365569351502568,0.00642318899493995,0.005));
#13961=CARTESIAN_POINT('',(-0.0366454809755904,0.00623372306500681,0.005));
#13962=CARTESIAN_POINT('',(-0.0366957276401218,0.00613019700852168,0.005));
#13963=CARTESIAN_POINT('',(-0.0367024163137937,0.00611647274090052,0.005));
#13964=CARTESIAN_POINT('',(-0.0359707896369717,0.00796136346033733,0.005));
#13965=CARTESIAN_POINT('',(-0.0358561057456726,0.00837835995994908,0.02));
#13966=CARTESIAN_POINT('',(-0.0358593992560616,0.00836509163838429,0.02));
#13967=CARTESIAN_POINT('',(-0.0358763029958153,0.00829772242622964,0.02));
#13968=CARTESIAN_POINT('',(-0.0359097106488804,0.0081713110276877,0.02));
#13969=CARTESIAN_POINT('',(-0.0359606076932118,0.00799321889999337,0.02));
#13970=CARTESIAN_POINT('',(-0.0360190894469001,0.00780306618785421,0.02));
#13971=CARTESIAN_POINT('',(-0.0360856568278335,0.00760109036199767,0.02));
#13972=CARTESIAN_POINT('',(-0.0361608052392131,0.00738754368402211,0.02));
#13973=CARTESIAN_POINT('',(-0.0362450190098376,0.00716269496583051,0.02));
#13974=CARTESIAN_POINT('',(-0.0363387910827883,0.00692682186581422,0.02));
#13975=CARTESIAN_POINT('',(-0.0364425444801331,0.00668023996779891,0.02));
#13976=CARTESIAN_POINT('',(-0.0365569351502568,0.00642318899493995,0.02));
#13977=CARTESIAN_POINT('',(-0.0366454809755904,0.00623372306500681,0.02));
#13978=CARTESIAN_POINT('',(-0.0366957276401218,0.00613019700852168,0.02));
#13979=CARTESIAN_POINT('',(-0.0367024163137937,0.00611647274090052,0.02));
#13980=CARTESIAN_POINT('',(-0.0359707896369717,0.00796136346033733,0.02));
#13981=CARTESIAN_POINT('',(-0.0359707896369716,0.00796136346033755,0.02));
#13982=CARTESIAN_POINT('',(-0.0354137793183327,0.00779396146314762,0.01));
#13983=CARTESIAN_POINT('',(-0.0354137793183327,0.00779396146314762,0.005));
#13984=CARTESIAN_POINT('',(-0.0354137793183327,0.00779396146314762,0.02));
#13985=CARTESIAN_POINT('',(-0.0317520601379646,0.00814555714809901,0.02));
#13986=CARTESIAN_POINT('',(-0.0317520601379646,0.00814555714809901,0.005));
#13987=CARTESIAN_POINT('',(-0.0315359158581963,0.00760316702861305,0.02));
#13988=CARTESIAN_POINT('',(-0.0315359158581963,0.00760316702861305,0.00499999999999996));
#13989=CARTESIAN_POINT('',(-0.0312389429779876,0.00699851019248642,0.02));
#13990=CARTESIAN_POINT('',(-0.0312389429779876,0.00699851019248642,0.005));
#13991=CARTESIAN_POINT('',(-0.0308624247084409,0.00637145228096802,0.02));
#13992=CARTESIAN_POINT('',(-0.0308624247084409,0.00637145228096802,0.005));
#13993=CARTESIAN_POINT('',(-0.0319026512699298,0.00855097151010589,0.005));
#13994=CARTESIAN_POINT('',(-0.0318982138819213,0.00853804072685466,0.005));
#13995=CARTESIAN_POINT('',(-0.031875502852277,0.00847240113288503,0.005));
#13996=CARTESIAN_POINT('',(-0.0318312048460862,0.00834938243669553,0.005));
#13997=CARTESIAN_POINT('',(-0.0317649797287081,0.00817640397301693,0.005));
#13998=CARTESIAN_POINT('',(-0.0316901476148867,0.00799207187003602,0.005));
#13999=CARTESIAN_POINT('',(-0.0316062301898153,0.00779666635270305,0.005));
#14000=CARTESIAN_POINT('',(-0.0315127559214987,0.00759048189991878,0.005));
#14001=CARTESIAN_POINT('',(-0.0314092657526564,0.00737382851271195,0.005));
#14002=CARTESIAN_POINT('',(-0.0312952928155278,0.00714702575572026,0.005));
#14003=CARTESIAN_POINT('',(-0.0311704432027142,0.00691042488068019,0.005));
#14004=CARTESIAN_POINT('',(-0.0310340843551623,0.0066643218681968,0.005));
#14005=CARTESIAN_POINT('',(-0.0309293624295781,0.00648329419050254,0.005));
#14006=CARTESIAN_POINT('',(-0.0308702840784285,0.00638454136728553,0.005));
#14007=CARTESIAN_POINT('',(-0.0308624247084409,0.00637145228096802,0.005));
#14008=CARTESIAN_POINT('',(-0.0317520601458143,0.00814555716779701,0.005));
#14009=CARTESIAN_POINT('',(-0.0317520601458144,0.00814555716779744,0.));
#14010=CARTESIAN_POINT('',(-0.0317520601458144,0.00814555716779723,0.02));
#14011=CARTESIAN_POINT('',(-0.0319026512699298,0.00855097151010589,0.02));
#14012=CARTESIAN_POINT('',(-0.0318982138819213,0.00853804072685466,0.02));
#14013=CARTESIAN_POINT('',(-0.031875502852277,0.00847240113288503,0.02));
#14014=CARTESIAN_POINT('',(-0.0318312048460862,0.00834938243669553,0.02));
#14015=CARTESIAN_POINT('',(-0.0317649797287081,0.00817640397301693,0.02));
#14016=CARTESIAN_POINT('',(-0.0316901476148867,0.00799207187003602,0.02));
#14017=CARTESIAN_POINT('',(-0.0316062301898153,0.00779666635270305,0.02));
#14018=CARTESIAN_POINT('',(-0.0315127559214987,0.00759048189991878,0.02));
#14019=CARTESIAN_POINT('',(-0.0314092657526564,0.00737382851271195,0.02));
#14020=CARTESIAN_POINT('',(-0.0312952928155278,0.00714702575572026,0.02));
#14021=CARTESIAN_POINT('',(-0.0311704432027142,0.00691042488068019,0.02));
#14022=CARTESIAN_POINT('',(-0.0310340843551623,0.0066643218681968,0.02));
#14023=CARTESIAN_POINT('',(-0.0309293624295781,0.00648329419050254,0.02));
#14024=CARTESIAN_POINT('',(-0.0308702840784285,0.00638454136728553,0.02));
#14025=CARTESIAN_POINT('',(-0.0308624247084409,0.00637145228096802,0.02));
#14026=CARTESIAN_POINT('',(-0.0328618416025454,0.00804846385095719,0.02));
#14027=CARTESIAN_POINT('',(-0.0328618416025454,0.00804846385095719,0.00500000000000001));
#14028=CARTESIAN_POINT('',(-0.032980517109197,0.00747678079583526,0.02));
#14029=CARTESIAN_POINT('',(-0.032980517109197,0.00747678079583526,0.00499999999999996));
#14030=CARTESIAN_POINT('',(-0.0331679807463525,0.00682974125624116,0.02));
#14031=CARTESIAN_POINT('',(-0.0331679807463525,0.00682974125624116,0.005));
#14032=CARTESIAN_POINT('',(-0.0334298913937273,0.00614682805202498,0.02));
#14033=CARTESIAN_POINT('',(-0.0334298913937273,0.00614682805202498,0.005));
#14034=CARTESIAN_POINT('',(-0.0327839377534136,0.00847386893348243,0.005));
#14035=CARTESIAN_POINT('',(-0.0327860623205802,0.00846036405354281,0.005));
#14036=CARTESIAN_POINT('',(-0.0327970301227772,0.00839177794358628,0.005));
#14037=CARTESIAN_POINT('',(-0.0328192931703046,0.0082629359097641,0.005));
#14038=CARTESIAN_POINT('',(-0.0328544747843493,0.00808108550668077,0.005));
#14039=CARTESIAN_POINT('',(-0.0328961610964468,0.00788655936234008,0.005));
#14040=CARTESIAN_POINT('',(-0.0329448718152789,0.00767955038595107,0.005));
#14041=CARTESIAN_POINT('',(-0.033001122444935,0.00746026670194661,0.005));
#14042=CARTESIAN_POINT('',(-0.0330654188996976,0.00722893388728306,0.005));
#14043=CARTESIAN_POINT('',(-0.0331382764463741,0.00698578558095736,0.005));
#14044=CARTESIAN_POINT('',(-0.0332201440022483,0.00673109929710093,0.005));
#14045=CARTESIAN_POINT('',(-0.0333116959128731,0.00646505667698148,0.005));
#14046=CARTESIAN_POINT('',(-0.0333833917507599,0.00626859444493891,0.005));
#14047=CARTESIAN_POINT('',(-0.0334244243212161,0.00616108305098625,0.005));
#14048=CARTESIAN_POINT('',(-0.0334298913937273,0.00614682805202498,0.005));
#14049=CARTESIAN_POINT('',(-0.0328618415982355,0.00804846387171903,0.005));
#14050=CARTESIAN_POINT('',(-0.0327839377534136,0.00847386893348243,0.02));
#14051=CARTESIAN_POINT('',(-0.0327860623205802,0.00846036405354281,0.02));
#14052=CARTESIAN_POINT('',(-0.0327970301227772,0.00839177794358628,0.02));
#14053=CARTESIAN_POINT('',(-0.0328192931703046,0.0082629359097641,0.02));
#14054=CARTESIAN_POINT('',(-0.0328544747843493,0.00808108550668077,0.02));
#14055=CARTESIAN_POINT('',(-0.0328961610964468,0.00788655936234008,0.02));
#14056=CARTESIAN_POINT('',(-0.0329448718152789,0.00767955038595107,0.02));
#14057=CARTESIAN_POINT('',(-0.033001122444935,0.00746026670194661,0.02));
#14058=CARTESIAN_POINT('',(-0.0330654188996976,0.00722893388728306,0.02));
#14059=CARTESIAN_POINT('',(-0.0331382764463741,0.00698578558095736,0.02));
#14060=CARTESIAN_POINT('',(-0.0332201440022483,0.00673109929710093,0.02));
#14061=CARTESIAN_POINT('',(-0.0333116959128731,0.00646505667698148,0.02));
#14062=CARTESIAN_POINT('',(-0.0333833917507599,0.00626859444493891,0.02));
#14063=CARTESIAN_POINT('',(-0.0334244243212161,0.00616108305098625,0.02));
#14064=CARTESIAN_POINT('',(-0.0334298913937273,0.00614682805202498,0.02));
#14065=CARTESIAN_POINT('',(-0.0328618415982355,0.00804846387171903,0.02));
#14066=CARTESIAN_POINT('',(-0.0328618415982354,0.00804846387171926,0.02));
#14067=CARTESIAN_POINT('',(-0.0322923608266224,0.00793024553770776,0.01));
#14068=CARTESIAN_POINT('',(-0.0322923608266224,0.00793024553770776,0.005));
#14069=CARTESIAN_POINT('',(-0.0322923608266224,0.00793024553770776,0.02));
#14070=CARTESIAN_POINT('',(-0.0286752191763076,0.00859964314982661,0.02));
#14071=CARTESIAN_POINT('',(-0.0286752191763076,0.00859964314982661,0.005));
#14072=CARTESIAN_POINT('',(-0.0284126249770569,0.0080781552037412,0.02));
#14073=CARTESIAN_POINT('',(-0.0284126249770569,0.0080781552037412,0.005));
#14074=CARTESIAN_POINT('',(-0.0280640828526565,0.00750168216137702,0.02));
#14075=CARTESIAN_POINT('',(-0.0280640828526565,0.00750168216137702,0.005));
#14076=CARTESIAN_POINT('',(-0.0276343456507745,0.00690982612396671,0.02));
#14077=CARTESIAN_POINT('',(-0.0276343456507745,0.00690982612396671,0.005));
#14078=CARTESIAN_POINT('',(-0.0288605714533923,0.00899038990583045,0.005));
#14079=CARTESIAN_POINT('',(-0.0288550239589663,0.00897789507196115,0.005));
#14080=CARTESIAN_POINT('',(-0.0288266784840803,0.00891448465312093,0.005));
#14081=CARTESIAN_POINT('',(-0.0287718272593387,0.00879579490584259,0.005));
#14082=CARTESIAN_POINT('',(-0.0286907780820449,0.00862924657673555,0.005));
#14083=CARTESIAN_POINT('',(-0.0286001651256615,0.00845213796151935,0.005));
#14084=CARTESIAN_POINT('',(-0.0284995363187278,0.00826478990668594,0.005));
#14085=CARTESIAN_POINT('',(-0.0283884475890973,0.00806753686727623,0.005));
#14086=CARTESIAN_POINT('',(-0.0282664686447112,0.00786072767414969,0.005));
#14087=CARTESIAN_POINT('',(-0.0281331622462748,0.00764472136611056,0.005));
#14088=CARTESIAN_POINT('',(-0.0279881665989323,0.0074199021895683,0.005));
#14089=CARTESIAN_POINT('',(-0.0278308773471178,0.00718662012998654,0.005));
#14090=CARTESIAN_POINT('',(-0.0277107763183695,0.0070154084344659,0.005));
#14091=CARTESIAN_POINT('',(-0.0276433159025264,0.00692218041313028,0.005));
#14092=CARTESIAN_POINT('',(-0.0276343456507745,0.00690982612396671,0.005));
#14093=CARTESIAN_POINT('',(-0.0286752191858442,0.0085996431687655,0.005));
#14094=CARTESIAN_POINT('',(-0.0286752191858444,0.00859964316876591,0.));
#14095=CARTESIAN_POINT('',(-0.0286752191858443,0.00859964316876571,0.02));
#14096=CARTESIAN_POINT('',(-0.0288605714533923,0.00899038990583045,0.02));
#14097=CARTESIAN_POINT('',(-0.0288550239589663,0.00897789507196115,0.02));
#14098=CARTESIAN_POINT('',(-0.0288266784840803,0.00891448465312093,0.02));
#14099=CARTESIAN_POINT('',(-0.0287718272593387,0.00879579490584259,0.02));
#14100=CARTESIAN_POINT('',(-0.0286907780820449,0.00862924657673555,0.02));
#14101=CARTESIAN_POINT('',(-0.0286001651256615,0.00845213796151935,0.02));
#14102=CARTESIAN_POINT('',(-0.0284995363187278,0.00826478990668594,0.02));
#14103=CARTESIAN_POINT('',(-0.0283884475890973,0.00806753686727623,0.02));
#14104=CARTESIAN_POINT('',(-0.0282664686447112,0.00786072767414969,0.02));
#14105=CARTESIAN_POINT('',(-0.0281331622462748,0.00764472136611056,0.02));
#14106=CARTESIAN_POINT('',(-0.0279881665989323,0.0074199021895683,0.02));
#14107=CARTESIAN_POINT('',(-0.0278308773471178,0.00718662012998654,0.02));
#14108=CARTESIAN_POINT('',(-0.0277107763183695,0.0070154084344659,0.02));
#14109=CARTESIAN_POINT('',(-0.0276433159025264,0.00692218041313028,0.02));
#14110=CARTESIAN_POINT('',(-0.0276343456507745,0.00690982612396671,0.02));
#14111=CARTESIAN_POINT('',(-0.0297723153489353,0.00840619549416055,0.02));
#14112=CARTESIAN_POINT('',(-0.0297723153489353,0.00840619549416055,0.005));
#14113=CARTESIAN_POINT('',(-0.0298407137981696,0.00782634461373102,0.02));
#14114=CARTESIAN_POINT('',(-0.0298407137981696,0.00782634461373102,0.00500000000000004));
#14115=CARTESIAN_POINT('',(-0.0299710708679289,0.00716542872239693,0.02));
#14116=CARTESIAN_POINT('',(-0.0299710708679289,0.00716542872239693,0.00500000000000001));
#14117=CARTESIAN_POINT('',(-0.0301724650586713,0.00646228719209471,0.02));
#14118=CARTESIAN_POINT('',(-0.0301724650586713,0.00646228719209471,0.00500000000000001));
#14119=CARTESIAN_POINT('',(-0.0297317844434054,0.00883677154974745,0.005));
#14120=CARTESIAN_POINT('',(-0.0297327238981106,0.00882313289172382,0.005));
#14121=CARTESIAN_POINT('',(-0.0297376722911535,0.0087538518656756,0.005));
#14122=CARTESIAN_POINT('',(-0.0297486212979088,0.00862355976224751,0.005));
#14123=CARTESIAN_POINT('',(-0.0297678197283408,0.00843933507514692,0.005));
#14124=CARTESIAN_POINT('',(-0.0297923933408414,0.00824191596002123,0.005));
#14125=CARTESIAN_POINT('',(-0.0298228766795896,0.00803144929640552,0.005));
#14126=CARTESIAN_POINT('',(-0.0298598014262655,0.00780809748761454,0.005));
#14127=CARTESIAN_POINT('',(-0.0299036912303221,0.0075720411588812,0.005));
#14128=CARTESIAN_POINT('',(-0.0299550797608016,0.0073234681516742,0.005));
#14129=CARTESIAN_POINT('',(-0.0300144384136721,0.00706261579838057,0.005));
#14130=CARTESIAN_POINT('',(-0.0300824547994777,0.00678960627598066,0.005));
#14131=CARTESIAN_POINT('',(-0.0301367550013002,0.00658764293804165,0.005));
#14132=CARTESIAN_POINT('',(-0.030168261195044,0.00647696443324659,0.005));
#14133=CARTESIAN_POINT('',(-0.0301724650586713,0.00646228719209471,0.005));
#14134=CARTESIAN_POINT('',(-0.0297723153464513,0.00840619551521902,0.005));
#14135=CARTESIAN_POINT('',(-0.0297317844434054,0.00883677154974745,0.02));
#14136=CARTESIAN_POINT('',(-0.0297327238981106,0.00882313289172382,0.02));
#14137=CARTESIAN_POINT('',(-0.0297376722911535,0.0087538518656756,0.02));
#14138=CARTESIAN_POINT('',(-0.0297486212979088,0.00862355976224751,0.02));
#14139=CARTESIAN_POINT('',(-0.0297678197283408,0.00843933507514692,0.02));
#14140=CARTESIAN_POINT('',(-0.0297923933408414,0.00824191596002123,0.02));
#14141=CARTESIAN_POINT('',(-0.0298228766795896,0.00803144929640552,0.02));
#14142=CARTESIAN_POINT('',(-0.0298598014262655,0.00780809748761454,0.02));
#14143=CARTESIAN_POINT('',(-0.0299036912303221,0.0075720411588812,0.02));
#14144=CARTESIAN_POINT('',(-0.0299550797608016,0.0073234681516742,0.02));
#14145=CARTESIAN_POINT('',(-0.0300144384136721,0.00706261579838057,0.02));
#14146=CARTESIAN_POINT('',(-0.0300824547994777,0.00678960627598066,0.02));
#14147=CARTESIAN_POINT('',(-0.0301367550013002,0.00658764293804165,0.02));
#14148=CARTESIAN_POINT('',(-0.030168261195044,0.00647696443324659,0.02));
#14149=CARTESIAN_POINT('',(-0.0301724650586713,0.00646228719209471,0.02));
#14150=CARTESIAN_POINT('',(-0.0297723153464513,0.00840619551521902,0.02));
#14151=CARTESIAN_POINT('',(-0.0297723153464513,0.00840619551521925,0.02));
#14152=CARTESIAN_POINT('',(-0.029194698214398,0.0083380605572902,0.01));
#14153=CARTESIAN_POINT('',(-0.029194698214398,0.0083380605572902,0.005));
#14154=CARTESIAN_POINT('',(-0.029194698214398,0.0083380605572902,0.02));
#14155=CARTESIAN_POINT('',(-0.0256496627261853,0.00932016557655493,0.02));
#14156=CARTESIAN_POINT('',(-0.0256496627261853,0.00932016557655493,0.00500000000000001));
#14157=CARTESIAN_POINT('',(-0.0253426171078671,0.00882354864202282,0.02));
#14158=CARTESIAN_POINT('',(-0.0253426171078671,0.00882354864202282,0.00500000000000001));
#14159=CARTESIAN_POINT('',(-0.0249451583552958,0.00827964670135782,0.02));
#14160=CARTESIAN_POINT('',(-0.0249451583552958,0.00827964670135782,0.00500000000000001));
#14161=CARTESIAN_POINT('',(-0.0244654727806688,0.00772749691987235,0.02));
#14162=CARTESIAN_POINT('',(-0.0244654727806688,0.00772749691987235,0.00500000000000001));
#14163=CARTESIAN_POINT('',(-0.0258683655056421,0.00969327090780322,0.005));
#14164=CARTESIAN_POINT('',(-0.0258617501245808,0.00968130711654618,0.005));
#14165=CARTESIAN_POINT('',(-0.0258279859306325,0.009620608464411,0.005));
#14166=CARTESIAN_POINT('',(-0.0257629989382806,0.00950715096668743,0.005));
#14167=CARTESIAN_POINT('',(-0.0256677425342491,0.00934830030550109,0.005));
#14168=CARTESIAN_POINT('',(-0.0255620383546153,0.0091797630815525,0.005));
#14169=CARTESIAN_POINT('',(-0.0254454640118013,0.00900189832103977,0.005));
#14170=CARTESIAN_POINT('',(-0.0253176062731667,0.00881507790973918,0.005));
#14171=CARTESIAN_POINT('',(-0.0251780668866564,0.00861968685352743,0.005));
#14172=CARTESIAN_POINT('',(-0.0250264415690972,0.00841612093287322,0.005));
#14173=CARTESIAN_POINT('',(-0.0248624033916526,0.00820479446451178,0.005));
#14174=CARTESIAN_POINT('',(-0.0246853808017556,0.00798610877516463,0.005));
#14175=CARTESIAN_POINT('',(-0.0245508147111911,0.00782601608620098,0.005));
#14176=CARTESIAN_POINT('',(-0.0244754856451526,0.00773902238828173,0.005));
#14177=CARTESIAN_POINT('',(-0.0244654727806688,0.00772749691987235,0.005));
#14178=CARTESIAN_POINT('',(-0.0256496627373363,0.00932016559459059,0.005));
#14179=CARTESIAN_POINT('',(-0.0256496627373365,0.00932016559459098,0.));
#14180=CARTESIAN_POINT('',(-0.0256496627373364,0.00932016559459078,0.02));
#14181=CARTESIAN_POINT('',(-0.0258683655056421,0.00969327090780322,0.02));
#14182=CARTESIAN_POINT('',(-0.0258617501245808,0.00968130711654618,0.02));
#14183=CARTESIAN_POINT('',(-0.0258279859306325,0.009620608464411,0.02));
#14184=CARTESIAN_POINT('',(-0.0257629989382806,0.00950715096668743,0.02));
#14185=CARTESIAN_POINT('',(-0.0256677425342491,0.00934830030550109,0.02));
#14186=CARTESIAN_POINT('',(-0.0255620383546153,0.0091797630815525,0.02));
#14187=CARTESIAN_POINT('',(-0.0254454640118013,0.00900189832103977,0.02));
#14188=CARTESIAN_POINT('',(-0.0253176062731667,0.00881507790973918,0.02));
#14189=CARTESIAN_POINT('',(-0.0251780668866564,0.00861968685352743,0.02));
#14190=CARTESIAN_POINT('',(-0.0250264415690972,0.00841612093287322,0.02));
#14191=CARTESIAN_POINT('',(-0.0248624033916526,0.00820479446451178,0.02));
#14192=CARTESIAN_POINT('',(-0.0246853808017556,0.00798610877516463,0.02));
#14193=CARTESIAN_POINT('',(-0.0245508147111911,0.00782601608620098,0.02));
#14194=CARTESIAN_POINT('',(-0.0244754856451526,0.00773902238828173,0.02));
#14195=CARTESIAN_POINT('',(-0.0244654727806688,0.00772749691987235,0.02));
#14196=CARTESIAN_POINT('',(-0.0267257240425414,0.00903183581583115,0.02));
#14197=CARTESIAN_POINT('',(-0.0267257240425414,0.00903183581583115,0.00500000000000002));
#14198=CARTESIAN_POINT('',(-0.0267433248808596,0.00844823012541761,0.02));
#14199=CARTESIAN_POINT('',(-0.0267433248808596,0.00844823012541761,0.00500000000000002));
#14200=CARTESIAN_POINT('',(-0.0268155832872089,0.00777846785134929,0.02));
#14201=CARTESIAN_POINT('',(-0.0268155832872089,0.00777846785134929,0.00500000000000002));
#14202=CARTESIAN_POINT('',(-0.0269549282899235,0.00706044932657432,0.02));
#14203=CARTESIAN_POINT('',(-0.0269549282899235,0.00706044932657432,0.00500000000000002));
#14204=CARTESIAN_POINT('',(-0.0267228745452777,0.00946430590070777,0.005));
#14205=CARTESIAN_POINT('',(-0.026722621737704,0.00945063726302294,0.005));
#14206=CARTESIAN_POINT('',(-0.0267215130613339,0.00938118859132428,0.005));
#14207=CARTESIAN_POINT('',(-0.0267210646987645,0.00925043801986988,0.005));
#14208=CARTESIAN_POINT('',(-0.0267241338339358,0.00906524110985878,0.005));
#14209=CARTESIAN_POINT('',(-0.0267314077268105,0.00886643150261911,0.005));
#14210=CARTESIAN_POINT('',(-0.0267434316888605,0.00865410893017006,0.005));
#14211=CARTESIAN_POINT('',(-0.0267607495329382,0.00842838883872098,0.005));
#14212=CARTESIAN_POINT('',(-0.0267838986583787,0.00818940552711422,0.005));
#14213=CARTESIAN_POINT('',(-0.0268134270749148,0.00793729960970323,0.005));
#14214=CARTESIAN_POINT('',(-0.0268498250695916,0.00767226643088794,0.005));
#14215=CARTESIAN_POINT('',(-0.0268937882848126,0.00739436777352069,0.005));
#14216=CARTESIAN_POINT('',(-0.0269302795932475,0.00718844039263575,0.005));
#14217=CARTESIAN_POINT('',(-0.0269520196291205,0.0070754371072493,0.005));
#14218=CARTESIAN_POINT('',(-0.0269549282899235,0.00706044932657432,0.005));
#14219=CARTESIAN_POINT('',(-0.0267257240419022,0.00903183583702598,0.005));
#14220=CARTESIAN_POINT('',(-0.0267228745452777,0.00946430590070777,0.02));
#14221=CARTESIAN_POINT('',(-0.026722621737704,0.00945063726302294,0.02));
#14222=CARTESIAN_POINT('',(-0.0267215130613339,0.00938118859132428,0.02));
#14223=CARTESIAN_POINT('',(-0.0267210646987645,0.00925043801986988,0.02));
#14224=CARTESIAN_POINT('',(-0.0267241338339358,0.00906524110985878,0.02));
#14225=CARTESIAN_POINT('',(-0.0267314077268105,0.00886643150261911,0.02));
#14226=CARTESIAN_POINT('',(-0.0267434316888605,0.00865410893017006,0.02));
#14227=CARTESIAN_POINT('',(-0.0267607495329382,0.00842838883872098,0.02));
#14228=CARTESIAN_POINT('',(-0.0267838986583787,0.00818940552711422,0.02));
#14229=CARTESIAN_POINT('',(-0.0268134270749148,0.00793729960970323,0.02));
#14230=CARTESIAN_POINT('',(-0.0268498250695916,0.00767226643088794,0.02));
#14231=CARTESIAN_POINT('',(-0.0268937882848126,0.00739436777352069,0.02));
#14232=CARTESIAN_POINT('',(-0.0269302795932475,0.00718844039263575,0.02));
#14233=CARTESIAN_POINT('',(-0.0269520196291205,0.0070754371072493,0.02));
#14234=CARTESIAN_POINT('',(-0.0269549282899235,0.00706044932657432,0.02));
#14235=CARTESIAN_POINT('',(-0.0267257240419022,0.00903183583702598,0.02));
#14236=CARTESIAN_POINT('',(-0.0267257240419022,0.00903183583702621,0.02));
#14237=CARTESIAN_POINT('',(-0.0261443665645584,0.00901430280335046,0.01));
#14238=CARTESIAN_POINT('',(-0.0261443665645584,0.00901430280335046,0.005));
#14239=CARTESIAN_POINT('',(-0.0261443665645584,0.00901430280335046,0.02));
#14240=CARTESIAN_POINT('',(-0.0226984170990641,0.0103016408175533,0.02));
#14241=CARTESIAN_POINT('',(-0.0226984170990641,0.0103016408175533,0.005));
#14242=CARTESIAN_POINT('',(-0.0223492568642328,0.00983367444931177,0.02));
#14243=CARTESIAN_POINT('',(-0.0223492568642328,0.00983367444931177,0.00500000000000004));
#14244=CARTESIAN_POINT('',(-0.0219059063845908,0.00932648303253108,0.02));
#14245=CARTESIAN_POINT('',(-0.0219059063845908,0.00932648303253108,0.005));
#14246=CARTESIAN_POINT('',(-0.0213799231340828,0.008818241700205,0.02));
#14247=CARTESIAN_POINT('',(-0.0213799231340828,0.008818241700205,0.005));
#14248=CARTESIAN_POINT('',(-0.0229488059206849,0.0106542651671881,0.005));
#14249=CARTESIAN_POINT('',(-0.0229411730000326,0.0106429234702187,0.005));
#14250=CARTESIAN_POINT('',(-0.0229022470529254,0.0105853985381821,0.005));
#14251=CARTESIAN_POINT('',(-0.0228276188832152,0.0104780367700785,0.005));
#14252=CARTESIAN_POINT('',(-0.022718880211198,0.0103280927262612,0.005));
#14253=CARTESIAN_POINT('',(-0.0225988892809468,0.01016940956362,0.005));
#14254=CARTESIAN_POINT('',(-0.0224672566033908,0.0100023817556531,0.005));
#14255=CARTESIAN_POINT('',(-0.0223236029303457,0.0098274157885969,0.005));
#14256=CARTESIAN_POINT('',(-0.0221675650806989,0.00964492991321806,0.005));
#14257=CARTESIAN_POINT('',(-0.0219987748042371,0.00945535363952139,0.005));
#14258=CARTESIAN_POINT('',(-0.02181694252627,0.00925912820136743,0.005));
#14259=CARTESIAN_POINT('',(-0.0216215338470887,0.00905670321239685,0.005));
#14260=CARTESIAN_POINT('',(-0.0214735268239104,0.0089089479320198,0.005));
#14261=CARTESIAN_POINT('',(-0.0213909024073541,0.00882885063208632,0.005));
#14262=CARTESIAN_POINT('',(-0.0213799231340828,0.008818241700205,0.005));
#14263=CARTESIAN_POINT('',(-0.0226984171117445,0.0103016408345484,0.005));
#14264=CARTESIAN_POINT('',(-0.0226984171117448,0.0103016408345488,0.));
#14265=CARTESIAN_POINT('',(-0.0226984171117447,0.0103016408345486,0.02));
#14266=CARTESIAN_POINT('',(-0.0229488059206849,0.0106542651671881,0.02));
#14267=CARTESIAN_POINT('',(-0.0229411730000326,0.0106429234702187,0.02));
#14268=CARTESIAN_POINT('',(-0.0229022470529254,0.0105853985381821,0.02));
#14269=CARTESIAN_POINT('',(-0.0228276188832152,0.0104780367700785,0.02));
#14270=CARTESIAN_POINT('',(-0.022718880211198,0.0103280927262612,0.02));
#14271=CARTESIAN_POINT('',(-0.0225988892809468,0.01016940956362,0.02));
#14272=CARTESIAN_POINT('',(-0.0224672566033908,0.0100023817556531,0.02));
#14273=CARTESIAN_POINT('',(-0.0223236029303457,0.0098274157885969,0.02));
#14274=CARTESIAN_POINT('',(-0.0221675650806989,0.00964492991321806,0.02));
#14275=CARTESIAN_POINT('',(-0.0219987748042371,0.00945535363952139,0.02));
#14276=CARTESIAN_POINT('',(-0.02181694252627,0.00925912820136743,0.02));
#14277=CARTESIAN_POINT('',(-0.0216215338470887,0.00905670321239685,0.02));
#14278=CARTESIAN_POINT('',(-0.0214735268239104,0.0089089479320198,0.02));
#14279=CARTESIAN_POINT('',(-0.0213909024073541,0.00882885063208632,0.02));
#14280=CARTESIAN_POINT('',(-0.0213799231340828,0.008818241700205,0.02));
#14281=CARTESIAN_POINT('',(-0.0237452540827875,0.00992062331534916,0.02));
#14282=CARTESIAN_POINT('',(-0.0237452540827875,0.00992062331534916,0.00500000000000002));
#14283=CARTESIAN_POINT('',(-0.0237119233571823,0.00933770440664641,0.02));
#14284=CARTESIAN_POINT('',(-0.0237119233571823,0.00933770440664641,0.00500000000000002));
#14285=CARTESIAN_POINT('',(-0.0237255331700207,0.00866419304516234,0.02));
#14286=CARTESIAN_POINT('',(-0.0237255331700207,0.00866419304516234,0.00500000000000002));
#14287=CARTESIAN_POINT('',(-0.0238017684850958,0.00793676208044029,0.02));
#14288=CARTESIAN_POINT('',(-0.0238017684850958,0.00793676208044029,0.00500000000000002));
#14289=CARTESIAN_POINT('',(-0.0237801076801847,0.010351696071037,0.005));
#14290=CARTESIAN_POINT('',(-0.0237786645343504,0.0103381014802771,0.005));
#14291=CARTESIAN_POINT('',(-0.0237715072262638,0.0102690137092539,0.005));
#14292=CARTESIAN_POINT('',(-0.0237596649066796,0.0101387997605713,0.005));
#14293=CARTESIAN_POINT('',(-0.0237465813886183,0.00995404008795983,0.005));
#14294=CARTESIAN_POINT('',(-0.0237365002031503,0.0097553530497618,0.005));
#14295=CARTESIAN_POINT('',(-0.0237299732788907,0.00954279047145962,0.005));
#14296=CARTESIAN_POINT('',(-0.02372755242112,0.00931641996354188,0.005));
#14297=CARTESIAN_POINT('',(-0.0237297846891219,0.00907632847636509,0.005));
#14298=CARTESIAN_POINT('',(-0.0237372282626352,0.00882260832700734,0.005));
#14299=CARTESIAN_POINT('',(-0.0237503885884009,0.00855541138519256,0.005));
#14300=CARTESIAN_POINT('',(-0.0237699640464237,0.00827473856944034,0.005));
#14301=CARTESIAN_POINT('',(-0.0237883687405799,0.00806641437732036,0.005));
#14302=CARTESIAN_POINT('',(-0.0238001771637822,0.00795194633457755,0.005));
#14303=CARTESIAN_POINT('',(-0.0238017684850958,0.00793676208044029,0.005));
#14304=CARTESIAN_POINT('',(-0.023745254083998,0.00992062333651904,0.005));
#14305=CARTESIAN_POINT('',(-0.0237801076801847,0.010351696071037,0.02));
#14306=CARTESIAN_POINT('',(-0.0237786645343504,0.0103381014802771,0.02));
#14307=CARTESIAN_POINT('',(-0.0237715072262638,0.0102690137092539,0.02));
#14308=CARTESIAN_POINT('',(-0.0237596649066796,0.0101387997605713,0.02));
#14309=CARTESIAN_POINT('',(-0.0237465813886183,0.00995404008795983,0.02));
#14310=CARTESIAN_POINT('',(-0.0237365002031503,0.0097553530497618,0.02));
#14311=CARTESIAN_POINT('',(-0.0237299732788907,0.00954279047145962,0.02));
#14312=CARTESIAN_POINT('',(-0.02372755242112,0.00931641996354188,0.02));
#14313=CARTESIAN_POINT('',(-0.0237297846891219,0.00907632847636509,0.02));
#14314=CARTESIAN_POINT('',(-0.0237372282626352,0.00882260832700734,0.02));
#14315=CARTESIAN_POINT('',(-0.0237503885884009,0.00855541138519256,0.02));
#14316=CARTESIAN_POINT('',(-0.0237699640464237,0.00827473856944034,0.02));
#14317=CARTESIAN_POINT('',(-0.0237883687405799,0.00806641437732036,0.02));
#14318=CARTESIAN_POINT('',(-0.0238001771637822,0.00795194633457755,0.02));
#14319=CARTESIAN_POINT('',(-0.0238017684850958,0.00793676208044029,0.02));
#14320=CARTESIAN_POINT('',(-0.023745254083998,0.00992062333651905,0.02));
#14321=CARTESIAN_POINT('',(-0.023745254083998,0.00992062333651927,0.02));
#14322=CARTESIAN_POINT('',(-0.0231645807427995,0.00995382566406983,0.01));
#14323=CARTESIAN_POINT('',(-0.0231645807427995,0.00995382566406983,0.005));
#14324=CARTESIAN_POINT('',(-0.0231645807427995,0.00995382566406983,0.02));
#14325=CARTESIAN_POINT('',(-0.0198439430561771,0.0115365992536067,0.02));
#14326=CARTESIAN_POINT('',(-0.0198439430561771,0.0115365992536067,0.00500000000000001));
#14327=CARTESIAN_POINT('',(-0.0194553255250488,0.0111008449582839,0.02));
#14328=CARTESIAN_POINT('',(-0.0194553255250488,0.0111008449582839,0.00500000000000001));
#14329=CARTESIAN_POINT('',(-0.018969457483188,0.0106342240983209,0.02));
#14330=CARTESIAN_POINT('',(-0.018969457483188,0.0106342240983209,0.00500000000000001));
#14331=CARTESIAN_POINT('',(-0.0184011796069331,0.0101737592385766,0.02));
#14332=CARTESIAN_POINT('',(-0.0184011796069331,0.0101737592385766,0.00500000000000001));
#14333=CARTESIAN_POINT('',(-0.0201241123098405,0.0118660589374068,0.005));
#14334=CARTESIAN_POINT('',(-0.0201155199407324,0.0118554256518873,0.005));
#14335=CARTESIAN_POINT('',(-0.0200717284904278,0.0118015122394167,0.005));
#14336=CARTESIAN_POINT('',(-0.0199880271087924,0.0117010632888151,0.005));
#14337=CARTESIAN_POINT('',(-0.0198666337357419,0.0115611670270789,0.005));
#14338=CARTESIAN_POINT('',(-0.019733269258305,0.0114135456004284,0.005));
#14339=CARTESIAN_POINT('',(-0.0195875800501653,0.0112586259274801,0.005));
#14340=CARTESIAN_POINT('',(-0.019429223733902,0.0110968460013249,0.005));
#14341=CARTESIAN_POINT('',(-0.0192578749633725,0.0109286541344786,0.005));
#14342=CARTESIAN_POINT('',(-0.0190732043239305,0.0107545102976516,0.005));
#14343=CARTESIAN_POINT('',(-0.0188749617988694,0.0105748792837736,0.005));
#14344=CARTESIAN_POINT('',(-0.0186626542084436,0.0103902555715732,0.005));
#14345=CARTESIAN_POINT('',(-0.0185023326754667,0.0102559622066835,0.005));
#14346=CARTESIAN_POINT('',(-0.0184130417300927,0.0101833708935524,0.005));
#14347=CARTESIAN_POINT('',(-0.0184011796069331,0.0101737592385766,0.005));
#14348=CARTESIAN_POINT('',(-0.0198439430702905,0.011536599269432,0.005));
#14349=CARTESIAN_POINT('',(-0.0198439430702908,0.0115365992694323,0.));
#14350=CARTESIAN_POINT('',(-0.0198439430702907,0.0115365992694321,0.02));
#14351=CARTESIAN_POINT('',(-0.0201241123098405,0.0118660589374068,0.02));
#14352=CARTESIAN_POINT('',(-0.0201155199407324,0.0118554256518873,0.02));
#14353=CARTESIAN_POINT('',(-0.0200717284904278,0.0118015122394167,0.02));
#14354=CARTESIAN_POINT('',(-0.0199880271087924,0.0117010632888151,0.02));
#14355=CARTESIAN_POINT('',(-0.0198666337357419,0.0115611670270789,0.02));
#14356=CARTESIAN_POINT('',(-0.019733269258305,0.0114135456004284,0.02));
#14357=CARTESIAN_POINT('',(-0.0195875800501653,0.0112586259274801,0.02));
#14358=CARTESIAN_POINT('',(-0.019429223733902,0.0110968460013249,0.02));
#14359=CARTESIAN_POINT('',(-0.0192578749633725,0.0109286541344786,0.02));
#14360=CARTESIAN_POINT('',(-0.0190732043239305,0.0107545102976516,0.02));
#14361=CARTESIAN_POINT('',(-0.0188749617988694,0.0105748792837736,0.02));
#14362=CARTESIAN_POINT('',(-0.0186626542084436,0.0103902555715732,0.02));
#14363=CARTESIAN_POINT('',(-0.0185023326754667,0.0102559622066835,0.02));
#14364=CARTESIAN_POINT('',(-0.0184130417300927,0.0101833708935524,0.02));
#14365=CARTESIAN_POINT('',(-0.0184011796069331,0.0101737592385766,0.02));
#14366=CARTESIAN_POINT('',(-0.0208535886457242,0.0110657937831786,0.02));
#14367=CARTESIAN_POINT('',(-0.0208535886457242,0.0110657937831786,0.005));
#14368=CARTESIAN_POINT('',(-0.0207695800231432,0.010487998021058,0.02));
#14369=CARTESIAN_POINT('',(-0.0207695800231432,0.010487998021058,0.005));
#14370=CARTESIAN_POINT('',(-0.020724437663574,0.0098158634002963,0.02));
#14371=CARTESIAN_POINT('',(-0.020724437663574,0.0098158634002963,0.005));
#14372=CARTESIAN_POINT('',(-0.0207369830942329,0.00908455618450355,0.02));
#14373=CARTESIAN_POINT('',(-0.0207369830942329,0.00908455618450355,0.005));
#14374=CARTESIAN_POINT('',(-0.0209258800808611,0.0114921884857181,0.005));
#14375=CARTESIAN_POINT('',(-0.0209232575799773,0.0114787714049274,0.005));
#14376=CARTESIAN_POINT('',(-0.0209101061116105,0.0114105703342335,0.005));
#14377=CARTESIAN_POINT('',(-0.020886959962214,0.0112818840150975,0.005));
#14378=CARTESIAN_POINT('',(-0.0208578233643928,0.0110989677125552,0.005));
#14379=CARTESIAN_POINT('',(-0.0208304638244905,0.01090191537173,0.005));
#14380=CARTESIAN_POINT('',(-0.020805435687756,0.0106907305171443,0.005));
#14381=CARTESIAN_POINT('',(-0.0207832945523263,0.0104654324090094,0.005));
#14382=CARTESIAN_POINT('',(-0.0207645929739822,0.0102260599874513,0.005));
#14383=CARTESIAN_POINT('',(-0.0207498950543837,0.00997265656968377,0.005));
#14384=CARTESIAN_POINT('',(-0.0207397175532129,0.00970532939493465,0.005));
#14385=CARTESIAN_POINT('',(-0.0207347562729819,0.0094240185104002,0.005));
#14386=CARTESIAN_POINT('',(-0.0207349342820238,0.0092148829799368,0.005));
#14387=CARTESIAN_POINT('',(-0.0207367212233247,0.0090998213507606,0.005));
#14388=CARTESIAN_POINT('',(-0.0207369830942329,0.00908455618450355,0.005));
#14389=CARTESIAN_POINT('',(-0.0208535886487752,0.0110657938041624,0.005));
#14390=CARTESIAN_POINT('',(-0.0209258800808611,0.0114921884857181,0.02));
#14391=CARTESIAN_POINT('',(-0.0209232575799773,0.0114787714049274,0.02));
#14392=CARTESIAN_POINT('',(-0.0209101061116105,0.0114105703342335,0.02));
#14393=CARTESIAN_POINT('',(-0.020886959962214,0.0112818840150975,0.02));
#14394=CARTESIAN_POINT('',(-0.0208578233643928,0.0110989677125552,0.02));
#14395=CARTESIAN_POINT('',(-0.0208304638244905,0.01090191537173,0.02));
#14396=CARTESIAN_POINT('',(-0.020805435687756,0.0106907305171443,0.02));
#14397=CARTESIAN_POINT('',(-0.0207832945523263,0.0104654324090094,0.02));
#14398=CARTESIAN_POINT('',(-0.0207645929739822,0.0102260599874513,0.02));
#14399=CARTESIAN_POINT('',(-0.0207498950543837,0.00997265656968377,0.02));
#14400=CARTESIAN_POINT('',(-0.0207397175532129,0.00970532939493465,0.02));
#14401=CARTESIAN_POINT('',(-0.0207347562729819,0.0094240185104002,0.02));
#14402=CARTESIAN_POINT('',(-0.0207349342820238,0.0092148829799368,0.02));
#14403=CARTESIAN_POINT('',(-0.0207367212233247,0.0090998213507606,0.02));
#14404=CARTESIAN_POINT('',(-0.0207369830942329,0.00908455618450355,0.02));
#14405=CARTESIAN_POINT('',(-0.0208535886487752,0.0110657938041625,0.02));
#14406=CARTESIAN_POINT('',(-0.0208535886487752,0.0110657938041627,0.02));
#14407=CARTESIAN_POINT('',(-0.0202780187184687,0.0111494788031788,0.01));
#14408=CARTESIAN_POINT('',(-0.0202780187184687,0.0111494788031788,0.005));
#14409=CARTESIAN_POINT('',(-0.0202780187184687,0.0111494788031788,0.02));
#14410=CARTESIAN_POINT('',(-0.0171079648685693,0.0130156421053285,0.02));
#14411=CARTESIAN_POINT('',(-0.0171079648685693,0.0130156421053285,0.005));
#14412=CARTESIAN_POINT('',(-0.0166828476552094,0.0126154162362274,0.02));
#14413=CARTESIAN_POINT('',(-0.0166828476552094,0.0126154162362274,0.005));
#14414=CARTESIAN_POINT('',(-0.0161581598003037,0.012192917199579,0.02));
#14415=CARTESIAN_POINT('',(-0.0161581598003037,0.012192917199579,0.005));
#14416=CARTESIAN_POINT('',(-0.0155519122360757,0.0117837332280362,0.02));
#14417=CARTESIAN_POINT('',(-0.0155519122360757,0.0117837332280362,0.005));
#14418=CARTESIAN_POINT('',(-0.0174157822970841,0.0133194297361671,0.005));
#14419=CARTESIAN_POINT('',(-0.0174062958726373,0.0133095857878208,0.005));
#14420=CARTESIAN_POINT('',(-0.0173579721985142,0.0132596942085389,0.005));
#14421=CARTESIAN_POINT('',(-0.0172658346230081,0.0131669225526061,0.005));
#14422=CARTESIAN_POINT('',(-0.0171327104257924,0.0130381387679745,0.005));
#14423=CARTESIAN_POINT('',(-0.0169869873853709,0.0129027025655077,0.005));
#14424=CARTESIAN_POINT('',(-0.0168283504294908,0.0127610700598323,0.005));
#14425=CARTESIAN_POINT('',(-0.0166564966571943,0.0126137074175015,0.005));
#14426=CARTESIAN_POINT('',(-0.0164711410333893,0.0124610896008514,0.005));
#14427=CARTESIAN_POINT('',(-0.0162719954860403,0.0123037035406433,0.005));
#14428=CARTESIAN_POINT('',(-0.0160588514592031,0.012142034051521,0.005));
#14429=CARTESIAN_POINT('',(-0.0158312607464905,0.0119766167140195,0.005));
#14430=CARTESIAN_POINT('',(-0.015659844847386,0.0118568073182125,0.005));
#14431=CARTESIAN_POINT('',(-0.0155645669312039,0.0117922744556085,0.005));
#14432=CARTESIAN_POINT('',(-0.0155519122360757,0.0117837332280362,0.005));
#14433=CARTESIAN_POINT('',(-0.0171079648840082,0.0130156421198635,0.005));
#14434=CARTESIAN_POINT('',(-0.0171079648840086,0.0130156421198638,0.));
#14435=CARTESIAN_POINT('',(-0.0171079648840084,0.0130156421198636,0.02));
#14436=CARTESIAN_POINT('',(-0.0174157822970841,0.0133194297361671,0.02));
#14437=CARTESIAN_POINT('',(-0.0174062958726373,0.0133095857878208,0.02));
#14438=CARTESIAN_POINT('',(-0.0173579721985142,0.0132596942085389,0.02));
#14439=CARTESIAN_POINT('',(-0.0172658346230081,0.0131669225526061,0.02));
#14440=CARTESIAN_POINT('',(-0.0171327104257924,0.0130381387679745,0.02));
#14441=CARTESIAN_POINT('',(-0.0169869873853709,0.0129027025655077,0.02));
#14442=CARTESIAN_POINT('',(-0.0168283504294908,0.0127610700598323,0.02));
#14443=CARTESIAN_POINT('',(-0.0166564966571943,0.0126137074175015,0.02));
#14444=CARTESIAN_POINT('',(-0.0164711410333893,0.0124610896008514,0.02));
#14445=CARTESIAN_POINT('',(-0.0162719954860403,0.0123037035406433,0.02));
#14446=CARTESIAN_POINT('',(-0.0160588514592031,0.012142034051521,0.02));
#14447=CARTESIAN_POINT('',(-0.0158312607464905,0.0119766167140195,0.02));
#14448=CARTESIAN_POINT('',(-0.015659844847386,0.0118568073182125,0.02));
#14449=CARTESIAN_POINT('',(-0.0155645669312039,0.0117922744556085,0.02));
#14450=CARTESIAN_POINT('',(-0.0155519122360757,0.0117837332280362,0.02));
#14451=CARTESIAN_POINT('',(-0.018072735051363,0.0124586317805866,0.02));
#14452=CARTESIAN_POINT('',(-0.018072735051363,0.0124586317805866,0.005));
#14453=CARTESIAN_POINT('',(-0.0179386878881497,0.0118903565396804,0.02));
#14454=CARTESIAN_POINT('',(-0.0179386878881497,0.0118903565396804,0.005));
#14455=CARTESIAN_POINT('',(-0.0178351369167878,0.0112247140099508,0.02));
#14456=CARTESIAN_POINT('',(-0.0178351369167878,0.0112247140099508,0.005));
#14457=CARTESIAN_POINT('',(-0.0177838969847272,0.0104950962325752,0.02));
#14458=CARTESIAN_POINT('',(-0.0177838969847272,0.0104950962325752,0.005));
#14459=CARTESIAN_POINT('',(-0.0181819141427673,0.0128771033088271,0.005));
#14460=CARTESIAN_POINT('',(-0.0181781322456493,0.012863965850092,0.005));
#14461=CARTESIAN_POINT('',(-0.0181590867076178,0.0127971705310562,0.005));
#14462=CARTESIAN_POINT('',(-0.0181248128845819,0.0126709912220585,0.005));
#14463=CARTESIAN_POINT('',(-0.0180798449541032,0.0124913103930955,0.005));
#14464=CARTESIAN_POINT('',(-0.0180354152823856,0.0122973924369403,0.005));
#14465=CARTESIAN_POINT('',(-0.0179920764124091,0.0120891925503315,0.005));
#14466=CARTESIAN_POINT('',(-0.0179503835067301,0.011866681496621,0.005));
#14467=CARTESIAN_POINT('',(-0.0179108904123436,0.0116298499093465,0.005));
#14468=CARTESIAN_POINT('',(-0.0178741628596762,0.0113786917761877,0.005));
#14469=CARTESIAN_POINT('',(-0.0178407249884982,0.0111132688897206,0.005));
#14470=CARTESIAN_POINT('',(-0.0178112647283518,0.0108334608820954,0.005));
#14471=CARTESIAN_POINT('',(-0.0177932146975231,0.0106251056609549,0.005));
#14472=CARTESIAN_POINT('',(-0.0177849665572201,0.0105103261338195,0.005));
#14473=CARTESIAN_POINT('',(-0.0177838969847272,0.0104950962325752,0.005));
#14474=CARTESIAN_POINT('',(-0.0180727350562313,0.0124586318012247,0.005));
#14475=CARTESIAN_POINT('',(-0.0181819141427673,0.0128771033088271,0.02));
#14476=CARTESIAN_POINT('',(-0.0181781322456493,0.012863965850092,0.02));
#14477=CARTESIAN_POINT('',(-0.0181590867076178,0.0127971705310562,0.02));
#14478=CARTESIAN_POINT('',(-0.0181248128845819,0.0126709912220585,0.02));
#14479=CARTESIAN_POINT('',(-0.0180798449541032,0.0124913103930955,0.02));
#14480=CARTESIAN_POINT('',(-0.0180354152823856,0.0122973924369403,0.02));
#14481=CARTESIAN_POINT('',(-0.0179920764124091,0.0120891925503315,0.02));
#14482=CARTESIAN_POINT('',(-0.0179503835067301,0.011866681496621,0.02));
#14483=CARTESIAN_POINT('',(-0.0179108904123436,0.0116298499093465,0.02));
#14484=CARTESIAN_POINT('',(-0.0178741628596762,0.0113786917761877,0.02));
#14485=CARTESIAN_POINT('',(-0.0178407249884982,0.0111132688897206,0.02));
#14486=CARTESIAN_POINT('',(-0.0178112647283518,0.0108334608820954,0.02));
#14487=CARTESIAN_POINT('',(-0.0177932146975231,0.0106251056609549,0.02));
#14488=CARTESIAN_POINT('',(-0.0177849665572201,0.0105103261338195,0.02));
#14489=CARTESIAN_POINT('',(-0.0177838969847272,0.0104950962325752,0.02));
#14490=CARTESIAN_POINT('',(-0.0180727350562313,0.0124586318012247,0.02));
#14491=CARTESIAN_POINT('',(-0.0180727350562313,0.0124586318012249,0.02));
#14492=CARTESIAN_POINT('',(-0.017506648971525,0.0125921625783336,0.01));
#14493=CARTESIAN_POINT('',(-0.017506648971525,0.0125921625783336,0.005));
#14494=CARTESIAN_POINT('',(-0.017506648971525,0.0125921625783336,0.02));
#14495=CARTESIAN_POINT('',(-0.00981377801391606,0.0187959524079784,0.02));
#14496=CARTESIAN_POINT('',(-0.00981377801391606,0.0187959524079784,0.005));
#14497=CARTESIAN_POINT('',(-0.00929956024106565,0.0185193923358832,0.02));
#14498=CARTESIAN_POINT('',(-0.00929956024106565,0.0185193923358832,0.00500000000000003));
#14499=CARTESIAN_POINT('',(-0.00868339989405073,0.0182470888143847,0.02));
#14500=CARTESIAN_POINT('',(-0.00868339989405073,0.0182470888143847,0.005));
#14501=CARTESIAN_POINT('',(-0.00799190510985112,0.0180087558642382,0.02));
#14502=CARTESIAN_POINT('',(-0.00799190510985112,0.0180087558642382,0.005));
#14503=CARTESIAN_POINT('',(-0.0101897328424278,0.0190097197133984,0.005));
#14504=CARTESIAN_POINT('',(-0.0101780218587445,0.0190026664567749,0.005));
#14505=CARTESIAN_POINT('',(-0.0101184318829794,0.0189669819790244,0.005));
#14506=CARTESIAN_POINT('',(-0.0100054227478253,0.0189012183999219,0.005));
#14507=CARTESIAN_POINT('',(-0.00984350295146768,0.0188112778939424,0.005));
#14508=CARTESIAN_POINT('',(-0.00966769183464435,0.0187181724663365,0.005));
#14509=CARTESIAN_POINT('',(-0.00947780311208159,0.0186224242367014,0.005));
#14510=CARTESIAN_POINT('',(-0.00927366485670329,0.018524561883887,0.005));
#14511=CARTESIAN_POINT('',(-0.00905512467505105,0.0184251179587905,0.005));
#14512=CARTESIAN_POINT('',(-0.00882203033786069,0.0183246373589388,0.005));
#14513=CARTESIAN_POINT('',(-0.00857430587482253,0.018223642357568,0.005));
#14514=CARTESIAN_POINT('',(-0.00831165697025443,0.0181227662900978,0.005));
#14515=CARTESIAN_POINT('',(-0.00811507297285579,0.0180514049997773,0.005));
#14516=CARTESIAN_POINT('',(-0.00800633923906349,0.0180137307804294,0.005));
#14517=CARTESIAN_POINT('',(-0.00799190510985112,0.0180087558642382,0.005));
#14518=CARTESIAN_POINT('',(-0.00981377803259091,0.0187959524180223,0.005));
#14519=CARTESIAN_POINT('',(-0.00981377803259111,0.0187959524180224,0.));
#14520=CARTESIAN_POINT('',(-0.0098137780325909,0.0187959524180223,0.02));
#14521=CARTESIAN_POINT('',(-0.0101897328424278,0.0190097197133984,0.02));
#14522=CARTESIAN_POINT('',(-0.0101780218587445,0.0190026664567749,0.02));
#14523=CARTESIAN_POINT('',(-0.0101184318829794,0.0189669819790244,0.02));
#14524=CARTESIAN_POINT('',(-0.0100054227478253,0.0189012183999219,0.02));
#14525=CARTESIAN_POINT('',(-0.00984350295146768,0.0188112778939424,0.02));
#14526=CARTESIAN_POINT('',(-0.00966769183464435,0.0187181724663365,0.02));
#14527=CARTESIAN_POINT('',(-0.00947780311208159,0.0186224242367014,0.02));
#14528=CARTESIAN_POINT('',(-0.00927366485670329,0.018524561883887,0.02));
#14529=CARTESIAN_POINT('',(-0.00905512467505105,0.0184251179587905,0.02));
#14530=CARTESIAN_POINT('',(-0.00882203033786069,0.0183246373589388,0.02));
#14531=CARTESIAN_POINT('',(-0.00857430587482253,0.018223642357568,0.02));
#14532=CARTESIAN_POINT('',(-0.00831165697025443,0.0181227662900978,0.02));
#14533=CARTESIAN_POINT('',(-0.00811507297285579,0.0180514049997773,0.02));
#14534=CARTESIAN_POINT('',(-0.00800633923906349,0.0180137307804294,0.02));
#14535=CARTESIAN_POINT('',(-0.00799190510985112,0.0180087558642382,0.02));
#14536=CARTESIAN_POINT('',(-0.010601509569548,0.0180082208523464,0.02));
#14537=CARTESIAN_POINT('',(-0.010601509569548,0.0180082208523464,0.005));
#14538=CARTESIAN_POINT('',(-0.0103249494974527,0.0174940030794959,0.02));
#14539=CARTESIAN_POINT('',(-0.0103249494974527,0.0174940030794959,0.005));
#14540=CARTESIAN_POINT('',(-0.0100526459759546,0.01687784273248,0.02));
#14541=CARTESIAN_POINT('',(-0.0100526459759546,0.01687784273248,0.005));
#14542=CARTESIAN_POINT('',(-0.00981431302580786,0.0161863479482815,0.02));
#14543=CARTESIAN_POINT('',(-0.00981431302580786,0.0161863479482815,0.005));
#14544=CARTESIAN_POINT('',(-0.010815276874968,0.0183841756808582,0.005));
#14545=CARTESIAN_POINT('',(-0.0108082236183445,0.0183724646971749,0.005));
#14546=CARTESIAN_POINT('',(-0.010772539140594,0.0183128747214098,0.005));
#14547=CARTESIAN_POINT('',(-0.0107067755614916,0.0181998655862557,0.005));
#14548=CARTESIAN_POINT('',(-0.010616835055512,0.018037945789898,0.005));
#14549=CARTESIAN_POINT('',(-0.0105237296279061,0.0178621346730747,0.005));
#14550=CARTESIAN_POINT('',(-0.0104279813982711,0.017672245950512,0.005));
#14551=CARTESIAN_POINT('',(-0.0103301190454566,0.0174681076951337,0.005));
#14552=CARTESIAN_POINT('',(-0.0102306751203601,0.0172495675134815,0.005));
#14553=CARTESIAN_POINT('',(-0.0101301945205084,0.0170164731762911,0.005));
#14554=CARTESIAN_POINT('',(-0.0100291995191376,0.0167687487132529,0.005));
#14555=CARTESIAN_POINT('',(-0.00992832345166739,0.0165060998086848,0.005));
#14556=CARTESIAN_POINT('',(-0.00985696216134696,0.0163095158112861,0.005));
#14557=CARTESIAN_POINT('',(-0.00981928794199897,0.0162007820774938,0.005));
#14558=CARTESIAN_POINT('',(-0.00981431302580786,0.0161863479482815,0.005));
#14559=CARTESIAN_POINT('',(-0.0106015095795918,0.0180082208710211,0.005));
#14560=CARTESIAN_POINT('',(-0.010815276874968,0.0183841756808582,0.02));
#14561=CARTESIAN_POINT('',(-0.0108082236183445,0.0183724646971749,0.02));
#14562=CARTESIAN_POINT('',(-0.010772539140594,0.0183128747214098,0.02));
#14563=CARTESIAN_POINT('',(-0.0107067755614916,0.0181998655862557,0.02));
#14564=CARTESIAN_POINT('',(-0.010616835055512,0.018037945789898,0.02));
#14565=CARTESIAN_POINT('',(-0.0105237296279061,0.0178621346730747,0.02));
#14566=CARTESIAN_POINT('',(-0.0104279813982711,0.017672245950512,0.02));
#14567=CARTESIAN_POINT('',(-0.0103301190454566,0.0174681076951337,0.02));
#14568=CARTESIAN_POINT('',(-0.0102306751203601,0.0172495675134815,0.02));
#14569=CARTESIAN_POINT('',(-0.0101301945205084,0.0170164731762911,0.02));
#14570=CARTESIAN_POINT('',(-0.0100291995191376,0.0167687487132529,0.02));
#14571=CARTESIAN_POINT('',(-0.00992832345166739,0.0165060998086848,0.02));
#14572=CARTESIAN_POINT('',(-0.00985696216134696,0.0163095158112861,0.02));
#14573=CARTESIAN_POINT('',(-0.00981928794199897,0.0162007820774938,0.02));
#14574=CARTESIAN_POINT('',(-0.00981431302580786,0.0161863479482815,0.02));
#14575=CARTESIAN_POINT('',(-0.0106015095795919,0.0180082208710213,0.02));
#14576=CARTESIAN_POINT('',(-0.010601509579592,0.0180082208710215,0.02));
#14577=CARTESIAN_POINT('',(-0.0100892727186944,0.0182837155571247,0.01));
#14578=CARTESIAN_POINT('',(-0.0100892727186944,0.0182837155571247,0.005));
#14579=CARTESIAN_POINT('',(-0.0100892727186944,0.0182837155571247,0.02));
#14580=CARTESIAN_POINT('',(-0.00774866194852048,0.0211215577134291,0.02));
#14581=CARTESIAN_POINT('',(-0.00774866194852048,0.0211215577134291,0.005));
#14582=CARTESIAN_POINT('',(-0.00721229713104454,0.0208908670678307,0.02));
#14583=CARTESIAN_POINT('',(-0.00721229713104454,0.0208908670678307,0.00499999999999996));
#14584=CARTESIAN_POINT('',(-0.00657474864450462,0.0206733016561376,0.02));
#14585=CARTESIAN_POINT('',(-0.00657474864450462,0.0206733016561376,0.005));
#14586=CARTESIAN_POINT('',(-0.00586511312143594,0.0204961433763446,0.02));
#14587=CARTESIAN_POINT('',(-0.00586511312143594,0.0204961433763446,0.005));
#14588=CARTESIAN_POINT('',(-0.00814181720368497,0.0213017449473952,0.005));
#14589=CARTESIAN_POINT('',(-0.00812953605201038,0.0212957392100239,0.005));
#14590=CARTESIAN_POINT('',(-0.00806706272693089,0.0212653841310828,0.005));
#14591=CARTESIAN_POINT('',(-0.00794875195207202,0.021209720197365,0.005));
#14592=CARTESIAN_POINT('',(-0.00777960947782269,0.0211342341822816,0.005));
#14593=CARTESIAN_POINT('',(-0.00759635270268087,0.0210568059974071,0.005));
#14594=CARTESIAN_POINT('',(-0.00739884155596582,0.0209779720113473,0.005));
#14595=CARTESIAN_POINT('',(-0.00718695084223368,0.0208982738756015,0.005));
#14596=CARTESIAN_POINT('',(-0.00696057516279819,0.020818255396515,0.005));
#14597=CARTESIAN_POINT('',(-0.00671961035862213,0.0207384726657698,0.005));
#14598=CARTESIAN_POINT('',(-0.00646402626759762,0.0206594525904433,0.005));
#14599=CARTESIAN_POINT('',(-0.00619358489282144,0.0205818517472246,0.005));
#14600=CARTESIAN_POINT('',(-0.00599152941062193,0.0205278954324639,0.005));
#14601=CARTESIAN_POINT('',(-0.00587992591694461,0.0204998413442252,0.005));
#14602=CARTESIAN_POINT('',(-0.00586511312143594,0.0204961433763446,0.005));
#14603=CARTESIAN_POINT('',(-0.00774866196799967,0.0211215577218071,0.005));
#14604=CARTESIAN_POINT('',(-0.00774866196799988,0.0211215577218072,0.));
#14605=CARTESIAN_POINT('',(-0.00774866196799967,0.0211215577218071,0.02));
#14606=CARTESIAN_POINT('',(-0.00814181720368497,0.0213017449473952,0.02));
#14607=CARTESIAN_POINT('',(-0.00812953605201038,0.0212957392100239,0.02));
#14608=CARTESIAN_POINT('',(-0.00806706272693089,0.0212653841310828,0.02));
#14609=CARTESIAN_POINT('',(-0.00794875195207202,0.021209720197365,0.02));
#14610=CARTESIAN_POINT('',(-0.00777960947782269,0.0211342341822816,0.02));
#14611=CARTESIAN_POINT('',(-0.00759635270268087,0.0210568059974071,0.02));
#14612=CARTESIAN_POINT('',(-0.00739884155596582,0.0209779720113473,0.02));
#14613=CARTESIAN_POINT('',(-0.00718695084223368,0.0208982738756015,0.02));
#14614=CARTESIAN_POINT('',(-0.00696057516279819,0.020818255396515,0.02));
#14615=CARTESIAN_POINT('',(-0.00671961035862213,0.0207384726657698,0.02));
#14616=CARTESIAN_POINT('',(-0.00646402626759762,0.0206594525904433,0.02));
#14617=CARTESIAN_POINT('',(-0.00619358489282144,0.0205818517472246,0.02));
#14618=CARTESIAN_POINT('',(-0.00599152941062193,0.0205278954324639,0.02));
#14619=CARTESIAN_POINT('',(-0.00587992591694461,0.0204998413442252,0.02));
#14620=CARTESIAN_POINT('',(-0.00586511312143594,0.0204961433763446,0.02));
#14621=CARTESIAN_POINT('',(-0.00846474061894377,0.020268168385372,0.02));
#14622=CARTESIAN_POINT('',(-0.00846474061894377,0.020268168385372,0.005));
#14623=CARTESIAN_POINT('',(-0.00814441590949173,0.0197800111648917,0.02));
#14624=CARTESIAN_POINT('',(-0.00814441590949173,0.0197800111648917,0.00500000000000003));
#14625=CARTESIAN_POINT('',(-0.00781944667240758,0.0191899283096906,0.02));
#14626=CARTESIAN_POINT('',(-0.00781944667240758,0.0191899283096906,0.005));
#14627=CARTESIAN_POINT('',(-0.00752175290956805,0.0185218369572036,0.02));
#14628=CARTESIAN_POINT('',(-0.00752175290956805,0.0185218369572036,0.005));
#14629=CARTESIAN_POINT('',(-0.00871046109754699,0.0206240615439784,0.005));
#14630=CARTESIAN_POINT('',(-0.00870241400121314,0.0206130098559434,0.005));
#14631=CARTESIAN_POINT('',(-0.00866167170507587,0.0205567567451898,0.005));
#14632=CARTESIAN_POINT('',(-0.00858630898113484,0.0204499093174957,0.005));
#14633=CARTESIAN_POINT('',(-0.00848259848581722,0.0202964445064499,0.005));
#14634=CARTESIAN_POINT('',(-0.00837452440400262,0.0201294170767017,0.005));
#14635=CARTESIAN_POINT('',(-0.00826259063263414,0.0199485959461279,0.005));
#14636=CARTESIAN_POINT('',(-0.00814730885434689,0.019753763764489,0.005));
#14637=CARTESIAN_POINT('',(-0.00802919631155618,0.0195447223033605,0.005));
#14638=CARTESIAN_POINT('',(-0.00790878256063479,0.0193212724218081,0.005));
#14639=CARTESIAN_POINT('',(-0.00778658126616257,0.0190832929195001,0.005));
#14640=CARTESIAN_POINT('',(-0.00766319770222488,0.0188304354018956,0.005));
#14641=CARTESIAN_POINT('',(-0.0075749745388531,0.0186408190122186,0.005));
#14642=CARTESIAN_POINT('',(-0.0075279669119535,0.0185357825676808,0.005));
#14643=CARTESIAN_POINT('',(-0.00752175290956805,0.0185218369572036,0.005));
#14644=CARTESIAN_POINT('',(-0.0084647406305769,0.0202681684031002,0.005));
#14645=CARTESIAN_POINT('',(-0.00871046109754699,0.0206240615439784,0.02));
#14646=CARTESIAN_POINT('',(-0.00870241400121314,0.0206130098559434,0.02));
#14647=CARTESIAN_POINT('',(-0.00866167170507587,0.0205567567451898,0.02));
#14648=CARTESIAN_POINT('',(-0.00858630898113484,0.0204499093174957,0.02));
#14649=CARTESIAN_POINT('',(-0.00848259848581722,0.0202964445064499,0.02));
#14650=CARTESIAN_POINT('',(-0.00837452440400262,0.0201294170767017,0.02));
#14651=CARTESIAN_POINT('',(-0.00826259063263414,0.0199485959461279,0.02));
#14652=CARTESIAN_POINT('',(-0.00814730885434689,0.019753763764489,0.02));
#14653=CARTESIAN_POINT('',(-0.00802919631155618,0.0195447223033605,0.02));
#14654=CARTESIAN_POINT('',(-0.00790878256063479,0.0193212724218081,0.02));
#14655=CARTESIAN_POINT('',(-0.00778658126616257,0.0190832929195001,0.02));
#14656=CARTESIAN_POINT('',(-0.00766319770222488,0.0188304354018956,0.02));
#14657=CARTESIAN_POINT('',(-0.0075749745388531,0.0186408190122186,0.02));
#14658=CARTESIAN_POINT('',(-0.0075279669119535,0.0185357825676808,0.02));
#14659=CARTESIAN_POINT('',(-0.00752175290956805,0.0185218369572036,0.02));
#14660=CARTESIAN_POINT('',(-0.00846474063057702,0.0202681684031004,0.02));
#14661=CARTESIAN_POINT('',(-0.00846474063057714,0.0202681684031006,0.02));
#14662=CARTESIAN_POINT('',(-0.00797846392957414,0.0205872591328234,0.01));
#14663=CARTESIAN_POINT('',(-0.00797846392957414,0.0205872591328234,0.005));
#14664=CARTESIAN_POINT('',(-0.00797846392957414,0.0205872591328234,0.02));
#14665=CARTESIAN_POINT('',(-0.0145113049822771,0.0147275129635466,0.02));
#14666=CARTESIAN_POINT('',(-0.0145113049822771,0.0147275129635466,0.005));
#14667=CARTESIAN_POINT('',(-0.0140529234853721,0.0143658614811941,0.02));
#14668=CARTESIAN_POINT('',(-0.0140529234853721,0.0143658614811941,0.005));
#14669=CARTESIAN_POINT('',(-0.0134934090088133,0.0139906997406401,0.02));
#14670=CARTESIAN_POINT('',(-0.0134934090088133,0.0139906997406401,0.005));
#14671=CARTESIAN_POINT('',(-0.0128538056666375,0.0136359107943953,0.02));
#14672=CARTESIAN_POINT('',(-0.0128538056666375,0.0136359107943953,0.005));
#14673=CARTESIAN_POINT('',(-0.0148444279091471,0.0150033165341209,0.005));
#14674=CARTESIAN_POINT('',(-0.0148341196267797,0.0149943368413388,0.005));
#14675=CARTESIAN_POINT('',(-0.0147816315011768,0.0149488468002892,0.005));
#14676=CARTESIAN_POINT('',(-0.0146817589543838,0.014864458487344,0.005));
#14677=CARTESIAN_POINT('',(-0.0145379170885264,0.0147477673021798,0.005));
#14678=CARTESIAN_POINT('',(-0.0143809445254477,0.0146255470751761,0.005));
#14679=CARTESIAN_POINT('',(-0.0142105671448493,0.0144982796456617,0.005));
#14680=CARTESIAN_POINT('',(-0.0140265238274948,0.0143664558058435,0.005));
#14681=CARTESIAN_POINT('',(-0.0138285720186321,0.0142305735531275,0.005));
#14682=CARTESIAN_POINT('',(-0.0136164671812389,0.0140911430724887,0.005));
#14683=CARTESIAN_POINT('',(-0.0133900438073696,0.0139486655105532,0.005));
#14684=CARTESIAN_POINT('',(-0.0131489020751172,0.0138037134735706,0.005));
#14685=CARTESIAN_POINT('',(-0.012967696388381,0.0136992998686914,0.005));
#14686=CARTESIAN_POINT('',(-0.0128671566238632,0.0136433165906648,0.005));
#14687=CARTESIAN_POINT('',(-0.0128538056666375,0.0136359107943953,0.005));
#14688=CARTESIAN_POINT('',(-0.0145113049989242,0.0147275129766807,0.005));
#14689=CARTESIAN_POINT('',(-0.0145113049989245,0.014727512976681,0.));
#14690=CARTESIAN_POINT('',(-0.0145113049989243,0.0147275129766808,0.02));
#14691=CARTESIAN_POINT('',(-0.0148444279091471,0.0150033165341209,0.02));
#14692=CARTESIAN_POINT('',(-0.0148341196267797,0.0149943368413388,0.02));
#14693=CARTESIAN_POINT('',(-0.0147816315011768,0.0149488468002892,0.02));
#14694=CARTESIAN_POINT('',(-0.0146817589543838,0.014864458487344,0.02));
#14695=CARTESIAN_POINT('',(-0.0145379170885264,0.0147477673021798,0.02));
#14696=CARTESIAN_POINT('',(-0.0143809445254477,0.0146255470751761,0.02));
#14697=CARTESIAN_POINT('',(-0.0142105671448493,0.0144982796456617,0.02));
#14698=CARTESIAN_POINT('',(-0.0140265238274948,0.0143664558058435,0.02));
#14699=CARTESIAN_POINT('',(-0.0138285720186321,0.0142305735531275,0.02));
#14700=CARTESIAN_POINT('',(-0.0136164671812389,0.0140911430724887,0.02));
#14701=CARTESIAN_POINT('',(-0.0133900438073696,0.0139486655105532,0.02));
#14702=CARTESIAN_POINT('',(-0.0131489020751172,0.0138037134735706,0.02));
#14703=CARTESIAN_POINT('',(-0.012967696388381,0.0136992998686914,0.02));
#14704=CARTESIAN_POINT('',(-0.0128671566238632,0.0136433165906648,0.02));
#14705=CARTESIAN_POINT('',(-0.0128538056666375,0.0136359107943953,0.02));
#14706=CARTESIAN_POINT('',(-0.0154238572746823,0.0140885369693942,0.02));
#14707=CARTESIAN_POINT('',(-0.0154238572746823,0.0140885369693942,0.005));
#14708=CARTESIAN_POINT('',(-0.0152407917506887,0.0135341071674196,0.02));
#14709=CARTESIAN_POINT('',(-0.0152407917506887,0.0135341071674196,0.005));
#14710=CARTESIAN_POINT('',(-0.0150796202529548,0.0128800226702995,0.02));
#14711=CARTESIAN_POINT('',(-0.0150796202529548,0.0128800226702995,0.005));
#14712=CARTESIAN_POINT('',(-0.0149649849249942,0.012157647163182,0.02));
#14713=CARTESIAN_POINT('',(-0.0149649849249942,0.012157647163182,0.005));
#14714=CARTESIAN_POINT('',(-0.0155690931035442,0.0144959005023259,0.005));
#14715=CARTESIAN_POINT('',(-0.0155641805927127,0.0144831426496399,0.005));
#14716=CARTESIAN_POINT('',(-0.0155393859330607,0.0144182614349722,0.005));
#14717=CARTESIAN_POINT('',(-0.015494245280874,0.0142955494368433,0.005));
#14718=CARTESIAN_POINT('',(-0.0154337882508412,0.0141204715610623,0.005));
#14719=CARTESIAN_POINT('',(-0.0153726265839374,0.0139311638223143,0.005));
#14720=CARTESIAN_POINT('',(-0.0153113068156881,0.013727533430534,0.005));
#14721=CARTESIAN_POINT('',(-0.015250379447947,0.0135095028747226,0.005));
#14722=CARTESIAN_POINT('',(-0.0151903954038128,0.0132770145531137,0.005));
#14723=CARTESIAN_POINT('',(-0.0151319177369291,0.0130300131696103,0.005));
#14724=CARTESIAN_POINT('',(-0.0150754739781338,0.012768514599858,0.005));
#14725=CARTESIAN_POINT('',(-0.0150217389484402,0.0124923389770328,0.005));
#14726=CARTESIAN_POINT('',(-0.0149855982493744,0.0122863497742563,0.005));
#14727=CARTESIAN_POINT('',(-0.0149673778007958,0.0121727258906689,0.005));
#14728=CARTESIAN_POINT('',(-0.0149649849249942,0.012157647163182,0.005));
#14729=CARTESIAN_POINT('',(-0.0154238572813307,0.0140885369895294,0.005));
#14730=CARTESIAN_POINT('',(-0.0155690931035442,0.0144959005023259,0.02));
#14731=CARTESIAN_POINT('',(-0.0155641805927127,0.0144831426496399,0.02));
#14732=CARTESIAN_POINT('',(-0.0155393859330607,0.0144182614349722,0.02));
#14733=CARTESIAN_POINT('',(-0.015494245280874,0.0142955494368433,0.02));
#14734=CARTESIAN_POINT('',(-0.0154337882508412,0.0141204715610623,0.02));
#14735=CARTESIAN_POINT('',(-0.0153726265839374,0.0139311638223143,0.02));
#14736=CARTESIAN_POINT('',(-0.0153113068156881,0.013727533430534,0.02));
#14737=CARTESIAN_POINT('',(-0.015250379447947,0.0135095028747226,0.02));
#14738=CARTESIAN_POINT('',(-0.0151903954038128,0.0132770145531137,0.02));
#14739=CARTESIAN_POINT('',(-0.0151319177369291,0.0130300131696103,0.02));
#14740=CARTESIAN_POINT('',(-0.0150754739781338,0.012768514599858,0.02));
#14741=CARTESIAN_POINT('',(-0.0150217389484402,0.0124923389770328,0.02));
#14742=CARTESIAN_POINT('',(-0.0149855982493744,0.0122863497742563,0.02));
#14743=CARTESIAN_POINT('',(-0.0149673778007958,0.0121727258906689,0.02));
#14744=CARTESIAN_POINT('',(-0.0149649849249942,0.012157647163182,0.02));
#14745=CARTESIAN_POINT('',(-0.0154238572813307,0.0140885369895294,0.02));
#14746=CARTESIAN_POINT('',(-0.0154238572813307,0.0140885369895296,0.02));
#14747=CARTESIAN_POINT('',(-0.0148715632991414,0.0142708972948891,0.01));
#14748=CARTESIAN_POINT('',(-0.0148715632991414,0.0142708972948891,0.005));
#14749=CARTESIAN_POINT('',(-0.0148715632991414,0.0142708972948891,0.02));
#14750=CARTESIAN_POINT('',(-0.0120737255469416,0.0166591834573742,0.02));
#14751=CARTESIAN_POINT('',(-0.0120737255469416,0.0166591834573742,0.005));
#14752=CARTESIAN_POINT('',(-0.0115855683264613,0.0163388587479221,0.02));
#14753=CARTESIAN_POINT('',(-0.0115855683264613,0.0163388587479221,0.00500000000000003));
#14754=CARTESIAN_POINT('',(-0.0109954854712602,0.016013889510838,0.02));
#14755=CARTESIAN_POINT('',(-0.0109954854712602,0.016013889510838,0.005));
#14756=CARTESIAN_POINT('',(-0.0103273941187732,0.0157161957479985,0.02));
#14757=CARTESIAN_POINT('',(-0.0103273941187732,0.0157161957479985,0.005));
#14758=CARTESIAN_POINT('',(-0.012429618705548,0.0169049039359774,0.005));
#14759=CARTESIAN_POINT('',(-0.0124185670175131,0.0168968568396435,0.005));
#14760=CARTESIAN_POINT('',(-0.0123623139067594,0.0168561145435063,0.005));
#14761=CARTESIAN_POINT('',(-0.0122554664790653,0.0167807518195653,0.005));
#14762=CARTESIAN_POINT('',(-0.0121020016680195,0.0166770413242476,0.005));
#14763=CARTESIAN_POINT('',(-0.0119349742382714,0.016568967242433,0.005));
#14764=CARTESIAN_POINT('',(-0.0117541531076975,0.0164570334710645,0.005));
#14765=CARTESIAN_POINT('',(-0.0115593209260585,0.0163417516927773,0.005));
#14766=CARTESIAN_POINT('',(-0.0113502794649301,0.0162236391499865,0.005));
#14767=CARTESIAN_POINT('',(-0.0111268295833777,0.0161032253990652,0.005));
#14768=CARTESIAN_POINT('',(-0.0108888500810697,0.015981024104593,0.005));
#14769=CARTESIAN_POINT('',(-0.0106359925634652,0.0158576405406552,0.005));
#14770=CARTESIAN_POINT('',(-0.0104463761737883,0.0157694173772835,0.005));
#14771=CARTESIAN_POINT('',(-0.0103413397292504,0.0157224097503839,0.005));
#14772=CARTESIAN_POINT('',(-0.0103273941187732,0.0157161957479985,0.005));
#14773=CARTESIAN_POINT('',(-0.01207372556467,0.0166591834690075,0.005));
#14774=CARTESIAN_POINT('',(-0.0120737255646702,0.0166591834690076,0.));
#14775=CARTESIAN_POINT('',(-0.0120737255646701,0.0166591834690074,0.02));
#14776=CARTESIAN_POINT('',(-0.012429618705548,0.0169049039359774,0.02));
#14777=CARTESIAN_POINT('',(-0.0124185670175131,0.0168968568396435,0.02));
#14778=CARTESIAN_POINT('',(-0.0123623139067594,0.0168561145435063,0.02));
#14779=CARTESIAN_POINT('',(-0.0122554664790653,0.0167807518195653,0.02));
#14780=CARTESIAN_POINT('',(-0.0121020016680195,0.0166770413242476,0.02));
#14781=CARTESIAN_POINT('',(-0.0119349742382714,0.016568967242433,0.02));
#14782=CARTESIAN_POINT('',(-0.0117541531076975,0.0164570334710645,0.02));
#14783=CARTESIAN_POINT('',(-0.0115593209260585,0.0163417516927773,0.02));
#14784=CARTESIAN_POINT('',(-0.0113502794649301,0.0162236391499865,0.02));
#14785=CARTESIAN_POINT('',(-0.0111268295833777,0.0161032253990652,0.02));
#14786=CARTESIAN_POINT('',(-0.0108888500810697,0.015981024104593,0.02));
#14787=CARTESIAN_POINT('',(-0.0106359925634652,0.0158576405406552,0.02));
#14788=CARTESIAN_POINT('',(-0.0104463761737883,0.0157694173772835,0.02));
#14789=CARTESIAN_POINT('',(-0.0103413397292504,0.0157224097503839,0.02));
#14790=CARTESIAN_POINT('',(-0.0103273941187732,0.0157161957479985,0.02));
#14791=CARTESIAN_POINT('',(-0.0129271148749987,0.0159431047869509,0.02));
#14792=CARTESIAN_POINT('',(-0.0129271148749987,0.0159431047869509,0.00500000000000001));
#14793=CARTESIAN_POINT('',(-0.0126964242294003,0.0154067399694749,0.02));
#14794=CARTESIAN_POINT('',(-0.0126964242294003,0.0154067399694749,0.00500000000000001));
#14795=CARTESIAN_POINT('',(-0.0124788588177081,0.0147691914829365,0.02));
#14796=CARTESIAN_POINT('',(-0.0124788588177081,0.0147691914829365,0.00500000000000001));
#14797=CARTESIAN_POINT('',(-0.0123017005379142,0.0140595559598663,0.02));
#14798=CARTESIAN_POINT('',(-0.0123017005379142,0.0140595559598663,0.00500000000000001));
#14799=CARTESIAN_POINT('',(-0.0131073021089649,0.0163362600421154,0.005));
#14800=CARTESIAN_POINT('',(-0.0131012963715935,0.0163239788904408,0.005));
#14801=CARTESIAN_POINT('',(-0.0130709412926524,0.0162615055653613,0.005));
#14802=CARTESIAN_POINT('',(-0.0130152773589347,0.0161431947905024,0.005));
#14803=CARTESIAN_POINT('',(-0.0129397913438512,0.0159740523162531,0.005));
#14804=CARTESIAN_POINT('',(-0.0128623631589767,0.0157907955411112,0.005));
#14805=CARTESIAN_POINT('',(-0.0127835291729169,0.0155932843943962,0.005));
#14806=CARTESIAN_POINT('',(-0.0127038310371711,0.015381393680664,0.005));
#14807=CARTESIAN_POINT('',(-0.0126238125580846,0.0151550180012285,0.005));
#14808=CARTESIAN_POINT('',(-0.0125440298273394,0.0149140531970525,0.005));
#14809=CARTESIAN_POINT('',(-0.0124650097520129,0.014658469106028,0.005));
#14810=CARTESIAN_POINT('',(-0.0123874089087942,0.0143880277312518,0.005));
#14811=CARTESIAN_POINT('',(-0.0123334525940336,0.0141859722490523,0.005));
#14812=CARTESIAN_POINT('',(-0.0123053985057948,0.014074368755375,0.005));
#14813=CARTESIAN_POINT('',(-0.0123017005379142,0.0140595559598663,0.005));
#14814=CARTESIAN_POINT('',(-0.0129271148833768,0.0159431048064302,0.005));
#14815=CARTESIAN_POINT('',(-0.0131073021089649,0.0163362600421154,0.02));
#14816=CARTESIAN_POINT('',(-0.0131012963715935,0.0163239788904408,0.02));
#14817=CARTESIAN_POINT('',(-0.0130709412926524,0.0162615055653613,0.02));
#14818=CARTESIAN_POINT('',(-0.0130152773589347,0.0161431947905024,0.02));
#14819=CARTESIAN_POINT('',(-0.0129397913438512,0.0159740523162531,0.02));
#14820=CARTESIAN_POINT('',(-0.0128623631589767,0.0157907955411112,0.02));
#14821=CARTESIAN_POINT('',(-0.0127835291729169,0.0155932843943962,0.02));
#14822=CARTESIAN_POINT('',(-0.0127038310371711,0.015381393680664,0.02));
#14823=CARTESIAN_POINT('',(-0.0126238125580846,0.0151550180012285,0.02));
#14824=CARTESIAN_POINT('',(-0.0125440298273394,0.0149140531970525,0.02));
#14825=CARTESIAN_POINT('',(-0.0124650097520129,0.014658469106028,0.02));
#14826=CARTESIAN_POINT('',(-0.0123874089087942,0.0143880277312518,0.02));
#14827=CARTESIAN_POINT('',(-0.0123334525940336,0.0141859722490523,0.02));
#14828=CARTESIAN_POINT('',(-0.0123053985057948,0.014074368755375,0.02));
#14829=CARTESIAN_POINT('',(-0.0123017005379142,0.0140595559598663,0.02));
#14830=CARTESIAN_POINT('',(-0.0129271148833767,0.0159431048064301,0.02));
#14831=CARTESIAN_POINT('',(-0.0129271148833768,0.0159431048064302,0.02));
#14832=CARTESIAN_POINT('',(-0.012392816294393,0.0161729067680045,0.01));
#14833=CARTESIAN_POINT('',(-0.012392816294393,0.0161729067680045,0.005));
#14834=CARTESIAN_POINT('',(-0.012392816294393,0.0161729067680045,0.02));
#14835=CARTESIAN_POINT('',(-0.0354137793183327,0.0436082221567631,-0.008));
#14836=CARTESIAN_POINT('',(-0.0354137793183327,0.0436082221567631,-0.002));
#14837=CARTESIAN_POINT('',(-0.0645137793183327,0.0436082221567631,-0.002));
#14838=CARTESIAN_POINT('',(-0.0354137793183327,0.0436082221567631,0.005));
#14839=CARTESIAN_POINT('',(-0.0645137793183327,0.0436082221567631,0.005));
#14840=CARTESIAN_POINT('',(-0.0143763928777736,0.00717039998325411,-0.005));
#14841=CARTESIAN_POINT('',(-0.0143763928777736,0.00717039998325411,-0.008));
#14842=CARTESIAN_POINT('',(-0.0161263928777736,0.00717039998325411,-0.008));
#14843=CARTESIAN_POINT('',(-0.0143763928777736,0.00717039998325411,0.004));
#14844=CARTESIAN_POINT('',(-0.0126263928777736,0.00717039998325411,0.004));
#14845=CARTESIAN_POINT('',(-0.0774885521994509,0.0436082221567631,-0.005));
#14846=CARTESIAN_POINT('',(-0.0774885521994509,0.0436082221567631,-0.008));
#14847=CARTESIAN_POINT('',(-0.0792385521994509,0.0436082221567631,-0.008));
#14848=CARTESIAN_POINT('',(-0.0774885521994509,0.0436082221567631,0.004));
#14849=CARTESIAN_POINT('',(-0.0757385521994509,0.0436082221567631,0.004));
#14850=CARTESIAN_POINT('',(-0.0143763928777736,0.080046044330272,-0.005));
#14851=CARTESIAN_POINT('',(-0.0143763928777736,0.080046044330272,-0.008));
#14852=CARTESIAN_POINT('',(-0.0161263928777736,0.080046044330272,-0.008));
#14853=CARTESIAN_POINT('',(-0.0143763928777736,0.080046044330272,0.004));
#14854=CARTESIAN_POINT('',(-0.0126263928777736,0.080046044330272,0.004));
#14855=CARTESIAN_POINT('',(-0.0354137793183327,0.0436082221567631,0.02));
#14856=CARTESIAN_POINT('',(0.0102609935627855,0.0465527085296301,0.02));
#14857=CARTESIAN_POINT('',(0.00856099356278554,0.0465527085296301,0.02));
#14858=CARTESIAN_POINT('',(-0.0354137793183327,0.0861082221567631,0.02));
#14859=CARTESIAN_POINT('',(-0.0565511657588918,0.0861082221567631,0.02));
#14860=CARTESIAN_POINT('',(-0.0557011657588918,0.0846359789703295,0.02));
#14861=CARTESIAN_POINT('',(-0.0548511657588918,0.083163735783896,0.02));
#14862=CARTESIAN_POINT('',(-0.0557011657588917,0.0816914925974624,0.02));
#14863=CARTESIAN_POINT('',(-0.0565511657588917,0.0802192494110289,0.02));
#14864=CARTESIAN_POINT('',(-0.0582511657588918,0.0802192494110289,0.02));
#14865=CARTESIAN_POINT('',(-0.0599511657588918,0.0802192494110289,0.02));
#14866=CARTESIAN_POINT('',(-0.0608011657588918,0.0816914925974625,0.02));
#14867=CARTESIAN_POINT('',(-0.0722198589791713,0.022358222156763,0.02));
#14868=CARTESIAN_POINT('',(-0.0616511657588918,0.00405270852963014,0.02));
#14869=CARTESIAN_POINT('',(-0.0608011657588918,0.00552495171606368,0.02));
#14870=CARTESIAN_POINT('',(-0.0599511657588918,0.00699719490249723,0.02));
#14871=CARTESIAN_POINT('',(-0.0582511657588918,0.00699719490249723,0.02));
#14872=CARTESIAN_POINT('',(-0.0565511657588918,0.00699719490249722,0.02));
#14873=CARTESIAN_POINT('',(-0.0557011657588918,0.00552495171606368,0.02));
#14874=CARTESIAN_POINT('',(-0.0548511657588918,0.00405270852963014,0.02));
#14875=CARTESIAN_POINT('',(-0.0557011657588918,0.00258046534319658,0.02));
#14876=CARTESIAN_POINT('',(0.00139230034250598,0.022358222156763,0.02));
#14877=CARTESIAN_POINT('',(0.0119609935627855,0.040663735783896,0.02));
#14878=CARTESIAN_POINT('',(0.0102609935627855,0.040663735783896,0.02));
#14879=CARTESIAN_POINT('',(0.00856099356278554,0.040663735783896,0.02));
#14880=CARTESIAN_POINT('',(0.00771099356278554,0.0421359789703295,0.02));
#14881=CARTESIAN_POINT('',(0.00686099356278554,0.0436082221567631,0.02));
#14882=CARTESIAN_POINT('',(0.00771099356278555,0.0450804653431966,0.02));
#14883=CARTESIAN_POINT('',(-0.0143763928777736,0.080046044330272,0.02));
#14884=CARTESIAN_POINT('',(-0.0113763928777736,0.080046044330272,0.02));
#14885=CARTESIAN_POINT('',(-0.0774885521994509,0.0436082221567631,0.02));
#14886=CARTESIAN_POINT('',(-0.0744885521994509,0.0436082221567631,0.02));
#14887=CARTESIAN_POINT('',(-0.0143763928777736,0.00717039998325411,0.02));
#14888=CARTESIAN_POINT('',(-0.0113763928777736,0.00717039998325411,0.02));
#14889=CARTESIAN_POINT('',(-0.0722198589791713,0.022358222156763,0.02));
#14890=CARTESIAN_POINT('',(-0.0722198589791713,0.022358222156763,0.0178));
#14891=CARTESIAN_POINT('',(-0.0616511657588918,0.00405270852963014,0.0178));
#14892=CARTESIAN_POINT('',(-0.0616511657588918,0.00405270852963014,0.0178));
#14893=CARTESIAN_POINT('',(-0.0722198589791713,0.022358222156763,-0.008));
#14894=CARTESIAN_POINT('',(0.00139230034250598,0.022358222156763,0.02));
#14895=CARTESIAN_POINT('',(0.00139230034250598,0.022358222156763,0.0178));
#14896=CARTESIAN_POINT('',(0.0119609935627855,0.040663735783896,0.0178));
#14897=CARTESIAN_POINT('',(0.0119609935627855,0.040663735783896,0.0178));
#14898=CARTESIAN_POINT('',(0.00139230034250598,0.022358222156763,-0.008));
#14899=CARTESIAN_POINT('',(-0.0354137793183327,0.0861082221567631,0.02));
#14900=CARTESIAN_POINT('',(-0.0354137793183327,0.0861082221567631,0.0178));
#14901=CARTESIAN_POINT('',(-0.0565511657588918,0.0861082221567631,0.0178));
#14902=CARTESIAN_POINT('',(-0.0565511657588918,0.0861082221567631,0.0178));
#14903=CARTESIAN_POINT('',(-0.0354137793183327,0.0861082221567631,-0.008));
#14904=CARTESIAN_POINT('',(-0.0143763928777736,0.080046044330272,0.012));
#14905=CARTESIAN_POINT('',(-0.0143763928777736,0.080046044330272,0.004));
#14906=CARTESIAN_POINT('',(-0.0113763928777736,0.080046044330272,0.004));
#14907=CARTESIAN_POINT('',(-0.0774885521994509,0.0436082221567631,0.012));
#14908=CARTESIAN_POINT('',(-0.0774885521994509,0.0436082221567631,0.004));
#14909=CARTESIAN_POINT('',(-0.0744885521994509,0.0436082221567631,0.004));
#14910=CARTESIAN_POINT('',(-0.0143763928777736,0.00717039998325411,0.012));
#14911=CARTESIAN_POINT('',(-0.0143763928777736,0.00717039998325411,0.004));
#14912=CARTESIAN_POINT('',(-0.0113763928777736,0.00717039998325411,0.004));
#14913=CARTESIAN_POINT('',(-0.0354137793183327,0.0436082221567631,-0.008));
#14914=CARTESIAN_POINT('',(-0.0354137793183327,0.0436082221567631,-0.008));
#14915=CARTESIAN_POINT('',(-0.0636637793183327,0.0436082221567631,-0.008));
#14916=CARTESIAN_POINT('',(-0.0354137793183327,0.0436082221567631,0.004));
#14917=CARTESIAN_POINT('',(-0.0354137793183327,0.0436082221567631,0.004));
#14918=CARTESIAN_POINT('',(-0.0354137793183327,0.0436082221567631,0.004));
#14919=CARTESIAN_POINT('',(-0.0354137793183327,0.0436082221567631,-0.002));
#14920=CARTESIAN_POINT('',(-0.0354137793183327,0.0436082221567631,-0.002));
#14921=CARTESIAN_POINT('',(-0.0636637793183327,0.0436082221567631,-0.002));
#14922=CARTESIAN_POINT('',(-0.0354137793183327,0.0436082221567631,-0.002));
#14923=CARTESIAN_POINT('',(-0.0354137793183327,0.0436082221567631,0.005));
#14924=CARTESIAN_POINT('',(-0.0557011657588918,0.00258046534319658,0.0178));
#14925=CARTESIAN_POINT('',(-0.0548511657588918,0.00405270852963014,0.0178));
#14926=CARTESIAN_POINT('',(-0.0548511657588918,0.00405270852963014,0.0178));
#14927=CARTESIAN_POINT('',(-0.0557011657588918,0.00258046534319658,0.0178));
#14928=CARTESIAN_POINT('',(-0.0557011657588918,0.00552495171606368,0.0178));
#14929=CARTESIAN_POINT('',(-0.0565511657588918,0.00699719490249723,0.0178));
#14930=CARTESIAN_POINT('',(-0.0565511657588918,0.00699719490249723,0.0178));
#14931=CARTESIAN_POINT('',(-0.0557011657588918,0.00552495171606368,0.0178));
#14932=CARTESIAN_POINT('',(-0.0582511657588918,0.00699719490249723,0.0178));
#14933=CARTESIAN_POINT('',(-0.0599511657588918,0.00699719490249723,0.0178));
#14934=CARTESIAN_POINT('',(-0.0599511657588918,0.00699719490249723,0.0178));
#14935=CARTESIAN_POINT('',(-0.0582511657588918,0.00699719490249723,0.0178));
#14936=CARTESIAN_POINT('',(-0.0608011657588918,0.00552495171606368,0.0178));
#14937=CARTESIAN_POINT('',(-0.0608011657588918,0.00552495171606368,0.0178));
#14938=CARTESIAN_POINT('',(-0.0354137793183327,0.0433804653431966,0.0178));
#14939=CARTESIAN_POINT('',(-0.0582511657588918,0.00405270852963014,0.0178));
#14940=CARTESIAN_POINT('',(-0.0565011657588918,0.00405270852963014,0.0178));
#14941=CARTESIAN_POINT('',(-0.0608011657588918,0.0816914925974625,0.0178));
#14942=CARTESIAN_POINT('',(-0.0599511657588918,0.0802192494110289,0.0178));
#14943=CARTESIAN_POINT('',(-0.0599511657588918,0.0802192494110289,0.0178));
#14944=CARTESIAN_POINT('',(-0.0608011657588918,0.0816914925974625,0.0178));
#14945=CARTESIAN_POINT('',(-0.0582511657588918,0.0802192494110289,0.0178));
#14946=CARTESIAN_POINT('',(-0.0565511657588917,0.0802192494110289,0.0178));
#14947=CARTESIAN_POINT('',(-0.0565511657588917,0.0802192494110289,0.0178));
#14948=CARTESIAN_POINT('',(-0.0582511657588918,0.0802192494110289,0.0178));
#14949=CARTESIAN_POINT('',(-0.0557011657588917,0.0816914925974624,0.0178));
#14950=CARTESIAN_POINT('',(-0.0548511657588918,0.083163735783896,0.0178));
#14951=CARTESIAN_POINT('',(-0.0548511657588918,0.083163735783896,0.0178));
#14952=CARTESIAN_POINT('',(-0.0557011657588917,0.0816914925974624,0.0178));
#14953=CARTESIAN_POINT('',(-0.0557011657588918,0.0846359789703295,0.0178));
#14954=CARTESIAN_POINT('',(-0.0557011657588918,0.0846359789703295,0.0178));
#14955=CARTESIAN_POINT('',(-0.0354137793183327,0.0433804653431966,0.0178));
#14956=CARTESIAN_POINT('',(-0.0582511657588918,0.083163735783896,0.0178));
#14957=CARTESIAN_POINT('',(-0.0565011657588918,0.083163735783896,0.0178));
#14958=CARTESIAN_POINT('',(0.0102609935627855,0.0465527085296301,0.0178));
#14959=CARTESIAN_POINT('',(0.00856099356278554,0.0465527085296301,0.0178));
#14960=CARTESIAN_POINT('',(0.00856099356278554,0.0465527085296301,0.0178));
#14961=CARTESIAN_POINT('',(0.0102609935627855,0.0465527085296301,0.0178));
#14962=CARTESIAN_POINT('',(0.00771099356278555,0.0450804653431966,0.0178));
#14963=CARTESIAN_POINT('',(0.00686099356278555,0.0436082221567631,0.0178));
#14964=CARTESIAN_POINT('',(0.00686099356278555,0.0436082221567631,0.0178));
#14965=CARTESIAN_POINT('',(0.00771099356278555,0.0450804653431966,0.0178));
#14966=CARTESIAN_POINT('',(0.00771099356278554,0.0421359789703295,0.0178));
#14967=CARTESIAN_POINT('',(0.00856099356278554,0.040663735783896,0.0178));
#14968=CARTESIAN_POINT('',(0.00856099356278554,0.040663735783896,0.0178));
#14969=CARTESIAN_POINT('',(0.00771099356278554,0.0421359789703295,0.0178));
#14970=CARTESIAN_POINT('',(0.0102609935627855,0.040663735783896,0.0178));
#14971=CARTESIAN_POINT('',(0.0102609935627855,0.040663735783896,0.0178));
#14972=CARTESIAN_POINT('',(-0.0354137793183327,0.0433804653431966,0.0178));
#14973=CARTESIAN_POINT('',(0.0102609935627855,0.0436082221567631,0.0178));
#14974=CARTESIAN_POINT('',(0.0120109935627855,0.0436082221567631,0.0178));
#14975=CARTESIAN_POINT('',(0.0102609935627855,0.0436082221567631,0.0128));
#14976=CARTESIAN_POINT('',(0.0102609935627855,0.0436082221567631,0.0128));
#14977=CARTESIAN_POINT('',(0.0120109935627855,0.0436082221567631,0.0128));
#14978=CARTESIAN_POINT('',(-0.0242228429116195,0.0436082221567631,0.0128));
#14979=CARTESIAN_POINT('',(-0.0582511657588918,0.083163735783896,0.0128));
#14980=CARTESIAN_POINT('',(-0.0582511657588918,0.083163735783896,0.0128));
#14981=CARTESIAN_POINT('',(-0.0565011657588918,0.083163735783896,0.0128));
#14982=CARTESIAN_POINT('',(-0.0242228429116195,0.0436082221567631,0.0128));
#14983=CARTESIAN_POINT('',(-0.0582511657588918,0.00405270852963014,0.0128));
#14984=CARTESIAN_POINT('',(-0.0582511657588918,0.00405270852963014,0.0128));
#14985=CARTESIAN_POINT('',(-0.0565011657588918,0.00405270852963014,0.0128));
#14986=CARTESIAN_POINT('',(-0.0242228429116195,0.0436082221567631,0.0128));
#14987=MECHANICAL_DESIGN_GEOMETRIC_PRESENTATION_REPRESENTATION('',(#6174),
#14988);
#14988=(
GEOMETRIC_REPRESENTATION_CONTEXT(3)
GLOBAL_UNCERTAINTY_ASSIGNED_CONTEXT((#14989))
GLOBAL_UNIT_ASSIGNED_CONTEXT((#14992,#14991,#14990))
REPRESENTATION_CONTEXT('Part 1','TOP_LEVEL_ASSEMBLY_PART')
);
#14989=UNCERTAINTY_MEASURE_WITH_UNIT(LENGTH_MEASURE(2.E-5),#14992,
'DISTANCE_ACCURACY_VALUE','Maximum Tolerance applied to model');
#14990=(
NAMED_UNIT(*)
SI_UNIT($,.STERADIAN.)
SOLID_ANGLE_UNIT()
);
#14991=(
NAMED_UNIT(*)
PLANE_ANGLE_UNIT()
SI_UNIT($,.RADIAN.)
);
#14992=(
LENGTH_UNIT()
NAMED_UNIT(*)
SI_UNIT($,.METRE.)
);
#14993=PRODUCT_DEFINITION_SHAPE('','',#14994);
#14994=PRODUCT_DEFINITION('','',#14996,#14995);
#14995=PRODUCT_DEFINITION_CONTEXT('',#15002,'design');
#14996=PRODUCT_DEFINITION_FORMATION_WITH_SPECIFIED_SOURCE('','',#14998,
 .NOT_KNOWN.);
#14997=PRODUCT_RELATED_PRODUCT_CATEGORY('','',(#14998));
#14998=PRODUCT('Part 1','Part 1','Part 1',(#15000));
#14999=PRODUCT_CATEGORY('','');
#15000=PRODUCT_CONTEXT('',#15002,'mechanical');
#15001=APPLICATION_PROTOCOL_DEFINITION('international standard',
'ap242_managed_model_based_3d_engineering',2020,#15002);
#15002=APPLICATION_CONTEXT('managed model based 3d engineering');
ENDSEC;
END-ISO-10303-21;
