ISO-10303-21;
HEADER;
/* Generated by software containing ST-Developer
 * from STEP Tools, Inc. (www.steptools.com) 
 */
/* OPTION: using custom renumber hook */

FILE_DESCRIPTION(
/* description */ ('STEP AP242 Edition 2',
'CAx-IF Rec.Pracs.---Representation and Presentation of Product Manufa
cturing Information (PMI)---4.0---2014-10-13',
'CAx-IF Rec.Pracs.---3D Tessellated Geometry---0.4---2014-09-14','2;1',
'CAx-IF Rec.Pracs.---User Defined Attributes---1.5---2016-08-15'),
/* implementation_level */ '2;1');

FILE_NAME(
/* name */ 'sun gear',
/* time_stamp */ '2026-08-19T18:11:41Z',
/* author */ (''),
/* organization */ (''),
/* preprocessor_version */ 'ST-DEVELOPER v20',
/* originating_system */ 'ONSHAPE BY PTC INC, 1.219',
/* authorisation */ '  ');

FILE_SCHEMA (('AP242_MANAGED_MODEL_BASED_3D_ENGINEERING_MIM_LF { 1 0 10303 442 3 1 4 }'));
ENDSEC;

DATA;
#10=SHAPE_REPRESENTATION_RELATIONSHIP('','',#1315,#11);
#11=ADVANCED_BREP_SHAPE_REPRESENTATION('',(#1313),#5155);
#12=B_SPLINE_SURFACE_WITH_KNOTS('',3,1,((#4257,#4258),(#4259,#4260),(#4261,
#4262),(#4263,#4264),(#4265,#4266),(#4267,#4268),(#4269,#4270),(#4271,#4272),
(#4273,#4274),(#4275,#4276),(#4277,#4278),(#4279,#4280),(#4281,#4282)),
 .SURF_OF_LINEAR_EXTRUSION.,.F.,.F.,.F.,(4,1,1,1,1,1,1,1,1,1,4),(2,2),(0.0672170595573917,
0.0962554603985243,0.125293861239657,0.183370662921922,0.241447464604188,
0.299524266286453,0.415677869650983,0.531831473015514,0.647985076380044,
0.764138679744575,0.996445886473636),(0.,1.),.UNSPECIFIED.);
#13=B_SPLINE_SURFACE_WITH_KNOTS('',3,1,((#4284,#4285),(#4286,#4287),(#4288,
#4289),(#4290,#4291),(#4292,#4293),(#4294,#4295),(#4296,#4297),(#4298,#4299),
(#4300,#4301),(#4302,#4303),(#4304,#4305),(#4306,#4307),(#4308,#4309)),
 .SURF_OF_LINEAR_EXTRUSION.,.F.,.F.,.F.,(4,1,1,1,1,1,1,1,1,1,4),(2,2),(0.0672170595573917,
0.0962554603985243,0.125293861239657,0.183370662921922,0.241447464604188,
0.299524266286453,0.415677869650983,0.531831473015514,0.647985076380044,
0.764138679744575,0.996445886473636),(0.,1.),.UNSPECIFIED.);
#14=B_SPLINE_SURFACE_WITH_KNOTS('',3,1,((#4312,#4313),(#4314,#4315),(#4316,
#4317),(#4318,#4319),(#4320,#4321),(#4322,#4323),(#4324,#4325),(#4326,#4327),
(#4328,#4329),(#4330,#4331),(#4332,#4333),(#4334,#4335),(#4336,#4337)),
 .SURF_OF_LINEAR_EXTRUSION.,.F.,.F.,.F.,(4,1,1,1,1,1,1,1,1,1,4),(2,2),(0.0672170595573916,
0.0962554603985243,0.125293861239657,0.183370662921922,0.241447464604187,
0.299524266286453,0.415677869650983,0.531831473015514,0.647985076380044,
0.764138679744575,0.996445886473636),(0.,1.),.UNSPECIFIED.);
#15=B_SPLINE_SURFACE_WITH_KNOTS('',3,1,((#4339,#4340),(#4341,#4342),(#4343,
#4344),(#4345,#4346),(#4347,#4348),(#4349,#4350),(#4351,#4352),(#4353,#4354),
(#4355,#4356),(#4357,#4358),(#4359,#4360),(#4361,#4362),(#4363,#4364)),
 .SURF_OF_LINEAR_EXTRUSION.,.F.,.F.,.F.,(4,1,1,1,1,1,1,1,1,1,4),(2,2),(0.0672170595573917,
0.0962554603985243,0.125293861239657,0.183370662921922,0.241447464604187,
0.299524266286453,0.415677869650983,0.531831473015514,0.647985076380044,
0.764138679744575,0.996445886473636),(0.,1.),.UNSPECIFIED.);
#16=B_SPLINE_SURFACE_WITH_KNOTS('',3,1,((#4367,#4368),(#4369,#4370),(#4371,
#4372),(#4373,#4374),(#4375,#4376),(#4377,#4378),(#4379,#4380),(#4381,#4382),
(#4383,#4384),(#4385,#4386),(#4387,#4388),(#4389,#4390),(#4391,#4392)),
 .SURF_OF_LINEAR_EXTRUSION.,.F.,.F.,.F.,(4,1,1,1,1,1,1,1,1,1,4),(2,2),(0.067217059557391,
0.0962554603985236,0.125293861239656,0.183370662921922,0.241447464604187,
0.299524266286452,0.415677869650983,0.531831473015513,0.647985076380044,
0.764138679744575,0.996445886473636),(0.,1.),.UNSPECIFIED.);
#17=B_SPLINE_SURFACE_WITH_KNOTS('',3,1,((#4394,#4395),(#4396,#4397),(#4398,
#4399),(#4400,#4401),(#4402,#4403),(#4404,#4405),(#4406,#4407),(#4408,#4409),
(#4410,#4411),(#4412,#4413),(#4414,#4415),(#4416,#4417),(#4418,#4419)),
 .SURF_OF_LINEAR_EXTRUSION.,.F.,.F.,.F.,(4,1,1,1,1,1,1,1,1,1,4),(2,2),(0.0672170595573916,
0.0962554603985242,0.125293861239657,0.183370662921922,0.241447464604187,
0.299524266286453,0.415677869650983,0.531831473015514,0.647985076380044,
0.764138679744575,0.996445886473636),(0.,1.),.UNSPECIFIED.);
#18=B_SPLINE_SURFACE_WITH_KNOTS('',3,1,((#4422,#4423),(#4424,#4425),(#4426,
#4427),(#4428,#4429),(#4430,#4431),(#4432,#4433),(#4434,#4435),(#4436,#4437),
(#4438,#4439),(#4440,#4441),(#4442,#4443),(#4444,#4445),(#4446,#4447)),
 .SURF_OF_LINEAR_EXTRUSION.,.F.,.F.,.F.,(4,1,1,1,1,1,1,1,1,1,4),(2,2),(0.0672170595573916,
0.0962554603985242,0.125293861239657,0.183370662921922,0.241447464604187,
0.299524266286453,0.415677869650983,0.531831473015514,0.647985076380044,
0.764138679744575,0.996445886473636),(0.,1.),.UNSPECIFIED.);
#19=B_SPLINE_SURFACE_WITH_KNOTS('',3,1,((#4449,#4450),(#4451,#4452),(#4453,
#4454),(#4455,#4456),(#4457,#4458),(#4459,#4460),(#4461,#4462),(#4463,#4464),
(#4465,#4466),(#4467,#4468),(#4469,#4470),(#4471,#4472),(#4473,#4474)),
 .SURF_OF_LINEAR_EXTRUSION.,.F.,.F.,.F.,(4,1,1,1,1,1,1,1,1,1,4),(2,2),(0.067217059557391,
0.0962554603985236,0.125293861239656,0.183370662921922,0.241447464604187,
0.299524266286452,0.415677869650983,0.531831473015513,0.647985076380044,
0.764138679744575,0.996445886473636),(0.,1.),.UNSPECIFIED.);
#20=B_SPLINE_SURFACE_WITH_KNOTS('',3,1,((#4477,#4478),(#4479,#4480),(#4481,
#4482),(#4483,#4484),(#4485,#4486),(#4487,#4488),(#4489,#4490),(#4491,#4492),
(#4493,#4494),(#4495,#4496),(#4497,#4498),(#4499,#4500),(#4501,#4502)),
 .SURF_OF_LINEAR_EXTRUSION.,.F.,.F.,.F.,(4,1,1,1,1,1,1,1,1,1,4),(2,2),(0.0672170595573912,
0.0962554603985238,0.125293861239656,0.183370662921922,0.241447464604187,
0.299524266286452,0.415677869650983,0.531831473015514,0.647985076380044,
0.764138679744575,0.996445886473636),(0.,1.),.UNSPECIFIED.);
#21=B_SPLINE_SURFACE_WITH_KNOTS('',3,1,((#4504,#4505),(#4506,#4507),(#4508,
#4509),(#4510,#4511),(#4512,#4513),(#4514,#4515),(#4516,#4517),(#4518,#4519),
(#4520,#4521),(#4522,#4523),(#4524,#4525),(#4526,#4527),(#4528,#4529)),
 .SURF_OF_LINEAR_EXTRUSION.,.F.,.F.,.F.,(4,1,1,1,1,1,1,1,1,1,4),(2,2),(0.0672170595573912,
0.0962554603985238,0.125293861239656,0.183370662921922,0.241447464604187,
0.299524266286452,0.415677869650983,0.531831473015514,0.647985076380044,
0.764138679744575,0.996445886473636),(0.,1.),.UNSPECIFIED.);
#22=B_SPLINE_SURFACE_WITH_KNOTS('',3,1,((#4532,#4533),(#4534,#4535),(#4536,
#4537),(#4538,#4539),(#4540,#4541),(#4542,#4543),(#4544,#4545),(#4546,#4547),
(#4548,#4549),(#4550,#4551),(#4552,#4553),(#4554,#4555),(#4556,#4557)),
 .SURF_OF_LINEAR_EXTRUSION.,.F.,.F.,.F.,(4,1,1,1,1,1,1,1,1,1,4),(2,2),(0.0672170595573917,
0.0962554603985243,0.125293861239657,0.183370662921922,0.241447464604188,
0.299524266286453,0.415677869650983,0.531831473015514,0.647985076380044,
0.764138679744575,0.996445886473636),(0.,1.),.UNSPECIFIED.);
#23=B_SPLINE_SURFACE_WITH_KNOTS('',3,1,((#4559,#4560),(#4561,#4562),(#4563,
#4564),(#4565,#4566),(#4567,#4568),(#4569,#4570),(#4571,#4572),(#4573,#4574),
(#4575,#4576),(#4577,#4578),(#4579,#4580),(#4581,#4582),(#4583,#4584)),
 .SURF_OF_LINEAR_EXTRUSION.,.F.,.F.,.F.,(4,1,1,1,1,1,1,1,1,1,4),(2,2),(0.0672170595573917,
0.0962554603985243,0.125293861239657,0.183370662921922,0.241447464604187,
0.299524266286453,0.415677869650983,0.531831473015514,0.647985076380044,
0.764138679744575,0.996445886473636),(0.,1.),.UNSPECIFIED.);
#24=B_SPLINE_SURFACE_WITH_KNOTS('',3,1,((#4587,#4588),(#4589,#4590),(#4591,
#4592),(#4593,#4594),(#4595,#4596),(#4597,#4598),(#4599,#4600),(#4601,#4602),
(#4603,#4604),(#4605,#4606),(#4607,#4608),(#4609,#4610),(#4611,#4612)),
 .SURF_OF_LINEAR_EXTRUSION.,.F.,.F.,.F.,(4,1,1,1,1,1,1,1,1,1,4),(2,2),(0.0672170595573913,
0.096255460398524,0.125293861239657,0.183370662921922,0.241447464604187,
0.299524266286453,0.415677869650983,0.531831473015514,0.647985076380044,
0.764138679744575,0.996445886473636),(0.,1.),.UNSPECIFIED.);
#25=B_SPLINE_SURFACE_WITH_KNOTS('',3,1,((#4614,#4615),(#4616,#4617),(#4618,
#4619),(#4620,#4621),(#4622,#4623),(#4624,#4625),(#4626,#4627),(#4628,#4629),
(#4630,#4631),(#4632,#4633),(#4634,#4635),(#4636,#4637),(#4638,#4639)),
 .SURF_OF_LINEAR_EXTRUSION.,.F.,.F.,.F.,(4,1,1,1,1,1,1,1,1,1,4),(2,2),(0.0672170595573916,
0.0962554603985242,0.125293861239657,0.183370662921922,0.241447464604187,
0.299524266286453,0.415677869650983,0.531831473015514,0.647985076380044,
0.764138679744575,0.996445886473636),(0.,1.),.UNSPECIFIED.);
#26=B_SPLINE_SURFACE_WITH_KNOTS('',3,1,((#4642,#4643),(#4644,#4645),(#4646,
#4647),(#4648,#4649),(#4650,#4651),(#4652,#4653),(#4654,#4655),(#4656,#4657),
(#4658,#4659),(#4660,#4661),(#4662,#4663),(#4664,#4665),(#4666,#4667)),
 .SURF_OF_LINEAR_EXTRUSION.,.F.,.F.,.F.,(4,1,1,1,1,1,1,1,1,1,4),(2,2),(0.067217059557391,
0.0962554603985237,0.125293861239656,0.183370662921922,0.241447464604187,
0.299524266286452,0.415677869650983,0.531831473015513,0.647985076380044,
0.764138679744575,0.996445886473636),(0.,1.),.UNSPECIFIED.);
#27=B_SPLINE_SURFACE_WITH_KNOTS('',3,1,((#4669,#4670),(#4671,#4672),(#4673,
#4674),(#4675,#4676),(#4677,#4678),(#4679,#4680),(#4681,#4682),(#4683,#4684),
(#4685,#4686),(#4687,#4688),(#4689,#4690),(#4691,#4692),(#4693,#4694)),
 .SURF_OF_LINEAR_EXTRUSION.,.F.,.F.,.F.,(4,1,1,1,1,1,1,1,1,1,4),(2,2),(0.0672170595573906,
0.0962554603985232,0.125293861239656,0.183370662921921,0.241447464604187,
0.299524266286452,0.415677869650983,0.531831473015513,0.647985076380044,
0.764138679744575,0.996445886473636),(0.,1.),.UNSPECIFIED.);
#28=B_SPLINE_SURFACE_WITH_KNOTS('',3,1,((#4697,#4698),(#4699,#4700),(#4701,
#4702),(#4703,#4704),(#4705,#4706),(#4707,#4708),(#4709,#4710),(#4711,#4712),
(#4713,#4714),(#4715,#4716),(#4717,#4718),(#4719,#4720),(#4721,#4722)),
 .SURF_OF_LINEAR_EXTRUSION.,.F.,.F.,.F.,(4,1,1,1,1,1,1,1,1,1,4),(2,2),(0.0672170595573912,
0.0962554603985238,0.125293861239656,0.183370662921922,0.241447464604187,
0.299524266286452,0.415677869650983,0.531831473015514,0.647985076380044,
0.764138679744575,0.996445886473636),(0.,1.),.UNSPECIFIED.);
#29=B_SPLINE_SURFACE_WITH_KNOTS('',3,1,((#4724,#4725),(#4726,#4727),(#4728,
#4729),(#4730,#4731),(#4732,#4733),(#4734,#4735),(#4736,#4737),(#4738,#4739),
(#4740,#4741),(#4742,#4743),(#4744,#4745),(#4746,#4747),(#4748,#4749)),
 .SURF_OF_LINEAR_EXTRUSION.,.F.,.F.,.F.,(4,1,1,1,1,1,1,1,1,1,4),(2,2),(0.0672170595573912,
0.0962554603985238,0.125293861239656,0.183370662921922,0.241447464604187,
0.299524266286452,0.415677869650983,0.531831473015514,0.647985076380044,
0.764138679744575,0.996445886473636),(0.,1.),.UNSPECIFIED.);
#30=B_SPLINE_SURFACE_WITH_KNOTS('',3,1,((#4752,#4753),(#4754,#4755),(#4756,
#4757),(#4758,#4759),(#4760,#4761),(#4762,#4763),(#4764,#4765),(#4766,#4767),
(#4768,#4769),(#4770,#4771),(#4772,#4773),(#4774,#4775),(#4776,#4777)),
 .SURF_OF_LINEAR_EXTRUSION.,.F.,.F.,.F.,(4,1,1,1,1,1,1,1,1,1,4),(2,2),(0.0672170595573916,
0.0962554603985243,0.125293861239657,0.183370662921922,0.241447464604187,
0.299524266286453,0.415677869650983,0.531831473015514,0.647985076380044,
0.764138679744575,0.996445886473636),(0.,1.),.UNSPECIFIED.);
#31=B_SPLINE_SURFACE_WITH_KNOTS('',3,1,((#4779,#4780),(#4781,#4782),(#4783,
#4784),(#4785,#4786),(#4787,#4788),(#4789,#4790),(#4791,#4792),(#4793,#4794),
(#4795,#4796),(#4797,#4798),(#4799,#4800),(#4801,#4802),(#4803,#4804)),
 .SURF_OF_LINEAR_EXTRUSION.,.F.,.F.,.F.,(4,1,1,1,1,1,1,1,1,1,4),(2,2),(0.0672170595573917,
0.0962554603985243,0.125293861239657,0.183370662921922,0.241447464604188,
0.299524266286453,0.415677869650983,0.531831473015514,0.647985076380044,
0.764138679744575,0.996445886473636),(0.,1.),.UNSPECIFIED.);
#32=B_SPLINE_SURFACE_WITH_KNOTS('',3,1,((#4807,#4808),(#4809,#4810),(#4811,
#4812),(#4813,#4814),(#4815,#4816),(#4817,#4818),(#4819,#4820),(#4821,#4822),
(#4823,#4824),(#4825,#4826),(#4827,#4828),(#4829,#4830),(#4831,#4832)),
 .SURF_OF_LINEAR_EXTRUSION.,.F.,.F.,.F.,(4,1,1,1,1,1,1,1,1,1,4),(2,2),(0.0672170595573907,
0.0962554603985233,0.125293861239656,0.183370662921921,0.241447464604187,
0.299524266286452,0.415677869650983,0.531831473015513,0.647985076380044,
0.764138679744575,0.996445886473636),(0.,1.),.UNSPECIFIED.);
#33=B_SPLINE_SURFACE_WITH_KNOTS('',3,1,((#4834,#4835),(#4836,#4837),(#4838,
#4839),(#4840,#4841),(#4842,#4843),(#4844,#4845),(#4846,#4847),(#4848,#4849),
(#4850,#4851),(#4852,#4853),(#4854,#4855),(#4856,#4857),(#4858,#4859)),
 .SURF_OF_LINEAR_EXTRUSION.,.F.,.F.,.F.,(4,1,1,1,1,1,1,1,1,1,4),(2,2),(0.0672170595573915,
0.0962554603985241,0.125293861239657,0.183370662921922,0.241447464604187,
0.299524266286453,0.415677869650983,0.531831473015514,0.647985076380044,
0.764138679744575,0.996445886473636),(0.,1.),.UNSPECIFIED.);
#34=B_SPLINE_SURFACE_WITH_KNOTS('',3,1,((#4862,#4863),(#4864,#4865),(#4866,
#4867),(#4868,#4869),(#4870,#4871),(#4872,#4873),(#4874,#4875),(#4876,#4877),
(#4878,#4879),(#4880,#4881),(#4882,#4883),(#4884,#4885),(#4886,#4887)),
 .SURF_OF_LINEAR_EXTRUSION.,.F.,.F.,.F.,(4,1,1,1,1,1,1,1,1,1,4),(2,2),(0.067217059557391,
0.0962554603985237,0.125293861239656,0.183370662921922,0.241447464604187,
0.299524266286452,0.415677869650983,0.531831473015513,0.647985076380044,
0.764138679744575,0.996445886473636),(0.,1.),.UNSPECIFIED.);
#35=B_SPLINE_SURFACE_WITH_KNOTS('',3,1,((#4889,#4890),(#4891,#4892),(#4893,
#4894),(#4895,#4896),(#4897,#4898),(#4899,#4900),(#4901,#4902),(#4903,#4904),
(#4905,#4906),(#4907,#4908),(#4909,#4910),(#4911,#4912),(#4913,#4914)),
 .SURF_OF_LINEAR_EXTRUSION.,.F.,.F.,.F.,(4,1,1,1,1,1,1,1,1,1,4),(2,2),(0.0672170595573906,
0.0962554603985232,0.125293861239656,0.183370662921921,0.241447464604187,
0.299524266286452,0.415677869650983,0.531831473015513,0.647985076380044,
0.764138679744575,0.996445886473636),(0.,1.),.UNSPECIFIED.);
#36=B_SPLINE_SURFACE_WITH_KNOTS('',3,1,((#4917,#4918),(#4919,#4920),(#4921,
#4922),(#4923,#4924),(#4925,#4926),(#4927,#4928),(#4929,#4930),(#4931,#4932),
(#4933,#4934),(#4935,#4936),(#4937,#4938),(#4939,#4940),(#4941,#4942)),
 .SURF_OF_LINEAR_EXTRUSION.,.F.,.F.,.F.,(4,1,1,1,1,1,1,1,1,1,4),(2,2),(0.0672170595573912,
0.0962554603985238,0.125293861239656,0.183370662921922,0.241447464604187,
0.299524266286452,0.415677869650983,0.531831473015514,0.647985076380044,
0.764138679744575,0.996445886473636),(0.,1.),.UNSPECIFIED.);
#37=B_SPLINE_SURFACE_WITH_KNOTS('',3,1,((#4944,#4945),(#4946,#4947),(#4948,
#4949),(#4950,#4951),(#4952,#4953),(#4954,#4955),(#4956,#4957),(#4958,#4959),
(#4960,#4961),(#4962,#4963),(#4964,#4965),(#4966,#4967),(#4968,#4969)),
 .SURF_OF_LINEAR_EXTRUSION.,.F.,.F.,.F.,(4,1,1,1,1,1,1,1,1,1,4),(2,2),(0.0672170595573912,
0.0962554603985238,0.125293861239656,0.183370662921922,0.241447464604187,
0.299524266286452,0.415677869650983,0.531831473015514,0.647985076380044,
0.764138679744575,0.996445886473636),(0.,1.),.UNSPECIFIED.);
#38=B_SPLINE_SURFACE_WITH_KNOTS('',3,1,((#4972,#4973),(#4974,#4975),(#4976,
#4977),(#4978,#4979),(#4980,#4981),(#4982,#4983),(#4984,#4985),(#4986,#4987),
(#4988,#4989),(#4990,#4991),(#4992,#4993),(#4994,#4995),(#4996,#4997)),
 .SURF_OF_LINEAR_EXTRUSION.,.F.,.F.,.F.,(4,1,1,1,1,1,1,1,1,1,4),(2,2),(0.0672170595573906,
0.0962554603985233,0.125293861239656,0.183370662921921,0.241447464604187,
0.299524266286452,0.415677869650983,0.531831473015513,0.647985076380044,
0.764138679744575,0.996445886473636),(0.,1.),.UNSPECIFIED.);
#39=B_SPLINE_SURFACE_WITH_KNOTS('',3,1,((#4999,#5000),(#5001,#5002),(#5003,
#5004),(#5005,#5006),(#5007,#5008),(#5009,#5010),(#5011,#5012),(#5013,#5014),
(#5015,#5016),(#5017,#5018),(#5019,#5020),(#5021,#5022),(#5023,#5024)),
 .SURF_OF_LINEAR_EXTRUSION.,.F.,.F.,.F.,(4,1,1,1,1,1,1,1,1,1,4),(2,2),(0.0672170595573908,
0.0962554603985235,0.125293861239656,0.183370662921921,0.241447464604187,
0.299524266286452,0.415677869650983,0.531831473015513,0.647985076380044,
0.764138679744575,0.996445886473636),(0.,1.),.UNSPECIFIED.);
#40=B_SPLINE_SURFACE_WITH_KNOTS('',3,1,((#5027,#5028),(#5029,#5030),(#5031,
#5032),(#5033,#5034),(#5035,#5036),(#5037,#5038),(#5039,#5040),(#5041,#5042),
(#5043,#5044),(#5045,#5046),(#5047,#5048),(#5049,#5050),(#5051,#5052)),
 .SURF_OF_LINEAR_EXTRUSION.,.F.,.F.,.F.,(4,1,1,1,1,1,1,1,1,1,4),(2,2),(0.0672170595573915,
0.0962554603985242,0.125293861239657,0.183370662921922,0.241447464604187,
0.299524266286453,0.415677869650983,0.531831473015514,0.647985076380044,
0.764138679744575,0.996445886473636),(0.,1.),.UNSPECIFIED.);
#41=B_SPLINE_SURFACE_WITH_KNOTS('',3,1,((#5054,#5055),(#5056,#5057),(#5058,
#5059),(#5060,#5061),(#5062,#5063),(#5064,#5065),(#5066,#5067),(#5068,#5069),
(#5070,#5071),(#5072,#5073),(#5074,#5075),(#5076,#5077),(#5078,#5079)),
 .SURF_OF_LINEAR_EXTRUSION.,.F.,.F.,.F.,(4,1,1,1,1,1,1,1,1,1,4),(2,2),(0.0672170595573912,
0.0962554603985239,0.125293861239657,0.183370662921922,0.241447464604187,
0.299524266286452,0.415677869650983,0.531831473015514,0.647985076380044,
0.764138679744575,0.996445886473636),(0.,1.),.UNSPECIFIED.);
#42=B_SPLINE_SURFACE_WITH_KNOTS('',3,1,((#5082,#5083),(#5084,#5085),(#5086,
#5087),(#5088,#5089),(#5090,#5091),(#5092,#5093),(#5094,#5095),(#5096,#5097),
(#5098,#5099),(#5100,#5101),(#5102,#5103),(#5104,#5105),(#5106,#5107)),
 .SURF_OF_LINEAR_EXTRUSION.,.F.,.F.,.F.,(4,1,1,1,1,1,1,1,1,1,4),(2,2),(0.0672170595573915,
0.0962554603985241,0.125293861239657,0.183370662921922,0.241447464604187,
0.299524266286453,0.415677869650983,0.531831473015514,0.647985076380044,
0.764138679744575,0.996445886473636),(0.,1.),.UNSPECIFIED.);
#43=B_SPLINE_SURFACE_WITH_KNOTS('',3,1,((#5109,#5110),(#5111,#5112),(#5113,
#5114),(#5115,#5116),(#5117,#5118),(#5119,#5120),(#5121,#5122),(#5123,#5124),
(#5125,#5126),(#5127,#5128),(#5129,#5130),(#5131,#5132),(#5133,#5134)),
 .SURF_OF_LINEAR_EXTRUSION.,.F.,.F.,.F.,(4,1,1,1,1,1,1,1,1,1,4),(2,2),(0.0672170595573912,
0.0962554603985239,0.125293861239657,0.183370662921922,0.241447464604187,
0.299524266286452,0.415677869650983,0.531831473015514,0.647985076380044,
0.764138679744575,0.996445886473636),(0.,1.),.UNSPECIFIED.);
#44=B_SPLINE_CURVE_WITH_KNOTS('',3,(#1854,#1855,#1856,#1857,#1858,#1859,
#1860,#1861,#1862,#1863,#1864,#1865,#1866,#1867,#1868,#1869,#1870,#1871,
#1872,#1873,#1874,#1875,#1876,#1877,#1878,#1879,#1880,#1881,#1882,#1883,
#1884,#1885,#1886,#1887,#1888,#1889),.UNSPECIFIED.,.F.,.F.,(4,1,1,1,1,1,
1,1,1,1,1,1,1,1,1,1,1,1,1,1,1,1,1,1,1,1,1,1,1,1,1,1,1,4),(0.,0.112842194539177,
0.121484027744234,0.132640584235072,0.145841199177553,0.160809289252724,
0.177357135267652,0.19534654036701,0.214670261138113,0.235241932761589,
0.256990062854934,0.279854197474313,0.303782342854799,0.328729158902101,
0.354654650614263,0.38152319374919,0.409302792376872,0.437964501845671,
0.467481972595444,0.497831084102693,0.528989647277476,0.56093715968413,
0.59365460210932,0.627124267908846,0.661329618639842,0.696255160991245,
0.731886341135302,0.768209453452188,0.805211561207282,0.842880427240925,
0.881204453102095,0.92017262534766,0.959774467957787,0.996445886473636),
 .UNSPECIFIED.);
#45=B_SPLINE_CURVE_WITH_KNOTS('',3,(#1893,#1894,#1895,#1896,#1897,#1898,
#1899,#1900,#1901,#1902,#1903,#1904,#1905,#1906,#1907,#1908,#1909,#1910,
#1911,#1912,#1913,#1914,#1915,#1916,#1917,#1918,#1919,#1920,#1921,#1922,
#1923,#1924,#1925,#1926,#1927,#1928),.UNSPECIFIED.,.F.,.F.,(4,1,1,1,1,1,
1,1,1,1,1,1,1,1,1,1,1,1,1,1,1,1,1,1,1,1,1,1,1,1,1,1,1,4),(0.,0.112842194539177,
0.121484027744234,0.132640584235072,0.145841199177553,0.160809289252724,
0.177357135267652,0.19534654036701,0.214670261138113,0.235241932761589,
0.256990062854934,0.279854197474313,0.303782342854799,0.328729158902101,
0.354654650614263,0.38152319374919,0.409302792376872,0.437964501845671,
0.467481972595444,0.497831084102693,0.528989647277476,0.56093715968413,
0.59365460210932,0.627124267908846,0.661329618639842,0.696255160991245,
0.731886341135302,0.768209453452188,0.805211561207282,0.842880427240925,
0.881204453102095,0.92017262534766,0.959774467957787,0.996445886473636),
 .UNSPECIFIED.);
#46=B_SPLINE_CURVE_WITH_KNOTS('',3,(#1929,#1930,#1931,#1932,#1933,#1934,
#1935,#1936,#1937,#1938,#1939,#1940,#1941,#1942,#1943,#1944,#1945,#1946,
#1947,#1948,#1949,#1950,#1951,#1952,#1953,#1954,#1955,#1956,#1957,#1958,
#1959,#1960,#1961,#1962,#1963,#1964),.UNSPECIFIED.,.F.,.F.,(4,1,1,1,1,1,
1,1,1,1,1,1,1,1,1,1,1,1,1,1,1,1,1,1,1,1,1,1,1,1,1,1,1,4),(0.,0.112842194539177,
0.121484027744234,0.132640584235072,0.145841199177553,0.160809289252724,
0.177357135267652,0.19534654036701,0.214670261138113,0.235241932761589,
0.256990062854934,0.279854197474313,0.303782342854799,0.328729158902101,
0.354654650614263,0.38152319374919,0.409302792376872,0.437964501845671,
0.467481972595444,0.497831084102693,0.528989647277476,0.56093715968413,
0.59365460210932,0.627124267908846,0.661329618639842,0.696255160991245,
0.731886341135302,0.768209453452188,0.805211561207282,0.842880427240925,
0.881204453102095,0.92017262534766,0.959774467957787,0.996445886473636),
 .UNSPECIFIED.);
#47=B_SPLINE_CURVE_WITH_KNOTS('',3,(#1968,#1969,#1970,#1971,#1972,#1973,
#1974,#1975,#1976,#1977,#1978,#1979,#1980,#1981,#1982,#1983,#1984,#1985,
#1986,#1987,#1988,#1989,#1990,#1991,#1992,#1993,#1994,#1995,#1996,#1997,
#1998,#1999,#2000,#2001,#2002,#2003),.UNSPECIFIED.,.F.,.F.,(4,1,1,1,1,1,
1,1,1,1,1,1,1,1,1,1,1,1,1,1,1,1,1,1,1,1,1,1,1,1,1,1,1,4),(0.,0.112842194539177,
0.121484027744234,0.132640584235072,0.145841199177553,0.160809289252724,
0.177357135267652,0.19534654036701,0.214670261138113,0.235241932761589,
0.256990062854934,0.279854197474313,0.303782342854799,0.328729158902101,
0.354654650614263,0.38152319374919,0.409302792376872,0.437964501845671,
0.467481972595444,0.497831084102693,0.528989647277476,0.56093715968413,
0.59365460210932,0.627124267908846,0.661329618639842,0.696255160991245,
0.731886341135302,0.768209453452188,0.805211561207282,0.842880427240925,
0.881204453102095,0.92017262534766,0.959774467957787,0.996445886473636),
 .UNSPECIFIED.);
#48=B_SPLINE_CURVE_WITH_KNOTS('',3,(#2004,#2005,#2006,#2007,#2008,#2009,
#2010,#2011,#2012,#2013,#2014,#2015,#2016,#2017,#2018,#2019,#2020,#2021,
#2022,#2023,#2024,#2025,#2026,#2027,#2028,#2029,#2030,#2031,#2032,#2033,
#2034,#2035,#2036,#2037,#2038,#2039),.UNSPECIFIED.,.F.,.F.,(4,1,1,1,1,1,
1,1,1,1,1,1,1,1,1,1,1,1,1,1,1,1,1,1,1,1,1,1,1,1,1,1,1,4),(0.,0.112842194539177,
0.121484027744234,0.132640584235072,0.145841199177553,0.160809289252724,
0.177357135267652,0.19534654036701,0.214670261138113,0.235241932761589,
0.256990062854934,0.279854197474313,0.303782342854799,0.328729158902101,
0.354654650614263,0.38152319374919,0.409302792376872,0.437964501845671,
0.467481972595444,0.497831084102693,0.528989647277476,0.56093715968413,
0.59365460210932,0.627124267908846,0.661329618639842,0.696255160991245,
0.731886341135302,0.768209453452188,0.805211561207282,0.842880427240925,
0.881204453102095,0.92017262534766,0.959774467957787,0.996445886473636),
 .UNSPECIFIED.);
#49=B_SPLINE_CURVE_WITH_KNOTS('',3,(#2043,#2044,#2045,#2046,#2047,#2048,
#2049,#2050,#2051,#2052,#2053,#2054,#2055,#2056,#2057,#2058,#2059,#2060,
#2061,#2062,#2063,#2064,#2065,#2066,#2067,#2068,#2069,#2070,#2071,#2072,
#2073,#2074,#2075,#2076,#2077,#2078),.UNSPECIFIED.,.F.,.F.,(4,1,1,1,1,1,
1,1,1,1,1,1,1,1,1,1,1,1,1,1,1,1,1,1,1,1,1,1,1,1,1,1,1,4),(0.,0.112842194539177,
0.121484027744234,0.132640584235072,0.145841199177553,0.160809289252724,
0.177357135267652,0.19534654036701,0.214670261138113,0.235241932761589,
0.256990062854934,0.279854197474313,0.303782342854799,0.328729158902101,
0.354654650614263,0.38152319374919,0.409302792376872,0.437964501845671,
0.467481972595444,0.497831084102693,0.528989647277476,0.56093715968413,
0.59365460210932,0.627124267908846,0.661329618639842,0.696255160991245,
0.731886341135302,0.768209453452188,0.805211561207282,0.842880427240925,
0.881204453102095,0.92017262534766,0.959774467957787,0.996445886473636),
 .UNSPECIFIED.);
#50=B_SPLINE_CURVE_WITH_KNOTS('',3,(#2079,#2080,#2081,#2082,#2083,#2084,
#2085,#2086,#2087,#2088,#2089,#2090,#2091,#2092,#2093,#2094,#2095,#2096,
#2097,#2098,#2099,#2100,#2101,#2102,#2103,#2104,#2105,#2106,#2107,#2108,
#2109,#2110,#2111,#2112,#2113,#2114),.UNSPECIFIED.,.F.,.F.,(4,1,1,1,1,1,
1,1,1,1,1,1,1,1,1,1,1,1,1,1,1,1,1,1,1,1,1,1,1,1,1,1,1,4),(0.,0.112842194539177,
0.121484027744234,0.132640584235072,0.145841199177553,0.160809289252724,
0.177357135267652,0.19534654036701,0.214670261138113,0.235241932761589,
0.256990062854934,0.279854197474313,0.303782342854799,0.328729158902101,
0.354654650614263,0.38152319374919,0.409302792376872,0.437964501845671,
0.467481972595444,0.497831084102693,0.528989647277476,0.56093715968413,
0.59365460210932,0.627124267908846,0.661329618639842,0.696255160991245,
0.731886341135302,0.768209453452188,0.805211561207282,0.842880427240925,
0.881204453102095,0.92017262534766,0.959774467957787,0.996445886473636),
 .UNSPECIFIED.);
#51=B_SPLINE_CURVE_WITH_KNOTS('',3,(#2118,#2119,#2120,#2121,#2122,#2123,
#2124,#2125,#2126,#2127,#2128,#2129,#2130,#2131,#2132,#2133,#2134,#2135,
#2136,#2137,#2138,#2139,#2140,#2141,#2142,#2143,#2144,#2145,#2146,#2147,
#2148,#2149,#2150,#2151,#2152,#2153),.UNSPECIFIED.,.F.,.F.,(4,1,1,1,1,1,
1,1,1,1,1,1,1,1,1,1,1,1,1,1,1,1,1,1,1,1,1,1,1,1,1,1,1,4),(0.,0.112842194539177,
0.121484027744234,0.132640584235072,0.145841199177553,0.160809289252724,
0.177357135267652,0.19534654036701,0.214670261138113,0.235241932761589,
0.256990062854934,0.279854197474313,0.303782342854799,0.328729158902101,
0.354654650614263,0.38152319374919,0.409302792376872,0.437964501845671,
0.467481972595444,0.497831084102693,0.528989647277476,0.56093715968413,
0.59365460210932,0.627124267908846,0.661329618639842,0.696255160991245,
0.731886341135302,0.768209453452188,0.805211561207282,0.842880427240925,
0.881204453102095,0.92017262534766,0.959774467957787,0.996445886473636),
 .UNSPECIFIED.);
#52=B_SPLINE_CURVE_WITH_KNOTS('',3,(#2154,#2155,#2156,#2157,#2158,#2159,
#2160,#2161,#2162,#2163,#2164,#2165,#2166,#2167,#2168,#2169,#2170,#2171,
#2172,#2173,#2174,#2175,#2176,#2177,#2178,#2179,#2180,#2181,#2182,#2183,
#2184,#2185,#2186,#2187,#2188,#2189),.UNSPECIFIED.,.F.,.F.,(4,1,1,1,1,1,
1,1,1,1,1,1,1,1,1,1,1,1,1,1,1,1,1,1,1,1,1,1,1,1,1,1,1,4),(0.,0.112842194539177,
0.121484027744234,0.132640584235072,0.145841199177553,0.160809289252724,
0.177357135267652,0.19534654036701,0.214670261138113,0.235241932761589,
0.256990062854934,0.279854197474313,0.303782342854799,0.328729158902101,
0.354654650614263,0.38152319374919,0.409302792376872,0.437964501845671,
0.467481972595444,0.497831084102693,0.528989647277476,0.56093715968413,
0.59365460210932,0.627124267908846,0.661329618639842,0.696255160991245,
0.731886341135302,0.768209453452188,0.805211561207282,0.842880427240925,
0.881204453102095,0.92017262534766,0.959774467957787,0.996445886473636),
 .UNSPECIFIED.);
#53=B_SPLINE_CURVE_WITH_KNOTS('',3,(#2193,#2194,#2195,#2196,#2197,#2198,
#2199,#2200,#2201,#2202,#2203,#2204,#2205,#2206,#2207,#2208,#2209,#2210,
#2211,#2212,#2213,#2214,#2215,#2216,#2217,#2218,#2219,#2220,#2221,#2222,
#2223,#2224,#2225,#2226,#2227,#2228),.UNSPECIFIED.,.F.,.F.,(4,1,1,1,1,1,
1,1,1,1,1,1,1,1,1,1,1,1,1,1,1,1,1,1,1,1,1,1,1,1,1,1,1,4),(0.,0.112842194539177,
0.121484027744234,0.132640584235072,0.145841199177553,0.160809289252724,
0.177357135267652,0.19534654036701,0.214670261138113,0.235241932761589,
0.256990062854934,0.279854197474313,0.303782342854799,0.328729158902101,
0.354654650614263,0.38152319374919,0.409302792376872,0.437964501845671,
0.467481972595444,0.497831084102693,0.528989647277476,0.56093715968413,
0.59365460210932,0.627124267908846,0.661329618639842,0.696255160991245,
0.731886341135302,0.768209453452188,0.805211561207282,0.842880427240925,
0.881204453102095,0.92017262534766,0.959774467957787,0.996445886473636),
 .UNSPECIFIED.);
#54=B_SPLINE_CURVE_WITH_KNOTS('',3,(#2229,#2230,#2231,#2232,#2233,#2234,
#2235,#2236,#2237,#2238,#2239,#2240,#2241,#2242,#2243,#2244,#2245,#2246,
#2247,#2248,#2249,#2250,#2251,#2252,#2253,#2254,#2255,#2256,#2257,#2258,
#2259,#2260,#2261,#2262,#2263,#2264),.UNSPECIFIED.,.F.,.F.,(4,1,1,1,1,1,
1,1,1,1,1,1,1,1,1,1,1,1,1,1,1,1,1,1,1,1,1,1,1,1,1,1,1,4),(0.,0.112842194539177,
0.121484027744234,0.132640584235072,0.145841199177553,0.160809289252724,
0.177357135267652,0.19534654036701,0.214670261138113,0.235241932761589,
0.256990062854934,0.279854197474313,0.303782342854799,0.328729158902101,
0.354654650614263,0.38152319374919,0.409302792376872,0.437964501845671,
0.467481972595444,0.497831084102693,0.528989647277476,0.56093715968413,
0.59365460210932,0.627124267908846,0.661329618639842,0.696255160991245,
0.731886341135302,0.768209453452188,0.805211561207282,0.842880427240925,
0.881204453102095,0.92017262534766,0.959774467957787,0.996445886473636),
 .UNSPECIFIED.);
#55=B_SPLINE_CURVE_WITH_KNOTS('',3,(#2268,#2269,#2270,#2271,#2272,#2273,
#2274,#2275,#2276,#2277,#2278,#2279,#2280,#2281,#2282,#2283,#2284,#2285,
#2286,#2287,#2288,#2289,#2290,#2291,#2292,#2293,#2294,#2295,#2296,#2297,
#2298,#2299,#2300,#2301,#2302,#2303),.UNSPECIFIED.,.F.,.F.,(4,1,1,1,1,1,
1,1,1,1,1,1,1,1,1,1,1,1,1,1,1,1,1,1,1,1,1,1,1,1,1,1,1,4),(0.,0.112842194539177,
0.121484027744234,0.132640584235072,0.145841199177553,0.160809289252724,
0.177357135267652,0.19534654036701,0.214670261138113,0.235241932761589,
0.256990062854934,0.279854197474313,0.303782342854799,0.328729158902101,
0.354654650614263,0.38152319374919,0.409302792376872,0.437964501845671,
0.467481972595444,0.497831084102693,0.528989647277476,0.56093715968413,
0.59365460210932,0.627124267908846,0.661329618639842,0.696255160991245,
0.731886341135302,0.768209453452188,0.805211561207282,0.842880427240925,
0.881204453102095,0.92017262534766,0.959774467957787,0.996445886473636),
 .UNSPECIFIED.);
#56=B_SPLINE_CURVE_WITH_KNOTS('',3,(#2304,#2305,#2306,#2307,#2308,#2309,
#2310,#2311,#2312,#2313,#2314,#2315,#2316,#2317,#2318,#2319,#2320,#2321,
#2322,#2323,#2324,#2325,#2326,#2327,#2328,#2329,#2330,#2331,#2332,#2333,
#2334,#2335,#2336,#2337,#2338,#2339),.UNSPECIFIED.,.F.,.F.,(4,1,1,1,1,1,
1,1,1,1,1,1,1,1,1,1,1,1,1,1,1,1,1,1,1,1,1,1,1,1,1,1,1,4),(0.,0.112842194539177,
0.121484027744234,0.132640584235072,0.145841199177553,0.160809289252724,
0.177357135267652,0.19534654036701,0.214670261138113,0.235241932761589,
0.256990062854934,0.279854197474313,0.303782342854799,0.328729158902101,
0.354654650614263,0.38152319374919,0.409302792376872,0.437964501845671,
0.467481972595444,0.497831084102693,0.528989647277476,0.56093715968413,
0.59365460210932,0.627124267908846,0.661329618639842,0.696255160991245,
0.731886341135302,0.768209453452188,0.805211561207282,0.842880427240925,
0.881204453102095,0.92017262534766,0.959774467957787,0.996445886473636),
 .UNSPECIFIED.);
#57=B_SPLINE_CURVE_WITH_KNOTS('',3,(#2343,#2344,#2345,#2346,#2347,#2348,
#2349,#2350,#2351,#2352,#2353,#2354,#2355,#2356,#2357,#2358,#2359,#2360,
#2361,#2362,#2363,#2364,#2365,#2366,#2367,#2368,#2369,#2370,#2371,#2372,
#2373,#2374,#2375,#2376,#2377,#2378),.UNSPECIFIED.,.F.,.F.,(4,1,1,1,1,1,
1,1,1,1,1,1,1,1,1,1,1,1,1,1,1,1,1,1,1,1,1,1,1,1,1,1,1,4),(0.,0.112842194539177,
0.121484027744234,0.132640584235072,0.145841199177553,0.160809289252724,
0.177357135267652,0.19534654036701,0.214670261138113,0.235241932761589,
0.256990062854934,0.279854197474313,0.303782342854799,0.328729158902101,
0.354654650614263,0.38152319374919,0.409302792376872,0.437964501845671,
0.467481972595444,0.497831084102693,0.528989647277476,0.56093715968413,
0.59365460210932,0.627124267908846,0.661329618639842,0.696255160991245,
0.731886341135302,0.768209453452188,0.805211561207282,0.842880427240925,
0.881204453102095,0.92017262534766,0.959774467957787,0.996445886473636),
 .UNSPECIFIED.);
#58=B_SPLINE_CURVE_WITH_KNOTS('',3,(#2379,#2380,#2381,#2382,#2383,#2384,
#2385,#2386,#2387,#2388,#2389,#2390,#2391,#2392,#2393,#2394,#2395,#2396,
#2397,#2398,#2399,#2400,#2401,#2402,#2403,#2404,#2405,#2406,#2407,#2408,
#2409,#2410,#2411,#2412,#2413,#2414),.UNSPECIFIED.,.F.,.F.,(4,1,1,1,1,1,
1,1,1,1,1,1,1,1,1,1,1,1,1,1,1,1,1,1,1,1,1,1,1,1,1,1,1,4),(0.,0.112842194539177,
0.121484027744234,0.132640584235072,0.145841199177553,0.160809289252724,
0.177357135267652,0.19534654036701,0.214670261138113,0.235241932761589,
0.256990062854934,0.279854197474313,0.303782342854799,0.328729158902101,
0.354654650614263,0.38152319374919,0.409302792376872,0.437964501845671,
0.467481972595444,0.497831084102693,0.528989647277476,0.56093715968413,
0.59365460210932,0.627124267908846,0.661329618639842,0.696255160991245,
0.731886341135302,0.768209453452188,0.805211561207282,0.842880427240925,
0.881204453102095,0.92017262534766,0.959774467957787,0.996445886473636),
 .UNSPECIFIED.);
#59=B_SPLINE_CURVE_WITH_KNOTS('',3,(#2418,#2419,#2420,#2421,#2422,#2423,
#2424,#2425,#2426,#2427,#2428,#2429,#2430,#2431,#2432,#2433,#2434,#2435,
#2436,#2437,#2438,#2439,#2440,#2441,#2442,#2443,#2444,#2445,#2446,#2447,
#2448,#2449,#2450,#2451,#2452,#2453),.UNSPECIFIED.,.F.,.F.,(4,1,1,1,1,1,
1,1,1,1,1,1,1,1,1,1,1,1,1,1,1,1,1,1,1,1,1,1,1,1,1,1,1,4),(0.,0.112842194539177,
0.121484027744234,0.132640584235072,0.145841199177553,0.160809289252724,
0.177357135267652,0.19534654036701,0.214670261138113,0.235241932761589,
0.256990062854934,0.279854197474313,0.303782342854799,0.328729158902101,
0.354654650614263,0.38152319374919,0.409302792376872,0.437964501845671,
0.467481972595444,0.497831084102693,0.528989647277476,0.56093715968413,
0.59365460210932,0.627124267908846,0.661329618639842,0.696255160991245,
0.731886341135302,0.768209453452188,0.805211561207282,0.842880427240925,
0.881204453102095,0.92017262534766,0.959774467957787,0.996445886473636),
 .UNSPECIFIED.);
#60=B_SPLINE_CURVE_WITH_KNOTS('',3,(#2454,#2455,#2456,#2457,#2458,#2459,
#2460,#2461,#2462,#2463,#2464,#2465,#2466,#2467,#2468,#2469,#2470,#2471,
#2472,#2473,#2474,#2475,#2476,#2477,#2478,#2479,#2480,#2481,#2482,#2483,
#2484,#2485,#2486,#2487,#2488,#2489),.UNSPECIFIED.,.F.,.F.,(4,1,1,1,1,1,
1,1,1,1,1,1,1,1,1,1,1,1,1,1,1,1,1,1,1,1,1,1,1,1,1,1,1,4),(0.,0.112842194539177,
0.121484027744234,0.132640584235072,0.145841199177553,0.160809289252724,
0.177357135267652,0.19534654036701,0.214670261138113,0.235241932761589,
0.256990062854934,0.279854197474313,0.303782342854799,0.328729158902101,
0.354654650614263,0.38152319374919,0.409302792376872,0.437964501845671,
0.467481972595444,0.497831084102693,0.528989647277476,0.56093715968413,
0.59365460210932,0.627124267908846,0.661329618639842,0.696255160991245,
0.731886341135302,0.768209453452188,0.805211561207282,0.842880427240925,
0.881204453102095,0.92017262534766,0.959774467957787,0.996445886473636),
 .UNSPECIFIED.);
#61=B_SPLINE_CURVE_WITH_KNOTS('',3,(#2493,#2494,#2495,#2496,#2497,#2498,
#2499,#2500,#2501,#2502,#2503,#2504,#2505,#2506,#2507,#2508,#2509,#2510,
#2511,#2512,#2513,#2514,#2515,#2516,#2517,#2518,#2519,#2520,#2521,#2522,
#2523,#2524,#2525,#2526,#2527,#2528),.UNSPECIFIED.,.F.,.F.,(4,1,1,1,1,1,
1,1,1,1,1,1,1,1,1,1,1,1,1,1,1,1,1,1,1,1,1,1,1,1,1,1,1,4),(0.,0.112842194539177,
0.121484027744234,0.132640584235072,0.145841199177553,0.160809289252724,
0.177357135267652,0.19534654036701,0.214670261138113,0.235241932761589,
0.256990062854934,0.279854197474313,0.303782342854799,0.328729158902101,
0.354654650614263,0.38152319374919,0.409302792376872,0.437964501845671,
0.467481972595444,0.497831084102693,0.528989647277476,0.56093715968413,
0.59365460210932,0.627124267908846,0.661329618639842,0.696255160991245,
0.731886341135302,0.768209453452188,0.805211561207282,0.842880427240925,
0.881204453102095,0.92017262534766,0.959774467957787,0.996445886473636),
 .UNSPECIFIED.);
#62=B_SPLINE_CURVE_WITH_KNOTS('',3,(#2529,#2530,#2531,#2532,#2533,#2534,
#2535,#2536,#2537,#2538,#2539,#2540,#2541,#2542,#2543,#2544,#2545,#2546,
#2547,#2548,#2549,#2550,#2551,#2552,#2553,#2554,#2555,#2556,#2557,#2558,
#2559,#2560,#2561,#2562,#2563,#2564),.UNSPECIFIED.,.F.,.F.,(4,1,1,1,1,1,
1,1,1,1,1,1,1,1,1,1,1,1,1,1,1,1,1,1,1,1,1,1,1,1,1,1,1,4),(0.,0.112842194539177,
0.121484027744234,0.132640584235072,0.145841199177553,0.160809289252724,
0.177357135267652,0.19534654036701,0.214670261138113,0.235241932761589,
0.256990062854934,0.279854197474313,0.303782342854799,0.328729158902101,
0.354654650614263,0.38152319374919,0.409302792376872,0.437964501845671,
0.467481972595444,0.497831084102693,0.528989647277476,0.56093715968413,
0.59365460210932,0.627124267908846,0.661329618639842,0.696255160991245,
0.731886341135302,0.768209453452188,0.805211561207282,0.842880427240925,
0.881204453102095,0.92017262534766,0.959774467957787,0.996445886473636),
 .UNSPECIFIED.);
#63=B_SPLINE_CURVE_WITH_KNOTS('',3,(#2568,#2569,#2570,#2571,#2572,#2573,
#2574,#2575,#2576,#2577,#2578,#2579,#2580,#2581,#2582,#2583,#2584,#2585,
#2586,#2587,#2588,#2589,#2590,#2591,#2592,#2593,#2594,#2595,#2596,#2597,
#2598,#2599,#2600,#2601,#2602,#2603),.UNSPECIFIED.,.F.,.F.,(4,1,1,1,1,1,
1,1,1,1,1,1,1,1,1,1,1,1,1,1,1,1,1,1,1,1,1,1,1,1,1,1,1,4),(0.,0.112842194539177,
0.121484027744234,0.132640584235072,0.145841199177553,0.160809289252724,
0.177357135267652,0.19534654036701,0.214670261138113,0.235241932761589,
0.256990062854934,0.279854197474313,0.303782342854799,0.328729158902101,
0.354654650614263,0.38152319374919,0.409302792376872,0.437964501845671,
0.467481972595444,0.497831084102693,0.528989647277476,0.56093715968413,
0.59365460210932,0.627124267908846,0.661329618639842,0.696255160991245,
0.731886341135302,0.768209453452188,0.805211561207282,0.842880427240925,
0.881204453102095,0.92017262534766,0.959774467957787,0.996445886473636),
 .UNSPECIFIED.);
#64=B_SPLINE_CURVE_WITH_KNOTS('',3,(#2604,#2605,#2606,#2607,#2608,#2609,
#2610,#2611,#2612,#2613,#2614,#2615,#2616,#2617,#2618,#2619,#2620,#2621,
#2622,#2623,#2624,#2625,#2626,#2627,#2628,#2629,#2630,#2631,#2632,#2633,
#2634,#2635,#2636,#2637,#2638,#2639),.UNSPECIFIED.,.F.,.F.,(4,1,1,1,1,1,
1,1,1,1,1,1,1,1,1,1,1,1,1,1,1,1,1,1,1,1,1,1,1,1,1,1,1,4),(0.,0.112842194539177,
0.121484027744234,0.132640584235072,0.145841199177553,0.160809289252724,
0.177357135267652,0.19534654036701,0.214670261138113,0.235241932761589,
0.256990062854934,0.279854197474313,0.303782342854799,0.328729158902101,
0.354654650614263,0.38152319374919,0.409302792376872,0.437964501845671,
0.467481972595444,0.497831084102693,0.528989647277476,0.56093715968413,
0.59365460210932,0.627124267908846,0.661329618639842,0.696255160991245,
0.731886341135302,0.768209453452188,0.805211561207282,0.842880427240925,
0.881204453102095,0.92017262534766,0.959774467957787,0.996445886473636),
 .UNSPECIFIED.);
#65=B_SPLINE_CURVE_WITH_KNOTS('',3,(#2643,#2644,#2645,#2646,#2647,#2648,
#2649,#2650,#2651,#2652,#2653,#2654,#2655,#2656,#2657,#2658,#2659,#2660,
#2661,#2662,#2663,#2664,#2665,#2666,#2667,#2668,#2669,#2670,#2671,#2672,
#2673,#2674,#2675,#2676,#2677,#2678),.UNSPECIFIED.,.F.,.F.,(4,1,1,1,1,1,
1,1,1,1,1,1,1,1,1,1,1,1,1,1,1,1,1,1,1,1,1,1,1,1,1,1,1,4),(0.,0.112842194539177,
0.121484027744234,0.132640584235072,0.145841199177553,0.160809289252724,
0.177357135267652,0.19534654036701,0.214670261138113,0.235241932761589,
0.256990062854934,0.279854197474313,0.303782342854799,0.328729158902101,
0.354654650614263,0.38152319374919,0.409302792376872,0.437964501845671,
0.467481972595444,0.497831084102693,0.528989647277476,0.56093715968413,
0.59365460210932,0.627124267908846,0.661329618639842,0.696255160991245,
0.731886341135302,0.768209453452188,0.805211561207282,0.842880427240925,
0.881204453102095,0.92017262534766,0.959774467957787,0.996445886473636),
 .UNSPECIFIED.);
#66=B_SPLINE_CURVE_WITH_KNOTS('',3,(#2679,#2680,#2681,#2682,#2683,#2684,
#2685,#2686,#2687,#2688,#2689,#2690,#2691,#2692,#2693,#2694,#2695,#2696,
#2697,#2698,#2699,#2700,#2701,#2702,#2703,#2704,#2705,#2706,#2707,#2708,
#2709,#2710,#2711,#2712,#2713,#2714),.UNSPECIFIED.,.F.,.F.,(4,1,1,1,1,1,
1,1,1,1,1,1,1,1,1,1,1,1,1,1,1,1,1,1,1,1,1,1,1,1,1,1,1,4),(0.,0.112842194539177,
0.121484027744234,0.132640584235072,0.145841199177553,0.160809289252724,
0.177357135267652,0.19534654036701,0.214670261138113,0.235241932761589,
0.256990062854934,0.279854197474313,0.303782342854799,0.328729158902101,
0.354654650614263,0.38152319374919,0.409302792376872,0.437964501845671,
0.467481972595444,0.497831084102693,0.528989647277476,0.56093715968413,
0.59365460210932,0.627124267908846,0.661329618639842,0.696255160991245,
0.731886341135302,0.768209453452188,0.805211561207282,0.842880427240925,
0.881204453102095,0.92017262534766,0.959774467957787,0.996445886473636),
 .UNSPECIFIED.);
#67=B_SPLINE_CURVE_WITH_KNOTS('',3,(#2718,#2719,#2720,#2721,#2722,#2723,
#2724,#2725,#2726,#2727,#2728,#2729,#2730,#2731,#2732,#2733,#2734,#2735,
#2736,#2737,#2738,#2739,#2740,#2741,#2742,#2743,#2744,#2745,#2746,#2747,
#2748,#2749,#2750,#2751,#2752,#2753),.UNSPECIFIED.,.F.,.F.,(4,1,1,1,1,1,
1,1,1,1,1,1,1,1,1,1,1,1,1,1,1,1,1,1,1,1,1,1,1,1,1,1,1,4),(0.,0.112842194539177,
0.121484027744234,0.132640584235072,0.145841199177553,0.160809289252724,
0.177357135267652,0.19534654036701,0.214670261138113,0.235241932761589,
0.256990062854934,0.279854197474313,0.303782342854799,0.328729158902101,
0.354654650614263,0.38152319374919,0.409302792376872,0.437964501845671,
0.467481972595444,0.497831084102693,0.528989647277476,0.56093715968413,
0.59365460210932,0.627124267908846,0.661329618639842,0.696255160991245,
0.731886341135302,0.768209453452188,0.805211561207282,0.842880427240925,
0.881204453102095,0.92017262534766,0.959774467957787,0.996445886473636),
 .UNSPECIFIED.);
#68=B_SPLINE_CURVE_WITH_KNOTS('',3,(#2754,#2755,#2756,#2757,#2758,#2759,
#2760,#2761,#2762,#2763,#2764,#2765,#2766,#2767,#2768,#2769,#2770,#2771,
#2772,#2773,#2774,#2775,#2776,#2777,#2778,#2779,#2780,#2781,#2782,#2783,
#2784,#2785,#2786,#2787,#2788,#2789),.UNSPECIFIED.,.F.,.F.,(4,1,1,1,1,1,
1,1,1,1,1,1,1,1,1,1,1,1,1,1,1,1,1,1,1,1,1,1,1,1,1,1,1,4),(0.,0.112842194539177,
0.121484027744234,0.132640584235072,0.145841199177553,0.160809289252724,
0.177357135267652,0.19534654036701,0.214670261138113,0.235241932761589,
0.256990062854934,0.279854197474313,0.303782342854799,0.328729158902101,
0.354654650614263,0.38152319374919,0.409302792376872,0.437964501845671,
0.467481972595444,0.497831084102693,0.528989647277476,0.56093715968413,
0.59365460210932,0.627124267908846,0.661329618639842,0.696255160991245,
0.731886341135302,0.768209453452188,0.805211561207282,0.842880427240925,
0.881204453102095,0.92017262534766,0.959774467957787,0.996445886473636),
 .UNSPECIFIED.);
#69=B_SPLINE_CURVE_WITH_KNOTS('',3,(#2793,#2794,#2795,#2796,#2797,#2798,
#2799,#2800,#2801,#2802,#2803,#2804,#2805,#2806,#2807,#2808,#2809,#2810,
#2811,#2812,#2813,#2814,#2815,#2816,#2817,#2818,#2819,#2820,#2821,#2822,
#2823,#2824,#2825,#2826,#2827,#2828),.UNSPECIFIED.,.F.,.F.,(4,1,1,1,1,1,
1,1,1,1,1,1,1,1,1,1,1,1,1,1,1,1,1,1,1,1,1,1,1,1,1,1,1,4),(0.,0.112842194539177,
0.121484027744234,0.132640584235072,0.145841199177553,0.160809289252724,
0.177357135267652,0.19534654036701,0.214670261138113,0.235241932761589,
0.256990062854934,0.279854197474313,0.303782342854799,0.328729158902101,
0.354654650614263,0.38152319374919,0.409302792376872,0.437964501845671,
0.467481972595444,0.497831084102693,0.528989647277476,0.56093715968413,
0.59365460210932,0.627124267908846,0.661329618639842,0.696255160991245,
0.731886341135302,0.768209453452188,0.805211561207282,0.842880427240925,
0.881204453102095,0.92017262534766,0.959774467957787,0.996445886473636),
 .UNSPECIFIED.);
#70=B_SPLINE_CURVE_WITH_KNOTS('',3,(#2829,#2830,#2831,#2832,#2833,#2834,
#2835,#2836,#2837,#2838,#2839,#2840,#2841,#2842,#2843,#2844,#2845,#2846,
#2847,#2848,#2849,#2850,#2851,#2852,#2853,#2854,#2855,#2856,#2857,#2858,
#2859,#2860,#2861,#2862,#2863,#2864),.UNSPECIFIED.,.F.,.F.,(4,1,1,1,1,1,
1,1,1,1,1,1,1,1,1,1,1,1,1,1,1,1,1,1,1,1,1,1,1,1,1,1,1,4),(0.,0.112842194539177,
0.121484027744234,0.132640584235072,0.145841199177553,0.160809289252724,
0.177357135267652,0.19534654036701,0.214670261138113,0.235241932761589,
0.256990062854934,0.279854197474313,0.303782342854799,0.328729158902101,
0.354654650614263,0.38152319374919,0.409302792376872,0.437964501845671,
0.467481972595444,0.497831084102693,0.528989647277476,0.56093715968413,
0.59365460210932,0.627124267908846,0.661329618639842,0.696255160991245,
0.731886341135302,0.768209453452188,0.805211561207282,0.842880427240925,
0.881204453102095,0.92017262534766,0.959774467957787,0.996445886473636),
 .UNSPECIFIED.);
#71=B_SPLINE_CURVE_WITH_KNOTS('',3,(#2868,#2869,#2870,#2871,#2872,#2873,
#2874,#2875,#2876,#2877,#2878,#2879,#2880,#2881,#2882,#2883,#2884,#2885,
#2886,#2887,#2888,#2889,#2890,#2891,#2892,#2893,#2894,#2895,#2896,#2897,
#2898,#2899,#2900,#2901,#2902,#2903),.UNSPECIFIED.,.F.,.F.,(4,1,1,1,1,1,
1,1,1,1,1,1,1,1,1,1,1,1,1,1,1,1,1,1,1,1,1,1,1,1,1,1,1,4),(0.,0.112842194539177,
0.121484027744234,0.132640584235072,0.145841199177553,0.160809289252724,
0.177357135267652,0.19534654036701,0.214670261138113,0.235241932761589,
0.256990062854934,0.279854197474313,0.303782342854799,0.328729158902101,
0.354654650614263,0.38152319374919,0.409302792376872,0.437964501845671,
0.467481972595444,0.497831084102693,0.528989647277476,0.56093715968413,
0.59365460210932,0.627124267908846,0.661329618639842,0.696255160991245,
0.731886341135302,0.768209453452188,0.805211561207282,0.842880427240925,
0.881204453102095,0.92017262534766,0.959774467957787,0.996445886473636),
 .UNSPECIFIED.);
#72=B_SPLINE_CURVE_WITH_KNOTS('',3,(#2904,#2905,#2906,#2907,#2908,#2909,
#2910,#2911,#2912,#2913,#2914,#2915,#2916,#2917,#2918,#2919,#2920,#2921,
#2922,#2923,#2924,#2925,#2926,#2927,#2928,#2929,#2930,#2931,#2932,#2933,
#2934,#2935,#2936,#2937,#2938,#2939),.UNSPECIFIED.,.F.,.F.,(4,1,1,1,1,1,
1,1,1,1,1,1,1,1,1,1,1,1,1,1,1,1,1,1,1,1,1,1,1,1,1,1,1,4),(0.,0.112842194539177,
0.121484027744234,0.132640584235072,0.145841199177553,0.160809289252724,
0.177357135267652,0.19534654036701,0.214670261138113,0.235241932761589,
0.256990062854934,0.279854197474313,0.303782342854799,0.328729158902101,
0.354654650614263,0.38152319374919,0.409302792376872,0.437964501845671,
0.467481972595444,0.497831084102693,0.528989647277476,0.56093715968413,
0.59365460210932,0.627124267908846,0.661329618639842,0.696255160991245,
0.731886341135302,0.768209453452188,0.805211561207282,0.842880427240925,
0.881204453102095,0.92017262534766,0.959774467957787,0.996445886473636),
 .UNSPECIFIED.);
#73=B_SPLINE_CURVE_WITH_KNOTS('',3,(#2943,#2944,#2945,#2946,#2947,#2948,
#2949,#2950,#2951,#2952,#2953,#2954,#2955,#2956,#2957,#2958,#2959,#2960,
#2961,#2962,#2963,#2964,#2965,#2966,#2967,#2968,#2969,#2970,#2971,#2972,
#2973,#2974,#2975,#2976,#2977,#2978),.UNSPECIFIED.,.F.,.F.,(4,1,1,1,1,1,
1,1,1,1,1,1,1,1,1,1,1,1,1,1,1,1,1,1,1,1,1,1,1,1,1,1,1,4),(0.,0.112842194539177,
0.121484027744234,0.132640584235072,0.145841199177553,0.160809289252724,
0.177357135267652,0.19534654036701,0.214670261138113,0.235241932761589,
0.256990062854934,0.279854197474313,0.303782342854799,0.328729158902101,
0.354654650614263,0.38152319374919,0.409302792376872,0.437964501845671,
0.467481972595444,0.497831084102693,0.528989647277476,0.56093715968413,
0.59365460210932,0.627124267908846,0.661329618639842,0.696255160991245,
0.731886341135302,0.768209453452188,0.805211561207282,0.842880427240925,
0.881204453102095,0.92017262534766,0.959774467957787,0.996445886473636),
 .UNSPECIFIED.);
#74=B_SPLINE_CURVE_WITH_KNOTS('',3,(#2979,#2980,#2981,#2982,#2983,#2984,
#2985,#2986,#2987,#2988,#2989,#2990,#2991,#2992,#2993,#2994,#2995,#2996,
#2997,#2998,#2999,#3000,#3001,#3002,#3003,#3004,#3005,#3006,#3007,#3008,
#3009,#3010,#3011,#3012,#3013,#3014),.UNSPECIFIED.,.F.,.F.,(4,1,1,1,1,1,
1,1,1,1,1,1,1,1,1,1,1,1,1,1,1,1,1,1,1,1,1,1,1,1,1,1,1,4),(0.,0.112842194539177,
0.121484027744234,0.132640584235072,0.145841199177553,0.160809289252724,
0.177357135267652,0.19534654036701,0.214670261138113,0.235241932761589,
0.256990062854934,0.279854197474313,0.303782342854799,0.328729158902101,
0.354654650614263,0.38152319374919,0.409302792376872,0.437964501845671,
0.467481972595444,0.497831084102693,0.528989647277476,0.56093715968413,
0.59365460210932,0.627124267908846,0.661329618639842,0.696255160991245,
0.731886341135302,0.768209453452188,0.805211561207282,0.842880427240925,
0.881204453102095,0.92017262534766,0.959774467957787,0.996445886473636),
 .UNSPECIFIED.);
#75=B_SPLINE_CURVE_WITH_KNOTS('',3,(#3018,#3019,#3020,#3021,#3022,#3023,
#3024,#3025,#3026,#3027,#3028,#3029,#3030,#3031,#3032,#3033,#3034,#3035,
#3036,#3037,#3038,#3039,#3040,#3041,#3042,#3043,#3044,#3045,#3046,#3047,
#3048,#3049,#3050,#3051,#3052,#3053),.UNSPECIFIED.,.F.,.F.,(4,1,1,1,1,1,
1,1,1,1,1,1,1,1,1,1,1,1,1,1,1,1,1,1,1,1,1,1,1,1,1,1,1,4),(0.,0.112842194539177,
0.121484027744234,0.132640584235072,0.145841199177553,0.160809289252724,
0.177357135267652,0.19534654036701,0.214670261138113,0.235241932761589,
0.256990062854934,0.279854197474313,0.303782342854799,0.328729158902101,
0.354654650614263,0.38152319374919,0.409302792376872,0.437964501845671,
0.467481972595444,0.497831084102693,0.528989647277476,0.56093715968413,
0.59365460210932,0.627124267908846,0.661329618639842,0.696255160991245,
0.731886341135302,0.768209453452188,0.805211561207282,0.842880427240925,
0.881204453102095,0.92017262534766,0.959774467957787,0.996445886473636),
 .UNSPECIFIED.);
#76=B_SPLINE_CURVE_WITH_KNOTS('',3,(#3060,#3061,#3062,#3063,#3064,#3065,
#3066,#3067,#3068,#3069,#3070,#3071,#3072,#3073,#3074,#3075,#3076,#3077,
#3078,#3079,#3080,#3081,#3082,#3083,#3084,#3085,#3086,#3087,#3088,#3089,
#3090,#3091,#3092,#3093,#3094,#3095),.UNSPECIFIED.,.F.,.F.,(4,1,1,1,1,1,
1,1,1,1,1,1,1,1,1,1,1,1,1,1,1,1,1,1,1,1,1,1,1,1,1,1,1,4),(0.,0.112842194539177,
0.121484027744234,0.132640584235072,0.145841199177553,0.160809289252724,
0.177357135267652,0.19534654036701,0.214670261138113,0.235241932761589,
0.256990062854934,0.279854197474313,0.303782342854799,0.328729158902101,
0.354654650614263,0.38152319374919,0.409302792376872,0.437964501845671,
0.467481972595444,0.497831084102693,0.528989647277476,0.56093715968413,
0.59365460210932,0.627124267908846,0.661329618639842,0.696255160991245,
0.731886341135302,0.768209453452188,0.805211561207282,0.842880427240925,
0.881204453102095,0.92017262534766,0.959774467957787,0.996445886473636),
 .UNSPECIFIED.);
#77=B_SPLINE_CURVE_WITH_KNOTS('',3,(#3096,#3097,#3098,#3099,#3100,#3101,
#3102,#3103,#3104,#3105,#3106,#3107,#3108,#3109,#3110,#3111,#3112,#3113,
#3114,#3115,#3116,#3117,#3118,#3119,#3120,#3121,#3122,#3123,#3124,#3125,
#3126,#3127,#3128,#3129,#3130,#3131),.UNSPECIFIED.,.F.,.F.,(4,1,1,1,1,1,
1,1,1,1,1,1,1,1,1,1,1,1,1,1,1,1,1,1,1,1,1,1,1,1,1,1,1,4),(0.,0.112842194539177,
0.121484027744234,0.132640584235072,0.145841199177553,0.160809289252724,
0.177357135267652,0.19534654036701,0.214670261138113,0.235241932761589,
0.256990062854934,0.279854197474313,0.303782342854799,0.328729158902101,
0.354654650614263,0.38152319374919,0.409302792376872,0.437964501845671,
0.467481972595444,0.497831084102693,0.528989647277476,0.56093715968413,
0.59365460210932,0.627124267908846,0.661329618639842,0.696255160991245,
0.731886341135302,0.768209453452188,0.805211561207282,0.842880427240925,
0.881204453102095,0.92017262534766,0.959774467957787,0.996445886473636),
 .UNSPECIFIED.);
#78=B_SPLINE_CURVE_WITH_KNOTS('',3,(#3135,#3136,#3137,#3138,#3139,#3140,
#3141,#3142,#3143,#3144,#3145,#3146,#3147,#3148,#3149,#3150,#3151,#3152,
#3153,#3154,#3155,#3156,#3157,#3158,#3159,#3160,#3161,#3162,#3163,#3164,
#3165,#3166,#3167,#3168,#3169,#3170),.UNSPECIFIED.,.F.,.F.,(4,1,1,1,1,1,
1,1,1,1,1,1,1,1,1,1,1,1,1,1,1,1,1,1,1,1,1,1,1,1,1,1,1,4),(0.,0.112842194539177,
0.121484027744234,0.132640584235072,0.145841199177553,0.160809289252724,
0.177357135267652,0.19534654036701,0.214670261138113,0.235241932761589,
0.256990062854934,0.279854197474313,0.303782342854799,0.328729158902101,
0.354654650614263,0.38152319374919,0.409302792376872,0.437964501845671,
0.467481972595444,0.497831084102693,0.528989647277476,0.56093715968413,
0.59365460210932,0.627124267908846,0.661329618639842,0.696255160991245,
0.731886341135302,0.768209453452188,0.805211561207282,0.842880427240925,
0.881204453102095,0.92017262534766,0.959774467957787,0.996445886473636),
 .UNSPECIFIED.);
#79=B_SPLINE_CURVE_WITH_KNOTS('',3,(#3171,#3172,#3173,#3174,#3175,#3176,
#3177,#3178,#3179,#3180,#3181,#3182,#3183,#3184,#3185,#3186,#3187,#3188,
#3189,#3190,#3191,#3192,#3193,#3194,#3195,#3196,#3197,#3198,#3199,#3200,
#3201,#3202,#3203,#3204,#3205,#3206),.UNSPECIFIED.,.F.,.F.,(4,1,1,1,1,1,
1,1,1,1,1,1,1,1,1,1,1,1,1,1,1,1,1,1,1,1,1,1,1,1,1,1,1,4),(0.,0.112842194539177,
0.121484027744234,0.132640584235072,0.145841199177553,0.160809289252724,
0.177357135267652,0.19534654036701,0.214670261138113,0.235241932761589,
0.256990062854934,0.279854197474313,0.303782342854799,0.328729158902101,
0.354654650614263,0.38152319374919,0.409302792376872,0.437964501845671,
0.467481972595444,0.497831084102693,0.528989647277476,0.56093715968413,
0.59365460210932,0.627124267908846,0.661329618639842,0.696255160991245,
0.731886341135302,0.768209453452188,0.805211561207282,0.842880427240925,
0.881204453102095,0.92017262534766,0.959774467957787,0.996445886473636),
 .UNSPECIFIED.);
#80=B_SPLINE_CURVE_WITH_KNOTS('',3,(#3210,#3211,#3212,#3213,#3214,#3215,
#3216,#3217,#3218,#3219,#3220,#3221,#3222,#3223,#3224,#3225,#3226,#3227,
#3228,#3229,#3230,#3231,#3232,#3233,#3234,#3235,#3236,#3237,#3238,#3239,
#3240,#3241,#3242,#3243,#3244,#3245),.UNSPECIFIED.,.F.,.F.,(4,1,1,1,1,1,
1,1,1,1,1,1,1,1,1,1,1,1,1,1,1,1,1,1,1,1,1,1,1,1,1,1,1,4),(0.,0.112842194539177,
0.121484027744234,0.132640584235072,0.145841199177553,0.160809289252724,
0.177357135267652,0.19534654036701,0.214670261138113,0.235241932761589,
0.256990062854934,0.279854197474313,0.303782342854799,0.328729158902101,
0.354654650614263,0.38152319374919,0.409302792376872,0.437964501845671,
0.467481972595444,0.497831084102693,0.528989647277476,0.56093715968413,
0.59365460210932,0.627124267908846,0.661329618639842,0.696255160991245,
0.731886341135302,0.768209453452188,0.805211561207282,0.842880427240925,
0.881204453102095,0.92017262534766,0.959774467957787,0.996445886473636),
 .UNSPECIFIED.);
#81=B_SPLINE_CURVE_WITH_KNOTS('',3,(#3246,#3247,#3248,#3249,#3250,#3251,
#3252,#3253,#3254,#3255,#3256,#3257,#3258,#3259,#3260,#3261,#3262,#3263,
#3264,#3265,#3266,#3267,#3268,#3269,#3270,#3271,#3272,#3273,#3274,#3275,
#3276,#3277,#3278,#3279,#3280,#3281),.UNSPECIFIED.,.F.,.F.,(4,1,1,1,1,1,
1,1,1,1,1,1,1,1,1,1,1,1,1,1,1,1,1,1,1,1,1,1,1,1,1,1,1,4),(0.,0.112842194539177,
0.121484027744234,0.132640584235072,0.145841199177553,0.160809289252724,
0.177357135267652,0.19534654036701,0.214670261138113,0.235241932761589,
0.256990062854934,0.279854197474313,0.303782342854799,0.328729158902101,
0.354654650614263,0.38152319374919,0.409302792376872,0.437964501845671,
0.467481972595444,0.497831084102693,0.528989647277476,0.56093715968413,
0.59365460210932,0.627124267908846,0.661329618639842,0.696255160991245,
0.731886341135302,0.768209453452188,0.805211561207282,0.842880427240925,
0.881204453102095,0.92017262534766,0.959774467957787,0.996445886473636),
 .UNSPECIFIED.);
#82=B_SPLINE_CURVE_WITH_KNOTS('',3,(#3285,#3286,#3287,#3288,#3289,#3290,
#3291,#3292,#3293,#3294,#3295,#3296,#3297,#3298,#3299,#3300,#3301,#3302,
#3303,#3304,#3305,#3306,#3307,#3308,#3309,#3310,#3311,#3312,#3313,#3314,
#3315,#3316,#3317,#3318,#3319,#3320),.UNSPECIFIED.,.F.,.F.,(4,1,1,1,1,1,
1,1,1,1,1,1,1,1,1,1,1,1,1,1,1,1,1,1,1,1,1,1,1,1,1,1,1,4),(0.,0.112842194539177,
0.121484027744234,0.132640584235072,0.145841199177553,0.160809289252724,
0.177357135267652,0.19534654036701,0.214670261138113,0.235241932761589,
0.256990062854934,0.279854197474313,0.303782342854799,0.328729158902101,
0.354654650614263,0.38152319374919,0.409302792376872,0.437964501845671,
0.467481972595444,0.497831084102693,0.528989647277476,0.56093715968413,
0.59365460210932,0.627124267908846,0.661329618639842,0.696255160991245,
0.731886341135302,0.768209453452188,0.805211561207282,0.842880427240925,
0.881204453102095,0.92017262534766,0.959774467957787,0.996445886473636),
 .UNSPECIFIED.);
#83=B_SPLINE_CURVE_WITH_KNOTS('',3,(#3321,#3322,#3323,#3324,#3325,#3326,
#3327,#3328,#3329,#3330,#3331,#3332,#3333,#3334,#3335,#3336,#3337,#3338,
#3339,#3340,#3341,#3342,#3343,#3344,#3345,#3346,#3347,#3348,#3349,#3350,
#3351,#3352,#3353,#3354,#3355,#3356),.UNSPECIFIED.,.F.,.F.,(4,1,1,1,1,1,
1,1,1,1,1,1,1,1,1,1,1,1,1,1,1,1,1,1,1,1,1,1,1,1,1,1,1,4),(0.,0.112842194539177,
0.121484027744234,0.132640584235072,0.145841199177553,0.160809289252724,
0.177357135267652,0.19534654036701,0.214670261138113,0.235241932761589,
0.256990062854934,0.279854197474313,0.303782342854799,0.328729158902101,
0.354654650614263,0.38152319374919,0.409302792376872,0.437964501845671,
0.467481972595444,0.497831084102693,0.528989647277476,0.56093715968413,
0.59365460210932,0.627124267908846,0.661329618639842,0.696255160991245,
0.731886341135302,0.768209453452188,0.805211561207282,0.842880427240925,
0.881204453102095,0.92017262534766,0.959774467957787,0.996445886473636),
 .UNSPECIFIED.);
#84=B_SPLINE_CURVE_WITH_KNOTS('',3,(#3360,#3361,#3362,#3363,#3364,#3365,
#3366,#3367,#3368,#3369,#3370,#3371,#3372,#3373,#3374,#3375,#3376,#3377,
#3378,#3379,#3380,#3381,#3382,#3383,#3384,#3385,#3386,#3387,#3388,#3389,
#3390,#3391,#3392,#3393,#3394,#3395),.UNSPECIFIED.,.F.,.F.,(4,1,1,1,1,1,
1,1,1,1,1,1,1,1,1,1,1,1,1,1,1,1,1,1,1,1,1,1,1,1,1,1,1,4),(0.,0.112842194539177,
0.121484027744234,0.132640584235072,0.145841199177553,0.160809289252724,
0.177357135267652,0.19534654036701,0.214670261138113,0.235241932761589,
0.256990062854934,0.279854197474313,0.303782342854799,0.328729158902101,
0.354654650614263,0.38152319374919,0.409302792376872,0.437964501845671,
0.467481972595444,0.497831084102693,0.528989647277476,0.56093715968413,
0.59365460210932,0.627124267908846,0.661329618639842,0.696255160991245,
0.731886341135302,0.768209453452188,0.805211561207282,0.842880427240925,
0.881204453102095,0.92017262534766,0.959774467957787,0.996445886473636),
 .UNSPECIFIED.);
#85=B_SPLINE_CURVE_WITH_KNOTS('',3,(#3396,#3397,#3398,#3399,#3400,#3401,
#3402,#3403,#3404,#3405,#3406,#3407,#3408,#3409,#3410,#3411,#3412,#3413,
#3414,#3415,#3416,#3417,#3418,#3419,#3420,#3421,#3422,#3423,#3424,#3425,
#3426,#3427,#3428,#3429,#3430,#3431),.UNSPECIFIED.,.F.,.F.,(4,1,1,1,1,1,
1,1,1,1,1,1,1,1,1,1,1,1,1,1,1,1,1,1,1,1,1,1,1,1,1,1,1,4),(0.,0.112842194539177,
0.121484027744234,0.132640584235072,0.145841199177553,0.160809289252724,
0.177357135267652,0.19534654036701,0.214670261138113,0.235241932761589,
0.256990062854934,0.279854197474313,0.303782342854799,0.328729158902101,
0.354654650614263,0.38152319374919,0.409302792376872,0.437964501845671,
0.467481972595444,0.497831084102693,0.528989647277476,0.56093715968413,
0.59365460210932,0.627124267908846,0.661329618639842,0.696255160991245,
0.731886341135302,0.768209453452188,0.805211561207282,0.842880427240925,
0.881204453102095,0.92017262534766,0.959774467957787,0.996445886473636),
 .UNSPECIFIED.);
#86=B_SPLINE_CURVE_WITH_KNOTS('',3,(#3435,#3436,#3437,#3438,#3439,#3440,
#3441,#3442,#3443,#3444,#3445,#3446,#3447,#3448,#3449,#3450,#3451,#3452,
#3453,#3454,#3455,#3456,#3457,#3458,#3459,#3460,#3461,#3462,#3463,#3464,
#3465,#3466,#3467,#3468,#3469,#3470),.UNSPECIFIED.,.F.,.F.,(4,1,1,1,1,1,
1,1,1,1,1,1,1,1,1,1,1,1,1,1,1,1,1,1,1,1,1,1,1,1,1,1,1,4),(0.,0.112842194539177,
0.121484027744234,0.132640584235072,0.145841199177553,0.160809289252724,
0.177357135267652,0.19534654036701,0.214670261138113,0.235241932761589,
0.256990062854934,0.279854197474313,0.303782342854799,0.328729158902101,
0.354654650614263,0.38152319374919,0.409302792376872,0.437964501845671,
0.467481972595444,0.497831084102693,0.528989647277476,0.56093715968413,
0.59365460210932,0.627124267908846,0.661329618639842,0.696255160991245,
0.731886341135302,0.768209453452188,0.805211561207282,0.842880427240925,
0.881204453102095,0.92017262534766,0.959774467957787,0.996445886473636),
 .UNSPECIFIED.);
#87=B_SPLINE_CURVE_WITH_KNOTS('',3,(#3471,#3472,#3473,#3474,#3475,#3476,
#3477,#3478,#3479,#3480,#3481,#3482,#3483,#3484,#3485,#3486,#3487,#3488,
#3489,#3490,#3491,#3492,#3493,#3494,#3495,#3496,#3497,#3498,#3499,#3500,
#3501,#3502,#3503,#3504,#3505,#3506),.UNSPECIFIED.,.F.,.F.,(4,1,1,1,1,1,
1,1,1,1,1,1,1,1,1,1,1,1,1,1,1,1,1,1,1,1,1,1,1,1,1,1,1,4),(0.,0.112842194539177,
0.121484027744234,0.132640584235072,0.145841199177553,0.160809289252724,
0.177357135267652,0.19534654036701,0.214670261138113,0.235241932761589,
0.256990062854934,0.279854197474313,0.303782342854799,0.328729158902101,
0.354654650614263,0.38152319374919,0.409302792376872,0.437964501845671,
0.467481972595444,0.497831084102693,0.528989647277476,0.56093715968413,
0.59365460210932,0.627124267908846,0.661329618639842,0.696255160991245,
0.731886341135302,0.768209453452188,0.805211561207282,0.842880427240925,
0.881204453102095,0.92017262534766,0.959774467957787,0.996445886473636),
 .UNSPECIFIED.);
#88=B_SPLINE_CURVE_WITH_KNOTS('',3,(#3510,#3511,#3512,#3513,#3514,#3515,
#3516,#3517,#3518,#3519,#3520,#3521,#3522,#3523,#3524,#3525,#3526,#3527,
#3528,#3529,#3530,#3531,#3532,#3533,#3534,#3535,#3536,#3537,#3538,#3539,
#3540,#3541,#3542,#3543,#3544,#3545),.UNSPECIFIED.,.F.,.F.,(4,1,1,1,1,1,
1,1,1,1,1,1,1,1,1,1,1,1,1,1,1,1,1,1,1,1,1,1,1,1,1,1,1,4),(0.,0.112842194539177,
0.121484027744234,0.132640584235072,0.145841199177553,0.160809289252724,
0.177357135267652,0.19534654036701,0.214670261138113,0.235241932761589,
0.256990062854934,0.279854197474313,0.303782342854799,0.328729158902101,
0.354654650614263,0.38152319374919,0.409302792376872,0.437964501845671,
0.467481972595444,0.497831084102693,0.528989647277476,0.56093715968413,
0.59365460210932,0.627124267908846,0.661329618639842,0.696255160991245,
0.731886341135302,0.768209453452188,0.805211561207282,0.842880427240925,
0.881204453102095,0.92017262534766,0.959774467957787,0.996445886473636),
 .UNSPECIFIED.);
#89=B_SPLINE_CURVE_WITH_KNOTS('',3,(#3546,#3547,#3548,#3549,#3550,#3551,
#3552,#3553,#3554,#3555,#3556,#3557,#3558,#3559,#3560,#3561,#3562,#3563,
#3564,#3565,#3566,#3567,#3568,#3569,#3570,#3571,#3572,#3573,#3574,#3575,
#3576,#3577,#3578,#3579,#3580,#3581),.UNSPECIFIED.,.F.,.F.,(4,1,1,1,1,1,
1,1,1,1,1,1,1,1,1,1,1,1,1,1,1,1,1,1,1,1,1,1,1,1,1,1,1,4),(0.,0.112842194539177,
0.121484027744234,0.132640584235072,0.145841199177553,0.160809289252724,
0.177357135267652,0.19534654036701,0.214670261138113,0.235241932761589,
0.256990062854934,0.279854197474313,0.303782342854799,0.328729158902101,
0.354654650614263,0.38152319374919,0.409302792376872,0.437964501845671,
0.467481972595444,0.497831084102693,0.528989647277476,0.56093715968413,
0.59365460210932,0.627124267908846,0.661329618639842,0.696255160991245,
0.731886341135302,0.768209453452188,0.805211561207282,0.842880427240925,
0.881204453102095,0.92017262534766,0.959774467957787,0.996445886473636),
 .UNSPECIFIED.);
#90=B_SPLINE_CURVE_WITH_KNOTS('',3,(#3585,#3586,#3587,#3588,#3589,#3590,
#3591,#3592,#3593,#3594,#3595,#3596,#3597,#3598,#3599,#3600,#3601,#3602,
#3603,#3604,#3605,#3606,#3607,#3608,#3609,#3610,#3611,#3612,#3613,#3614,
#3615,#3616,#3617,#3618,#3619,#3620),.UNSPECIFIED.,.F.,.F.,(4,1,1,1,1,1,
1,1,1,1,1,1,1,1,1,1,1,1,1,1,1,1,1,1,1,1,1,1,1,1,1,1,1,4),(0.,0.112842194539177,
0.121484027744234,0.132640584235072,0.145841199177553,0.160809289252724,
0.177357135267652,0.19534654036701,0.214670261138113,0.235241932761589,
0.256990062854934,0.279854197474313,0.303782342854799,0.328729158902101,
0.354654650614263,0.38152319374919,0.409302792376872,0.437964501845671,
0.467481972595444,0.497831084102693,0.528989647277476,0.56093715968413,
0.59365460210932,0.627124267908846,0.661329618639842,0.696255160991245,
0.731886341135302,0.768209453452188,0.805211561207282,0.842880427240925,
0.881204453102095,0.92017262534766,0.959774467957787,0.996445886473636),
 .UNSPECIFIED.);
#91=B_SPLINE_CURVE_WITH_KNOTS('',3,(#3621,#3622,#3623,#3624,#3625,#3626,
#3627,#3628,#3629,#3630,#3631,#3632,#3633,#3634,#3635,#3636,#3637,#3638,
#3639,#3640,#3641,#3642,#3643,#3644,#3645,#3646,#3647,#3648,#3649,#3650,
#3651,#3652,#3653,#3654,#3655,#3656),.UNSPECIFIED.,.F.,.F.,(4,1,1,1,1,1,
1,1,1,1,1,1,1,1,1,1,1,1,1,1,1,1,1,1,1,1,1,1,1,1,1,1,1,4),(0.,0.112842194539177,
0.121484027744234,0.132640584235072,0.145841199177553,0.160809289252724,
0.177357135267652,0.19534654036701,0.214670261138113,0.235241932761589,
0.256990062854934,0.279854197474313,0.303782342854799,0.328729158902101,
0.354654650614263,0.38152319374919,0.409302792376872,0.437964501845671,
0.467481972595444,0.497831084102693,0.528989647277476,0.56093715968413,
0.59365460210932,0.627124267908846,0.661329618639842,0.696255160991245,
0.731886341135302,0.768209453452188,0.805211561207282,0.842880427240925,
0.881204453102095,0.92017262534766,0.959774467957787,0.996445886473636),
 .UNSPECIFIED.);
#92=B_SPLINE_CURVE_WITH_KNOTS('',3,(#3660,#3661,#3662,#3663,#3664,#3665,
#3666,#3667,#3668,#3669,#3670,#3671,#3672,#3673,#3674,#3675,#3676,#3677,
#3678,#3679,#3680,#3681,#3682,#3683,#3684,#3685,#3686,#3687,#3688,#3689,
#3690,#3691,#3692,#3693,#3694,#3695),.UNSPECIFIED.,.F.,.F.,(4,1,1,1,1,1,
1,1,1,1,1,1,1,1,1,1,1,1,1,1,1,1,1,1,1,1,1,1,1,1,1,1,1,4),(0.,0.112842194539177,
0.121484027744234,0.132640584235072,0.145841199177553,0.160809289252724,
0.177357135267652,0.19534654036701,0.214670261138113,0.235241932761589,
0.256990062854934,0.279854197474313,0.303782342854799,0.328729158902101,
0.354654650614263,0.38152319374919,0.409302792376872,0.437964501845671,
0.467481972595444,0.497831084102693,0.528989647277476,0.56093715968413,
0.59365460210932,0.627124267908846,0.661329618639842,0.696255160991245,
0.731886341135302,0.768209453452188,0.805211561207282,0.842880427240925,
0.881204453102095,0.92017262534766,0.959774467957787,0.996445886473636),
 .UNSPECIFIED.);
#93=B_SPLINE_CURVE_WITH_KNOTS('',3,(#3696,#3697,#3698,#3699,#3700,#3701,
#3702,#3703,#3704,#3705,#3706,#3707,#3708,#3709,#3710,#3711,#3712,#3713,
#3714,#3715,#3716,#3717,#3718,#3719,#3720,#3721,#3722,#3723,#3724,#3725,
#3726,#3727,#3728,#3729,#3730,#3731),.UNSPECIFIED.,.F.,.F.,(4,1,1,1,1,1,
1,1,1,1,1,1,1,1,1,1,1,1,1,1,1,1,1,1,1,1,1,1,1,1,1,1,1,4),(0.,0.112842194539177,
0.121484027744234,0.132640584235072,0.145841199177553,0.160809289252724,
0.177357135267652,0.19534654036701,0.214670261138113,0.235241932761589,
0.256990062854934,0.279854197474313,0.303782342854799,0.328729158902101,
0.354654650614263,0.38152319374919,0.409302792376872,0.437964501845671,
0.467481972595444,0.497831084102693,0.528989647277476,0.56093715968413,
0.59365460210932,0.627124267908846,0.661329618639842,0.696255160991245,
0.731886341135302,0.768209453452188,0.805211561207282,0.842880427240925,
0.881204453102095,0.92017262534766,0.959774467957787,0.996445886473636),
 .UNSPECIFIED.);
#94=B_SPLINE_CURVE_WITH_KNOTS('',3,(#3735,#3736,#3737,#3738,#3739,#3740,
#3741,#3742,#3743,#3744,#3745,#3746,#3747,#3748,#3749,#3750,#3751,#3752,
#3753,#3754,#3755,#3756,#3757,#3758,#3759,#3760,#3761,#3762,#3763,#3764,
#3765,#3766,#3767,#3768,#3769,#3770),.UNSPECIFIED.,.F.,.F.,(4,1,1,1,1,1,
1,1,1,1,1,1,1,1,1,1,1,1,1,1,1,1,1,1,1,1,1,1,1,1,1,1,1,4),(0.,0.112842194539177,
0.121484027744234,0.132640584235072,0.145841199177553,0.160809289252724,
0.177357135267652,0.19534654036701,0.214670261138113,0.235241932761589,
0.256990062854934,0.279854197474313,0.303782342854799,0.328729158902101,
0.354654650614263,0.38152319374919,0.409302792376872,0.437964501845671,
0.467481972595444,0.497831084102693,0.528989647277476,0.56093715968413,
0.59365460210932,0.627124267908846,0.661329618639842,0.696255160991245,
0.731886341135302,0.768209453452188,0.805211561207282,0.842880427240925,
0.881204453102095,0.92017262534766,0.959774467957787,0.996445886473636),
 .UNSPECIFIED.);
#95=B_SPLINE_CURVE_WITH_KNOTS('',3,(#3771,#3772,#3773,#3774,#3775,#3776,
#3777,#3778,#3779,#3780,#3781,#3782,#3783,#3784,#3785,#3786,#3787,#3788,
#3789,#3790,#3791,#3792,#3793,#3794,#3795,#3796,#3797,#3798,#3799,#3800,
#3801,#3802,#3803,#3804,#3805,#3806),.UNSPECIFIED.,.F.,.F.,(4,1,1,1,1,1,
1,1,1,1,1,1,1,1,1,1,1,1,1,1,1,1,1,1,1,1,1,1,1,1,1,1,1,4),(0.,0.112842194539177,
0.121484027744234,0.132640584235072,0.145841199177553,0.160809289252724,
0.177357135267652,0.19534654036701,0.214670261138113,0.235241932761589,
0.256990062854934,0.279854197474313,0.303782342854799,0.328729158902101,
0.354654650614263,0.38152319374919,0.409302792376872,0.437964501845671,
0.467481972595444,0.497831084102693,0.528989647277476,0.56093715968413,
0.59365460210932,0.627124267908846,0.661329618639842,0.696255160991245,
0.731886341135302,0.768209453452188,0.805211561207282,0.842880427240925,
0.881204453102095,0.92017262534766,0.959774467957787,0.996445886473636),
 .UNSPECIFIED.);
#96=B_SPLINE_CURVE_WITH_KNOTS('',3,(#3810,#3811,#3812,#3813,#3814,#3815,
#3816,#3817,#3818,#3819,#3820,#3821,#3822,#3823,#3824,#3825,#3826,#3827,
#3828,#3829,#3830,#3831,#3832,#3833,#3834,#3835,#3836,#3837,#3838,#3839,
#3840,#3841,#3842,#3843,#3844,#3845),.UNSPECIFIED.,.F.,.F.,(4,1,1,1,1,1,
1,1,1,1,1,1,1,1,1,1,1,1,1,1,1,1,1,1,1,1,1,1,1,1,1,1,1,4),(0.,0.112842194539177,
0.121484027744234,0.132640584235072,0.145841199177553,0.160809289252724,
0.177357135267652,0.19534654036701,0.214670261138113,0.235241932761589,
0.256990062854934,0.279854197474313,0.303782342854799,0.328729158902101,
0.354654650614263,0.38152319374919,0.409302792376872,0.437964501845671,
0.467481972595444,0.497831084102693,0.528989647277476,0.56093715968413,
0.59365460210932,0.627124267908846,0.661329618639842,0.696255160991245,
0.731886341135302,0.768209453452188,0.805211561207282,0.842880427240925,
0.881204453102095,0.92017262534766,0.959774467957787,0.996445886473636),
 .UNSPECIFIED.);
#97=B_SPLINE_CURVE_WITH_KNOTS('',3,(#3846,#3847,#3848,#3849,#3850,#3851,
#3852,#3853,#3854,#3855,#3856,#3857,#3858,#3859,#3860,#3861,#3862,#3863,
#3864,#3865,#3866,#3867,#3868,#3869,#3870,#3871,#3872,#3873,#3874,#3875,
#3876,#3877,#3878,#3879,#3880,#3881),.UNSPECIFIED.,.F.,.F.,(4,1,1,1,1,1,
1,1,1,1,1,1,1,1,1,1,1,1,1,1,1,1,1,1,1,1,1,1,1,1,1,1,1,4),(0.,0.112842194539177,
0.121484027744234,0.132640584235072,0.145841199177553,0.160809289252724,
0.177357135267652,0.19534654036701,0.214670261138113,0.235241932761589,
0.256990062854934,0.279854197474313,0.303782342854799,0.328729158902101,
0.354654650614263,0.38152319374919,0.409302792376872,0.437964501845671,
0.467481972595444,0.497831084102693,0.528989647277476,0.56093715968413,
0.59365460210932,0.627124267908846,0.661329618639842,0.696255160991245,
0.731886341135302,0.768209453452188,0.805211561207282,0.842880427240925,
0.881204453102095,0.92017262534766,0.959774467957787,0.996445886473636),
 .UNSPECIFIED.);
#98=B_SPLINE_CURVE_WITH_KNOTS('',3,(#3885,#3886,#3887,#3888,#3889,#3890,
#3891,#3892,#3893,#3894,#3895,#3896,#3897,#3898,#3899,#3900,#3901,#3902,
#3903,#3904,#3905,#3906,#3907,#3908,#3909,#3910,#3911,#3912,#3913,#3914,
#3915,#3916,#3917,#3918,#3919,#3920),.UNSPECIFIED.,.F.,.F.,(4,1,1,1,1,1,
1,1,1,1,1,1,1,1,1,1,1,1,1,1,1,1,1,1,1,1,1,1,1,1,1,1,1,4),(0.,0.112842194539177,
0.121484027744234,0.132640584235072,0.145841199177553,0.160809289252724,
0.177357135267652,0.19534654036701,0.214670261138113,0.235241932761589,
0.256990062854934,0.279854197474313,0.303782342854799,0.328729158902101,
0.354654650614263,0.38152319374919,0.409302792376872,0.437964501845671,
0.467481972595444,0.497831084102693,0.528989647277476,0.56093715968413,
0.59365460210932,0.627124267908846,0.661329618639842,0.696255160991245,
0.731886341135302,0.768209453452188,0.805211561207282,0.842880427240925,
0.881204453102095,0.92017262534766,0.959774467957787,0.996445886473636),
 .UNSPECIFIED.);
#99=B_SPLINE_CURVE_WITH_KNOTS('',3,(#3921,#3922,#3923,#3924,#3925,#3926,
#3927,#3928,#3929,#3930,#3931,#3932,#3933,#3934,#3935,#3936,#3937,#3938,
#3939,#3940,#3941,#3942,#3943,#3944,#3945,#3946,#3947,#3948,#3949,#3950,
#3951,#3952,#3953,#3954,#3955,#3956),.UNSPECIFIED.,.F.,.F.,(4,1,1,1,1,1,
1,1,1,1,1,1,1,1,1,1,1,1,1,1,1,1,1,1,1,1,1,1,1,1,1,1,1,4),(0.,0.112842194539177,
0.121484027744234,0.132640584235072,0.145841199177553,0.160809289252724,
0.177357135267652,0.19534654036701,0.214670261138113,0.235241932761589,
0.256990062854934,0.279854197474313,0.303782342854799,0.328729158902101,
0.354654650614263,0.38152319374919,0.409302792376872,0.437964501845671,
0.467481972595444,0.497831084102693,0.528989647277476,0.56093715968413,
0.59365460210932,0.627124267908846,0.661329618639842,0.696255160991245,
0.731886341135302,0.768209453452188,0.805211561207282,0.842880427240925,
0.881204453102095,0.92017262534766,0.959774467957787,0.996445886473636),
 .UNSPECIFIED.);
#100=B_SPLINE_CURVE_WITH_KNOTS('',3,(#3960,#3961,#3962,#3963,#3964,#3965,
#3966,#3967,#3968,#3969,#3970,#3971,#3972,#3973,#3974,#3975,#3976,#3977,
#3978,#3979,#3980,#3981,#3982,#3983,#3984,#3985,#3986,#3987,#3988,#3989,
#3990,#3991,#3992,#3993,#3994,#3995),.UNSPECIFIED.,.F.,.F.,(4,1,1,1,1,1,
1,1,1,1,1,1,1,1,1,1,1,1,1,1,1,1,1,1,1,1,1,1,1,1,1,1,1,4),(0.,0.112842194539177,
0.121484027744234,0.132640584235072,0.145841199177553,0.160809289252724,
0.177357135267652,0.19534654036701,0.214670261138113,0.235241932761589,
0.256990062854934,0.279854197474313,0.303782342854799,0.328729158902101,
0.354654650614263,0.38152319374919,0.409302792376872,0.437964501845671,
0.467481972595444,0.497831084102693,0.528989647277476,0.56093715968413,
0.59365460210932,0.627124267908846,0.661329618639842,0.696255160991245,
0.731886341135302,0.768209453452188,0.805211561207282,0.842880427240925,
0.881204453102095,0.92017262534766,0.959774467957787,0.996445886473636),
 .UNSPECIFIED.);
#101=B_SPLINE_CURVE_WITH_KNOTS('',3,(#3996,#3997,#3998,#3999,#4000,#4001,
#4002,#4003,#4004,#4005,#4006,#4007,#4008,#4009,#4010,#4011,#4012,#4013,
#4014,#4015,#4016,#4017,#4018,#4019,#4020,#4021,#4022,#4023,#4024,#4025,
#4026,#4027,#4028,#4029,#4030,#4031),.UNSPECIFIED.,.F.,.F.,(4,1,1,1,1,1,
1,1,1,1,1,1,1,1,1,1,1,1,1,1,1,1,1,1,1,1,1,1,1,1,1,1,1,4),(0.,0.112842194539177,
0.121484027744234,0.132640584235072,0.145841199177553,0.160809289252724,
0.177357135267652,0.19534654036701,0.214670261138113,0.235241932761589,
0.256990062854934,0.279854197474313,0.303782342854799,0.328729158902101,
0.354654650614263,0.38152319374919,0.409302792376872,0.437964501845671,
0.467481972595444,0.497831084102693,0.528989647277476,0.56093715968413,
0.59365460210932,0.627124267908846,0.661329618639842,0.696255160991245,
0.731886341135302,0.768209453452188,0.805211561207282,0.842880427240925,
0.881204453102095,0.92017262534766,0.959774467957787,0.996445886473636),
 .UNSPECIFIED.);
#102=B_SPLINE_CURVE_WITH_KNOTS('',3,(#4035,#4036,#4037,#4038,#4039,#4040,
#4041,#4042,#4043,#4044,#4045,#4046,#4047,#4048,#4049,#4050,#4051,#4052,
#4053,#4054,#4055,#4056,#4057,#4058,#4059,#4060,#4061,#4062,#4063,#4064,
#4065,#4066,#4067,#4068,#4069,#4070),.UNSPECIFIED.,.F.,.F.,(4,1,1,1,1,1,
1,1,1,1,1,1,1,1,1,1,1,1,1,1,1,1,1,1,1,1,1,1,1,1,1,1,1,4),(0.,0.112842194539177,
0.121484027744234,0.132640584235072,0.145841199177553,0.160809289252724,
0.177357135267652,0.19534654036701,0.214670261138113,0.235241932761589,
0.256990062854934,0.279854197474313,0.303782342854799,0.328729158902101,
0.354654650614263,0.38152319374919,0.409302792376872,0.437964501845671,
0.467481972595444,0.497831084102693,0.528989647277476,0.56093715968413,
0.59365460210932,0.627124267908846,0.661329618639842,0.696255160991245,
0.731886341135302,0.768209453452188,0.805211561207282,0.842880427240925,
0.881204453102095,0.92017262534766,0.959774467957787,0.996445886473636),
 .UNSPECIFIED.);
#103=B_SPLINE_CURVE_WITH_KNOTS('',3,(#4071,#4072,#4073,#4074,#4075,#4076,
#4077,#4078,#4079,#4080,#4081,#4082,#4083,#4084,#4085,#4086,#4087,#4088,
#4089,#4090,#4091,#4092,#4093,#4094,#4095,#4096,#4097,#4098,#4099,#4100,
#4101,#4102,#4103,#4104,#4105,#4106),.UNSPECIFIED.,.F.,.F.,(4,1,1,1,1,1,
1,1,1,1,1,1,1,1,1,1,1,1,1,1,1,1,1,1,1,1,1,1,1,1,1,1,1,4),(0.,0.112842194539177,
0.121484027744234,0.132640584235072,0.145841199177553,0.160809289252724,
0.177357135267652,0.19534654036701,0.214670261138113,0.235241932761589,
0.256990062854934,0.279854197474313,0.303782342854799,0.328729158902101,
0.354654650614263,0.38152319374919,0.409302792376872,0.437964501845671,
0.467481972595444,0.497831084102693,0.528989647277476,0.56093715968413,
0.59365460210932,0.627124267908846,0.661329618639842,0.696255160991245,
0.731886341135302,0.768209453452188,0.805211561207282,0.842880427240925,
0.881204453102095,0.92017262534766,0.959774467957787,0.996445886473636),
 .UNSPECIFIED.);
#104=B_SPLINE_CURVE_WITH_KNOTS('',3,(#4110,#4111,#4112,#4113,#4114,#4115,
#4116,#4117,#4118,#4119,#4120,#4121,#4122,#4123,#4124,#4125,#4126,#4127,
#4128,#4129,#4130,#4131,#4132,#4133,#4134,#4135,#4136,#4137,#4138,#4139,
#4140,#4141,#4142,#4143,#4144,#4145),.UNSPECIFIED.,.F.,.F.,(4,1,1,1,1,1,
1,1,1,1,1,1,1,1,1,1,1,1,1,1,1,1,1,1,1,1,1,1,1,1,1,1,1,4),(0.,0.112842194539177,
0.121484027744234,0.132640584235072,0.145841199177553,0.160809289252724,
0.177357135267652,0.19534654036701,0.214670261138113,0.235241932761589,
0.256990062854934,0.279854197474313,0.303782342854799,0.328729158902101,
0.354654650614263,0.38152319374919,0.409302792376872,0.437964501845671,
0.467481972595444,0.497831084102693,0.528989647277476,0.56093715968413,
0.59365460210932,0.627124267908846,0.661329618639842,0.696255160991245,
0.731886341135302,0.768209453452188,0.805211561207282,0.842880427240925,
0.881204453102095,0.92017262534766,0.959774467957787,0.996445886473636),
 .UNSPECIFIED.);
#105=B_SPLINE_CURVE_WITH_KNOTS('',3,(#4146,#4147,#4148,#4149,#4150,#4151,
#4152,#4153,#4154,#4155,#4156,#4157,#4158,#4159,#4160,#4161,#4162,#4163,
#4164,#4165,#4166,#4167,#4168,#4169,#4170,#4171,#4172,#4173,#4174,#4175,
#4176,#4177,#4178,#4179,#4180,#4181),.UNSPECIFIED.,.F.,.F.,(4,1,1,1,1,1,
1,1,1,1,1,1,1,1,1,1,1,1,1,1,1,1,1,1,1,1,1,1,1,1,1,1,1,4),(0.,0.112842194539177,
0.121484027744234,0.132640584235072,0.145841199177553,0.160809289252724,
0.177357135267652,0.19534654036701,0.214670261138113,0.235241932761589,
0.256990062854934,0.279854197474313,0.303782342854799,0.328729158902101,
0.354654650614263,0.38152319374919,0.409302792376872,0.437964501845671,
0.467481972595444,0.497831084102693,0.528989647277476,0.56093715968413,
0.59365460210932,0.627124267908846,0.661329618639842,0.696255160991245,
0.731886341135302,0.768209453452188,0.805211561207282,0.842880427240925,
0.881204453102095,0.92017262534766,0.959774467957787,0.996445886473636),
 .UNSPECIFIED.);
#106=B_SPLINE_CURVE_WITH_KNOTS('',3,(#4185,#4186,#4187,#4188,#4189,#4190,
#4191,#4192,#4193,#4194,#4195,#4196,#4197,#4198,#4199,#4200,#4201,#4202,
#4203,#4204,#4205,#4206,#4207,#4208,#4209,#4210,#4211,#4212,#4213,#4214,
#4215,#4216,#4217,#4218,#4219,#4220),.UNSPECIFIED.,.F.,.F.,(4,1,1,1,1,1,
1,1,1,1,1,1,1,1,1,1,1,1,1,1,1,1,1,1,1,1,1,1,1,1,1,1,1,4),(0.,0.112842194539177,
0.121484027744234,0.132640584235072,0.145841199177553,0.160809289252724,
0.177357135267652,0.19534654036701,0.214670261138113,0.235241932761589,
0.256990062854934,0.279854197474313,0.303782342854799,0.328729158902101,
0.354654650614263,0.38152319374919,0.409302792376872,0.437964501845671,
0.467481972595444,0.497831084102693,0.528989647277476,0.56093715968413,
0.59365460210932,0.627124267908846,0.661329618639842,0.696255160991245,
0.731886341135302,0.768209453452188,0.805211561207282,0.842880427240925,
0.881204453102095,0.92017262534766,0.959774467957787,0.996445886473636),
 .UNSPECIFIED.);
#107=B_SPLINE_CURVE_WITH_KNOTS('',3,(#4221,#4222,#4223,#4224,#4225,#4226,
#4227,#4228,#4229,#4230,#4231,#4232,#4233,#4234,#4235,#4236,#4237,#4238,
#4239,#4240,#4241,#4242,#4243,#4244,#4245,#4246,#4247,#4248,#4249,#4250,
#4251,#4252,#4253,#4254,#4255,#4256),.UNSPECIFIED.,.F.,.F.,(4,1,1,1,1,1,
1,1,1,1,1,1,1,1,1,1,1,1,1,1,1,1,1,1,1,1,1,1,1,1,1,1,1,4),(0.,0.112842194539177,
0.121484027744234,0.132640584235072,0.145841199177553,0.160809289252724,
0.177357135267652,0.19534654036701,0.214670261138113,0.235241932761589,
0.256990062854934,0.279854197474313,0.303782342854799,0.328729158902101,
0.354654650614263,0.38152319374919,0.409302792376872,0.437964501845671,
0.467481972595444,0.497831084102693,0.528989647277476,0.56093715968413,
0.59365460210932,0.627124267908846,0.661329618639842,0.696255160991245,
0.731886341135302,0.768209453452188,0.805211561207282,0.842880427240925,
0.881204453102095,0.92017262534766,0.959774467957787,0.996445886473636),
 .UNSPECIFIED.);
#108=PLANE('',#1365);
#109=PLANE('',#1382);
#110=PLANE('',#1418);
#111=PLANE('',#1420);
#112=PLANE('',#1422);
#113=CIRCLE('',#1318,0.009);
#114=CIRCLE('',#1319,0.009);
#115=CIRCLE('',#1321,0.009);
#116=CIRCLE('',#1322,0.009);
#117=CIRCLE('',#1324,0.009);
#118=CIRCLE('',#1325,0.009);
#119=CIRCLE('',#1327,0.009);
#120=CIRCLE('',#1328,0.009);
#121=CIRCLE('',#1330,0.009);
#122=CIRCLE('',#1331,0.009);
#123=CIRCLE('',#1333,0.009);
#124=CIRCLE('',#1334,0.009);
#125=CIRCLE('',#1336,0.009);
#126=CIRCLE('',#1337,0.009);
#127=CIRCLE('',#1339,0.009);
#128=CIRCLE('',#1340,0.009);
#129=CIRCLE('',#1342,0.009);
#130=CIRCLE('',#1343,0.009);
#131=CIRCLE('',#1345,0.009);
#132=CIRCLE('',#1346,0.009);
#133=CIRCLE('',#1348,0.009);
#134=CIRCLE('',#1349,0.009);
#135=CIRCLE('',#1351,0.009);
#136=CIRCLE('',#1352,0.009);
#137=CIRCLE('',#1354,0.009);
#138=CIRCLE('',#1355,0.009);
#139=CIRCLE('',#1357,0.009);
#140=CIRCLE('',#1358,0.009);
#141=CIRCLE('',#1360,0.009);
#142=CIRCLE('',#1361,0.009);
#143=CIRCLE('',#1363,0.009);
#144=CIRCLE('',#1364,0.009);
#145=CIRCLE('',#1366,0.000612086637197381);
#146=CIRCLE('',#1367,0.000612086637197381);
#147=CIRCLE('',#1368,0.000612086637197381);
#148=CIRCLE('',#1369,0.000612086637197381);
#149=CIRCLE('',#1370,0.000612086637197381);
#150=CIRCLE('',#1371,0.000612086637197381);
#151=CIRCLE('',#1372,0.000612086637197381);
#152=CIRCLE('',#1373,0.000612086637197381);
#153=CIRCLE('',#1374,0.000612086637197381);
#154=CIRCLE('',#1375,0.000612086637197381);
#155=CIRCLE('',#1376,0.000612086637197381);
#156=CIRCLE('',#1377,0.000612086637197381);
#157=CIRCLE('',#1378,0.000612086637197381);
#158=CIRCLE('',#1379,0.000612086637197381);
#159=CIRCLE('',#1380,0.000612086637197381);
#160=CIRCLE('',#1381,0.000612086637197381);
#161=CIRCLE('',#1383,0.0039);
#162=CIRCLE('',#1384,0.000612086637197381);
#163=CIRCLE('',#1385,0.000612086637197381);
#164=CIRCLE('',#1386,0.000612086637197381);
#165=CIRCLE('',#1387,0.000612086637197381);
#166=CIRCLE('',#1388,0.000612086637197381);
#167=CIRCLE('',#1389,0.000612086637197381);
#168=CIRCLE('',#1390,0.000612086637197381);
#169=CIRCLE('',#1391,0.000612086637197381);
#170=CIRCLE('',#1392,0.000612086637197381);
#171=CIRCLE('',#1393,0.000612086637197381);
#172=CIRCLE('',#1394,0.000612086637197381);
#173=CIRCLE('',#1395,0.000612086637197381);
#174=CIRCLE('',#1396,0.000612086637197381);
#175=CIRCLE('',#1397,0.000612086637197381);
#176=CIRCLE('',#1398,0.000612086637197381);
#177=CIRCLE('',#1399,0.000612086637197381);
#178=CIRCLE('',#1417,0.0039);
#179=CIRCLE('',#1419,0.00255);
#180=CIRCLE('',#1421,0.00255);
#181=ORIENTED_EDGE('',*,*,#581,.F.);
#182=ORIENTED_EDGE('',*,*,#582,.F.);
#183=ORIENTED_EDGE('',*,*,#583,.T.);
#184=ORIENTED_EDGE('',*,*,#584,.T.);
#185=ORIENTED_EDGE('',*,*,#585,.F.);
#186=ORIENTED_EDGE('',*,*,#586,.F.);
#187=ORIENTED_EDGE('',*,*,#587,.T.);
#188=ORIENTED_EDGE('',*,*,#588,.T.);
#189=ORIENTED_EDGE('',*,*,#589,.F.);
#190=ORIENTED_EDGE('',*,*,#590,.T.);
#191=ORIENTED_EDGE('',*,*,#591,.T.);
#192=ORIENTED_EDGE('',*,*,#592,.F.);
#193=ORIENTED_EDGE('',*,*,#593,.F.);
#194=ORIENTED_EDGE('',*,*,#594,.F.);
#195=ORIENTED_EDGE('',*,*,#595,.T.);
#196=ORIENTED_EDGE('',*,*,#596,.T.);
#197=ORIENTED_EDGE('',*,*,#597,.F.);
#198=ORIENTED_EDGE('',*,*,#598,.F.);
#199=ORIENTED_EDGE('',*,*,#599,.T.);
#200=ORIENTED_EDGE('',*,*,#600,.T.);
#201=ORIENTED_EDGE('',*,*,#601,.F.);
#202=ORIENTED_EDGE('',*,*,#602,.T.);
#203=ORIENTED_EDGE('',*,*,#603,.T.);
#204=ORIENTED_EDGE('',*,*,#604,.F.);
#205=ORIENTED_EDGE('',*,*,#605,.F.);
#206=ORIENTED_EDGE('',*,*,#606,.T.);
#207=ORIENTED_EDGE('',*,*,#607,.T.);
#208=ORIENTED_EDGE('',*,*,#608,.F.);
#209=ORIENTED_EDGE('',*,*,#609,.F.);
#210=ORIENTED_EDGE('',*,*,#610,.F.);
#211=ORIENTED_EDGE('',*,*,#611,.T.);
#212=ORIENTED_EDGE('',*,*,#612,.T.);
#213=ORIENTED_EDGE('',*,*,#613,.F.);
#214=ORIENTED_EDGE('',*,*,#614,.F.);
#215=ORIENTED_EDGE('',*,*,#615,.T.);
#216=ORIENTED_EDGE('',*,*,#616,.T.);
#217=ORIENTED_EDGE('',*,*,#617,.F.);
#218=ORIENTED_EDGE('',*,*,#618,.T.);
#219=ORIENTED_EDGE('',*,*,#619,.T.);
#220=ORIENTED_EDGE('',*,*,#620,.F.);
#221=ORIENTED_EDGE('',*,*,#621,.F.);
#222=ORIENTED_EDGE('',*,*,#622,.T.);
#223=ORIENTED_EDGE('',*,*,#623,.T.);
#224=ORIENTED_EDGE('',*,*,#624,.F.);
#225=ORIENTED_EDGE('',*,*,#625,.F.);
#226=ORIENTED_EDGE('',*,*,#626,.F.);
#227=ORIENTED_EDGE('',*,*,#627,.T.);
#228=ORIENTED_EDGE('',*,*,#628,.T.);
#229=ORIENTED_EDGE('',*,*,#629,.F.);
#230=ORIENTED_EDGE('',*,*,#630,.F.);
#231=ORIENTED_EDGE('',*,*,#631,.T.);
#232=ORIENTED_EDGE('',*,*,#632,.T.);
#233=ORIENTED_EDGE('',*,*,#633,.F.);
#234=ORIENTED_EDGE('',*,*,#634,.T.);
#235=ORIENTED_EDGE('',*,*,#635,.T.);
#236=ORIENTED_EDGE('',*,*,#636,.F.);
#237=ORIENTED_EDGE('',*,*,#637,.F.);
#238=ORIENTED_EDGE('',*,*,#638,.T.);
#239=ORIENTED_EDGE('',*,*,#639,.T.);
#240=ORIENTED_EDGE('',*,*,#640,.F.);
#241=ORIENTED_EDGE('',*,*,#641,.F.);
#242=ORIENTED_EDGE('',*,*,#642,.T.);
#243=ORIENTED_EDGE('',*,*,#643,.T.);
#244=ORIENTED_EDGE('',*,*,#644,.F.);
#245=ORIENTED_EDGE('',*,*,#645,.F.);
#246=ORIENTED_EDGE('',*,*,#646,.F.);
#247=ORIENTED_EDGE('',*,*,#647,.T.);
#248=ORIENTED_EDGE('',*,*,#589,.T.);
#249=ORIENTED_EDGE('',*,*,#648,.F.);
#250=ORIENTED_EDGE('',*,*,#649,.F.);
#251=ORIENTED_EDGE('',*,*,#650,.T.);
#252=ORIENTED_EDGE('',*,*,#641,.T.);
#253=ORIENTED_EDGE('',*,*,#651,.F.);
#254=ORIENTED_EDGE('',*,*,#652,.F.);
#255=ORIENTED_EDGE('',*,*,#653,.T.);
#256=ORIENTED_EDGE('',*,*,#630,.T.);
#257=ORIENTED_EDGE('',*,*,#654,.F.);
#258=ORIENTED_EDGE('',*,*,#655,.F.);
#259=ORIENTED_EDGE('',*,*,#656,.T.);
#260=ORIENTED_EDGE('',*,*,#626,.T.);
#261=ORIENTED_EDGE('',*,*,#657,.F.);
#262=ORIENTED_EDGE('',*,*,#658,.F.);
#263=ORIENTED_EDGE('',*,*,#659,.T.);
#264=ORIENTED_EDGE('',*,*,#633,.T.);
#265=ORIENTED_EDGE('',*,*,#660,.F.);
#266=ORIENTED_EDGE('',*,*,#661,.F.);
#267=ORIENTED_EDGE('',*,*,#662,.T.);
#268=ORIENTED_EDGE('',*,*,#637,.T.);
#269=ORIENTED_EDGE('',*,*,#663,.F.);
#270=ORIENTED_EDGE('',*,*,#664,.F.);
#271=ORIENTED_EDGE('',*,*,#665,.T.);
#272=ORIENTED_EDGE('',*,*,#614,.T.);
#273=ORIENTED_EDGE('',*,*,#666,.F.);
#274=ORIENTED_EDGE('',*,*,#667,.F.);
#275=ORIENTED_EDGE('',*,*,#668,.T.);
#276=ORIENTED_EDGE('',*,*,#610,.T.);
#277=ORIENTED_EDGE('',*,*,#669,.F.);
#278=ORIENTED_EDGE('',*,*,#670,.F.);
#279=ORIENTED_EDGE('',*,*,#671,.T.);
#280=ORIENTED_EDGE('',*,*,#617,.T.);
#281=ORIENTED_EDGE('',*,*,#672,.F.);
#282=ORIENTED_EDGE('',*,*,#673,.F.);
#283=ORIENTED_EDGE('',*,*,#674,.T.);
#284=ORIENTED_EDGE('',*,*,#621,.T.);
#285=ORIENTED_EDGE('',*,*,#675,.F.);
#286=ORIENTED_EDGE('',*,*,#676,.F.);
#287=ORIENTED_EDGE('',*,*,#677,.T.);
#288=ORIENTED_EDGE('',*,*,#598,.T.);
#289=ORIENTED_EDGE('',*,*,#678,.F.);
#290=ORIENTED_EDGE('',*,*,#679,.F.);
#291=ORIENTED_EDGE('',*,*,#680,.T.);
#292=ORIENTED_EDGE('',*,*,#594,.T.);
#293=ORIENTED_EDGE('',*,*,#681,.F.);
#294=ORIENTED_EDGE('',*,*,#682,.F.);
#295=ORIENTED_EDGE('',*,*,#683,.T.);
#296=ORIENTED_EDGE('',*,*,#601,.T.);
#297=ORIENTED_EDGE('',*,*,#684,.F.);
#298=ORIENTED_EDGE('',*,*,#685,.F.);
#299=ORIENTED_EDGE('',*,*,#686,.T.);
#300=ORIENTED_EDGE('',*,*,#605,.T.);
#301=ORIENTED_EDGE('',*,*,#687,.F.);
#302=ORIENTED_EDGE('',*,*,#688,.F.);
#303=ORIENTED_EDGE('',*,*,#689,.T.);
#304=ORIENTED_EDGE('',*,*,#586,.T.);
#305=ORIENTED_EDGE('',*,*,#690,.F.);
#306=ORIENTED_EDGE('',*,*,#691,.F.);
#307=ORIENTED_EDGE('',*,*,#692,.T.);
#308=ORIENTED_EDGE('',*,*,#582,.T.);
#309=ORIENTED_EDGE('',*,*,#693,.F.);
#310=ORIENTED_EDGE('',*,*,#694,.F.);
#311=ORIENTED_EDGE('',*,*,#695,.T.);
#312=ORIENTED_EDGE('',*,*,#584,.F.);
#313=ORIENTED_EDGE('',*,*,#696,.F.);
#314=ORIENTED_EDGE('',*,*,#697,.F.);
#315=ORIENTED_EDGE('',*,*,#698,.T.);
#316=ORIENTED_EDGE('',*,*,#588,.F.);
#317=ORIENTED_EDGE('',*,*,#699,.F.);
#318=ORIENTED_EDGE('',*,*,#700,.F.);
#319=ORIENTED_EDGE('',*,*,#701,.T.);
#320=ORIENTED_EDGE('',*,*,#607,.F.);
#321=ORIENTED_EDGE('',*,*,#702,.F.);
#322=ORIENTED_EDGE('',*,*,#703,.F.);
#323=ORIENTED_EDGE('',*,*,#704,.T.);
#324=ORIENTED_EDGE('',*,*,#603,.F.);
#325=ORIENTED_EDGE('',*,*,#705,.F.);
#326=ORIENTED_EDGE('',*,*,#706,.F.);
#327=ORIENTED_EDGE('',*,*,#707,.T.);
#328=ORIENTED_EDGE('',*,*,#596,.F.);
#329=ORIENTED_EDGE('',*,*,#708,.F.);
#330=ORIENTED_EDGE('',*,*,#709,.F.);
#331=ORIENTED_EDGE('',*,*,#710,.T.);
#332=ORIENTED_EDGE('',*,*,#600,.F.);
#333=ORIENTED_EDGE('',*,*,#711,.F.);
#334=ORIENTED_EDGE('',*,*,#712,.F.);
#335=ORIENTED_EDGE('',*,*,#713,.T.);
#336=ORIENTED_EDGE('',*,*,#623,.F.);
#337=ORIENTED_EDGE('',*,*,#714,.F.);
#338=ORIENTED_EDGE('',*,*,#715,.F.);
#339=ORIENTED_EDGE('',*,*,#716,.T.);
#340=ORIENTED_EDGE('',*,*,#619,.F.);
#341=ORIENTED_EDGE('',*,*,#717,.F.);
#342=ORIENTED_EDGE('',*,*,#718,.F.);
#343=ORIENTED_EDGE('',*,*,#719,.T.);
#344=ORIENTED_EDGE('',*,*,#612,.F.);
#345=ORIENTED_EDGE('',*,*,#720,.F.);
#346=ORIENTED_EDGE('',*,*,#721,.F.);
#347=ORIENTED_EDGE('',*,*,#722,.T.);
#348=ORIENTED_EDGE('',*,*,#616,.F.);
#349=ORIENTED_EDGE('',*,*,#723,.F.);
#350=ORIENTED_EDGE('',*,*,#724,.F.);
#351=ORIENTED_EDGE('',*,*,#725,.T.);
#352=ORIENTED_EDGE('',*,*,#639,.F.);
#353=ORIENTED_EDGE('',*,*,#726,.F.);
#354=ORIENTED_EDGE('',*,*,#727,.F.);
#355=ORIENTED_EDGE('',*,*,#728,.T.);
#356=ORIENTED_EDGE('',*,*,#635,.F.);
#357=ORIENTED_EDGE('',*,*,#729,.F.);
#358=ORIENTED_EDGE('',*,*,#730,.F.);
#359=ORIENTED_EDGE('',*,*,#731,.T.);
#360=ORIENTED_EDGE('',*,*,#628,.F.);
#361=ORIENTED_EDGE('',*,*,#732,.F.);
#362=ORIENTED_EDGE('',*,*,#733,.F.);
#363=ORIENTED_EDGE('',*,*,#734,.T.);
#364=ORIENTED_EDGE('',*,*,#632,.F.);
#365=ORIENTED_EDGE('',*,*,#735,.F.);
#366=ORIENTED_EDGE('',*,*,#736,.F.);
#367=ORIENTED_EDGE('',*,*,#737,.T.);
#368=ORIENTED_EDGE('',*,*,#643,.F.);
#369=ORIENTED_EDGE('',*,*,#738,.F.);
#370=ORIENTED_EDGE('',*,*,#739,.F.);
#371=ORIENTED_EDGE('',*,*,#740,.T.);
#372=ORIENTED_EDGE('',*,*,#591,.F.);
#373=ORIENTED_EDGE('',*,*,#741,.F.);
#374=ORIENTED_EDGE('',*,*,#651,.T.);
#375=ORIENTED_EDGE('',*,*,#644,.T.);
#376=ORIENTED_EDGE('',*,*,#737,.F.);
#377=ORIENTED_EDGE('',*,*,#742,.F.);
#378=ORIENTED_EDGE('',*,*,#735,.T.);
#379=ORIENTED_EDGE('',*,*,#631,.F.);
#380=ORIENTED_EDGE('',*,*,#653,.F.);
#381=ORIENTED_EDGE('',*,*,#743,.F.);
#382=ORIENTED_EDGE('',*,*,#736,.T.);
#383=ORIENTED_EDGE('',*,*,#743,.T.);
#384=ORIENTED_EDGE('',*,*,#652,.T.);
#385=ORIENTED_EDGE('',*,*,#742,.T.);
#386=ORIENTED_EDGE('',*,*,#663,.T.);
#387=ORIENTED_EDGE('',*,*,#640,.T.);
#388=ORIENTED_EDGE('',*,*,#725,.F.);
#389=ORIENTED_EDGE('',*,*,#744,.F.);
#390=ORIENTED_EDGE('',*,*,#723,.T.);
#391=ORIENTED_EDGE('',*,*,#615,.F.);
#392=ORIENTED_EDGE('',*,*,#665,.F.);
#393=ORIENTED_EDGE('',*,*,#745,.F.);
#394=ORIENTED_EDGE('',*,*,#724,.T.);
#395=ORIENTED_EDGE('',*,*,#745,.T.);
#396=ORIENTED_EDGE('',*,*,#664,.T.);
#397=ORIENTED_EDGE('',*,*,#744,.T.);
#398=ORIENTED_EDGE('',*,*,#660,.T.);
#399=ORIENTED_EDGE('',*,*,#636,.T.);
#400=ORIENTED_EDGE('',*,*,#728,.F.);
#401=ORIENTED_EDGE('',*,*,#746,.F.);
#402=ORIENTED_EDGE('',*,*,#726,.T.);
#403=ORIENTED_EDGE('',*,*,#638,.F.);
#404=ORIENTED_EDGE('',*,*,#662,.F.);
#405=ORIENTED_EDGE('',*,*,#747,.F.);
#406=ORIENTED_EDGE('',*,*,#727,.T.);
#407=ORIENTED_EDGE('',*,*,#747,.T.);
#408=ORIENTED_EDGE('',*,*,#661,.T.);
#409=ORIENTED_EDGE('',*,*,#746,.T.);
#410=ORIENTED_EDGE('',*,*,#654,.T.);
#411=ORIENTED_EDGE('',*,*,#629,.T.);
#412=ORIENTED_EDGE('',*,*,#734,.F.);
#413=ORIENTED_EDGE('',*,*,#748,.F.);
#414=ORIENTED_EDGE('',*,*,#732,.T.);
#415=ORIENTED_EDGE('',*,*,#627,.F.);
#416=ORIENTED_EDGE('',*,*,#656,.F.);
#417=ORIENTED_EDGE('',*,*,#749,.F.);
#418=ORIENTED_EDGE('',*,*,#733,.T.);
#419=ORIENTED_EDGE('',*,*,#749,.T.);
#420=ORIENTED_EDGE('',*,*,#655,.T.);
#421=ORIENTED_EDGE('',*,*,#748,.T.);
#422=ORIENTED_EDGE('',*,*,#657,.T.);
#423=ORIENTED_EDGE('',*,*,#625,.T.);
#424=ORIENTED_EDGE('',*,*,#731,.F.);
#425=ORIENTED_EDGE('',*,*,#750,.F.);
#426=ORIENTED_EDGE('',*,*,#729,.T.);
#427=ORIENTED_EDGE('',*,*,#634,.F.);
#428=ORIENTED_EDGE('',*,*,#659,.F.);
#429=ORIENTED_EDGE('',*,*,#751,.F.);
#430=ORIENTED_EDGE('',*,*,#730,.T.);
#431=ORIENTED_EDGE('',*,*,#751,.T.);
#432=ORIENTED_EDGE('',*,*,#658,.T.);
#433=ORIENTED_EDGE('',*,*,#750,.T.);
#434=ORIENTED_EDGE('',*,*,#675,.T.);
#435=ORIENTED_EDGE('',*,*,#624,.T.);
#436=ORIENTED_EDGE('',*,*,#713,.F.);
#437=ORIENTED_EDGE('',*,*,#752,.F.);
#438=ORIENTED_EDGE('',*,*,#711,.T.);
#439=ORIENTED_EDGE('',*,*,#599,.F.);
#440=ORIENTED_EDGE('',*,*,#677,.F.);
#441=ORIENTED_EDGE('',*,*,#753,.F.);
#442=ORIENTED_EDGE('',*,*,#712,.T.);
#443=ORIENTED_EDGE('',*,*,#753,.T.);
#444=ORIENTED_EDGE('',*,*,#676,.T.);
#445=ORIENTED_EDGE('',*,*,#752,.T.);
#446=ORIENTED_EDGE('',*,*,#672,.T.);
#447=ORIENTED_EDGE('',*,*,#620,.T.);
#448=ORIENTED_EDGE('',*,*,#716,.F.);
#449=ORIENTED_EDGE('',*,*,#754,.F.);
#450=ORIENTED_EDGE('',*,*,#714,.T.);
#451=ORIENTED_EDGE('',*,*,#622,.F.);
#452=ORIENTED_EDGE('',*,*,#674,.F.);
#453=ORIENTED_EDGE('',*,*,#755,.F.);
#454=ORIENTED_EDGE('',*,*,#715,.T.);
#455=ORIENTED_EDGE('',*,*,#755,.T.);
#456=ORIENTED_EDGE('',*,*,#673,.T.);
#457=ORIENTED_EDGE('',*,*,#754,.T.);
#458=ORIENTED_EDGE('',*,*,#666,.T.);
#459=ORIENTED_EDGE('',*,*,#613,.T.);
#460=ORIENTED_EDGE('',*,*,#722,.F.);
#461=ORIENTED_EDGE('',*,*,#756,.F.);
#462=ORIENTED_EDGE('',*,*,#720,.T.);
#463=ORIENTED_EDGE('',*,*,#611,.F.);
#464=ORIENTED_EDGE('',*,*,#668,.F.);
#465=ORIENTED_EDGE('',*,*,#757,.F.);
#466=ORIENTED_EDGE('',*,*,#721,.T.);
#467=ORIENTED_EDGE('',*,*,#757,.T.);
#468=ORIENTED_EDGE('',*,*,#667,.T.);
#469=ORIENTED_EDGE('',*,*,#756,.T.);
#470=ORIENTED_EDGE('',*,*,#669,.T.);
#471=ORIENTED_EDGE('',*,*,#609,.T.);
#472=ORIENTED_EDGE('',*,*,#719,.F.);
#473=ORIENTED_EDGE('',*,*,#758,.F.);
#474=ORIENTED_EDGE('',*,*,#717,.T.);
#475=ORIENTED_EDGE('',*,*,#618,.F.);
#476=ORIENTED_EDGE('',*,*,#671,.F.);
#477=ORIENTED_EDGE('',*,*,#759,.F.);
#478=ORIENTED_EDGE('',*,*,#718,.T.);
#479=ORIENTED_EDGE('',*,*,#759,.T.);
#480=ORIENTED_EDGE('',*,*,#670,.T.);
#481=ORIENTED_EDGE('',*,*,#758,.T.);
#482=ORIENTED_EDGE('',*,*,#687,.T.);
#483=ORIENTED_EDGE('',*,*,#608,.T.);
#484=ORIENTED_EDGE('',*,*,#701,.F.);
#485=ORIENTED_EDGE('',*,*,#760,.F.);
#486=ORIENTED_EDGE('',*,*,#699,.T.);
#487=ORIENTED_EDGE('',*,*,#587,.F.);
#488=ORIENTED_EDGE('',*,*,#689,.F.);
#489=ORIENTED_EDGE('',*,*,#761,.F.);
#490=ORIENTED_EDGE('',*,*,#700,.T.);
#491=ORIENTED_EDGE('',*,*,#761,.T.);
#492=ORIENTED_EDGE('',*,*,#688,.T.);
#493=ORIENTED_EDGE('',*,*,#760,.T.);
#494=ORIENTED_EDGE('',*,*,#684,.T.);
#495=ORIENTED_EDGE('',*,*,#604,.T.);
#496=ORIENTED_EDGE('',*,*,#704,.F.);
#497=ORIENTED_EDGE('',*,*,#762,.F.);
#498=ORIENTED_EDGE('',*,*,#702,.T.);
#499=ORIENTED_EDGE('',*,*,#606,.F.);
#500=ORIENTED_EDGE('',*,*,#686,.F.);
#501=ORIENTED_EDGE('',*,*,#763,.F.);
#502=ORIENTED_EDGE('',*,*,#703,.T.);
#503=ORIENTED_EDGE('',*,*,#763,.T.);
#504=ORIENTED_EDGE('',*,*,#685,.T.);
#505=ORIENTED_EDGE('',*,*,#762,.T.);
#506=ORIENTED_EDGE('',*,*,#678,.T.);
#507=ORIENTED_EDGE('',*,*,#597,.T.);
#508=ORIENTED_EDGE('',*,*,#710,.F.);
#509=ORIENTED_EDGE('',*,*,#764,.F.);
#510=ORIENTED_EDGE('',*,*,#708,.T.);
#511=ORIENTED_EDGE('',*,*,#595,.F.);
#512=ORIENTED_EDGE('',*,*,#680,.F.);
#513=ORIENTED_EDGE('',*,*,#765,.F.);
#514=ORIENTED_EDGE('',*,*,#709,.T.);
#515=ORIENTED_EDGE('',*,*,#765,.T.);
#516=ORIENTED_EDGE('',*,*,#679,.T.);
#517=ORIENTED_EDGE('',*,*,#764,.T.);
#518=ORIENTED_EDGE('',*,*,#681,.T.);
#519=ORIENTED_EDGE('',*,*,#593,.T.);
#520=ORIENTED_EDGE('',*,*,#707,.F.);
#521=ORIENTED_EDGE('',*,*,#766,.F.);
#522=ORIENTED_EDGE('',*,*,#705,.T.);
#523=ORIENTED_EDGE('',*,*,#602,.F.);
#524=ORIENTED_EDGE('',*,*,#683,.F.);
#525=ORIENTED_EDGE('',*,*,#767,.F.);
#526=ORIENTED_EDGE('',*,*,#706,.T.);
#527=ORIENTED_EDGE('',*,*,#767,.T.);
#528=ORIENTED_EDGE('',*,*,#682,.T.);
#529=ORIENTED_EDGE('',*,*,#766,.T.);
#530=ORIENTED_EDGE('',*,*,#648,.T.);
#531=ORIENTED_EDGE('',*,*,#592,.T.);
#532=ORIENTED_EDGE('',*,*,#740,.F.);
#533=ORIENTED_EDGE('',*,*,#768,.F.);
#534=ORIENTED_EDGE('',*,*,#738,.T.);
#535=ORIENTED_EDGE('',*,*,#642,.F.);
#536=ORIENTED_EDGE('',*,*,#650,.F.);
#537=ORIENTED_EDGE('',*,*,#769,.F.);
#538=ORIENTED_EDGE('',*,*,#739,.T.);
#539=ORIENTED_EDGE('',*,*,#769,.T.);
#540=ORIENTED_EDGE('',*,*,#649,.T.);
#541=ORIENTED_EDGE('',*,*,#768,.T.);
#542=ORIENTED_EDGE('',*,*,#690,.T.);
#543=ORIENTED_EDGE('',*,*,#585,.T.);
#544=ORIENTED_EDGE('',*,*,#698,.F.);
#545=ORIENTED_EDGE('',*,*,#770,.F.);
#546=ORIENTED_EDGE('',*,*,#696,.T.);
#547=ORIENTED_EDGE('',*,*,#583,.F.);
#548=ORIENTED_EDGE('',*,*,#692,.F.);
#549=ORIENTED_EDGE('',*,*,#771,.F.);
#550=ORIENTED_EDGE('',*,*,#697,.T.);
#551=ORIENTED_EDGE('',*,*,#771,.T.);
#552=ORIENTED_EDGE('',*,*,#691,.T.);
#553=ORIENTED_EDGE('',*,*,#770,.T.);
#554=ORIENTED_EDGE('',*,*,#645,.T.);
#555=ORIENTED_EDGE('',*,*,#581,.T.);
#556=ORIENTED_EDGE('',*,*,#695,.F.);
#557=ORIENTED_EDGE('',*,*,#772,.F.);
#558=ORIENTED_EDGE('',*,*,#741,.T.);
#559=ORIENTED_EDGE('',*,*,#590,.F.);
#560=ORIENTED_EDGE('',*,*,#647,.F.);
#561=ORIENTED_EDGE('',*,*,#773,.F.);
#562=ORIENTED_EDGE('',*,*,#694,.T.);
#563=ORIENTED_EDGE('',*,*,#773,.T.);
#564=ORIENTED_EDGE('',*,*,#646,.T.);
#565=ORIENTED_EDGE('',*,*,#772,.T.);
#566=ORIENTED_EDGE('',*,*,#693,.T.);
#567=ORIENTED_EDGE('',*,*,#774,.F.);
#568=ORIENTED_EDGE('',*,*,#775,.F.);
#569=ORIENTED_EDGE('',*,*,#776,.T.);
#570=ORIENTED_EDGE('',*,*,#774,.T.);
#571=ORIENTED_EDGE('',*,*,#777,.F.);
#572=ORIENTED_EDGE('',*,*,#778,.T.);
#573=ORIENTED_EDGE('',*,*,#779,.T.);
#574=ORIENTED_EDGE('',*,*,#776,.F.);
#575=ORIENTED_EDGE('',*,*,#780,.F.);
#576=ORIENTED_EDGE('',*,*,#777,.T.);
#577=ORIENTED_EDGE('',*,*,#780,.T.);
#578=ORIENTED_EDGE('',*,*,#775,.T.);
#579=ORIENTED_EDGE('',*,*,#779,.F.);
#580=ORIENTED_EDGE('',*,*,#778,.F.);
#581=EDGE_CURVE('',#781,#782,#915,.T.);
#582=EDGE_CURVE('',#783,#781,#113,.T.);
#583=EDGE_CURVE('',#783,#784,#916,.T.);
#584=EDGE_CURVE('',#784,#782,#114,.T.);
#585=EDGE_CURVE('',#785,#786,#917,.T.);
#586=EDGE_CURVE('',#787,#785,#115,.T.);
#587=EDGE_CURVE('',#787,#788,#918,.T.);
#588=EDGE_CURVE('',#788,#786,#116,.T.);
#589=EDGE_CURVE('',#789,#790,#117,.T.);
#590=EDGE_CURVE('',#789,#791,#919,.T.);
#591=EDGE_CURVE('',#791,#792,#118,.T.);
#592=EDGE_CURVE('',#790,#792,#920,.T.);
#593=EDGE_CURVE('',#793,#794,#921,.T.);
#594=EDGE_CURVE('',#795,#793,#119,.T.);
#595=EDGE_CURVE('',#795,#796,#922,.T.);
#596=EDGE_CURVE('',#796,#794,#120,.T.);
#597=EDGE_CURVE('',#797,#798,#923,.T.);
#598=EDGE_CURVE('',#799,#797,#121,.T.);
#599=EDGE_CURVE('',#799,#800,#924,.T.);
#600=EDGE_CURVE('',#800,#798,#122,.T.);
#601=EDGE_CURVE('',#801,#802,#123,.T.);
#602=EDGE_CURVE('',#801,#803,#925,.T.);
#603=EDGE_CURVE('',#803,#804,#124,.T.);
#604=EDGE_CURVE('',#802,#804,#926,.T.);
#605=EDGE_CURVE('',#805,#806,#125,.T.);
#606=EDGE_CURVE('',#805,#807,#927,.T.);
#607=EDGE_CURVE('',#807,#808,#126,.T.);
#608=EDGE_CURVE('',#806,#808,#928,.T.);
#609=EDGE_CURVE('',#809,#810,#929,.T.);
#610=EDGE_CURVE('',#811,#809,#127,.T.);
#611=EDGE_CURVE('',#811,#812,#930,.T.);
#612=EDGE_CURVE('',#812,#810,#128,.T.);
#613=EDGE_CURVE('',#813,#814,#931,.T.);
#614=EDGE_CURVE('',#815,#813,#129,.T.);
#615=EDGE_CURVE('',#815,#816,#932,.T.);
#616=EDGE_CURVE('',#816,#814,#130,.T.);
#617=EDGE_CURVE('',#817,#818,#131,.T.);
#618=EDGE_CURVE('',#817,#819,#933,.T.);
#619=EDGE_CURVE('',#819,#820,#132,.T.);
#620=EDGE_CURVE('',#818,#820,#934,.T.);
#621=EDGE_CURVE('',#821,#822,#133,.T.);
#622=EDGE_CURVE('',#821,#823,#935,.T.);
#623=EDGE_CURVE('',#823,#824,#134,.T.);
#624=EDGE_CURVE('',#822,#824,#936,.T.);
#625=EDGE_CURVE('',#825,#826,#937,.T.);
#626=EDGE_CURVE('',#827,#825,#135,.T.);
#627=EDGE_CURVE('',#827,#828,#938,.T.);
#628=EDGE_CURVE('',#828,#826,#136,.T.);
#629=EDGE_CURVE('',#829,#830,#939,.T.);
#630=EDGE_CURVE('',#831,#829,#137,.T.);
#631=EDGE_CURVE('',#831,#832,#940,.T.);
#632=EDGE_CURVE('',#832,#830,#138,.T.);
#633=EDGE_CURVE('',#833,#834,#139,.T.);
#634=EDGE_CURVE('',#833,#835,#941,.T.);
#635=EDGE_CURVE('',#835,#836,#140,.T.);
#636=EDGE_CURVE('',#834,#836,#942,.T.);
#637=EDGE_CURVE('',#837,#838,#141,.T.);
#638=EDGE_CURVE('',#837,#839,#943,.T.);
#639=EDGE_CURVE('',#839,#840,#142,.T.);
#640=EDGE_CURVE('',#838,#840,#944,.T.);
#641=EDGE_CURVE('',#841,#842,#143,.T.);
#642=EDGE_CURVE('',#841,#843,#945,.T.);
#643=EDGE_CURVE('',#843,#844,#144,.T.);
#644=EDGE_CURVE('',#842,#844,#946,.T.);
#645=EDGE_CURVE('',#845,#781,#44,.T.);
#646=EDGE_CURVE('',#846,#845,#145,.T.);
#647=EDGE_CURVE('',#846,#789,#45,.T.);
#648=EDGE_CURVE('',#847,#790,#46,.T.);
#649=EDGE_CURVE('',#848,#847,#146,.T.);
#650=EDGE_CURVE('',#848,#841,#47,.T.);
#651=EDGE_CURVE('',#849,#842,#48,.T.);
#652=EDGE_CURVE('',#850,#849,#147,.T.);
#653=EDGE_CURVE('',#850,#831,#49,.T.);
#654=EDGE_CURVE('',#851,#829,#50,.T.);
#655=EDGE_CURVE('',#852,#851,#148,.T.);
#656=EDGE_CURVE('',#852,#827,#51,.T.);
#657=EDGE_CURVE('',#853,#825,#52,.T.);
#658=EDGE_CURVE('',#854,#853,#149,.T.);
#659=EDGE_CURVE('',#854,#833,#53,.T.);
#660=EDGE_CURVE('',#855,#834,#54,.T.);
#661=EDGE_CURVE('',#856,#855,#150,.T.);
#662=EDGE_CURVE('',#856,#837,#55,.T.);
#663=EDGE_CURVE('',#857,#838,#56,.T.);
#664=EDGE_CURVE('',#858,#857,#151,.T.);
#665=EDGE_CURVE('',#858,#815,#57,.T.);
#666=EDGE_CURVE('',#859,#813,#58,.T.);
#667=EDGE_CURVE('',#860,#859,#152,.T.);
#668=EDGE_CURVE('',#860,#811,#59,.T.);
#669=EDGE_CURVE('',#861,#809,#60,.T.);
#670=EDGE_CURVE('',#862,#861,#153,.T.);
#671=EDGE_CURVE('',#862,#817,#61,.T.);
#672=EDGE_CURVE('',#863,#818,#62,.T.);
#673=EDGE_CURVE('',#864,#863,#154,.T.);
#674=EDGE_CURVE('',#864,#821,#63,.T.);
#675=EDGE_CURVE('',#865,#822,#64,.T.);
#676=EDGE_CURVE('',#866,#865,#155,.T.);
#677=EDGE_CURVE('',#866,#799,#65,.T.);
#678=EDGE_CURVE('',#867,#797,#66,.T.);
#679=EDGE_CURVE('',#868,#867,#156,.T.);
#680=EDGE_CURVE('',#868,#795,#67,.T.);
#681=EDGE_CURVE('',#869,#793,#68,.T.);
#682=EDGE_CURVE('',#870,#869,#157,.T.);
#683=EDGE_CURVE('',#870,#801,#69,.T.);
#684=EDGE_CURVE('',#871,#802,#70,.T.);
#685=EDGE_CURVE('',#872,#871,#158,.T.);
#686=EDGE_CURVE('',#872,#805,#71,.T.);
#687=EDGE_CURVE('',#873,#806,#72,.T.);
#688=EDGE_CURVE('',#874,#873,#159,.T.);
#689=EDGE_CURVE('',#874,#787,#73,.T.);
#690=EDGE_CURVE('',#875,#785,#74,.T.);
#691=EDGE_CURVE('',#876,#875,#160,.T.);
#692=EDGE_CURVE('',#876,#783,#75,.T.);
#693=EDGE_CURVE('',#877,#877,#161,.F.);
#694=EDGE_CURVE('',#878,#879,#162,.F.);
#695=EDGE_CURVE('',#878,#782,#76,.T.);
#696=EDGE_CURVE('',#880,#784,#77,.T.);
#697=EDGE_CURVE('',#881,#880,#163,.F.);
#698=EDGE_CURVE('',#881,#786,#78,.T.);
#699=EDGE_CURVE('',#882,#788,#79,.T.);
#700=EDGE_CURVE('',#883,#882,#164,.F.);
#701=EDGE_CURVE('',#883,#808,#80,.T.);
#702=EDGE_CURVE('',#884,#807,#81,.T.);
#703=EDGE_CURVE('',#885,#884,#165,.F.);
#704=EDGE_CURVE('',#885,#804,#82,.T.);
#705=EDGE_CURVE('',#886,#803,#83,.T.);
#706=EDGE_CURVE('',#887,#886,#166,.F.);
#707=EDGE_CURVE('',#887,#794,#84,.T.);
#708=EDGE_CURVE('',#888,#796,#85,.T.);
#709=EDGE_CURVE('',#889,#888,#167,.F.);
#710=EDGE_CURVE('',#889,#798,#86,.T.);
#711=EDGE_CURVE('',#890,#800,#87,.T.);
#712=EDGE_CURVE('',#891,#890,#168,.F.);
#713=EDGE_CURVE('',#891,#824,#88,.T.);
#714=EDGE_CURVE('',#892,#823,#89,.T.);
#715=EDGE_CURVE('',#893,#892,#169,.F.);
#716=EDGE_CURVE('',#893,#820,#90,.T.);
#717=EDGE_CURVE('',#894,#819,#91,.T.);
#718=EDGE_CURVE('',#895,#894,#170,.F.);
#719=EDGE_CURVE('',#895,#810,#92,.T.);
#720=EDGE_CURVE('',#896,#812,#93,.T.);
#721=EDGE_CURVE('',#897,#896,#171,.F.);
#722=EDGE_CURVE('',#897,#814,#94,.T.);
#723=EDGE_CURVE('',#898,#816,#95,.T.);
#724=EDGE_CURVE('',#899,#898,#172,.F.);
#725=EDGE_CURVE('',#899,#840,#96,.T.);
#726=EDGE_CURVE('',#900,#839,#97,.T.);
#727=EDGE_CURVE('',#901,#900,#173,.F.);
#728=EDGE_CURVE('',#901,#836,#98,.T.);
#729=EDGE_CURVE('',#902,#835,#99,.T.);
#730=EDGE_CURVE('',#903,#902,#174,.F.);
#731=EDGE_CURVE('',#903,#826,#100,.T.);
#732=EDGE_CURVE('',#904,#828,#101,.T.);
#733=EDGE_CURVE('',#905,#904,#175,.F.);
#734=EDGE_CURVE('',#905,#830,#102,.T.);
#735=EDGE_CURVE('',#906,#832,#103,.T.);
#736=EDGE_CURVE('',#907,#906,#176,.F.);
#737=EDGE_CURVE('',#907,#844,#104,.T.);
#738=EDGE_CURVE('',#908,#843,#105,.T.);
#739=EDGE_CURVE('',#909,#908,#177,.F.);
#740=EDGE_CURVE('',#909,#792,#106,.T.);
#741=EDGE_CURVE('',#879,#791,#107,.T.);
#742=EDGE_CURVE('',#849,#907,#947,.T.);
#743=EDGE_CURVE('',#906,#850,#948,.F.);
#744=EDGE_CURVE('',#857,#899,#949,.T.);
#745=EDGE_CURVE('',#898,#858,#950,.F.);
#746=EDGE_CURVE('',#855,#901,#951,.T.);
#747=EDGE_CURVE('',#900,#856,#952,.F.);
#748=EDGE_CURVE('',#851,#905,#953,.T.);
#749=EDGE_CURVE('',#904,#852,#954,.F.);
#750=EDGE_CURVE('',#853,#903,#955,.T.);
#751=EDGE_CURVE('',#902,#854,#956,.F.);
#752=EDGE_CURVE('',#865,#891,#957,.T.);
#753=EDGE_CURVE('',#890,#866,#958,.F.);
#754=EDGE_CURVE('',#863,#893,#959,.T.);
#755=EDGE_CURVE('',#892,#864,#960,.F.);
#756=EDGE_CURVE('',#859,#897,#961,.T.);
#757=EDGE_CURVE('',#896,#860,#962,.F.);
#758=EDGE_CURVE('',#861,#895,#963,.T.);
#759=EDGE_CURVE('',#894,#862,#964,.F.);
#760=EDGE_CURVE('',#873,#883,#965,.T.);
#761=EDGE_CURVE('',#882,#874,#966,.F.);
#762=EDGE_CURVE('',#871,#885,#967,.T.);
#763=EDGE_CURVE('',#884,#872,#968,.F.);
#764=EDGE_CURVE('',#867,#889,#969,.T.);
#765=EDGE_CURVE('',#888,#868,#970,.F.);
#766=EDGE_CURVE('',#869,#887,#971,.T.);
#767=EDGE_CURVE('',#886,#870,#972,.F.);
#768=EDGE_CURVE('',#847,#909,#973,.T.);
#769=EDGE_CURVE('',#908,#848,#974,.F.);
#770=EDGE_CURVE('',#875,#881,#975,.T.);
#771=EDGE_CURVE('',#880,#876,#976,.F.);
#772=EDGE_CURVE('',#845,#878,#977,.T.);
#773=EDGE_CURVE('',#879,#846,#978,.F.);
#774=EDGE_CURVE('',#910,#910,#178,.T.);
#775=EDGE_CURVE('',#911,#912,#179,.T.);
#776=EDGE_CURVE('',#911,#912,#979,.T.);
#777=EDGE_CURVE('',#913,#914,#980,.T.);
#778=EDGE_CURVE('',#913,#914,#180,.T.);
#779=EDGE_CURVE('',#914,#912,#981,.T.);
#780=EDGE_CURVE('',#913,#911,#982,.T.);
#781=VERTEX_POINT('',#1711);
#782=VERTEX_POINT('',#1712);
#783=VERTEX_POINT('',#1714);
#784=VERTEX_POINT('',#1716);
#785=VERTEX_POINT('',#1720);
#786=VERTEX_POINT('',#1721);
#787=VERTEX_POINT('',#1723);
#788=VERTEX_POINT('',#1725);
#789=VERTEX_POINT('',#1729);
#790=VERTEX_POINT('',#1730);
#791=VERTEX_POINT('',#1732);
#792=VERTEX_POINT('',#1734);
#793=VERTEX_POINT('',#1738);
#794=VERTEX_POINT('',#1739);
#795=VERTEX_POINT('',#1741);
#796=VERTEX_POINT('',#1743);
#797=VERTEX_POINT('',#1747);
#798=VERTEX_POINT('',#1748);
#799=VERTEX_POINT('',#1750);
#800=VERTEX_POINT('',#1752);
#801=VERTEX_POINT('',#1756);
#802=VERTEX_POINT('',#1757);
#803=VERTEX_POINT('',#1759);
#804=VERTEX_POINT('',#1761);
#805=VERTEX_POINT('',#1765);
#806=VERTEX_POINT('',#1766);
#807=VERTEX_POINT('',#1768);
#808=VERTEX_POINT('',#1770);
#809=VERTEX_POINT('',#1774);
#810=VERTEX_POINT('',#1775);
#811=VERTEX_POINT('',#1777);
#812=VERTEX_POINT('',#1779);
#813=VERTEX_POINT('',#1783);
#814=VERTEX_POINT('',#1784);
#815=VERTEX_POINT('',#1786);
#816=VERTEX_POINT('',#1788);
#817=VERTEX_POINT('',#1792);
#818=VERTEX_POINT('',#1793);
#819=VERTEX_POINT('',#1795);
#820=VERTEX_POINT('',#1797);
#821=VERTEX_POINT('',#1801);
#822=VERTEX_POINT('',#1802);
#823=VERTEX_POINT('',#1804);
#824=VERTEX_POINT('',#1806);
#825=VERTEX_POINT('',#1810);
#826=VERTEX_POINT('',#1811);
#827=VERTEX_POINT('',#1813);
#828=VERTEX_POINT('',#1815);
#829=VERTEX_POINT('',#1819);
#830=VERTEX_POINT('',#1820);
#831=VERTEX_POINT('',#1822);
#832=VERTEX_POINT('',#1824);
#833=VERTEX_POINT('',#1828);
#834=VERTEX_POINT('',#1829);
#835=VERTEX_POINT('',#1831);
#836=VERTEX_POINT('',#1833);
#837=VERTEX_POINT('',#1837);
#838=VERTEX_POINT('',#1838);
#839=VERTEX_POINT('',#1840);
#840=VERTEX_POINT('',#1842);
#841=VERTEX_POINT('',#1846);
#842=VERTEX_POINT('',#1847);
#843=VERTEX_POINT('',#1849);
#844=VERTEX_POINT('',#1851);
#845=VERTEX_POINT('',#1890);
#846=VERTEX_POINT('',#1892);
#847=VERTEX_POINT('',#1965);
#848=VERTEX_POINT('',#1967);
#849=VERTEX_POINT('',#2040);
#850=VERTEX_POINT('',#2042);
#851=VERTEX_POINT('',#2115);
#852=VERTEX_POINT('',#2117);
#853=VERTEX_POINT('',#2190);
#854=VERTEX_POINT('',#2192);
#855=VERTEX_POINT('',#2265);
#856=VERTEX_POINT('',#2267);
#857=VERTEX_POINT('',#2340);
#858=VERTEX_POINT('',#2342);
#859=VERTEX_POINT('',#2415);
#860=VERTEX_POINT('',#2417);
#861=VERTEX_POINT('',#2490);
#862=VERTEX_POINT('',#2492);
#863=VERTEX_POINT('',#2565);
#864=VERTEX_POINT('',#2567);
#865=VERTEX_POINT('',#2640);
#866=VERTEX_POINT('',#2642);
#867=VERTEX_POINT('',#2715);
#868=VERTEX_POINT('',#2717);
#869=VERTEX_POINT('',#2790);
#870=VERTEX_POINT('',#2792);
#871=VERTEX_POINT('',#2865);
#872=VERTEX_POINT('',#2867);
#873=VERTEX_POINT('',#2940);
#874=VERTEX_POINT('',#2942);
#875=VERTEX_POINT('',#3015);
#876=VERTEX_POINT('',#3017);
#877=VERTEX_POINT('',#3056);
#878=VERTEX_POINT('',#3058);
#879=VERTEX_POINT('',#3059);
#880=VERTEX_POINT('',#3132);
#881=VERTEX_POINT('',#3134);
#882=VERTEX_POINT('',#3207);
#883=VERTEX_POINT('',#3209);
#884=VERTEX_POINT('',#3282);
#885=VERTEX_POINT('',#3284);
#886=VERTEX_POINT('',#3357);
#887=VERTEX_POINT('',#3359);
#888=VERTEX_POINT('',#3432);
#889=VERTEX_POINT('',#3434);
#890=VERTEX_POINT('',#3507);
#891=VERTEX_POINT('',#3509);
#892=VERTEX_POINT('',#3582);
#893=VERTEX_POINT('',#3584);
#894=VERTEX_POINT('',#3657);
#895=VERTEX_POINT('',#3659);
#896=VERTEX_POINT('',#3732);
#897=VERTEX_POINT('',#3734);
#898=VERTEX_POINT('',#3807);
#899=VERTEX_POINT('',#3809);
#900=VERTEX_POINT('',#3882);
#901=VERTEX_POINT('',#3884);
#902=VERTEX_POINT('',#3957);
#903=VERTEX_POINT('',#3959);
#904=VERTEX_POINT('',#4032);
#905=VERTEX_POINT('',#4034);
#906=VERTEX_POINT('',#4107);
#907=VERTEX_POINT('',#4109);
#908=VERTEX_POINT('',#4182);
#909=VERTEX_POINT('',#4184);
#910=VERTEX_POINT('',#5139);
#911=VERTEX_POINT('',#5142);
#912=VERTEX_POINT('',#5143);
#913=VERTEX_POINT('',#5147);
#914=VERTEX_POINT('',#5148);
#915=LINE('',#1710,#983);
#916=LINE('',#1715,#984);
#917=LINE('',#1719,#985);
#918=LINE('',#1724,#986);
#919=LINE('',#1731,#987);
#920=LINE('',#1735,#988);
#921=LINE('',#1737,#989);
#922=LINE('',#1742,#990);
#923=LINE('',#1746,#991);
#924=LINE('',#1751,#992);
#925=LINE('',#1758,#993);
#926=LINE('',#1762,#994);
#927=LINE('',#1767,#995);
#928=LINE('',#1771,#996);
#929=LINE('',#1773,#997);
#930=LINE('',#1778,#998);
#931=LINE('',#1782,#999);
#932=LINE('',#1787,#1000);
#933=LINE('',#1794,#1001);
#934=LINE('',#1798,#1002);
#935=LINE('',#1803,#1003);
#936=LINE('',#1807,#1004);
#937=LINE('',#1809,#1005);
#938=LINE('',#1814,#1006);
#939=LINE('',#1818,#1007);
#940=LINE('',#1823,#1008);
#941=LINE('',#1830,#1009);
#942=LINE('',#1834,#1010);
#943=LINE('',#1839,#1011);
#944=LINE('',#1843,#1012);
#945=LINE('',#1848,#1013);
#946=LINE('',#1852,#1014);
#947=LINE('',#4283,#1015);
#948=LINE('',#4310,#1016);
#949=LINE('',#4338,#1017);
#950=LINE('',#4365,#1018);
#951=LINE('',#4393,#1019);
#952=LINE('',#4420,#1020);
#953=LINE('',#4448,#1021);
#954=LINE('',#4475,#1022);
#955=LINE('',#4503,#1023);
#956=LINE('',#4530,#1024);
#957=LINE('',#4558,#1025);
#958=LINE('',#4585,#1026);
#959=LINE('',#4613,#1027);
#960=LINE('',#4640,#1028);
#961=LINE('',#4668,#1029);
#962=LINE('',#4695,#1030);
#963=LINE('',#4723,#1031);
#964=LINE('',#4750,#1032);
#965=LINE('',#4778,#1033);
#966=LINE('',#4805,#1034);
#967=LINE('',#4833,#1035);
#968=LINE('',#4860,#1036);
#969=LINE('',#4888,#1037);
#970=LINE('',#4915,#1038);
#971=LINE('',#4943,#1039);
#972=LINE('',#4970,#1040);
#973=LINE('',#4998,#1041);
#974=LINE('',#5025,#1042);
#975=LINE('',#5053,#1043);
#976=LINE('',#5080,#1044);
#977=LINE('',#5108,#1045);
#978=LINE('',#5135,#1046);
#979=LINE('',#5144,#1047);
#980=LINE('',#5146,#1048);
#981=LINE('',#5151,#1049);
#982=LINE('',#5152,#1050);
#983=VECTOR('',#1428,1.);
#984=VECTOR('',#1431,1.);
#985=VECTOR('',#1436,1.);
#986=VECTOR('',#1439,1.);
#987=VECTOR('',#1446,1.);
#988=VECTOR('',#1449,1.);
#989=VECTOR('',#1452,1.);
#990=VECTOR('',#1455,1.);
#991=VECTOR('',#1460,1.);
#992=VECTOR('',#1463,1.);
#993=VECTOR('',#1470,1.);
#994=VECTOR('',#1473,1.);
#995=VECTOR('',#1478,1.);
#996=VECTOR('',#1481,1.);
#997=VECTOR('',#1484,1.);
#998=VECTOR('',#1487,1.);
#999=VECTOR('',#1492,1.);
#1000=VECTOR('',#1495,1.);
#1001=VECTOR('',#1502,1.);
#1002=VECTOR('',#1505,1.);
#1003=VECTOR('',#1510,1.);
#1004=VECTOR('',#1513,1.);
#1005=VECTOR('',#1516,1.);
#1006=VECTOR('',#1519,1.);
#1007=VECTOR('',#1524,1.);
#1008=VECTOR('',#1527,1.);
#1009=VECTOR('',#1534,1.);
#1010=VECTOR('',#1537,1.);
#1011=VECTOR('',#1542,1.);
#1012=VECTOR('',#1545,1.);
#1013=VECTOR('',#1550,1.);
#1014=VECTOR('',#1553,1.);
#1015=VECTOR('',#1624,1.);
#1016=VECTOR('',#1625,1.);
#1017=VECTOR('',#1628,1.);
#1018=VECTOR('',#1629,1.);
#1019=VECTOR('',#1632,1.);
#1020=VECTOR('',#1633,1.);
#1021=VECTOR('',#1636,1.);
#1022=VECTOR('',#1637,1.);
#1023=VECTOR('',#1640,1.);
#1024=VECTOR('',#1641,1.);
#1025=VECTOR('',#1644,1.);
#1026=VECTOR('',#1645,1.);
#1027=VECTOR('',#1648,1.);
#1028=VECTOR('',#1649,1.);
#1029=VECTOR('',#1652,1.);
#1030=VECTOR('',#1653,1.);
#1031=VECTOR('',#1656,1.);
#1032=VECTOR('',#1657,1.);
#1033=VECTOR('',#1660,1.);
#1034=VECTOR('',#1661,1.);
#1035=VECTOR('',#1664,1.);
#1036=VECTOR('',#1665,1.);
#1037=VECTOR('',#1668,1.);
#1038=VECTOR('',#1669,1.);
#1039=VECTOR('',#1672,1.);
#1040=VECTOR('',#1673,1.);
#1041=VECTOR('',#1676,1.);
#1042=VECTOR('',#1677,1.);
#1043=VECTOR('',#1680,1.);
#1044=VECTOR('',#1681,1.);
#1045=VECTOR('',#1684,1.);
#1046=VECTOR('',#1685,1.);
#1047=VECTOR('',#1696,1.);
#1048=VECTOR('',#1699,1.);
#1049=VECTOR('',#1704,1.);
#1050=VECTOR('',#1705,1.);
#1051=EDGE_LOOP('',(#181,#182,#183,#184));
#1052=EDGE_LOOP('',(#185,#186,#187,#188));
#1053=EDGE_LOOP('',(#189,#190,#191,#192));
#1054=EDGE_LOOP('',(#193,#194,#195,#196));
#1055=EDGE_LOOP('',(#197,#198,#199,#200));
#1056=EDGE_LOOP('',(#201,#202,#203,#204));
#1057=EDGE_LOOP('',(#205,#206,#207,#208));
#1058=EDGE_LOOP('',(#209,#210,#211,#212));
#1059=EDGE_LOOP('',(#213,#214,#215,#216));
#1060=EDGE_LOOP('',(#217,#218,#219,#220));
#1061=EDGE_LOOP('',(#221,#222,#223,#224));
#1062=EDGE_LOOP('',(#225,#226,#227,#228));
#1063=EDGE_LOOP('',(#229,#230,#231,#232));
#1064=EDGE_LOOP('',(#233,#234,#235,#236));
#1065=EDGE_LOOP('',(#237,#238,#239,#240));
#1066=EDGE_LOOP('',(#241,#242,#243,#244));
#1067=EDGE_LOOP('',(#245,#246,#247,#248,#249,#250,#251,#252,#253,#254,#255,
#256,#257,#258,#259,#260,#261,#262,#263,#264,#265,#266,#267,#268,#269,#270,
#271,#272,#273,#274,#275,#276,#277,#278,#279,#280,#281,#282,#283,#284,#285,
#286,#287,#288,#289,#290,#291,#292,#293,#294,#295,#296,#297,#298,#299,#300,
#301,#302,#303,#304,#305,#306,#307,#308));
#1068=EDGE_LOOP('',(#309));
#1069=EDGE_LOOP('',(#310,#311,#312,#313,#314,#315,#316,#317,#318,#319,#320,
#321,#322,#323,#324,#325,#326,#327,#328,#329,#330,#331,#332,#333,#334,#335,
#336,#337,#338,#339,#340,#341,#342,#343,#344,#345,#346,#347,#348,#349,#350,
#351,#352,#353,#354,#355,#356,#357,#358,#359,#360,#361,#362,#363,#364,#365,
#366,#367,#368,#369,#370,#371,#372,#373));
#1070=EDGE_LOOP('',(#374,#375,#376,#377));
#1071=EDGE_LOOP('',(#378,#379,#380,#381));
#1072=EDGE_LOOP('',(#382,#383,#384,#385));
#1073=EDGE_LOOP('',(#386,#387,#388,#389));
#1074=EDGE_LOOP('',(#390,#391,#392,#393));
#1075=EDGE_LOOP('',(#394,#395,#396,#397));
#1076=EDGE_LOOP('',(#398,#399,#400,#401));
#1077=EDGE_LOOP('',(#402,#403,#404,#405));
#1078=EDGE_LOOP('',(#406,#407,#408,#409));
#1079=EDGE_LOOP('',(#410,#411,#412,#413));
#1080=EDGE_LOOP('',(#414,#415,#416,#417));
#1081=EDGE_LOOP('',(#418,#419,#420,#421));
#1082=EDGE_LOOP('',(#422,#423,#424,#425));
#1083=EDGE_LOOP('',(#426,#427,#428,#429));
#1084=EDGE_LOOP('',(#430,#431,#432,#433));
#1085=EDGE_LOOP('',(#434,#435,#436,#437));
#1086=EDGE_LOOP('',(#438,#439,#440,#441));
#1087=EDGE_LOOP('',(#442,#443,#444,#445));
#1088=EDGE_LOOP('',(#446,#447,#448,#449));
#1089=EDGE_LOOP('',(#450,#451,#452,#453));
#1090=EDGE_LOOP('',(#454,#455,#456,#457));
#1091=EDGE_LOOP('',(#458,#459,#460,#461));
#1092=EDGE_LOOP('',(#462,#463,#464,#465));
#1093=EDGE_LOOP('',(#466,#467,#468,#469));
#1094=EDGE_LOOP('',(#470,#471,#472,#473));
#1095=EDGE_LOOP('',(#474,#475,#476,#477));
#1096=EDGE_LOOP('',(#478,#479,#480,#481));
#1097=EDGE_LOOP('',(#482,#483,#484,#485));
#1098=EDGE_LOOP('',(#486,#487,#488,#489));
#1099=EDGE_LOOP('',(#490,#491,#492,#493));
#1100=EDGE_LOOP('',(#494,#495,#496,#497));
#1101=EDGE_LOOP('',(#498,#499,#500,#501));
#1102=EDGE_LOOP('',(#502,#503,#504,#505));
#1103=EDGE_LOOP('',(#506,#507,#508,#509));
#1104=EDGE_LOOP('',(#510,#511,#512,#513));
#1105=EDGE_LOOP('',(#514,#515,#516,#517));
#1106=EDGE_LOOP('',(#518,#519,#520,#521));
#1107=EDGE_LOOP('',(#522,#523,#524,#525));
#1108=EDGE_LOOP('',(#526,#527,#528,#529));
#1109=EDGE_LOOP('',(#530,#531,#532,#533));
#1110=EDGE_LOOP('',(#534,#535,#536,#537));
#1111=EDGE_LOOP('',(#538,#539,#540,#541));
#1112=EDGE_LOOP('',(#542,#543,#544,#545));
#1113=EDGE_LOOP('',(#546,#547,#548,#549));
#1114=EDGE_LOOP('',(#550,#551,#552,#553));
#1115=EDGE_LOOP('',(#554,#555,#556,#557));
#1116=EDGE_LOOP('',(#558,#559,#560,#561));
#1117=EDGE_LOOP('',(#562,#563,#564,#565));
#1118=EDGE_LOOP('',(#566));
#1119=EDGE_LOOP('',(#567));
#1120=EDGE_LOOP('',(#568,#569));
#1121=EDGE_LOOP('',(#570));
#1122=EDGE_LOOP('',(#571,#572));
#1123=EDGE_LOOP('',(#573,#574,#575,#576));
#1124=EDGE_LOOP('',(#577,#578,#579,#580));
#1125=FACE_BOUND('',#1051,.T.);
#1126=FACE_BOUND('',#1052,.T.);
#1127=FACE_BOUND('',#1053,.T.);
#1128=FACE_BOUND('',#1054,.T.);
#1129=FACE_BOUND('',#1055,.T.);
#1130=FACE_BOUND('',#1056,.T.);
#1131=FACE_BOUND('',#1057,.T.);
#1132=FACE_BOUND('',#1058,.T.);
#1133=FACE_BOUND('',#1059,.T.);
#1134=FACE_BOUND('',#1060,.T.);
#1135=FACE_BOUND('',#1061,.T.);
#1136=FACE_BOUND('',#1062,.T.);
#1137=FACE_BOUND('',#1063,.T.);
#1138=FACE_BOUND('',#1064,.T.);
#1139=FACE_BOUND('',#1065,.T.);
#1140=FACE_BOUND('',#1066,.T.);
#1141=FACE_BOUND('',#1067,.T.);
#1142=FACE_BOUND('',#1068,.T.);
#1143=FACE_BOUND('',#1069,.T.);
#1144=FACE_BOUND('',#1070,.T.);
#1145=FACE_BOUND('',#1071,.T.);
#1146=FACE_BOUND('',#1072,.T.);
#1147=FACE_BOUND('',#1073,.T.);
#1148=FACE_BOUND('',#1074,.T.);
#1149=FACE_BOUND('',#1075,.T.);
#1150=FACE_BOUND('',#1076,.T.);
#1151=FACE_BOUND('',#1077,.T.);
#1152=FACE_BOUND('',#1078,.T.);
#1153=FACE_BOUND('',#1079,.T.);
#1154=FACE_BOUND('',#1080,.T.);
#1155=FACE_BOUND('',#1081,.T.);
#1156=FACE_BOUND('',#1082,.T.);
#1157=FACE_BOUND('',#1083,.T.);
#1158=FACE_BOUND('',#1084,.T.);
#1159=FACE_BOUND('',#1085,.T.);
#1160=FACE_BOUND('',#1086,.T.);
#1161=FACE_BOUND('',#1087,.T.);
#1162=FACE_BOUND('',#1088,.T.);
#1163=FACE_BOUND('',#1089,.T.);
#1164=FACE_BOUND('',#1090,.T.);
#1165=FACE_BOUND('',#1091,.T.);
#1166=FACE_BOUND('',#1092,.T.);
#1167=FACE_BOUND('',#1093,.T.);
#1168=FACE_BOUND('',#1094,.T.);
#1169=FACE_BOUND('',#1095,.T.);
#1170=FACE_BOUND('',#1096,.T.);
#1171=FACE_BOUND('',#1097,.T.);
#1172=FACE_BOUND('',#1098,.T.);
#1173=FACE_BOUND('',#1099,.T.);
#1174=FACE_BOUND('',#1100,.T.);
#1175=FACE_BOUND('',#1101,.T.);
#1176=FACE_BOUND('',#1102,.T.);
#1177=FACE_BOUND('',#1103,.T.);
#1178=FACE_BOUND('',#1104,.T.);
#1179=FACE_BOUND('',#1105,.T.);
#1180=FACE_BOUND('',#1106,.T.);
#1181=FACE_BOUND('',#1107,.T.);
#1182=FACE_BOUND('',#1108,.T.);
#1183=FACE_BOUND('',#1109,.T.);
#1184=FACE_BOUND('',#1110,.T.);
#1185=FACE_BOUND('',#1111,.T.);
#1186=FACE_BOUND('',#1112,.T.);
#1187=FACE_BOUND('',#1113,.T.);
#1188=FACE_BOUND('',#1114,.T.);
#1189=FACE_BOUND('',#1115,.T.);
#1190=FACE_BOUND('',#1116,.T.);
#1191=FACE_BOUND('',#1117,.T.);
#1192=FACE_BOUND('',#1118,.T.);
#1193=FACE_BOUND('',#1119,.T.);
#1194=FACE_BOUND('',#1120,.T.);
#1195=FACE_BOUND('',#1121,.T.);
#1196=FACE_BOUND('',#1122,.T.);
#1197=FACE_BOUND('',#1123,.T.);
#1198=FACE_BOUND('',#1124,.T.);
#1199=CYLINDRICAL_SURFACE('',#1317,0.009);
#1200=CYLINDRICAL_SURFACE('',#1320,0.009);
#1201=CYLINDRICAL_SURFACE('',#1323,0.009);
#1202=CYLINDRICAL_SURFACE('',#1326,0.009);
#1203=CYLINDRICAL_SURFACE('',#1329,0.009);
#1204=CYLINDRICAL_SURFACE('',#1332,0.009);
#1205=CYLINDRICAL_SURFACE('',#1335,0.009);
#1206=CYLINDRICAL_SURFACE('',#1338,0.009);
#1207=CYLINDRICAL_SURFACE('',#1341,0.009);
#1208=CYLINDRICAL_SURFACE('',#1344,0.009);
#1209=CYLINDRICAL_SURFACE('',#1347,0.009);
#1210=CYLINDRICAL_SURFACE('',#1350,0.009);
#1211=CYLINDRICAL_SURFACE('',#1353,0.009);
#1212=CYLINDRICAL_SURFACE('',#1356,0.009);
#1213=CYLINDRICAL_SURFACE('',#1359,0.009);
#1214=CYLINDRICAL_SURFACE('',#1362,0.009);
#1215=CYLINDRICAL_SURFACE('',#1400,0.000612086637197381);
#1216=CYLINDRICAL_SURFACE('',#1401,0.000612086637197381);
#1217=CYLINDRICAL_SURFACE('',#1402,0.000612086637197381);
#1218=CYLINDRICAL_SURFACE('',#1403,0.000612086637197381);
#1219=CYLINDRICAL_SURFACE('',#1404,0.000612086637197381);
#1220=CYLINDRICAL_SURFACE('',#1405,0.000612086637197381);
#1221=CYLINDRICAL_SURFACE('',#1406,0.000612086637197381);
#1222=CYLINDRICAL_SURFACE('',#1407,0.000612086637197381);
#1223=CYLINDRICAL_SURFACE('',#1408,0.000612086637197381);
#1224=CYLINDRICAL_SURFACE('',#1409,0.000612086637197381);
#1225=CYLINDRICAL_SURFACE('',#1410,0.000612086637197381);
#1226=CYLINDRICAL_SURFACE('',#1411,0.000612086637197381);
#1227=CYLINDRICAL_SURFACE('',#1412,0.000612086637197381);
#1228=CYLINDRICAL_SURFACE('',#1413,0.000612086637197381);
#1229=CYLINDRICAL_SURFACE('',#1414,0.000612086637197381);
#1230=CYLINDRICAL_SURFACE('',#1415,0.000612086637197381);
#1231=CYLINDRICAL_SURFACE('',#1416,0.0039);
#1232=CYLINDRICAL_SURFACE('',#1423,0.00255);
#1233=ADVANCED_FACE('',(#1125),#1199,.T.);
#1234=ADVANCED_FACE('',(#1126),#1200,.T.);
#1235=ADVANCED_FACE('',(#1127),#1201,.T.);
#1236=ADVANCED_FACE('',(#1128),#1202,.T.);
#1237=ADVANCED_FACE('',(#1129),#1203,.T.);
#1238=ADVANCED_FACE('',(#1130),#1204,.T.);
#1239=ADVANCED_FACE('',(#1131),#1205,.T.);
#1240=ADVANCED_FACE('',(#1132),#1206,.T.);
#1241=ADVANCED_FACE('',(#1133),#1207,.T.);
#1242=ADVANCED_FACE('',(#1134),#1208,.T.);
#1243=ADVANCED_FACE('',(#1135),#1209,.T.);
#1244=ADVANCED_FACE('',(#1136),#1210,.T.);
#1245=ADVANCED_FACE('',(#1137),#1211,.T.);
#1246=ADVANCED_FACE('',(#1138),#1212,.T.);
#1247=ADVANCED_FACE('',(#1139),#1213,.T.);
#1248=ADVANCED_FACE('',(#1140),#1214,.T.);
#1249=ADVANCED_FACE('',(#1141),#108,.T.);
#1250=ADVANCED_FACE('',(#1142,#1143),#109,.F.);
#1251=ADVANCED_FACE('',(#1144),#12,.T.);
#1252=ADVANCED_FACE('',(#1145),#13,.F.);
#1253=ADVANCED_FACE('',(#1146),#1215,.F.);
#1254=ADVANCED_FACE('',(#1147),#14,.T.);
#1255=ADVANCED_FACE('',(#1148),#15,.F.);
#1256=ADVANCED_FACE('',(#1149),#1216,.F.);
#1257=ADVANCED_FACE('',(#1150),#16,.T.);
#1258=ADVANCED_FACE('',(#1151),#17,.F.);
#1259=ADVANCED_FACE('',(#1152),#1217,.F.);
#1260=ADVANCED_FACE('',(#1153),#18,.T.);
#1261=ADVANCED_FACE('',(#1154),#19,.F.);
#1262=ADVANCED_FACE('',(#1155),#1218,.F.);
#1263=ADVANCED_FACE('',(#1156),#20,.T.);
#1264=ADVANCED_FACE('',(#1157),#21,.F.);
#1265=ADVANCED_FACE('',(#1158),#1219,.F.);
#1266=ADVANCED_FACE('',(#1159),#22,.T.);
#1267=ADVANCED_FACE('',(#1160),#23,.F.);
#1268=ADVANCED_FACE('',(#1161),#1220,.F.);
#1269=ADVANCED_FACE('',(#1162),#24,.T.);
#1270=ADVANCED_FACE('',(#1163),#25,.F.);
#1271=ADVANCED_FACE('',(#1164),#1221,.F.);
#1272=ADVANCED_FACE('',(#1165),#26,.T.);
#1273=ADVANCED_FACE('',(#1166),#27,.F.);
#1274=ADVANCED_FACE('',(#1167),#1222,.F.);
#1275=ADVANCED_FACE('',(#1168),#28,.T.);
#1276=ADVANCED_FACE('',(#1169),#29,.F.);
#1277=ADVANCED_FACE('',(#1170),#1223,.F.);
#1278=ADVANCED_FACE('',(#1171),#30,.T.);
#1279=ADVANCED_FACE('',(#1172),#31,.F.);
#1280=ADVANCED_FACE('',(#1173),#1224,.F.);
#1281=ADVANCED_FACE('',(#1174),#32,.T.);
#1282=ADVANCED_FACE('',(#1175),#33,.F.);
#1283=ADVANCED_FACE('',(#1176),#1225,.F.);
#1284=ADVANCED_FACE('',(#1177),#34,.T.);
#1285=ADVANCED_FACE('',(#1178),#35,.F.);
#1286=ADVANCED_FACE('',(#1179),#1226,.F.);
#1287=ADVANCED_FACE('',(#1180),#36,.T.);
#1288=ADVANCED_FACE('',(#1181),#37,.F.);
#1289=ADVANCED_FACE('',(#1182),#1227,.F.);
#1290=ADVANCED_FACE('',(#1183),#38,.T.);
#1291=ADVANCED_FACE('',(#1184),#39,.F.);
#1292=ADVANCED_FACE('',(#1185),#1228,.F.);
#1293=ADVANCED_FACE('',(#1186),#40,.T.);
#1294=ADVANCED_FACE('',(#1187),#41,.F.);
#1295=ADVANCED_FACE('',(#1188),#1229,.F.);
#1296=ADVANCED_FACE('',(#1189),#42,.T.);
#1297=ADVANCED_FACE('',(#1190),#43,.F.);
#1298=ADVANCED_FACE('',(#1191),#1230,.F.);
#1299=ADVANCED_FACE('',(#1192,#1193),#1231,.T.);
#1300=ADVANCED_FACE('',(#1194,#1195),#110,.T.);
#1301=ADVANCED_FACE('',(#1196),#111,.T.);
#1302=ADVANCED_FACE('',(#1197),#112,.T.);
#1303=ADVANCED_FACE('',(#1198),#1232,.F.);
#1304=CLOSED_SHELL('',(#1233,#1234,#1235,#1236,#1237,#1238,#1239,#1240,
#1241,#1242,#1243,#1244,#1245,#1246,#1247,#1248,#1249,#1250,#1251,#1252,
#1253,#1254,#1255,#1256,#1257,#1258,#1259,#1260,#1261,#1262,#1263,#1264,
#1265,#1266,#1267,#1268,#1269,#1270,#1271,#1272,#1273,#1274,#1275,#1276,
#1277,#1278,#1279,#1280,#1281,#1282,#1283,#1284,#1285,#1286,#1287,#1288,
#1289,#1290,#1291,#1292,#1293,#1294,#1295,#1296,#1297,#1298,#1299,#1300,
#1301,#1302,#1303));
#1305=STYLED_ITEM('',(#1306),#1313);
#1306=PRESENTATION_STYLE_ASSIGNMENT((#1307));
#1307=SURFACE_STYLE_USAGE(.BOTH.,#1308);
#1308=SURFACE_SIDE_STYLE('',(#1309));
#1309=SURFACE_STYLE_FILL_AREA(#1310);
#1310=FILL_AREA_STYLE('',(#1311));
#1311=FILL_AREA_STYLE_COLOUR('',#1312);
#1312=COLOUR_RGB('',0.647058823529412,0.647058823529412,0.647058823529412);
#1313=MANIFOLD_SOLID_BREP('Spur gear (16 teeth)',#1304);
#1314=SHAPE_DEFINITION_REPRESENTATION(#5160,#1315);
#1315=SHAPE_REPRESENTATION('Spur gear (16 teeth)',(#1316),#5155);
#1316=AXIS2_PLACEMENT_3D('',#1708,#1424,#1425);
#1317=AXIS2_PLACEMENT_3D('',#1709,#1426,#1427);
#1318=AXIS2_PLACEMENT_3D('',#1713,#1429,#1430);
#1319=AXIS2_PLACEMENT_3D('',#1717,#1432,#1433);
#1320=AXIS2_PLACEMENT_3D('',#1718,#1434,#1435);
#1321=AXIS2_PLACEMENT_3D('',#1722,#1437,#1438);
#1322=AXIS2_PLACEMENT_3D('',#1726,#1440,#1441);
#1323=AXIS2_PLACEMENT_3D('',#1727,#1442,#1443);
#1324=AXIS2_PLACEMENT_3D('',#1728,#1444,#1445);
#1325=AXIS2_PLACEMENT_3D('',#1733,#1447,#1448);
#1326=AXIS2_PLACEMENT_3D('',#1736,#1450,#1451);
#1327=AXIS2_PLACEMENT_3D('',#1740,#1453,#1454);
#1328=AXIS2_PLACEMENT_3D('',#1744,#1456,#1457);
#1329=AXIS2_PLACEMENT_3D('',#1745,#1458,#1459);
#1330=AXIS2_PLACEMENT_3D('',#1749,#1461,#1462);
#1331=AXIS2_PLACEMENT_3D('',#1753,#1464,#1465);
#1332=AXIS2_PLACEMENT_3D('',#1754,#1466,#1467);
#1333=AXIS2_PLACEMENT_3D('',#1755,#1468,#1469);
#1334=AXIS2_PLACEMENT_3D('',#1760,#1471,#1472);
#1335=AXIS2_PLACEMENT_3D('',#1763,#1474,#1475);
#1336=AXIS2_PLACEMENT_3D('',#1764,#1476,#1477);
#1337=AXIS2_PLACEMENT_3D('',#1769,#1479,#1480);
#1338=AXIS2_PLACEMENT_3D('',#1772,#1482,#1483);
#1339=AXIS2_PLACEMENT_3D('',#1776,#1485,#1486);
#1340=AXIS2_PLACEMENT_3D('',#1780,#1488,#1489);
#1341=AXIS2_PLACEMENT_3D('',#1781,#1490,#1491);
#1342=AXIS2_PLACEMENT_3D('',#1785,#1493,#1494);
#1343=AXIS2_PLACEMENT_3D('',#1789,#1496,#1497);
#1344=AXIS2_PLACEMENT_3D('',#1790,#1498,#1499);
#1345=AXIS2_PLACEMENT_3D('',#1791,#1500,#1501);
#1346=AXIS2_PLACEMENT_3D('',#1796,#1503,#1504);
#1347=AXIS2_PLACEMENT_3D('',#1799,#1506,#1507);
#1348=AXIS2_PLACEMENT_3D('',#1800,#1508,#1509);
#1349=AXIS2_PLACEMENT_3D('',#1805,#1511,#1512);
#1350=AXIS2_PLACEMENT_3D('',#1808,#1514,#1515);
#1351=AXIS2_PLACEMENT_3D('',#1812,#1517,#1518);
#1352=AXIS2_PLACEMENT_3D('',#1816,#1520,#1521);
#1353=AXIS2_PLACEMENT_3D('',#1817,#1522,#1523);
#1354=AXIS2_PLACEMENT_3D('',#1821,#1525,#1526);
#1355=AXIS2_PLACEMENT_3D('',#1825,#1528,#1529);
#1356=AXIS2_PLACEMENT_3D('',#1826,#1530,#1531);
#1357=AXIS2_PLACEMENT_3D('',#1827,#1532,#1533);
#1358=AXIS2_PLACEMENT_3D('',#1832,#1535,#1536);
#1359=AXIS2_PLACEMENT_3D('',#1835,#1538,#1539);
#1360=AXIS2_PLACEMENT_3D('',#1836,#1540,#1541);
#1361=AXIS2_PLACEMENT_3D('',#1841,#1543,#1544);
#1362=AXIS2_PLACEMENT_3D('',#1844,#1546,#1547);
#1363=AXIS2_PLACEMENT_3D('',#1845,#1548,#1549);
#1364=AXIS2_PLACEMENT_3D('',#1850,#1551,#1552);
#1365=AXIS2_PLACEMENT_3D('',#1853,#1554,#1555);
#1366=AXIS2_PLACEMENT_3D('',#1891,#1556,#1557);
#1367=AXIS2_PLACEMENT_3D('',#1966,#1558,#1559);
#1368=AXIS2_PLACEMENT_3D('',#2041,#1560,#1561);
#1369=AXIS2_PLACEMENT_3D('',#2116,#1562,#1563);
#1370=AXIS2_PLACEMENT_3D('',#2191,#1564,#1565);
#1371=AXIS2_PLACEMENT_3D('',#2266,#1566,#1567);
#1372=AXIS2_PLACEMENT_3D('',#2341,#1568,#1569);
#1373=AXIS2_PLACEMENT_3D('',#2416,#1570,#1571);
#1374=AXIS2_PLACEMENT_3D('',#2491,#1572,#1573);
#1375=AXIS2_PLACEMENT_3D('',#2566,#1574,#1575);
#1376=AXIS2_PLACEMENT_3D('',#2641,#1576,#1577);
#1377=AXIS2_PLACEMENT_3D('',#2716,#1578,#1579);
#1378=AXIS2_PLACEMENT_3D('',#2791,#1580,#1581);
#1379=AXIS2_PLACEMENT_3D('',#2866,#1582,#1583);
#1380=AXIS2_PLACEMENT_3D('',#2941,#1584,#1585);
#1381=AXIS2_PLACEMENT_3D('',#3016,#1586,#1587);
#1382=AXIS2_PLACEMENT_3D('',#3054,#1588,#1589);
#1383=AXIS2_PLACEMENT_3D('',#3055,#1590,#1591);
#1384=AXIS2_PLACEMENT_3D('',#3057,#1592,#1593);
#1385=AXIS2_PLACEMENT_3D('',#3133,#1594,#1595);
#1386=AXIS2_PLACEMENT_3D('',#3208,#1596,#1597);
#1387=AXIS2_PLACEMENT_3D('',#3283,#1598,#1599);
#1388=AXIS2_PLACEMENT_3D('',#3358,#1600,#1601);
#1389=AXIS2_PLACEMENT_3D('',#3433,#1602,#1603);
#1390=AXIS2_PLACEMENT_3D('',#3508,#1604,#1605);
#1391=AXIS2_PLACEMENT_3D('',#3583,#1606,#1607);
#1392=AXIS2_PLACEMENT_3D('',#3658,#1608,#1609);
#1393=AXIS2_PLACEMENT_3D('',#3733,#1610,#1611);
#1394=AXIS2_PLACEMENT_3D('',#3808,#1612,#1613);
#1395=AXIS2_PLACEMENT_3D('',#3883,#1614,#1615);
#1396=AXIS2_PLACEMENT_3D('',#3958,#1616,#1617);
#1397=AXIS2_PLACEMENT_3D('',#4033,#1618,#1619);
#1398=AXIS2_PLACEMENT_3D('',#4108,#1620,#1621);
#1399=AXIS2_PLACEMENT_3D('',#4183,#1622,#1623);
#1400=AXIS2_PLACEMENT_3D('',#4311,#1626,#1627);
#1401=AXIS2_PLACEMENT_3D('',#4366,#1630,#1631);
#1402=AXIS2_PLACEMENT_3D('',#4421,#1634,#1635);
#1403=AXIS2_PLACEMENT_3D('',#4476,#1638,#1639);
#1404=AXIS2_PLACEMENT_3D('',#4531,#1642,#1643);
#1405=AXIS2_PLACEMENT_3D('',#4586,#1646,#1647);
#1406=AXIS2_PLACEMENT_3D('',#4641,#1650,#1651);
#1407=AXIS2_PLACEMENT_3D('',#4696,#1654,#1655);
#1408=AXIS2_PLACEMENT_3D('',#4751,#1658,#1659);
#1409=AXIS2_PLACEMENT_3D('',#4806,#1662,#1663);
#1410=AXIS2_PLACEMENT_3D('',#4861,#1666,#1667);
#1411=AXIS2_PLACEMENT_3D('',#4916,#1670,#1671);
#1412=AXIS2_PLACEMENT_3D('',#4971,#1674,#1675);
#1413=AXIS2_PLACEMENT_3D('',#5026,#1678,#1679);
#1414=AXIS2_PLACEMENT_3D('',#5081,#1682,#1683);
#1415=AXIS2_PLACEMENT_3D('',#5136,#1686,#1687);
#1416=AXIS2_PLACEMENT_3D('',#5137,#1688,#1689);
#1417=AXIS2_PLACEMENT_3D('',#5138,#1690,#1691);
#1418=AXIS2_PLACEMENT_3D('',#5140,#1692,#1693);
#1419=AXIS2_PLACEMENT_3D('',#5141,#1694,#1695);
#1420=AXIS2_PLACEMENT_3D('',#5145,#1697,#1698);
#1421=AXIS2_PLACEMENT_3D('',#5149,#1700,#1701);
#1422=AXIS2_PLACEMENT_3D('',#5150,#1702,#1703);
#1423=AXIS2_PLACEMENT_3D('',#5153,#1706,#1707);
#1424=DIRECTION('',(0.,0.,1.));
#1425=DIRECTION('',(1.,0.,0.));
#1426=DIRECTION('',(0.,1.,0.));
#1427=DIRECTION('',(0.,0.,1.));
#1428=DIRECTION('',(0.,1.,0.));
#1429=DIRECTION('',(0.,-1.,0.));
#1430=DIRECTION('',(0.,0.,-1.));
#1431=DIRECTION('',(0.,1.,0.));
#1432=DIRECTION('',(0.,-1.,0.));
#1433=DIRECTION('',(0.,0.,-1.));
#1434=DIRECTION('',(0.,1.,0.));
#1435=DIRECTION('',(0.,0.,1.));
#1436=DIRECTION('',(0.,1.,0.));
#1437=DIRECTION('',(0.,-1.,0.));
#1438=DIRECTION('',(0.,0.,-1.));
#1439=DIRECTION('',(0.,1.,0.));
#1440=DIRECTION('',(0.,-1.,0.));
#1441=DIRECTION('',(0.,0.,-1.));
#1442=DIRECTION('',(0.,1.,0.));
#1443=DIRECTION('',(0.,0.,1.));
#1444=DIRECTION('',(0.,-1.,0.));
#1445=DIRECTION('',(0.,0.,-1.));
#1446=DIRECTION('',(0.,1.,0.));
#1447=DIRECTION('',(0.,-1.,0.));
#1448=DIRECTION('',(0.,0.,-1.));
#1449=DIRECTION('',(0.,1.,0.));
#1450=DIRECTION('',(0.,1.,0.));
#1451=DIRECTION('',(0.,0.,1.));
#1452=DIRECTION('',(0.,1.,0.));
#1453=DIRECTION('',(0.,-1.,0.));
#1454=DIRECTION('',(0.,0.,-1.));
#1455=DIRECTION('',(0.,1.,0.));
#1456=DIRECTION('',(0.,-1.,0.));
#1457=DIRECTION('',(0.,0.,-1.));
#1458=DIRECTION('',(0.,1.,0.));
#1459=DIRECTION('',(0.,0.,1.));
#1460=DIRECTION('',(0.,1.,0.));
#1461=DIRECTION('',(0.,-1.,0.));
#1462=DIRECTION('',(0.,0.,-1.));
#1463=DIRECTION('',(0.,1.,0.));
#1464=DIRECTION('',(0.,-1.,0.));
#1465=DIRECTION('',(0.,0.,-1.));
#1466=DIRECTION('',(0.,1.,0.));
#1467=DIRECTION('',(0.,0.,1.));
#1468=DIRECTION('',(0.,-1.,0.));
#1469=DIRECTION('',(0.,0.,-1.));
#1470=DIRECTION('',(0.,1.,0.));
#1471=DIRECTION('',(0.,-1.,0.));
#1472=DIRECTION('',(0.,0.,-1.));
#1473=DIRECTION('',(0.,1.,0.));
#1474=DIRECTION('',(0.,1.,0.));
#1475=DIRECTION('',(0.,0.,1.));
#1476=DIRECTION('',(0.,-1.,0.));
#1477=DIRECTION('',(0.,0.,-1.));
#1478=DIRECTION('',(0.,1.,0.));
#1479=DIRECTION('',(0.,-1.,0.));
#1480=DIRECTION('',(0.,0.,-1.));
#1481=DIRECTION('',(0.,1.,0.));
#1482=DIRECTION('',(0.,1.,0.));
#1483=DIRECTION('',(0.,0.,1.));
#1484=DIRECTION('',(0.,1.,0.));
#1485=DIRECTION('',(0.,-1.,0.));
#1486=DIRECTION('',(0.,0.,-1.));
#1487=DIRECTION('',(0.,1.,0.));
#1488=DIRECTION('',(0.,-1.,0.));
#1489=DIRECTION('',(0.,0.,-1.));
#1490=DIRECTION('',(0.,1.,0.));
#1491=DIRECTION('',(0.,0.,1.));
#1492=DIRECTION('',(0.,1.,0.));
#1493=DIRECTION('',(0.,-1.,0.));
#1494=DIRECTION('',(0.,0.,-1.));
#1495=DIRECTION('',(0.,1.,0.));
#1496=DIRECTION('',(0.,-1.,0.));
#1497=DIRECTION('',(0.,0.,-1.));
#1498=DIRECTION('',(0.,1.,0.));
#1499=DIRECTION('',(0.,0.,1.));
#1500=DIRECTION('',(0.,-1.,0.));
#1501=DIRECTION('',(0.,0.,-1.));
#1502=DIRECTION('',(0.,1.,0.));
#1503=DIRECTION('',(0.,-1.,0.));
#1504=DIRECTION('',(0.,0.,-1.));
#1505=DIRECTION('',(0.,1.,0.));
#1506=DIRECTION('',(0.,1.,0.));
#1507=DIRECTION('',(0.,0.,1.));
#1508=DIRECTION('',(0.,-1.,0.));
#1509=DIRECTION('',(0.,0.,-1.));
#1510=DIRECTION('',(0.,1.,0.));
#1511=DIRECTION('',(0.,-1.,0.));
#1512=DIRECTION('',(0.,0.,-1.));
#1513=DIRECTION('',(0.,1.,0.));
#1514=DIRECTION('',(0.,1.,0.));
#1515=DIRECTION('',(0.,0.,1.));
#1516=DIRECTION('',(0.,1.,0.));
#1517=DIRECTION('',(0.,-1.,0.));
#1518=DIRECTION('',(0.,0.,-1.));
#1519=DIRECTION('',(0.,1.,0.));
#1520=DIRECTION('',(0.,-1.,0.));
#1521=DIRECTION('',(0.,0.,-1.));
#1522=DIRECTION('',(0.,1.,0.));
#1523=DIRECTION('',(0.,0.,1.));
#1524=DIRECTION('',(0.,1.,0.));
#1525=DIRECTION('',(0.,-1.,0.));
#1526=DIRECTION('',(0.,0.,-1.));
#1527=DIRECTION('',(0.,1.,0.));
#1528=DIRECTION('',(0.,-1.,0.));
#1529=DIRECTION('',(0.,0.,-1.));
#1530=DIRECTION('',(0.,1.,0.));
#1531=DIRECTION('',(0.,0.,1.));
#1532=DIRECTION('',(0.,-1.,0.));
#1533=DIRECTION('',(0.,0.,-1.));
#1534=DIRECTION('',(0.,1.,0.));
#1535=DIRECTION('',(0.,-1.,0.));
#1536=DIRECTION('',(0.,0.,-1.));
#1537=DIRECTION('',(0.,1.,0.));
#1538=DIRECTION('',(0.,1.,0.));
#1539=DIRECTION('',(0.,0.,1.));
#1540=DIRECTION('',(0.,-1.,0.));
#1541=DIRECTION('',(0.,0.,-1.));
#1542=DIRECTION('',(0.,1.,0.));
#1543=DIRECTION('',(0.,-1.,0.));
#1544=DIRECTION('',(0.,0.,-1.));
#1545=DIRECTION('',(0.,1.,0.));
#1546=DIRECTION('',(0.,1.,0.));
#1547=DIRECTION('',(0.,0.,1.));
#1548=DIRECTION('',(0.,-1.,0.));
#1549=DIRECTION('',(0.,0.,-1.));
#1550=DIRECTION('',(0.,1.,0.));
#1551=DIRECTION('',(0.,-1.,0.));
#1552=DIRECTION('',(0.,0.,-1.));
#1553=DIRECTION('',(0.,1.,0.));
#1554=DIRECTION('',(0.,-1.,0.));
#1555=DIRECTION('',(1.,0.,0.));
#1556=DIRECTION('',(0.,-1.,0.));
#1557=DIRECTION('',(-0.707106781186548,0.,-0.707106781186547));
#1558=DIRECTION('',(0.,-1.,0.));
#1559=DIRECTION('',(-0.38268343236509,0.,-0.923879532511287));
#1560=DIRECTION('',(0.,-1.,0.));
#1561=DIRECTION('',(0.,0.,-1.));
#1562=DIRECTION('',(0.,-1.,0.));
#1563=DIRECTION('',(0.38268343236509,0.,-0.923879532511287));
#1564=DIRECTION('',(0.,-1.,0.));
#1565=DIRECTION('',(0.707106781186548,0.,-0.707106781186548));
#1566=DIRECTION('',(0.,-1.,0.));
#1567=DIRECTION('',(0.923879532511287,0.,-0.38268343236509));
#1568=DIRECTION('',(0.,-1.,0.));
#1569=DIRECTION('',(1.,0.,-6.12323399573677E-17));
#1570=DIRECTION('',(0.,-1.,0.));
#1571=DIRECTION('',(0.923879532511287,0.,0.38268343236509));
#1572=DIRECTION('',(0.,-1.,0.));
#1573=DIRECTION('',(0.707106781186548,0.,0.707106781186548));
#1574=DIRECTION('',(0.,-1.,0.));
#1575=DIRECTION('',(0.38268343236509,0.,0.923879532511287));
#1576=DIRECTION('',(0.,-1.,0.));
#1577=DIRECTION('',(1.22464679914735E-16,0.,1.));
#1578=DIRECTION('',(0.,-1.,0.));
#1579=DIRECTION('',(-0.38268343236509,0.,0.923879532511287));
#1580=DIRECTION('',(0.,-1.,0.));
#1581=DIRECTION('',(-0.707106781186548,0.,0.707106781186548));
#1582=DIRECTION('',(0.,-1.,0.));
#1583=DIRECTION('',(-0.923879532511287,0.,0.38268343236509));
#1584=DIRECTION('',(0.,-1.,0.));
#1585=DIRECTION('',(-1.,0.,1.83697019872103E-16));
#1586=DIRECTION('',(0.,-1.,0.));
#1587=DIRECTION('',(-0.923879532511287,0.,-0.38268343236509));
#1588=DIRECTION('',(0.,-1.,0.));
#1589=DIRECTION('',(1.,0.,0.));
#1590=DIRECTION('',(0.,-1.,0.));
#1591=DIRECTION('',(0.,0.,-1.));
#1592=DIRECTION('',(0.,-1.,0.));
#1593=DIRECTION('',(-0.707106781186548,0.,-0.707106781186547));
#1594=DIRECTION('',(0.,-1.,0.));
#1595=DIRECTION('',(-0.923879532511287,0.,-0.38268343236509));
#1596=DIRECTION('',(0.,-1.,0.));
#1597=DIRECTION('',(-1.,0.,1.83697019872103E-16));
#1598=DIRECTION('',(0.,-1.,0.));
#1599=DIRECTION('',(-0.923879532511287,0.,0.38268343236509));
#1600=DIRECTION('',(0.,-1.,0.));
#1601=DIRECTION('',(-0.707106781186548,0.,0.707106781186548));
#1602=DIRECTION('',(0.,-1.,0.));
#1603=DIRECTION('',(-0.38268343236509,0.,0.923879532511287));
#1604=DIRECTION('',(0.,-1.,0.));
#1605=DIRECTION('',(1.22464679914735E-16,0.,1.));
#1606=DIRECTION('',(0.,-1.,0.));
#1607=DIRECTION('',(0.38268343236509,0.,0.923879532511287));
#1608=DIRECTION('',(0.,-1.,0.));
#1609=DIRECTION('',(0.707106781186548,0.,0.707106781186548));
#1610=DIRECTION('',(0.,-1.,0.));
#1611=DIRECTION('',(0.923879532511287,0.,0.38268343236509));
#1612=DIRECTION('',(0.,-1.,0.));
#1613=DIRECTION('',(1.,0.,-6.12323399573677E-17));
#1614=DIRECTION('',(0.,-1.,0.));
#1615=DIRECTION('',(0.923879532511287,0.,-0.38268343236509));
#1616=DIRECTION('',(0.,-1.,0.));
#1617=DIRECTION('',(0.707106781186548,0.,-0.707106781186548));
#1618=DIRECTION('',(0.,-1.,0.));
#1619=DIRECTION('',(0.38268343236509,0.,-0.923879532511287));
#1620=DIRECTION('',(0.,-1.,0.));
#1621=DIRECTION('',(0.,0.,-1.));
#1622=DIRECTION('',(0.,-1.,0.));
#1623=DIRECTION('',(-0.38268343236509,0.,-0.923879532511287));
#1624=DIRECTION('',(0.,1.,0.));
#1625=DIRECTION('',(0.,1.,0.));
#1626=DIRECTION('',(0.,1.,0.));
#1627=DIRECTION('',(0.,0.,1.));
#1628=DIRECTION('',(0.,1.,0.));
#1629=DIRECTION('',(0.,1.,0.));
#1630=DIRECTION('',(0.,1.,0.));
#1631=DIRECTION('',(-1.,0.,6.12323399573677E-17));
#1632=DIRECTION('',(0.,1.,0.));
#1633=DIRECTION('',(0.,1.,0.));
#1634=DIRECTION('',(0.,1.,0.));
#1635=DIRECTION('',(-0.923879532511287,0.,0.38268343236509));
#1636=DIRECTION('',(0.,1.,0.));
#1637=DIRECTION('',(0.,1.,0.));
#1638=DIRECTION('',(0.,1.,0.));
#1639=DIRECTION('',(-0.38268343236509,0.,0.923879532511287));
#1640=DIRECTION('',(0.,1.,0.));
#1641=DIRECTION('',(0.,1.,0.));
#1642=DIRECTION('',(0.,1.,0.));
#1643=DIRECTION('',(-0.707106781186548,0.,0.707106781186548));
#1644=DIRECTION('',(0.,1.,0.));
#1645=DIRECTION('',(0.,1.,0.));
#1646=DIRECTION('',(0.,1.,0.));
#1647=DIRECTION('',(-1.22464679914735E-16,0.,-1.));
#1648=DIRECTION('',(0.,1.,0.));
#1649=DIRECTION('',(0.,1.,0.));
#1650=DIRECTION('',(0.,1.,0.));
#1651=DIRECTION('',(-0.38268343236509,0.,-0.923879532511287));
#1652=DIRECTION('',(0.,1.,0.));
#1653=DIRECTION('',(0.,1.,0.));
#1654=DIRECTION('',(0.,1.,0.));
#1655=DIRECTION('',(-0.923879532511287,0.,-0.38268343236509));
#1656=DIRECTION('',(0.,1.,0.));
#1657=DIRECTION('',(0.,1.,0.));
#1658=DIRECTION('',(0.,1.,0.));
#1659=DIRECTION('',(-0.707106781186548,0.,-0.707106781186548));
#1660=DIRECTION('',(0.,1.,0.));
#1661=DIRECTION('',(0.,1.,0.));
#1662=DIRECTION('',(0.,1.,0.));
#1663=DIRECTION('',(1.,0.,-1.83697019872103E-16));
#1664=DIRECTION('',(0.,1.,0.));
#1665=DIRECTION('',(0.,1.,0.));
#1666=DIRECTION('',(0.,1.,0.));
#1667=DIRECTION('',(0.923879532511287,0.,-0.38268343236509));
#1668=DIRECTION('',(0.,1.,0.));
#1669=DIRECTION('',(0.,1.,0.));
#1670=DIRECTION('',(0.,1.,0.));
#1671=DIRECTION('',(0.38268343236509,0.,-0.923879532511287));
#1672=DIRECTION('',(0.,1.,0.));
#1673=DIRECTION('',(0.,1.,0.));
#1674=DIRECTION('',(0.,1.,0.));
#1675=DIRECTION('',(0.707106781186548,0.,-0.707106781186548));
#1676=DIRECTION('',(0.,1.,0.));
#1677=DIRECTION('',(0.,1.,0.));
#1678=DIRECTION('',(0.,1.,0.));
#1679=DIRECTION('',(0.38268343236509,0.,0.923879532511287));
#1680=DIRECTION('',(0.,1.,0.));
#1681=DIRECTION('',(0.,1.,0.));
#1682=DIRECTION('',(0.,1.,0.));
#1683=DIRECTION('',(0.923879532511287,0.,0.38268343236509));
#1684=DIRECTION('',(0.,1.,0.));
#1685=DIRECTION('',(0.,1.,0.));
#1686=DIRECTION('',(0.,1.,0.));
#1687=DIRECTION('',(0.707106781186548,0.,0.707106781186547));
#1688=DIRECTION('',(0.,-1.,0.));
#1689=DIRECTION('',(0.,0.,-1.));
#1690=DIRECTION('',(0.,1.,0.));
#1691=DIRECTION('',(0.,0.,1.));
#1692=DIRECTION('',(0.,1.,0.));
#1693=DIRECTION('',(-1.,0.,0.));
#1694=DIRECTION('',(0.,1.,0.));
#1695=DIRECTION('',(0.,0.,1.));
#1696=DIRECTION('',(-1.,0.,0.));
#1697=DIRECTION('',(0.,1.,0.));
#1698=DIRECTION('',(-1.,0.,0.));
#1699=DIRECTION('',(-1.,0.,0.));
#1700=DIRECTION('',(0.,1.,0.));
#1701=DIRECTION('',(0.,0.,1.));
#1702=DIRECTION('',(0.,0.,-1.));
#1703=DIRECTION('',(-1.,0.,0.));
#1704=DIRECTION('',(0.,1.,0.));
#1705=DIRECTION('',(0.,1.,0.));
#1706=DIRECTION('',(0.,1.,0.));
#1707=DIRECTION('',(0.,0.,1.));
#1708=CARTESIAN_POINT('',(0.,0.,0.));
#1709=CARTESIAN_POINT('',(0.,-0.0135,5.51091059616309E-19));
#1710=CARTESIAN_POINT('',(0.00527336365580824,-0.0135,-0.00729325961101075));
#1711=CARTESIAN_POINT('',(0.00527336365580824,-0.0135,-0.00729325961101075));
#1712=CARTESIAN_POINT('',(0.00527336365580824,0.,-0.00729325961101075));
#1713=CARTESIAN_POINT('',(0.,-0.0135,5.51091059616309E-19));
#1714=CARTESIAN_POINT('',(0.00472006437599005,-0.0135,-0.0076629623701614));
#1715=CARTESIAN_POINT('',(0.00472006437599005,-0.0135,-0.0076629623701614));
#1716=CARTESIAN_POINT('',(0.00472006437599005,0.,-0.0076629623701614));
#1717=CARTESIAN_POINT('',(0.,0.,5.51091059616309E-19));
#1718=CARTESIAN_POINT('',(0.,-0.0135,5.51091059616309E-19));
#1719=CARTESIAN_POINT('',(0.00208094312801886,-0.0135,-0.00875612218381808));
#1720=CARTESIAN_POINT('',(0.00208094312801886,-0.0135,-0.00875612218381808));
#1721=CARTESIAN_POINT('',(0.00208094312801886,0.,-0.00875612218381808));
#1722=CARTESIAN_POINT('',(0.,-0.0135,5.51091059616309E-19));
#1723=CARTESIAN_POINT('',(0.00142828212721497,-0.0135,-0.00888594452858436));
#1724=CARTESIAN_POINT('',(0.00142828212721497,-0.0135,-0.00888594452858436));
#1725=CARTESIAN_POINT('',(0.00142828212721497,0.,-0.00888594452858436));
#1726=CARTESIAN_POINT('',(0.,0.,5.51091059616309E-19));
#1727=CARTESIAN_POINT('',(0.,-0.0135,5.51091059616309E-19));
#1728=CARTESIAN_POINT('',(0.,-0.0135,5.51091059616309E-19));
#1729=CARTESIAN_POINT('',(0.00729325961101075,-0.0135,-0.00527336365580825));
#1730=CARTESIAN_POINT('',(0.00766296237016141,-0.0135,-0.00472006437599004));
#1731=CARTESIAN_POINT('',(0.00729325961101075,-0.0135,-0.00527336365580825));
#1732=CARTESIAN_POINT('',(0.00729325961101075,0.,-0.00527336365580825));
#1733=CARTESIAN_POINT('',(0.,0.,5.51091059616309E-19));
#1734=CARTESIAN_POINT('',(0.00766296237016141,0.,-0.00472006437599004));
#1735=CARTESIAN_POINT('',(0.00766296237016141,-0.0135,-0.00472006437599004));
#1736=CARTESIAN_POINT('',(0.,-0.0135,5.51091059616309E-19));
#1737=CARTESIAN_POINT('',(-0.00729325961101075,-0.0135,-0.00527336365580825));
#1738=CARTESIAN_POINT('',(-0.00729325961101075,-0.0135,-0.00527336365580825));
#1739=CARTESIAN_POINT('',(-0.00729325961101075,0.,-0.00527336365580825));
#1740=CARTESIAN_POINT('',(0.,-0.0135,5.51091059616309E-19));
#1741=CARTESIAN_POINT('',(-0.00766296237016141,-0.0135,-0.00472006437599004));
#1742=CARTESIAN_POINT('',(-0.00766296237016141,-0.0135,-0.00472006437599004));
#1743=CARTESIAN_POINT('',(-0.00766296237016141,0.,-0.00472006437599004));
#1744=CARTESIAN_POINT('',(0.,0.,5.51091059616309E-19));
#1745=CARTESIAN_POINT('',(0.,-0.0135,5.51091059616309E-19));
#1746=CARTESIAN_POINT('',(-0.00875612218381808,-0.0135,-0.00208094312801886));
#1747=CARTESIAN_POINT('',(-0.00875612218381808,-0.0135,-0.00208094312801886));
#1748=CARTESIAN_POINT('',(-0.00875612218381808,0.,-0.00208094312801886));
#1749=CARTESIAN_POINT('',(0.,-0.0135,5.51091059616309E-19));
#1750=CARTESIAN_POINT('',(-0.00888594452858436,-0.0135,-0.00142828212721497));
#1751=CARTESIAN_POINT('',(-0.00888594452858436,-0.0135,-0.00142828212721497));
#1752=CARTESIAN_POINT('',(-0.00888594452858436,0.,-0.00142828212721497));
#1753=CARTESIAN_POINT('',(0.,0.,5.51091059616309E-19));
#1754=CARTESIAN_POINT('',(0.,-0.0135,5.51091059616309E-19));
#1755=CARTESIAN_POINT('',(0.,-0.0135,5.51091059616309E-19));
#1756=CARTESIAN_POINT('',(-0.00527336365580825,-0.0135,-0.00729325961101075));
#1757=CARTESIAN_POINT('',(-0.00472006437599004,-0.0135,-0.00766296237016141));
#1758=CARTESIAN_POINT('',(-0.00527336365580825,-0.0135,-0.00729325961101075));
#1759=CARTESIAN_POINT('',(-0.00527336365580825,0.,-0.00729325961101075));
#1760=CARTESIAN_POINT('',(0.,0.,5.51091059616309E-19));
#1761=CARTESIAN_POINT('',(-0.00472006437599004,0.,-0.00766296237016141));
#1762=CARTESIAN_POINT('',(-0.00472006437599004,-0.0135,-0.00766296237016141));
#1763=CARTESIAN_POINT('',(0.,-0.0135,5.51091059616309E-19));
#1764=CARTESIAN_POINT('',(0.,-0.0135,5.51091059616309E-19));
#1765=CARTESIAN_POINT('',(-0.00208094312801886,-0.0135,-0.00875612218381808));
#1766=CARTESIAN_POINT('',(-0.00142828212721497,-0.0135,-0.00888594452858436));
#1767=CARTESIAN_POINT('',(-0.00208094312801886,-0.0135,-0.00875612218381808));
#1768=CARTESIAN_POINT('',(-0.00208094312801886,0.,-0.00875612218381808));
#1769=CARTESIAN_POINT('',(0.,0.,5.51091059616309E-19));
#1770=CARTESIAN_POINT('',(-0.00142828212721497,0.,-0.00888594452858436));
#1771=CARTESIAN_POINT('',(-0.00142828212721497,-0.0135,-0.00888594452858436));
#1772=CARTESIAN_POINT('',(0.,-0.0135,5.51091059616309E-19));
#1773=CARTESIAN_POINT('',(-0.00527336365580825,-0.0135,0.00729325961101075));
#1774=CARTESIAN_POINT('',(-0.00527336365580825,-0.0135,0.00729325961101075));
#1775=CARTESIAN_POINT('',(-0.00527336365580825,0.,0.00729325961101075));
#1776=CARTESIAN_POINT('',(0.,-0.0135,5.51091059616309E-19));
#1777=CARTESIAN_POINT('',(-0.00472006437599004,-0.0135,0.00766296237016141));
#1778=CARTESIAN_POINT('',(-0.00472006437599004,-0.0135,0.00766296237016141));
#1779=CARTESIAN_POINT('',(-0.00472006437599004,0.,0.00766296237016141));
#1780=CARTESIAN_POINT('',(0.,0.,5.51091059616309E-19));
#1781=CARTESIAN_POINT('',(0.,-0.0135,5.51091059616309E-19));
#1782=CARTESIAN_POINT('',(-0.00208094312801886,-0.0135,0.00875612218381808));
#1783=CARTESIAN_POINT('',(-0.00208094312801886,-0.0135,0.00875612218381808));
#1784=CARTESIAN_POINT('',(-0.00208094312801886,0.,0.00875612218381808));
#1785=CARTESIAN_POINT('',(0.,-0.0135,5.51091059616309E-19));
#1786=CARTESIAN_POINT('',(-0.00142828212721497,-0.0135,0.00888594452858436));
#1787=CARTESIAN_POINT('',(-0.00142828212721497,-0.0135,0.00888594452858436));
#1788=CARTESIAN_POINT('',(-0.00142828212721497,0.,0.00888594452858436));
#1789=CARTESIAN_POINT('',(0.,0.,5.51091059616309E-19));
#1790=CARTESIAN_POINT('',(0.,-0.0135,5.51091059616309E-19));
#1791=CARTESIAN_POINT('',(0.,-0.0135,5.51091059616309E-19));
#1792=CARTESIAN_POINT('',(-0.00729325961101075,-0.0135,0.00527336365580825));
#1793=CARTESIAN_POINT('',(-0.00766296237016141,-0.0135,0.00472006437599004));
#1794=CARTESIAN_POINT('',(-0.00729325961101075,-0.0135,0.00527336365580825));
#1795=CARTESIAN_POINT('',(-0.00729325961101075,0.,0.00527336365580825));
#1796=CARTESIAN_POINT('',(0.,0.,5.51091059616309E-19));
#1797=CARTESIAN_POINT('',(-0.00766296237016141,0.,0.00472006437599004));
#1798=CARTESIAN_POINT('',(-0.00766296237016141,-0.0135,0.00472006437599004));
#1799=CARTESIAN_POINT('',(0.,-0.0135,5.51091059616309E-19));
#1800=CARTESIAN_POINT('',(0.,-0.0135,5.51091059616309E-19));
#1801=CARTESIAN_POINT('',(-0.00875612218381808,-0.0135,0.00208094312801886));
#1802=CARTESIAN_POINT('',(-0.00888594452858436,-0.0135,0.00142828212721497));
#1803=CARTESIAN_POINT('',(-0.00875612218381808,-0.0135,0.00208094312801886));
#1804=CARTESIAN_POINT('',(-0.00875612218381808,0.,0.00208094312801886));
#1805=CARTESIAN_POINT('',(0.,0.,5.51091059616309E-19));
#1806=CARTESIAN_POINT('',(-0.00888594452858436,0.,0.00142828212721497));
#1807=CARTESIAN_POINT('',(-0.00888594452858436,-0.0135,0.00142828212721497));
#1808=CARTESIAN_POINT('',(0.,-0.0135,5.51091059616309E-19));
#1809=CARTESIAN_POINT('',(0.00729325961101075,-0.0135,0.00527336365580825));
#1810=CARTESIAN_POINT('',(0.00729325961101075,-0.0135,0.00527336365580825));
#1811=CARTESIAN_POINT('',(0.00729325961101075,0.,0.00527336365580825));
#1812=CARTESIAN_POINT('',(0.,-0.0135,5.51091059616309E-19));
#1813=CARTESIAN_POINT('',(0.00766296237016141,-0.0135,0.00472006437599004));
#1814=CARTESIAN_POINT('',(0.00766296237016141,-0.0135,0.00472006437599004));
#1815=CARTESIAN_POINT('',(0.00766296237016141,0.,0.00472006437599004));
#1816=CARTESIAN_POINT('',(0.,0.,5.51091059616309E-19));
#1817=CARTESIAN_POINT('',(0.,-0.0135,5.51091059616309E-19));
#1818=CARTESIAN_POINT('',(0.00875612218381808,-0.0135,0.00208094312801886));
#1819=CARTESIAN_POINT('',(0.00875612218381808,-0.0135,0.00208094312801886));
#1820=CARTESIAN_POINT('',(0.00875612218381808,0.,0.00208094312801886));
#1821=CARTESIAN_POINT('',(0.,-0.0135,5.51091059616309E-19));
#1822=CARTESIAN_POINT('',(0.00888594452858436,-0.0135,0.00142828212721497));
#1823=CARTESIAN_POINT('',(0.00888594452858436,-0.0135,0.00142828212721497));
#1824=CARTESIAN_POINT('',(0.00888594452858436,0.,0.00142828212721497));
#1825=CARTESIAN_POINT('',(0.,0.,5.51091059616309E-19));
#1826=CARTESIAN_POINT('',(0.,-0.0135,5.51091059616309E-19));
#1827=CARTESIAN_POINT('',(0.,-0.0135,5.51091059616309E-19));
#1828=CARTESIAN_POINT('',(0.00527336365580825,-0.0135,0.00729325961101075));
#1829=CARTESIAN_POINT('',(0.00472006437599004,-0.0135,0.00766296237016141));
#1830=CARTESIAN_POINT('',(0.00527336365580825,-0.0135,0.00729325961101075));
#1831=CARTESIAN_POINT('',(0.00527336365580825,0.,0.00729325961101075));
#1832=CARTESIAN_POINT('',(0.,0.,5.51091059616309E-19));
#1833=CARTESIAN_POINT('',(0.00472006437599004,0.,0.00766296237016141));
#1834=CARTESIAN_POINT('',(0.00472006437599004,-0.0135,0.00766296237016141));
#1835=CARTESIAN_POINT('',(0.,-0.0135,5.51091059616309E-19));
#1836=CARTESIAN_POINT('',(0.,-0.0135,5.51091059616309E-19));
#1837=CARTESIAN_POINT('',(0.00208094312801886,-0.0135,0.00875612218381808));
#1838=CARTESIAN_POINT('',(0.00142828212721497,-0.0135,0.00888594452858436));
#1839=CARTESIAN_POINT('',(0.00208094312801886,-0.0135,0.00875612218381808));
#1840=CARTESIAN_POINT('',(0.00208094312801886,0.,0.00875612218381808));
#1841=CARTESIAN_POINT('',(0.,0.,5.51091059616309E-19));
#1842=CARTESIAN_POINT('',(0.00142828212721497,0.,0.00888594452858436));
#1843=CARTESIAN_POINT('',(0.00142828212721497,-0.0135,0.00888594452858436));
#1844=CARTESIAN_POINT('',(0.,-0.0135,5.51091059616309E-19));
#1845=CARTESIAN_POINT('',(0.,-0.0135,5.51091059616309E-19));
#1846=CARTESIAN_POINT('',(0.00875612218381808,-0.0135,-0.00208094312801886));
#1847=CARTESIAN_POINT('',(0.00888594452858436,-0.0135,-0.00142828212721497));
#1848=CARTESIAN_POINT('',(0.00875612218381808,-0.0135,-0.00208094312801886));
#1849=CARTESIAN_POINT('',(0.00875612218381808,0.,-0.00208094312801886));
#1850=CARTESIAN_POINT('',(0.,0.,5.51091059616309E-19));
#1851=CARTESIAN_POINT('',(0.00888594452858436,0.,-0.00142828212721497));
#1852=CARTESIAN_POINT('',(0.00888594452858436,-0.0135,-0.00142828212721497));
#1853=CARTESIAN_POINT('',(0.,-0.0135,0.));
#1854=CARTESIAN_POINT('',(0.00435944457793839,-0.0135,-0.00515342051184295));
#1855=CARTESIAN_POINT('',(0.0045971136594714,-0.0135,-0.00543403572343804));
#1856=CARTESIAN_POINT('',(0.00485298423530357,-0.0135,-0.00573614138781376));
#1857=CARTESIAN_POINT('',(0.00485858040329812,-0.0135,-0.00574368720715046));
#1858=CARTESIAN_POINT('',(0.00486383825498753,-0.0135,-0.0057504975748932));
#1859=CARTESIAN_POINT('',(0.00486981005100655,-0.0135,-0.00575869177360339));
#1860=CARTESIAN_POINT('',(0.00487766408690694,-0.0135,-0.00576986083719419));
#1861=CARTESIAN_POINT('',(0.0048868697559106,-0.0135,-0.00578355382970608));
#1862=CARTESIAN_POINT('',(0.0048974598767687,-0.0135,-0.0057999961742617));
#1863=CARTESIAN_POINT('',(0.00490928682419075,-0.0135,-0.00581919561791889));
#1864=CARTESIAN_POINT('',(0.00492225611717689,-0.0135,-0.00584122276986577));
#1865=CARTESIAN_POINT('',(0.00493625511672248,-0.0135,-0.00586612527073712));
#1866=CARTESIAN_POINT('',(0.0049511744652042,-0.0135,-0.00589395340689881));
#1867=CARTESIAN_POINT('',(0.00496690185851626,-0.0135,-0.00592475247958185));
#1868=CARTESIAN_POINT('',(0.00498332397153843,-0.0135,-0.00595856497256935));
#1869=CARTESIAN_POINT('',(0.00500032601196636,-0.0135,-0.00599542987106805));
#1870=CARTESIAN_POINT('',(0.00501779196169032,-0.0135,-0.00603538280787589));
#1871=CARTESIAN_POINT('',(0.00503560462267789,-0.0135,-0.00607845597579342));
#1872=CARTESIAN_POINT('',(0.00505364572005421,-0.0135,-0.00612467811000203));
#1873=CARTESIAN_POINT('',(0.00507179599017019,-0.0135,-0.00617407445371013));
#1874=CARTESIAN_POINT('',(0.00508993527398897,-0.0135,-0.00622666673159797));
#1875=CARTESIAN_POINT('',(0.00510794260997452,-0.0135,-0.00628247312407313));
#1876=CARTESIAN_POINT('',(0.0051256963278838,-0.0135,-0.00634150824441372));
#1877=CARTESIAN_POINT('',(0.00514307414353725,-0.0135,-0.00640378311776216));
#1878=CARTESIAN_POINT('',(0.0051599532523277,-0.0135,-0.00646930516403426));
#1879=CARTESIAN_POINT('',(0.00517621043027994,-0.0135,-0.00653807817735187));
#1880=CARTESIAN_POINT('',(0.00519172210825333,-0.0135,-0.00661010233039559));
#1881=CARTESIAN_POINT('',(0.00520636455156643,-0.0135,-0.00668537409438505));
#1882=CARTESIAN_POINT('',(0.00522001363589663,-0.0135,-0.00676388649514276));
#1883=CARTESIAN_POINT('',(0.00523254617546991,-0.0135,-0.00684562808976356));
#1884=CARTESIAN_POINT('',(0.00524383529584563,-0.0135,-0.00693058686431085));
#1885=CARTESIAN_POINT('',(0.00525376863733043,-0.0135,-0.00701873527865541));
#1886=CARTESIAN_POINT('',(0.00526217911980781,-0.0135,-0.00711008752766732));
#1887=CARTESIAN_POINT('',(0.00526890293392033,-0.0135,-0.00720165643221666));
#1888=CARTESIAN_POINT('',(0.00527193488859889,-0.0135,-0.00726350037101008));
#1889=CARTESIAN_POINT('',(0.00527336365580824,-0.0135,-0.00729325961101075));
#1890=CARTESIAN_POINT('',(0.00473843803283938,-0.0135,-0.00560105375014737));
#1891=CARTESIAN_POINT('',(0.00520578138484513,-0.0135,-0.00520578138484513));
#1892=CARTESIAN_POINT('',(0.00560105375014737,-0.0135,-0.00473843803283938));
#1893=CARTESIAN_POINT('',(0.00515342051184294,-0.0135,-0.00435944457793839));
#1894=CARTESIAN_POINT('',(0.00543403572343804,-0.0135,-0.00459711365947141));
#1895=CARTESIAN_POINT('',(0.00573614138781376,-0.0135,-0.00485298423530357));
#1896=CARTESIAN_POINT('',(0.00574368720715046,-0.0135,-0.00485858040329812));
#1897=CARTESIAN_POINT('',(0.0057504975748932,-0.0135,-0.00486383825498754));
#1898=CARTESIAN_POINT('',(0.00575869177360339,-0.0135,-0.00486981005100655));
#1899=CARTESIAN_POINT('',(0.00576986083719419,-0.0135,-0.00487766408690694));
#1900=CARTESIAN_POINT('',(0.00578355382970608,-0.0135,-0.0048868697559106));
#1901=CARTESIAN_POINT('',(0.0057999961742617,-0.0135,-0.0048974598767687));
#1902=CARTESIAN_POINT('',(0.00581919561791889,-0.0135,-0.00490928682419075));
#1903=CARTESIAN_POINT('',(0.00584122276986576,-0.0135,-0.00492225611717689));
#1904=CARTESIAN_POINT('',(0.00586612527073712,-0.0135,-0.00493625511672248));
#1905=CARTESIAN_POINT('',(0.0058939534068988,-0.0135,-0.0049511744652042));
#1906=CARTESIAN_POINT('',(0.00592475247958185,-0.0135,-0.00496690185851627));
#1907=CARTESIAN_POINT('',(0.00595856497256935,-0.0135,-0.00498332397153844));
#1908=CARTESIAN_POINT('',(0.00599542987106804,-0.0135,-0.00500032601196636));
#1909=CARTESIAN_POINT('',(0.00603538280787589,-0.0135,-0.00501779196169033));
#1910=CARTESIAN_POINT('',(0.00607845597579342,-0.0135,-0.00503560462267789));
#1911=CARTESIAN_POINT('',(0.00612467811000203,-0.0135,-0.00505364572005421));
#1912=CARTESIAN_POINT('',(0.00617407445371013,-0.0135,-0.0050717959901702));
#1913=CARTESIAN_POINT('',(0.00622666673159797,-0.0135,-0.00508993527398897));
#1914=CARTESIAN_POINT('',(0.00628247312407313,-0.0135,-0.00510794260997453));
#1915=CARTESIAN_POINT('',(0.00634150824441371,-0.0135,-0.0051256963278838));
#1916=CARTESIAN_POINT('',(0.00640378311776215,-0.0135,-0.00514307414353726));
#1917=CARTESIAN_POINT('',(0.00646930516403426,-0.0135,-0.0051599532523277));
#1918=CARTESIAN_POINT('',(0.00653807817735187,-0.0135,-0.00517621043027995));
#1919=CARTESIAN_POINT('',(0.00661010233039559,-0.0135,-0.00519172210825333));
#1920=CARTESIAN_POINT('',(0.00668537409438505,-0.0135,-0.00520636455156644));
#1921=CARTESIAN_POINT('',(0.00676388649514276,-0.0135,-0.00522001363589663));
#1922=CARTESIAN_POINT('',(0.00684562808976356,-0.0135,-0.00523254617546991));
#1923=CARTESIAN_POINT('',(0.00693058686431085,-0.0135,-0.00524383529584563));
#1924=CARTESIAN_POINT('',(0.00701873527865541,-0.0135,-0.00525376863733044));
#1925=CARTESIAN_POINT('',(0.00711008752766731,-0.0135,-0.00526217911980782));
#1926=CARTESIAN_POINT('',(0.00720165643221666,-0.0135,-0.00526890293392034));
#1927=CARTESIAN_POINT('',(0.00726350037101007,-0.0135,-0.00527193488859889));
#1928=CARTESIAN_POINT('',(0.00729325961101075,-0.0135,-0.00527336365580825));
#1929=CARTESIAN_POINT('',(0.0059997302685673,-0.0135,-0.00309285251902469));
#1930=CARTESIAN_POINT('',(0.00632669466085348,-0.0135,-0.00326115514964061));
#1931=CARTESIAN_POINT('',(0.00667869908141693,-0.0135,-0.00344234695941238));
#1932=CARTESIAN_POINT('',(0.00668675692653136,-0.0135,-0.00344717682667733));
#1933=CARTESIAN_POINT('',(0.00669422076299565,-0.0135,-0.00345145669331236));
#1934=CARTESIAN_POINT('',(0.00670287376719785,-0.0135,-0.00345674183838809));
#1935=CARTESIAN_POINT('',(0.00671440416580506,-0.0135,-0.00346405509822067));
#1936=CARTESIAN_POINT('',(0.00672814917635441,-0.0135,-0.0034731829167297));
#1937=CARTESIAN_POINT('',(0.00674422538511271,-0.0135,-0.00348432099853199));
#1938=CARTESIAN_POINT('',(0.00676249936876626,-0.0135,-0.00349753299472861));
#1939=CARTESIAN_POINT('',(0.00678291085921956,-0.0135,-0.00351292029601655));
#1940=CARTESIAN_POINT('',(0.00680537402288328,-0.0135,-0.00353057002168416));
#1941=CARTESIAN_POINT('',(0.00682980707024663,-0.0135,-0.00355057047962624));
#1942=CARTESIAN_POINT('',(0.00685612358187541,-0.0135,-0.00357300649964361));
#1943=CARTESIAN_POINT('',(0.00688423511685046,-0.0135,-0.00359796069927994));
#1944=CARTESIAN_POINT('',(0.00691405053990401,-0.0135,-0.00362551302528282));
#1945=CARTESIAN_POINT('',(0.00694547630036055,-0.0135,-0.00365574079627343));
#1946=CARTESIAN_POINT('',(0.00697841644100804,-0.0135,-0.00368871860426657));
#1947=CARTESIAN_POINT('',(0.00701277268658826,-0.0135,-0.00372451825894329));
#1948=CARTESIAN_POINT('',(0.00704844451201447,-0.0135,-0.00376320872220976));
#1949=CARTESIAN_POINT('',(0.00708532921848707,-0.0135,-0.00380485604792607));
#1950=CARTESIAN_POINT('',(0.00712332200945948,-0.0135,-0.00384952332257446));
#1951=CARTESIAN_POINT('',(0.00716231606854386,-0.0135,-0.00389727060824971));
#1952=CARTESIAN_POINT('',(0.00720220263902892,-0.0135,-0.00394815488698478));
#1953=CARTESIAN_POINT('',(0.00724287110373044,-0.0135,-0.00400223000917665));
#1954=CARTESIAN_POINT('',(0.00728420907048739,-0.0135,-0.00405954663591058));
#1955=CARTESIAN_POINT('',(0.00732610244238186,-0.0135,-0.00412015221458554));
#1956=CARTESIAN_POINT('',(0.00736843555306846,-0.0135,-0.00418409083624615));
#1957=CARTESIAN_POINT('',(0.00741109105772383,-0.0135,-0.00425140355791441));
#1958=CARTESIAN_POINT('',(0.00745395076852245,-0.0135,-0.00432212694887924));
#1959=CARTESIAN_POINT('',(0.00749689287123092,-0.0135,-0.00439629846245696));
#1960=CARTESIAN_POINT('',(0.0075398030198771,-0.0135,-0.00447393565307896));
#1961=CARTESIAN_POINT('',(0.00758253228470264,-0.0135,-0.00455511557388765));
#1962=CARTESIAN_POINT('',(0.00762378618163246,-0.0135,-0.0046371411183521));
#1963=CARTESIAN_POINT('',(0.00765025399327192,-0.0135,-0.00469311718879006));
#1964=CARTESIAN_POINT('',(0.00766296237016141,-0.0135,-0.00472006437599004));
#1965=CARTESIAN_POINT('',(0.0065211763885811,-0.0135,-0.00336137718980048));
#1966=CARTESIAN_POINT('',(0.00680168116068151,-0.0135,-0.00281734858369185));
#1967=CARTESIAN_POINT('',(0.006988020650713,-0.0135,-0.00223431544064559));
#1968=CARTESIAN_POINT('',(0.00642942694760638,-0.0135,-0.00205547296878187));
#1969=CARTESIAN_POINT('',(0.00677963361799852,-0.0135,-0.00216766377637391));
#1970=CARTESIAN_POINT('',(0.00715666028817167,-0.0135,-0.00228844653177689));
#1971=CARTESIAN_POINT('',(0.00716577327698911,-0.0135,-0.00229072905680377));
#1972=CARTESIAN_POINT('',(0.00717407732908688,-0.0135,-0.00229298046346114));
#1973=CARTESIAN_POINT('',(0.00718393308895849,-0.0135,-0.00229536189948754));
#1974=CARTESIAN_POINT('',(0.00719725756762363,-0.0135,-0.00229834386691229));
#1975=CARTESIAN_POINT('',(0.00721343110015573,-0.0135,-0.00230160871471405));
#1976=CARTESIAN_POINT('',(0.00723267450955631,-0.0135,-0.00230510049777099));
#1977=CARTESIAN_POINT('',(0.00725493845942066,-0.0135,-0.00230867986342808));
#1978=CARTESIAN_POINT('',(0.00728025202781918,-0.0135,-0.00231223250165686));
#1979=CARTESIAN_POINT('',(0.00730861612387835,-0.0135,-0.00231563611630474));
#1980=CARTESIAN_POINT('',(0.00734003535679171,-0.0135,-0.00231877043034273));
#1981=CARTESIAN_POINT('',(0.00737450860251871,-0.0135,-0.00232151435227549));
#1982=CARTESIAN_POINT('',(0.00741203174331106,-0.0135,-0.00232374692550398));
#1983=CARTESIAN_POINT('',(0.00745259686769028,-0.0135,-0.00232534717677499));
#1984=CARTESIAN_POINT('',(0.00749619249786065,-0.0135,-0.00232619428325015));
#1985=CARTESIAN_POINT('',(0.00754280352634635,-0.0135,-0.00232616764841461));
#1986=CARTESIAN_POINT('',(0.00759241123915828,-0.0135,-0.00232514700405444));
#1987=CARTESIAN_POINT('',(0.00764499331775742,-0.0135,-0.00232301250476764));
#1988=CARTESIAN_POINT('',(0.00770052385025856,-0.0135,-0.00231964482440421));
#1989=CARTESIAN_POINT('',(0.00775897334319235,-0.0135,-0.00231492525173601));
#1990=CARTESIAN_POINT('',(0.00782030873628112,-0.0135,-0.00230873578585635));
#1991=CARTESIAN_POINT('',(0.00788449341929875,-0.0135,-0.00230095923177525));
#1992=CARTESIAN_POINT('',(0.007951487252065,-0.0135,-0.00229147929335078));
#1993=CARTESIAN_POINT('',(0.0080212465841176,-0.0135,-0.00228018067452677));
#1994=CARTESIAN_POINT('',(0.00809372428712975,-0.0135,-0.00226694914622134));
#1995=CARTESIAN_POINT('',(0.0081688697497209,-0.0135,-0.0022516717429006));
#1996=CARTESIAN_POINT('',(0.00824662902826939,-0.0135,-0.00223423645754561));
#1997=CARTESIAN_POINT('',(0.00832694440975454,-0.0135,-0.00221453386035127));
#1998=CARTESIAN_POINT('',(0.00840975624199978,-0.0135,-0.00219245133215316));
#1999=CARTESIAN_POINT('',(0.0084949960830503,-0.0135,-0.00216789560528151));
#2000=CARTESIAN_POINT('',(0.00858261310846357,-0.0135,-0.00214070688569475));
#2001=CARTESIAN_POINT('',(0.00866978483745435,-0.0135,-0.00211187697724287));
#2002=CARTESIAN_POINT('',(0.00872808146553864,-0.0135,-0.00209101148734545));
#2003=CARTESIAN_POINT('',(0.00875612218381808,-0.0135,-0.00208094312801886));
#2004=CARTESIAN_POINT('',(0.00672661141349716,-0.0135,-0.000561425766962835));
#2005=CARTESIAN_POINT('',(0.00709309375175052,-0.0135,-0.000591793266755446));
#2006=CARTESIAN_POINT('',(0.00748764253494249,-0.0135,-0.000624486411393357));
#2007=CARTESIAN_POINT('',(0.00749693532330268,-0.0135,-0.000625865023078341));
#2008=CARTESIAN_POINT('',(0.00750546884310001,-0.0135,-0.00062696281770755));
#2009=CARTESIAN_POINT('',(0.00751548571403528,-0.0135,-0.000628534293721003));
#2010=CARTESIAN_POINT('',(0.00752893707668469,-0.0135,-0.000630878372280717));
#2011=CARTESIAN_POINT('',(0.00754512887552243,-0.0135,-0.000634051389162764));
#2012=CARTESIAN_POINT('',(0.00756424371512866,-0.0135,-0.000638189536224301));
#2013=CARTESIAN_POINT('',(0.00758618268665654,-0.0135,-0.00064340267830644));
#2014=CARTESIAN_POINT('',(0.0076109289101861,-0.0135,-0.000649807551800604));
#2015=CARTESIAN_POINT('',(0.00763843642492925,-0.0135,-0.00065751749152673));
#2016=CARTESIAN_POINT('',(0.00766866346119927,-0.0135,-0.00066664538283213));
#2017=CARTESIAN_POINT('',(0.00770156264080905,-0.0135,-0.000677302669519219));
#2018=CARTESIAN_POINT('',(0.00773708387136873,-0.0135,-0.000689599525120117));
#2019=CARTESIAN_POINT('',(0.0077751735491655,-0.0135,-0.000703644686755705));
#2020=CARTESIAN_POINT('',(0.00781577483320033,-0.0135,-0.000719545387811172));
#2021=CARTESIAN_POINT('',(0.00785882761569728,-0.0135,-0.000737407263557559));
#2022=CARTESIAN_POINT('',(0.00790426858253195,-0.0135,-0.000757334265802541));
#2023=CARTESIAN_POINT('',(0.00795203125121315,-0.0135,-0.000779428576324977));
#2024=CARTESIAN_POINT('',(0.00800204601813981,-0.0135,-0.000803790522063389));
#2025=CARTESIAN_POINT('',(0.00805424020607904,-0.0135,-0.000830518491229647));
#2026=CARTESIAN_POINT('',(0.00810853811432496,-0.0135,-0.000859708850825715));
#2027=CARTESIAN_POINT('',(0.00816486107085794,-0.0135,-0.000891455864777161));
#2028=CARTESIAN_POINT('',(0.00822312748638027,-0.0135,-0.000925851615727279));
#2029=CARTESIAN_POINT('',(0.00828325291123278,-0.0135,-0.000962985919033802));
#2030=CARTESIAN_POINT('',(0.00834515009094177,-0.0135,-0.00100294627337767));
#2031=CARTESIAN_POINT('',(0.00840872903665043,-0.0135,-0.00104581767716666));
#2032=CARTESIAN_POINT('',(0.00847389704772031,-0.0135,-0.0010916829680628));
#2033=CARTESIAN_POINT('',(0.00854055892729943,-0.0135,-0.00114062116020642));
#2034=CARTESIAN_POINT('',(0.00860861646647442,-0.0135,-0.0011927134722388));
#2035=CARTESIAN_POINT('',(0.00867797074113205,-0.0135,-0.00124801988064893));
#2036=CARTESIAN_POINT('',(0.00874851364507782,-0.0135,-0.00130666856620909));
#2037=CARTESIAN_POINT('',(0.00881801709298488,-0.0135,-0.00136666310500735));
#2038=CARTESIAN_POINT('',(0.00886389127719445,-0.0135,-0.00140824945779001));
#2039=CARTESIAN_POINT('',(0.00888594452858436,-0.0135,-0.00142828212721497));
#2040=CARTESIAN_POINT('',(0.00731112475377252,-0.0135,-0.000609961423266577));
#2041=CARTESIAN_POINT('',(0.00736208663719738,-0.0135,-1.08420217248551E-19));
#2042=CARTESIAN_POINT('',(0.00731112475377252,-0.0135,0.000609961423266577));
#2043=CARTESIAN_POINT('',(0.00672661141349716,-0.0135,0.000561425766962835));
#2044=CARTESIAN_POINT('',(0.00709309375175052,-0.0135,0.000591793266755446));
#2045=CARTESIAN_POINT('',(0.00748764253494249,-0.0135,0.000624486411393357));
#2046=CARTESIAN_POINT('',(0.00749693532330268,-0.0135,0.000625865023078341));
#2047=CARTESIAN_POINT('',(0.00750546884310001,-0.0135,0.00062696281770755));
#2048=CARTESIAN_POINT('',(0.00751548571403528,-0.0135,0.000628534293721003));
#2049=CARTESIAN_POINT('',(0.00752893707668469,-0.0135,0.000630878372280717));
#2050=CARTESIAN_POINT('',(0.00754512887552243,-0.0135,0.000634051389162764));
#2051=CARTESIAN_POINT('',(0.00756424371512866,-0.0135,0.000638189536224301));
#2052=CARTESIAN_POINT('',(0.00758618268665654,-0.0135,0.00064340267830644));
#2053=CARTESIAN_POINT('',(0.0076109289101861,-0.0135,0.000649807551800604));
#2054=CARTESIAN_POINT('',(0.00763843642492925,-0.0135,0.00065751749152673));
#2055=CARTESIAN_POINT('',(0.00766866346119927,-0.0135,0.00066664538283213));
#2056=CARTESIAN_POINT('',(0.00770156264080905,-0.0135,0.000677302669519219));
#2057=CARTESIAN_POINT('',(0.00773708387136873,-0.0135,0.000689599525120117));
#2058=CARTESIAN_POINT('',(0.0077751735491655,-0.0135,0.000703644686755705));
#2059=CARTESIAN_POINT('',(0.00781577483320033,-0.0135,0.000719545387811172));
#2060=CARTESIAN_POINT('',(0.00785882761569728,-0.0135,0.000737407263557559));
#2061=CARTESIAN_POINT('',(0.00790426858253195,-0.0135,0.000757334265802541));
#2062=CARTESIAN_POINT('',(0.00795203125121315,-0.0135,0.000779428576324977));
#2063=CARTESIAN_POINT('',(0.00800204601813981,-0.0135,0.000803790522063389));
#2064=CARTESIAN_POINT('',(0.00805424020607904,-0.0135,0.000830518491229647));
#2065=CARTESIAN_POINT('',(0.00810853811432496,-0.0135,0.000859708850825715));
#2066=CARTESIAN_POINT('',(0.00816486107085794,-0.0135,0.000891455864777161));
#2067=CARTESIAN_POINT('',(0.00822312748638027,-0.0135,0.000925851615727279));
#2068=CARTESIAN_POINT('',(0.00828325291123278,-0.0135,0.000962985919033802));
#2069=CARTESIAN_POINT('',(0.00834515009094177,-0.0135,0.00100294627337767));
#2070=CARTESIAN_POINT('',(0.00840872903665043,-0.0135,0.00104581767716666));
#2071=CARTESIAN_POINT('',(0.00847389704772031,-0.0135,0.0010916829680628));
#2072=CARTESIAN_POINT('',(0.00854055892729943,-0.0135,0.00114062116020642));
#2073=CARTESIAN_POINT('',(0.00860861646647442,-0.0135,0.0011927134722388));
#2074=CARTESIAN_POINT('',(0.00867797074113205,-0.0135,0.00124801988064893));
#2075=CARTESIAN_POINT('',(0.00874851364507782,-0.0135,0.00130666856620909));
#2076=CARTESIAN_POINT('',(0.00881801709298488,-0.0135,0.00136666310500735));
#2077=CARTESIAN_POINT('',(0.00886389127719445,-0.0135,0.00140824945779001));
#2078=CARTESIAN_POINT('',(0.00888594452858436,-0.0135,0.00142828212721497));
#2079=CARTESIAN_POINT('',(0.00642942694760638,-0.0135,0.00205547296878187));
#2080=CARTESIAN_POINT('',(0.00677963361799852,-0.0135,0.00216766377637391));
#2081=CARTESIAN_POINT('',(0.00715666028817166,-0.0135,0.00228844653177689));
#2082=CARTESIAN_POINT('',(0.00716577327698911,-0.0135,0.00229072905680377));
#2083=CARTESIAN_POINT('',(0.00717407732908688,-0.0135,0.00229298046346114));
#2084=CARTESIAN_POINT('',(0.00718393308895849,-0.0135,0.00229536189948754));
#2085=CARTESIAN_POINT('',(0.00719725756762363,-0.0135,0.00229834386691229));
#2086=CARTESIAN_POINT('',(0.00721343110015573,-0.0135,0.00230160871471405));
#2087=CARTESIAN_POINT('',(0.0072326745095563,-0.0135,0.00230510049777099));
#2088=CARTESIAN_POINT('',(0.00725493845942066,-0.0135,0.00230867986342808));
#2089=CARTESIAN_POINT('',(0.00728025202781918,-0.0135,0.00231223250165686));
#2090=CARTESIAN_POINT('',(0.00730861612387835,-0.0135,0.00231563611630474));
#2091=CARTESIAN_POINT('',(0.00734003535679171,-0.0135,0.00231877043034273));
#2092=CARTESIAN_POINT('',(0.00737450860251871,-0.0135,0.00232151435227549));
#2093=CARTESIAN_POINT('',(0.00741203174331106,-0.0135,0.00232374692550398));
#2094=CARTESIAN_POINT('',(0.00745259686769027,-0.0135,0.002325347176775));
#2095=CARTESIAN_POINT('',(0.00749619249786065,-0.0135,0.00232619428325015));
#2096=CARTESIAN_POINT('',(0.00754280352634635,-0.0135,0.00232616764841461));
#2097=CARTESIAN_POINT('',(0.00759241123915828,-0.0135,0.00232514700405444));
#2098=CARTESIAN_POINT('',(0.00764499331775742,-0.0135,0.00232301250476765));
#2099=CARTESIAN_POINT('',(0.00770052385025855,-0.0135,0.00231964482440421));
#2100=CARTESIAN_POINT('',(0.00775897334319235,-0.0135,0.00231492525173601));
#2101=CARTESIAN_POINT('',(0.00782030873628112,-0.0135,0.00230873578585635));
#2102=CARTESIAN_POINT('',(0.00788449341929875,-0.0135,0.00230095923177525));
#2103=CARTESIAN_POINT('',(0.007951487252065,-0.0135,0.00229147929335078));
#2104=CARTESIAN_POINT('',(0.0080212465841176,-0.0135,0.00228018067452678));
#2105=CARTESIAN_POINT('',(0.00809372428712975,-0.0135,0.00226694914622134));
#2106=CARTESIAN_POINT('',(0.0081688697497209,-0.0135,0.0022516717429006));
#2107=CARTESIAN_POINT('',(0.00824662902826939,-0.0135,0.00223423645754561));
#2108=CARTESIAN_POINT('',(0.00832694440975454,-0.0135,0.00221453386035127));
#2109=CARTESIAN_POINT('',(0.00840975624199978,-0.0135,0.00219245133215316));
#2110=CARTESIAN_POINT('',(0.0084949960830503,-0.0135,0.00216789560528151));
#2111=CARTESIAN_POINT('',(0.00858261310846357,-0.0135,0.00214070688569475));
#2112=CARTESIAN_POINT('',(0.00866978483745435,-0.0135,0.00211187697724287));
#2113=CARTESIAN_POINT('',(0.00872808146553864,-0.0135,0.00209101148734545));
#2114=CARTESIAN_POINT('',(0.00875612218381808,-0.0135,0.00208094312801886));
#2115=CARTESIAN_POINT('',(0.006988020650713,-0.0135,0.0022343154406456));
#2116=CARTESIAN_POINT('',(0.0068016811606815,-0.0135,0.00281734858369186));
#2117=CARTESIAN_POINT('',(0.0065211763885811,-0.0135,0.00336137718980048));
#2118=CARTESIAN_POINT('',(0.0059997302685673,-0.0135,0.00309285251902469));
#2119=CARTESIAN_POINT('',(0.00632669466085347,-0.0135,0.00326115514964061));
#2120=CARTESIAN_POINT('',(0.00667869908141693,-0.0135,0.00344234695941238));
#2121=CARTESIAN_POINT('',(0.00668675692653136,-0.0135,0.00344717682667734));
#2122=CARTESIAN_POINT('',(0.00669422076299565,-0.0135,0.00345145669331236));
#2123=CARTESIAN_POINT('',(0.00670287376719785,-0.0135,0.00345674183838809));
#2124=CARTESIAN_POINT('',(0.00671440416580506,-0.0135,0.00346405509822067));
#2125=CARTESIAN_POINT('',(0.00672814917635441,-0.0135,0.0034731829167297));
#2126=CARTESIAN_POINT('',(0.0067442253851127,-0.0135,0.00348432099853199));
#2127=CARTESIAN_POINT('',(0.00676249936876626,-0.0135,0.00349753299472861));
#2128=CARTESIAN_POINT('',(0.00678291085921956,-0.0135,0.00351292029601655));
#2129=CARTESIAN_POINT('',(0.00680537402288328,-0.0135,0.00353057002168416));
#2130=CARTESIAN_POINT('',(0.00682980707024663,-0.0135,0.00355057047962624));
#2131=CARTESIAN_POINT('',(0.0068561235818754,-0.0135,0.00357300649964361));
#2132=CARTESIAN_POINT('',(0.00688423511685045,-0.0135,0.00359796069927994));
#2133=CARTESIAN_POINT('',(0.00691405053990401,-0.0135,0.00362551302528282));
#2134=CARTESIAN_POINT('',(0.00694547630036055,-0.0135,0.00365574079627343));
#2135=CARTESIAN_POINT('',(0.00697841644100804,-0.0135,0.00368871860426657));
#2136=CARTESIAN_POINT('',(0.00701277268658826,-0.0135,0.0037245182589433));
#2137=CARTESIAN_POINT('',(0.00704844451201447,-0.0135,0.00376320872220976));
#2138=CARTESIAN_POINT('',(0.00708532921848706,-0.0135,0.00380485604792607));
#2139=CARTESIAN_POINT('',(0.00712332200945948,-0.0135,0.00384952332257446));
#2140=CARTESIAN_POINT('',(0.00716231606854386,-0.0135,0.00389727060824971));
#2141=CARTESIAN_POINT('',(0.00720220263902892,-0.0135,0.00394815488698478));
#2142=CARTESIAN_POINT('',(0.00724287110373044,-0.0135,0.00400223000917665));
#2143=CARTESIAN_POINT('',(0.00728420907048739,-0.0135,0.00405954663591058));
#2144=CARTESIAN_POINT('',(0.00732610244238186,-0.0135,0.00412015221458554));
#2145=CARTESIAN_POINT('',(0.00736843555306846,-0.0135,0.00418409083624615));
#2146=CARTESIAN_POINT('',(0.00741109105772383,-0.0135,0.00425140355791441));
#2147=CARTESIAN_POINT('',(0.00745395076852245,-0.0135,0.00432212694887924));
#2148=CARTESIAN_POINT('',(0.00749689287123092,-0.0135,0.00439629846245696));
#2149=CARTESIAN_POINT('',(0.0075398030198771,-0.0135,0.00447393565307897));
#2150=CARTESIAN_POINT('',(0.00758253228470264,-0.0135,0.00455511557388765));
#2151=CARTESIAN_POINT('',(0.00762378618163246,-0.0135,0.0046371411183521));
#2152=CARTESIAN_POINT('',(0.00765025399327192,-0.0135,0.00469311718879006));
#2153=CARTESIAN_POINT('',(0.00766296237016141,-0.0135,0.00472006437599004));
#2154=CARTESIAN_POINT('',(0.00515342051184295,-0.0135,0.00435944457793839));
#2155=CARTESIAN_POINT('',(0.00543403572343804,-0.0135,0.00459711365947141));
#2156=CARTESIAN_POINT('',(0.00573614138781376,-0.0135,0.00485298423530357));
#2157=CARTESIAN_POINT('',(0.00574368720715046,-0.0135,0.00485858040329812));
#2158=CARTESIAN_POINT('',(0.0057504975748932,-0.0135,0.00486383825498753));
#2159=CARTESIAN_POINT('',(0.00575869177360339,-0.0135,0.00486981005100655));
#2160=CARTESIAN_POINT('',(0.00576986083719419,-0.0135,0.00487766408690694));
#2161=CARTESIAN_POINT('',(0.00578355382970608,-0.0135,0.0048868697559106));
#2162=CARTESIAN_POINT('',(0.0057999961742617,-0.0135,0.0048974598767687));
#2163=CARTESIAN_POINT('',(0.00581919561791889,-0.0135,0.00490928682419075));
#2164=CARTESIAN_POINT('',(0.00584122276986576,-0.0135,0.00492225611717689));
#2165=CARTESIAN_POINT('',(0.00586612527073712,-0.0135,0.00493625511672248));
#2166=CARTESIAN_POINT('',(0.00589395340689881,-0.0135,0.0049511744652042));
#2167=CARTESIAN_POINT('',(0.00592475247958185,-0.0135,0.00496690185851626));
#2168=CARTESIAN_POINT('',(0.00595856497256935,-0.0135,0.00498332397153844));
#2169=CARTESIAN_POINT('',(0.00599542987106804,-0.0135,0.00500032601196636));
#2170=CARTESIAN_POINT('',(0.00603538280787589,-0.0135,0.00501779196169033));
#2171=CARTESIAN_POINT('',(0.00607845597579342,-0.0135,0.00503560462267789));
#2172=CARTESIAN_POINT('',(0.00612467811000203,-0.0135,0.00505364572005421));
#2173=CARTESIAN_POINT('',(0.00617407445371013,-0.0135,0.00507179599017019));
#2174=CARTESIAN_POINT('',(0.00622666673159797,-0.0135,0.00508993527398897));
#2175=CARTESIAN_POINT('',(0.00628247312407313,-0.0135,0.00510794260997452));
#2176=CARTESIAN_POINT('',(0.00634150824441372,-0.0135,0.0051256963278838));
#2177=CARTESIAN_POINT('',(0.00640378311776215,-0.0135,0.00514307414353726));
#2178=CARTESIAN_POINT('',(0.00646930516403426,-0.0135,0.0051599532523277));
#2179=CARTESIAN_POINT('',(0.00653807817735187,-0.0135,0.00517621043027994));
#2180=CARTESIAN_POINT('',(0.00661010233039559,-0.0135,0.00519172210825333));
#2181=CARTESIAN_POINT('',(0.00668537409438505,-0.0135,0.00520636455156643));
#2182=CARTESIAN_POINT('',(0.00676388649514276,-0.0135,0.00522001363589663));
#2183=CARTESIAN_POINT('',(0.00684562808976356,-0.0135,0.00523254617546991));
#2184=CARTESIAN_POINT('',(0.00693058686431085,-0.0135,0.00524383529584563));
#2185=CARTESIAN_POINT('',(0.00701873527865541,-0.0135,0.00525376863733043));
#2186=CARTESIAN_POINT('',(0.00711008752766731,-0.0135,0.00526217911980781));
#2187=CARTESIAN_POINT('',(0.00720165643221666,-0.0135,0.00526890293392033));
#2188=CARTESIAN_POINT('',(0.00726350037101008,-0.0135,0.00527193488859889));
#2189=CARTESIAN_POINT('',(0.00729325961101075,-0.0135,0.00527336365580825));
#2190=CARTESIAN_POINT('',(0.00560105375014737,-0.0135,0.00473843803283938));
#2191=CARTESIAN_POINT('',(0.00520578138484513,-0.0135,0.00520578138484513));
#2192=CARTESIAN_POINT('',(0.00473843803283938,-0.0135,0.00560105375014737));
#2193=CARTESIAN_POINT('',(0.00435944457793839,-0.0135,0.00515342051184295));
#2194=CARTESIAN_POINT('',(0.00459711365947141,-0.0135,0.00543403572343804));
#2195=CARTESIAN_POINT('',(0.00485298423530357,-0.0135,0.00573614138781376));
#2196=CARTESIAN_POINT('',(0.00485858040329812,-0.0135,0.00574368720715046));
#2197=CARTESIAN_POINT('',(0.00486383825498753,-0.0135,0.0057504975748932));
#2198=CARTESIAN_POINT('',(0.00486981005100655,-0.0135,0.00575869177360339));
#2199=CARTESIAN_POINT('',(0.00487766408690694,-0.0135,0.00576986083719419));
#2200=CARTESIAN_POINT('',(0.0048868697559106,-0.0135,0.00578355382970608));
#2201=CARTESIAN_POINT('',(0.0048974598767687,-0.0135,0.0057999961742617));
#2202=CARTESIAN_POINT('',(0.00490928682419075,-0.0135,0.00581919561791889));
#2203=CARTESIAN_POINT('',(0.00492225611717689,-0.0135,0.00584122276986576));
#2204=CARTESIAN_POINT('',(0.00493625511672248,-0.0135,0.00586612527073712));
#2205=CARTESIAN_POINT('',(0.0049511744652042,-0.0135,0.0058939534068988));
#2206=CARTESIAN_POINT('',(0.00496690185851626,-0.0135,0.00592475247958185));
#2207=CARTESIAN_POINT('',(0.00498332397153844,-0.0135,0.00595856497256935));
#2208=CARTESIAN_POINT('',(0.00500032601196636,-0.0135,0.00599542987106804));
#2209=CARTESIAN_POINT('',(0.00501779196169033,-0.0135,0.00603538280787589));
#2210=CARTESIAN_POINT('',(0.00503560462267789,-0.0135,0.00607845597579342));
#2211=CARTESIAN_POINT('',(0.00505364572005421,-0.0135,0.00612467811000203));
#2212=CARTESIAN_POINT('',(0.0050717959901702,-0.0135,0.00617407445371013));
#2213=CARTESIAN_POINT('',(0.00508993527398897,-0.0135,0.00622666673159797));
#2214=CARTESIAN_POINT('',(0.00510794260997452,-0.0135,0.00628247312407313));
#2215=CARTESIAN_POINT('',(0.0051256963278838,-0.0135,0.00634150824441372));
#2216=CARTESIAN_POINT('',(0.00514307414353726,-0.0135,0.00640378311776215));
#2217=CARTESIAN_POINT('',(0.0051599532523277,-0.0135,0.00646930516403426));
#2218=CARTESIAN_POINT('',(0.00517621043027995,-0.0135,0.00653807817735187));
#2219=CARTESIAN_POINT('',(0.00519172210825333,-0.0135,0.00661010233039559));
#2220=CARTESIAN_POINT('',(0.00520636455156643,-0.0135,0.00668537409438505));
#2221=CARTESIAN_POINT('',(0.00522001363589663,-0.0135,0.00676388649514276));
#2222=CARTESIAN_POINT('',(0.00523254617546991,-0.0135,0.00684562808976356));
#2223=CARTESIAN_POINT('',(0.00524383529584563,-0.0135,0.00693058686431085));
#2224=CARTESIAN_POINT('',(0.00525376863733043,-0.0135,0.00701873527865541));
#2225=CARTESIAN_POINT('',(0.00526217911980782,-0.0135,0.00711008752766731));
#2226=CARTESIAN_POINT('',(0.00526890293392033,-0.0135,0.00720165643221666));
#2227=CARTESIAN_POINT('',(0.00527193488859889,-0.0135,0.00726350037101008));
#2228=CARTESIAN_POINT('',(0.00527336365580825,-0.0135,0.00729325961101075));
#2229=CARTESIAN_POINT('',(0.00309285251902469,-0.0135,0.0059997302685673));
#2230=CARTESIAN_POINT('',(0.00326115514964061,-0.0135,0.00632669466085347));
#2231=CARTESIAN_POINT('',(0.00344234695941238,-0.0135,0.00667869908141693));
#2232=CARTESIAN_POINT('',(0.00344717682667734,-0.0135,0.00668675692653136));
#2233=CARTESIAN_POINT('',(0.00345145669331237,-0.0135,0.00669422076299565));
#2234=CARTESIAN_POINT('',(0.00345674183838809,-0.0135,0.00670287376719785));
#2235=CARTESIAN_POINT('',(0.00346405509822067,-0.0135,0.00671440416580506));
#2236=CARTESIAN_POINT('',(0.0034731829167297,-0.0135,0.00672814917635441));
#2237=CARTESIAN_POINT('',(0.00348432099853199,-0.0135,0.0067442253851127));
#2238=CARTESIAN_POINT('',(0.00349753299472861,-0.0135,0.00676249936876626));
#2239=CARTESIAN_POINT('',(0.00351292029601655,-0.0135,0.00678291085921956));
#2240=CARTESIAN_POINT('',(0.00353057002168416,-0.0135,0.00680537402288328));
#2241=CARTESIAN_POINT('',(0.00355057047962624,-0.0135,0.00682980707024663));
#2242=CARTESIAN_POINT('',(0.00357300649964361,-0.0135,0.0068561235818754));
#2243=CARTESIAN_POINT('',(0.00359796069927994,-0.0135,0.00688423511685045));
#2244=CARTESIAN_POINT('',(0.00362551302528282,-0.0135,0.00691405053990401));
#2245=CARTESIAN_POINT('',(0.00365574079627343,-0.0135,0.00694547630036055));
#2246=CARTESIAN_POINT('',(0.00368871860426657,-0.0135,0.00697841644100804));
#2247=CARTESIAN_POINT('',(0.0037245182589433,-0.0135,0.00701277268658826));
#2248=CARTESIAN_POINT('',(0.00376320872220976,-0.0135,0.00704844451201447));
#2249=CARTESIAN_POINT('',(0.00380485604792607,-0.0135,0.00708532921848706));
#2250=CARTESIAN_POINT('',(0.00384952332257447,-0.0135,0.00712332200945948));
#2251=CARTESIAN_POINT('',(0.00389727060824971,-0.0135,0.00716231606854386));
#2252=CARTESIAN_POINT('',(0.00394815488698479,-0.0135,0.00720220263902892));
#2253=CARTESIAN_POINT('',(0.00400223000917665,-0.0135,0.00724287110373044));
#2254=CARTESIAN_POINT('',(0.00405954663591059,-0.0135,0.00728420907048739));
#2255=CARTESIAN_POINT('',(0.00412015221458554,-0.0135,0.00732610244238186));
#2256=CARTESIAN_POINT('',(0.00418409083624615,-0.0135,0.00736843555306846));
#2257=CARTESIAN_POINT('',(0.00425140355791441,-0.0135,0.00741109105772383));
#2258=CARTESIAN_POINT('',(0.00432212694887924,-0.0135,0.00745395076852245));
#2259=CARTESIAN_POINT('',(0.00439629846245696,-0.0135,0.00749689287123092));
#2260=CARTESIAN_POINT('',(0.00447393565307897,-0.0135,0.0075398030198771));
#2261=CARTESIAN_POINT('',(0.00455511557388765,-0.0135,0.00758253228470264));
#2262=CARTESIAN_POINT('',(0.0046371411183521,-0.0135,0.00762378618163246));
#2263=CARTESIAN_POINT('',(0.00469311718879006,-0.0135,0.00765025399327192));
#2264=CARTESIAN_POINT('',(0.00472006437599004,-0.0135,0.00766296237016141));
#2265=CARTESIAN_POINT('',(0.00336137718980048,-0.0135,0.0065211763885811));
#2266=CARTESIAN_POINT('',(0.00281734858369186,-0.0135,0.0068016811606815));
#2267=CARTESIAN_POINT('',(0.0022343154406456,-0.0135,0.006988020650713));
#2268=CARTESIAN_POINT('',(0.00205547296878187,-0.0135,0.00642942694760638));
#2269=CARTESIAN_POINT('',(0.00216766377637391,-0.0135,0.00677963361799852));
#2270=CARTESIAN_POINT('',(0.00228844653177689,-0.0135,0.00715666028817166));
#2271=CARTESIAN_POINT('',(0.00229072905680377,-0.0135,0.00716577327698911));
#2272=CARTESIAN_POINT('',(0.00229298046346114,-0.0135,0.00717407732908688));
#2273=CARTESIAN_POINT('',(0.00229536189948754,-0.0135,0.00718393308895849));
#2274=CARTESIAN_POINT('',(0.00229834386691229,-0.0135,0.00719725756762363));
#2275=CARTESIAN_POINT('',(0.00230160871471405,-0.0135,0.00721343110015573));
#2276=CARTESIAN_POINT('',(0.00230510049777099,-0.0135,0.0072326745095563));
#2277=CARTESIAN_POINT('',(0.00230867986342808,-0.0135,0.00725493845942066));
#2278=CARTESIAN_POINT('',(0.00231223250165686,-0.0135,0.00728025202781918));
#2279=CARTESIAN_POINT('',(0.00231563611630474,-0.0135,0.00730861612387835));
#2280=CARTESIAN_POINT('',(0.00231877043034273,-0.0135,0.00734003535679171));
#2281=CARTESIAN_POINT('',(0.00232151435227549,-0.0135,0.00737450860251871));
#2282=CARTESIAN_POINT('',(0.00232374692550398,-0.0135,0.00741203174331106));
#2283=CARTESIAN_POINT('',(0.002325347176775,-0.0135,0.00745259686769027));
#2284=CARTESIAN_POINT('',(0.00232619428325015,-0.0135,0.00749619249786065));
#2285=CARTESIAN_POINT('',(0.00232616764841461,-0.0135,0.00754280352634635));
#2286=CARTESIAN_POINT('',(0.00232514700405444,-0.0135,0.00759241123915828));
#2287=CARTESIAN_POINT('',(0.00232301250476765,-0.0135,0.00764499331775742));
#2288=CARTESIAN_POINT('',(0.00231964482440421,-0.0135,0.00770052385025855));
#2289=CARTESIAN_POINT('',(0.00231492525173601,-0.0135,0.00775897334319235));
#2290=CARTESIAN_POINT('',(0.00230873578585635,-0.0135,0.00782030873628112));
#2291=CARTESIAN_POINT('',(0.00230095923177525,-0.0135,0.00788449341929875));
#2292=CARTESIAN_POINT('',(0.00229147929335078,-0.0135,0.007951487252065));
#2293=CARTESIAN_POINT('',(0.00228018067452678,-0.0135,0.0080212465841176));
#2294=CARTESIAN_POINT('',(0.00226694914622134,-0.0135,0.00809372428712975));
#2295=CARTESIAN_POINT('',(0.0022516717429006,-0.0135,0.0081688697497209));
#2296=CARTESIAN_POINT('',(0.00223423645754561,-0.0135,0.00824662902826939));
#2297=CARTESIAN_POINT('',(0.00221453386035127,-0.0135,0.00832694440975454));
#2298=CARTESIAN_POINT('',(0.00219245133215316,-0.0135,0.00840975624199978));
#2299=CARTESIAN_POINT('',(0.00216789560528151,-0.0135,0.0084949960830503));
#2300=CARTESIAN_POINT('',(0.00214070688569475,-0.0135,0.00858261310846357));
#2301=CARTESIAN_POINT('',(0.00211187697724287,-0.0135,0.00866978483745435));
#2302=CARTESIAN_POINT('',(0.00209101148734545,-0.0135,0.00872808146553864));
#2303=CARTESIAN_POINT('',(0.00208094312801886,-0.0135,0.00875612218381808));
#2304=CARTESIAN_POINT('',(0.000561425766962835,-0.0135,0.00672661141349716));
#2305=CARTESIAN_POINT('',(0.000591793266755447,-0.0135,0.00709309375175052));
#2306=CARTESIAN_POINT('',(0.000624486411393358,-0.0135,0.00748764253494249));
#2307=CARTESIAN_POINT('',(0.000625865023078342,-0.0135,0.00749693532330268));
#2308=CARTESIAN_POINT('',(0.000626962817707551,-0.0135,0.00750546884310001));
#2309=CARTESIAN_POINT('',(0.000628534293721004,-0.0135,0.00751548571403528));
#2310=CARTESIAN_POINT('',(0.000630878372280717,-0.0135,0.00752893707668469));
#2311=CARTESIAN_POINT('',(0.000634051389162765,-0.0135,0.00754512887552243));
#2312=CARTESIAN_POINT('',(0.000638189536224301,-0.0135,0.00756424371512866));
#2313=CARTESIAN_POINT('',(0.000643402678306441,-0.0135,0.00758618268665654));
#2314=CARTESIAN_POINT('',(0.000649807551800604,-0.0135,0.0076109289101861));
#2315=CARTESIAN_POINT('',(0.00065751749152673,-0.0135,0.00763843642492925));
#2316=CARTESIAN_POINT('',(0.000666645382832131,-0.0135,0.00766866346119927));
#2317=CARTESIAN_POINT('',(0.00067730266951922,-0.0135,0.00770156264080905));
#2318=CARTESIAN_POINT('',(0.000689599525120117,-0.0135,0.00773708387136873));
#2319=CARTESIAN_POINT('',(0.000703644686755706,-0.0135,0.0077751735491655));
#2320=CARTESIAN_POINT('',(0.000719545387811172,-0.0135,0.00781577483320033));
#2321=CARTESIAN_POINT('',(0.000737407263557559,-0.0135,0.00785882761569728));
#2322=CARTESIAN_POINT('',(0.000757334265802542,-0.0135,0.00790426858253195));
#2323=CARTESIAN_POINT('',(0.000779428576324977,-0.0135,0.00795203125121315));
#2324=CARTESIAN_POINT('',(0.00080379052206339,-0.0135,0.00800204601813981));
#2325=CARTESIAN_POINT('',(0.000830518491229648,-0.0135,0.00805424020607904));
#2326=CARTESIAN_POINT('',(0.000859708850825716,-0.0135,0.00810853811432496));
#2327=CARTESIAN_POINT('',(0.000891455864777162,-0.0135,0.00816486107085794));
#2328=CARTESIAN_POINT('',(0.000925851615727279,-0.0135,0.00822312748638027));
#2329=CARTESIAN_POINT('',(0.000962985919033803,-0.0135,0.00828325291123278));
#2330=CARTESIAN_POINT('',(0.00100294627337767,-0.0135,0.00834515009094177));
#2331=CARTESIAN_POINT('',(0.00104581767716666,-0.0135,0.00840872903665043));
#2332=CARTESIAN_POINT('',(0.0010916829680628,-0.0135,0.00847389704772031));
#2333=CARTESIAN_POINT('',(0.00114062116020642,-0.0135,0.00854055892729943));
#2334=CARTESIAN_POINT('',(0.0011927134722388,-0.0135,0.00860861646647442));
#2335=CARTESIAN_POINT('',(0.00124801988064893,-0.0135,0.00867797074113205));
#2336=CARTESIAN_POINT('',(0.00130666856620909,-0.0135,0.00874851364507782));
#2337=CARTESIAN_POINT('',(0.00136666310500735,-0.0135,0.00881801709298488));
#2338=CARTESIAN_POINT('',(0.00140824945779001,-0.0135,0.00886389127719445));
#2339=CARTESIAN_POINT('',(0.00142828212721497,-0.0135,0.00888594452858436));
#2340=CARTESIAN_POINT('',(0.000609961423266577,-0.0135,0.00731112475377252));
#2341=CARTESIAN_POINT('',(5.59218009013014E-19,-0.0135,0.00736208663719738));
#2342=CARTESIAN_POINT('',(-0.000609961423266576,-0.0135,0.00731112475377252));
#2343=CARTESIAN_POINT('',(-0.000561425766962835,-0.0135,0.00672661141349716));
#2344=CARTESIAN_POINT('',(-0.000591793266755446,-0.0135,0.00709309375175052));
#2345=CARTESIAN_POINT('',(-0.000624486411393357,-0.0135,0.00748764253494249));
#2346=CARTESIAN_POINT('',(-0.000625865023078341,-0.0135,0.00749693532330268));
#2347=CARTESIAN_POINT('',(-0.00062696281770755,-0.0135,0.00750546884310001));
#2348=CARTESIAN_POINT('',(-0.000628534293721003,-0.0135,0.00751548571403528));
#2349=CARTESIAN_POINT('',(-0.000630878372280717,-0.0135,0.00752893707668469));
#2350=CARTESIAN_POINT('',(-0.000634051389162764,-0.0135,0.00754512887552243));
#2351=CARTESIAN_POINT('',(-0.0006381895362243,-0.0135,0.00756424371512866));
#2352=CARTESIAN_POINT('',(-0.00064340267830644,-0.0135,0.00758618268665654));
#2353=CARTESIAN_POINT('',(-0.000649807551800604,-0.0135,0.0076109289101861));
#2354=CARTESIAN_POINT('',(-0.000657517491526729,-0.0135,0.00763843642492925));
#2355=CARTESIAN_POINT('',(-0.00066664538283213,-0.0135,0.00766866346119927));
#2356=CARTESIAN_POINT('',(-0.000677302669519219,-0.0135,0.00770156264080905));
#2357=CARTESIAN_POINT('',(-0.000689599525120116,-0.0135,0.00773708387136873));
#2358=CARTESIAN_POINT('',(-0.000703644686755705,-0.0135,0.0077751735491655));
#2359=CARTESIAN_POINT('',(-0.000719545387811171,-0.0135,0.00781577483320033));
#2360=CARTESIAN_POINT('',(-0.000737407263557558,-0.0135,0.00785882761569728));
#2361=CARTESIAN_POINT('',(-0.000757334265802541,-0.0135,0.00790426858253195));
#2362=CARTESIAN_POINT('',(-0.000779428576324976,-0.0135,0.00795203125121315));
#2363=CARTESIAN_POINT('',(-0.000803790522063389,-0.0135,0.00800204601813981));
#2364=CARTESIAN_POINT('',(-0.000830518491229647,-0.0135,0.00805424020607904));
#2365=CARTESIAN_POINT('',(-0.000859708850825714,-0.0135,0.00810853811432496));
#2366=CARTESIAN_POINT('',(-0.000891455864777161,-0.0135,0.00816486107085794));
#2367=CARTESIAN_POINT('',(-0.000925851615727278,-0.0135,0.00822312748638027));
#2368=CARTESIAN_POINT('',(-0.000962985919033802,-0.0135,0.00828325291123278));
#2369=CARTESIAN_POINT('',(-0.00100294627337767,-0.0135,0.00834515009094177));
#2370=CARTESIAN_POINT('',(-0.00104581767716666,-0.0135,0.00840872903665043));
#2371=CARTESIAN_POINT('',(-0.0010916829680628,-0.0135,0.00847389704772031));
#2372=CARTESIAN_POINT('',(-0.00114062116020642,-0.0135,0.00854055892729943));
#2373=CARTESIAN_POINT('',(-0.0011927134722388,-0.0135,0.00860861646647442));
#2374=CARTESIAN_POINT('',(-0.00124801988064893,-0.0135,0.00867797074113205));
#2375=CARTESIAN_POINT('',(-0.00130666856620909,-0.0135,0.00874851364507782));
#2376=CARTESIAN_POINT('',(-0.00136666310500735,-0.0135,0.00881801709298488));
#2377=CARTESIAN_POINT('',(-0.00140824945779001,-0.0135,0.00886389127719445));
#2378=CARTESIAN_POINT('',(-0.00142828212721497,-0.0135,0.00888594452858436));
#2379=CARTESIAN_POINT('',(-0.00205547296878187,-0.0135,0.00642942694760638));
#2380=CARTESIAN_POINT('',(-0.00216766377637391,-0.0135,0.00677963361799852));
#2381=CARTESIAN_POINT('',(-0.00228844653177689,-0.0135,0.00715666028817167));
#2382=CARTESIAN_POINT('',(-0.00229072905680377,-0.0135,0.00716577327698911));
#2383=CARTESIAN_POINT('',(-0.00229298046346114,-0.0135,0.00717407732908688));
#2384=CARTESIAN_POINT('',(-0.00229536189948754,-0.0135,0.00718393308895849));
#2385=CARTESIAN_POINT('',(-0.00229834386691229,-0.0135,0.00719725756762363));
#2386=CARTESIAN_POINT('',(-0.00230160871471405,-0.0135,0.00721343110015573));
#2387=CARTESIAN_POINT('',(-0.00230510049777099,-0.0135,0.00723267450955631));
#2388=CARTESIAN_POINT('',(-0.00230867986342808,-0.0135,0.00725493845942066));
#2389=CARTESIAN_POINT('',(-0.00231223250165686,-0.0135,0.00728025202781918));
#2390=CARTESIAN_POINT('',(-0.00231563611630474,-0.0135,0.00730861612387835));
#2391=CARTESIAN_POINT('',(-0.00231877043034273,-0.0135,0.00734003535679171));
#2392=CARTESIAN_POINT('',(-0.00232151435227549,-0.0135,0.00737450860251871));
#2393=CARTESIAN_POINT('',(-0.00232374692550398,-0.0135,0.00741203174331106));
#2394=CARTESIAN_POINT('',(-0.002325347176775,-0.0135,0.00745259686769028));
#2395=CARTESIAN_POINT('',(-0.00232619428325015,-0.0135,0.00749619249786065));
#2396=CARTESIAN_POINT('',(-0.00232616764841461,-0.0135,0.00754280352634635));
#2397=CARTESIAN_POINT('',(-0.00232514700405444,-0.0135,0.00759241123915828));
#2398=CARTESIAN_POINT('',(-0.00232301250476765,-0.0135,0.00764499331775742));
#2399=CARTESIAN_POINT('',(-0.00231964482440421,-0.0135,0.00770052385025856));
#2400=CARTESIAN_POINT('',(-0.00231492525173601,-0.0135,0.00775897334319235));
#2401=CARTESIAN_POINT('',(-0.00230873578585635,-0.0135,0.00782030873628112));
#2402=CARTESIAN_POINT('',(-0.00230095923177525,-0.0135,0.00788449341929875));
#2403=CARTESIAN_POINT('',(-0.00229147929335078,-0.0135,0.007951487252065));
#2404=CARTESIAN_POINT('',(-0.00228018067452678,-0.0135,0.0080212465841176));
#2405=CARTESIAN_POINT('',(-0.00226694914622134,-0.0135,0.00809372428712975));
#2406=CARTESIAN_POINT('',(-0.0022516717429006,-0.0135,0.0081688697497209));
#2407=CARTESIAN_POINT('',(-0.00223423645754561,-0.0135,0.00824662902826939));
#2408=CARTESIAN_POINT('',(-0.00221453386035127,-0.0135,0.00832694440975454));
#2409=CARTESIAN_POINT('',(-0.00219245133215316,-0.0135,0.00840975624199978));
#2410=CARTESIAN_POINT('',(-0.00216789560528151,-0.0135,0.0084949960830503));
#2411=CARTESIAN_POINT('',(-0.00214070688569475,-0.0135,0.00858261310846357));
#2412=CARTESIAN_POINT('',(-0.00211187697724287,-0.0135,0.00866978483745435));
#2413=CARTESIAN_POINT('',(-0.00209101148734545,-0.0135,0.00872808146553864));
#2414=CARTESIAN_POINT('',(-0.00208094312801886,-0.0135,0.00875612218381808));
#2415=CARTESIAN_POINT('',(-0.0022343154406456,-0.0135,0.006988020650713));
#2416=CARTESIAN_POINT('',(-0.00281734858369186,-0.0135,0.00680168116068151));
#2417=CARTESIAN_POINT('',(-0.00336137718980048,-0.0135,0.0065211763885811));
#2418=CARTESIAN_POINT('',(-0.00309285251902469,-0.0135,0.0059997302685673));
#2419=CARTESIAN_POINT('',(-0.00326115514964061,-0.0135,0.00632669466085348));
#2420=CARTESIAN_POINT('',(-0.00344234695941238,-0.0135,0.00667869908141693));
#2421=CARTESIAN_POINT('',(-0.00344717682667734,-0.0135,0.00668675692653136));
#2422=CARTESIAN_POINT('',(-0.00345145669331236,-0.0135,0.00669422076299565));
#2423=CARTESIAN_POINT('',(-0.00345674183838809,-0.0135,0.00670287376719785));
#2424=CARTESIAN_POINT('',(-0.00346405509822067,-0.0135,0.00671440416580506));
#2425=CARTESIAN_POINT('',(-0.0034731829167297,-0.0135,0.00672814917635441));
#2426=CARTESIAN_POINT('',(-0.00348432099853199,-0.0135,0.00674422538511271));
#2427=CARTESIAN_POINT('',(-0.00349753299472861,-0.0135,0.00676249936876626));
#2428=CARTESIAN_POINT('',(-0.00351292029601655,-0.0135,0.00678291085921956));
#2429=CARTESIAN_POINT('',(-0.00353057002168416,-0.0135,0.00680537402288328));
#2430=CARTESIAN_POINT('',(-0.00355057047962624,-0.0135,0.00682980707024663));
#2431=CARTESIAN_POINT('',(-0.00357300649964361,-0.0135,0.00685612358187541));
#2432=CARTESIAN_POINT('',(-0.00359796069927994,-0.0135,0.00688423511685046));
#2433=CARTESIAN_POINT('',(-0.00362551302528282,-0.0135,0.00691405053990401));
#2434=CARTESIAN_POINT('',(-0.00365574079627343,-0.0135,0.00694547630036055));
#2435=CARTESIAN_POINT('',(-0.00368871860426657,-0.0135,0.00697841644100804));
#2436=CARTESIAN_POINT('',(-0.0037245182589433,-0.0135,0.00701277268658826));
#2437=CARTESIAN_POINT('',(-0.00376320872220976,-0.0135,0.00704844451201447));
#2438=CARTESIAN_POINT('',(-0.00380485604792607,-0.0135,0.00708532921848707));
#2439=CARTESIAN_POINT('',(-0.00384952332257446,-0.0135,0.00712332200945948));
#2440=CARTESIAN_POINT('',(-0.00389727060824971,-0.0135,0.00716231606854386));
#2441=CARTESIAN_POINT('',(-0.00394815488698479,-0.0135,0.00720220263902892));
#2442=CARTESIAN_POINT('',(-0.00400223000917665,-0.0135,0.00724287110373044));
#2443=CARTESIAN_POINT('',(-0.00405954663591058,-0.0135,0.00728420907048739));
#2444=CARTESIAN_POINT('',(-0.00412015221458554,-0.0135,0.00732610244238186));
#2445=CARTESIAN_POINT('',(-0.00418409083624615,-0.0135,0.00736843555306846));
#2446=CARTESIAN_POINT('',(-0.00425140355791441,-0.0135,0.00741109105772383));
#2447=CARTESIAN_POINT('',(-0.00432212694887924,-0.0135,0.00745395076852245));
#2448=CARTESIAN_POINT('',(-0.00439629846245696,-0.0135,0.00749689287123092));
#2449=CARTESIAN_POINT('',(-0.00447393565307897,-0.0135,0.0075398030198771));
#2450=CARTESIAN_POINT('',(-0.00455511557388765,-0.0135,0.00758253228470264));
#2451=CARTESIAN_POINT('',(-0.0046371411183521,-0.0135,0.00762378618163246));
#2452=CARTESIAN_POINT('',(-0.00469311718879006,-0.0135,0.00765025399327192));
#2453=CARTESIAN_POINT('',(-0.00472006437599004,-0.0135,0.00766296237016141));
#2454=CARTESIAN_POINT('',(-0.00435944457793839,-0.0135,0.00515342051184295));
#2455=CARTESIAN_POINT('',(-0.00459711365947141,-0.0135,0.00543403572343804));
#2456=CARTESIAN_POINT('',(-0.00485298423530357,-0.0135,0.00573614138781376));
#2457=CARTESIAN_POINT('',(-0.00485858040329812,-0.0135,0.00574368720715046));
#2458=CARTESIAN_POINT('',(-0.00486383825498753,-0.0135,0.0057504975748932));
#2459=CARTESIAN_POINT('',(-0.00486981005100655,-0.0135,0.00575869177360339));
#2460=CARTESIAN_POINT('',(-0.00487766408690694,-0.0135,0.00576986083719419));
#2461=CARTESIAN_POINT('',(-0.0048868697559106,-0.0135,0.00578355382970608));
#2462=CARTESIAN_POINT('',(-0.0048974598767687,-0.0135,0.0057999961742617));
#2463=CARTESIAN_POINT('',(-0.00490928682419075,-0.0135,0.00581919561791889));
#2464=CARTESIAN_POINT('',(-0.00492225611717689,-0.0135,0.00584122276986576));
#2465=CARTESIAN_POINT('',(-0.00493625511672248,-0.0135,0.00586612527073712));
#2466=CARTESIAN_POINT('',(-0.0049511744652042,-0.0135,0.00589395340689881));
#2467=CARTESIAN_POINT('',(-0.00496690185851626,-0.0135,0.00592475247958185));
#2468=CARTESIAN_POINT('',(-0.00498332397153844,-0.0135,0.00595856497256935));
#2469=CARTESIAN_POINT('',(-0.00500032601196636,-0.0135,0.00599542987106804));
#2470=CARTESIAN_POINT('',(-0.00501779196169033,-0.0135,0.00603538280787589));
#2471=CARTESIAN_POINT('',(-0.00503560462267789,-0.0135,0.00607845597579342));
#2472=CARTESIAN_POINT('',(-0.00505364572005421,-0.0135,0.00612467811000203));
#2473=CARTESIAN_POINT('',(-0.00507179599017019,-0.0135,0.00617407445371013));
#2474=CARTESIAN_POINT('',(-0.00508993527398897,-0.0135,0.00622666673159797));
#2475=CARTESIAN_POINT('',(-0.00510794260997452,-0.0135,0.00628247312407313));
#2476=CARTESIAN_POINT('',(-0.0051256963278838,-0.0135,0.00634150824441372));
#2477=CARTESIAN_POINT('',(-0.00514307414353726,-0.0135,0.00640378311776215));
#2478=CARTESIAN_POINT('',(-0.0051599532523277,-0.0135,0.00646930516403426));
#2479=CARTESIAN_POINT('',(-0.00517621043027994,-0.0135,0.00653807817735187));
#2480=CARTESIAN_POINT('',(-0.00519172210825333,-0.0135,0.00661010233039559));
#2481=CARTESIAN_POINT('',(-0.00520636455156643,-0.0135,0.00668537409438505));
#2482=CARTESIAN_POINT('',(-0.00522001363589663,-0.0135,0.00676388649514276));
#2483=CARTESIAN_POINT('',(-0.00523254617546991,-0.0135,0.00684562808976356));
#2484=CARTESIAN_POINT('',(-0.00524383529584563,-0.0135,0.00693058686431085));
#2485=CARTESIAN_POINT('',(-0.00525376863733043,-0.0135,0.00701873527865541));
#2486=CARTESIAN_POINT('',(-0.00526217911980781,-0.0135,0.00711008752766731));
#2487=CARTESIAN_POINT('',(-0.00526890293392033,-0.0135,0.00720165643221666));
#2488=CARTESIAN_POINT('',(-0.00527193488859889,-0.0135,0.00726350037101008));
#2489=CARTESIAN_POINT('',(-0.00527336365580825,-0.0135,0.00729325961101075));
#2490=CARTESIAN_POINT('',(-0.00473843803283938,-0.0135,0.00560105375014737));
#2491=CARTESIAN_POINT('',(-0.00520578138484513,-0.0135,0.00520578138484513));
#2492=CARTESIAN_POINT('',(-0.00560105375014737,-0.0135,0.00473843803283938));
#2493=CARTESIAN_POINT('',(-0.00515342051184295,-0.0135,0.00435944457793839));
#2494=CARTESIAN_POINT('',(-0.00543403572343804,-0.0135,0.00459711365947141));
#2495=CARTESIAN_POINT('',(-0.00573614138781376,-0.0135,0.00485298423530357));
#2496=CARTESIAN_POINT('',(-0.00574368720715046,-0.0135,0.00485858040329812));
#2497=CARTESIAN_POINT('',(-0.0057504975748932,-0.0135,0.00486383825498753));
#2498=CARTESIAN_POINT('',(-0.00575869177360339,-0.0135,0.00486981005100655));
#2499=CARTESIAN_POINT('',(-0.00576986083719419,-0.0135,0.00487766408690694));
#2500=CARTESIAN_POINT('',(-0.00578355382970608,-0.0135,0.0048868697559106));
#2501=CARTESIAN_POINT('',(-0.0057999961742617,-0.0135,0.0048974598767687));
#2502=CARTESIAN_POINT('',(-0.00581919561791889,-0.0135,0.00490928682419075));
#2503=CARTESIAN_POINT('',(-0.00584122276986576,-0.0135,0.00492225611717689));
#2504=CARTESIAN_POINT('',(-0.00586612527073712,-0.0135,0.00493625511672248));
#2505=CARTESIAN_POINT('',(-0.0058939534068988,-0.0135,0.0049511744652042));
#2506=CARTESIAN_POINT('',(-0.00592475247958185,-0.0135,0.00496690185851626));
#2507=CARTESIAN_POINT('',(-0.00595856497256935,-0.0135,0.00498332397153844));
#2508=CARTESIAN_POINT('',(-0.00599542987106804,-0.0135,0.00500032601196636));
#2509=CARTESIAN_POINT('',(-0.00603538280787589,-0.0135,0.00501779196169033));
#2510=CARTESIAN_POINT('',(-0.00607845597579342,-0.0135,0.00503560462267789));
#2511=CARTESIAN_POINT('',(-0.00612467811000203,-0.0135,0.00505364572005421));
#2512=CARTESIAN_POINT('',(-0.00617407445371013,-0.0135,0.0050717959901702));
#2513=CARTESIAN_POINT('',(-0.00622666673159797,-0.0135,0.00508993527398897));
#2514=CARTESIAN_POINT('',(-0.00628247312407313,-0.0135,0.00510794260997452));
#2515=CARTESIAN_POINT('',(-0.00634150824441372,-0.0135,0.0051256963278838));
#2516=CARTESIAN_POINT('',(-0.00640378311776215,-0.0135,0.00514307414353726));
#2517=CARTESIAN_POINT('',(-0.00646930516403426,-0.0135,0.0051599532523277));
#2518=CARTESIAN_POINT('',(-0.00653807817735187,-0.0135,0.00517621043027995));
#2519=CARTESIAN_POINT('',(-0.00661010233039559,-0.0135,0.00519172210825333));
#2520=CARTESIAN_POINT('',(-0.00668537409438505,-0.0135,0.00520636455156643));
#2521=CARTESIAN_POINT('',(-0.00676388649514276,-0.0135,0.00522001363589663));
#2522=CARTESIAN_POINT('',(-0.00684562808976356,-0.0135,0.00523254617546991));
#2523=CARTESIAN_POINT('',(-0.00693058686431085,-0.0135,0.00524383529584563));
#2524=CARTESIAN_POINT('',(-0.00701873527865541,-0.0135,0.00525376863733043));
#2525=CARTESIAN_POINT('',(-0.00711008752766731,-0.0135,0.00526217911980782));
#2526=CARTESIAN_POINT('',(-0.00720165643221666,-0.0135,0.00526890293392033));
#2527=CARTESIAN_POINT('',(-0.00726350037101008,-0.0135,0.00527193488859889));
#2528=CARTESIAN_POINT('',(-0.00729325961101075,-0.0135,0.00527336365580825));
#2529=CARTESIAN_POINT('',(-0.0059997302685673,-0.0135,0.00309285251902469));
#2530=CARTESIAN_POINT('',(-0.00632669466085347,-0.0135,0.00326115514964061));
#2531=CARTESIAN_POINT('',(-0.00667869908141693,-0.0135,0.00344234695941238));
#2532=CARTESIAN_POINT('',(-0.00668675692653136,-0.0135,0.00344717682667734));
#2533=CARTESIAN_POINT('',(-0.00669422076299565,-0.0135,0.00345145669331237));
#2534=CARTESIAN_POINT('',(-0.00670287376719785,-0.0135,0.00345674183838809));
#2535=CARTESIAN_POINT('',(-0.00671440416580506,-0.0135,0.00346405509822067));
#2536=CARTESIAN_POINT('',(-0.00672814917635441,-0.0135,0.0034731829167297));
#2537=CARTESIAN_POINT('',(-0.0067442253851127,-0.0135,0.00348432099853199));
#2538=CARTESIAN_POINT('',(-0.00676249936876626,-0.0135,0.00349753299472861));
#2539=CARTESIAN_POINT('',(-0.00678291085921956,-0.0135,0.00351292029601655));
#2540=CARTESIAN_POINT('',(-0.00680537402288328,-0.0135,0.00353057002168416));
#2541=CARTESIAN_POINT('',(-0.00682980707024663,-0.0135,0.00355057047962625));
#2542=CARTESIAN_POINT('',(-0.0068561235818754,-0.0135,0.00357300649964361));
#2543=CARTESIAN_POINT('',(-0.00688423511685045,-0.0135,0.00359796069927994));
#2544=CARTESIAN_POINT('',(-0.00691405053990401,-0.0135,0.00362551302528282));
#2545=CARTESIAN_POINT('',(-0.00694547630036055,-0.0135,0.00365574079627343));
#2546=CARTESIAN_POINT('',(-0.00697841644100804,-0.0135,0.00368871860426657));
#2547=CARTESIAN_POINT('',(-0.00701277268658826,-0.0135,0.0037245182589433));
#2548=CARTESIAN_POINT('',(-0.00704844451201447,-0.0135,0.00376320872220976));
#2549=CARTESIAN_POINT('',(-0.00708532921848706,-0.0135,0.00380485604792607));
#2550=CARTESIAN_POINT('',(-0.00712332200945948,-0.0135,0.00384952332257447));
#2551=CARTESIAN_POINT('',(-0.00716231606854386,-0.0135,0.00389727060824971));
#2552=CARTESIAN_POINT('',(-0.00720220263902892,-0.0135,0.00394815488698479));
#2553=CARTESIAN_POINT('',(-0.00724287110373044,-0.0135,0.00400223000917665));
#2554=CARTESIAN_POINT('',(-0.00728420907048739,-0.0135,0.00405954663591059));
#2555=CARTESIAN_POINT('',(-0.00732610244238186,-0.0135,0.00412015221458554));
#2556=CARTESIAN_POINT('',(-0.00736843555306846,-0.0135,0.00418409083624615));
#2557=CARTESIAN_POINT('',(-0.00741109105772383,-0.0135,0.00425140355791441));
#2558=CARTESIAN_POINT('',(-0.00745395076852245,-0.0135,0.00432212694887924));
#2559=CARTESIAN_POINT('',(-0.00749689287123092,-0.0135,0.00439629846245696));
#2560=CARTESIAN_POINT('',(-0.0075398030198771,-0.0135,0.00447393565307897));
#2561=CARTESIAN_POINT('',(-0.00758253228470264,-0.0135,0.00455511557388765));
#2562=CARTESIAN_POINT('',(-0.00762378618163246,-0.0135,0.0046371411183521));
#2563=CARTESIAN_POINT('',(-0.00765025399327192,-0.0135,0.00469311718879006));
#2564=CARTESIAN_POINT('',(-0.00766296237016141,-0.0135,0.00472006437599004));
#2565=CARTESIAN_POINT('',(-0.0065211763885811,-0.0135,0.00336137718980049));
#2566=CARTESIAN_POINT('',(-0.0068016811606815,-0.0135,0.00281734858369186));
#2567=CARTESIAN_POINT('',(-0.006988020650713,-0.0135,0.0022343154406456));
#2568=CARTESIAN_POINT('',(-0.00642942694760638,-0.0135,0.00205547296878187));
#2569=CARTESIAN_POINT('',(-0.00677963361799852,-0.0135,0.00216766377637391));
#2570=CARTESIAN_POINT('',(-0.00715666028817166,-0.0135,0.00228844653177689));
#2571=CARTESIAN_POINT('',(-0.00716577327698911,-0.0135,0.00229072905680377));
#2572=CARTESIAN_POINT('',(-0.00717407732908688,-0.0135,0.00229298046346114));
#2573=CARTESIAN_POINT('',(-0.00718393308895849,-0.0135,0.00229536189948754));
#2574=CARTESIAN_POINT('',(-0.00719725756762363,-0.0135,0.00229834386691229));
#2575=CARTESIAN_POINT('',(-0.00721343110015573,-0.0135,0.00230160871471405));
#2576=CARTESIAN_POINT('',(-0.0072326745095563,-0.0135,0.00230510049777099));
#2577=CARTESIAN_POINT('',(-0.00725493845942066,-0.0135,0.00230867986342808));
#2578=CARTESIAN_POINT('',(-0.00728025202781918,-0.0135,0.00231223250165687));
#2579=CARTESIAN_POINT('',(-0.00730861612387835,-0.0135,0.00231563611630474));
#2580=CARTESIAN_POINT('',(-0.00734003535679171,-0.0135,0.00231877043034273));
#2581=CARTESIAN_POINT('',(-0.00737450860251871,-0.0135,0.00232151435227549));
#2582=CARTESIAN_POINT('',(-0.00741203174331106,-0.0135,0.00232374692550398));
#2583=CARTESIAN_POINT('',(-0.00745259686769028,-0.0135,0.002325347176775));
#2584=CARTESIAN_POINT('',(-0.00749619249786065,-0.0135,0.00232619428325015));
#2585=CARTESIAN_POINT('',(-0.00754280352634635,-0.0135,0.00232616764841461));
#2586=CARTESIAN_POINT('',(-0.00759241123915828,-0.0135,0.00232514700405444));
#2587=CARTESIAN_POINT('',(-0.00764499331775742,-0.0135,0.00232301250476765));
#2588=CARTESIAN_POINT('',(-0.00770052385025855,-0.0135,0.00231964482440421));
#2589=CARTESIAN_POINT('',(-0.00775897334319235,-0.0135,0.00231492525173601));
#2590=CARTESIAN_POINT('',(-0.00782030873628112,-0.0135,0.00230873578585635));
#2591=CARTESIAN_POINT('',(-0.00788449341929875,-0.0135,0.00230095923177525));
#2592=CARTESIAN_POINT('',(-0.007951487252065,-0.0135,0.00229147929335078));
#2593=CARTESIAN_POINT('',(-0.0080212465841176,-0.0135,0.00228018067452678));
#2594=CARTESIAN_POINT('',(-0.00809372428712975,-0.0135,0.00226694914622134));
#2595=CARTESIAN_POINT('',(-0.0081688697497209,-0.0135,0.00225167174290061));
#2596=CARTESIAN_POINT('',(-0.00824662902826939,-0.0135,0.00223423645754561));
#2597=CARTESIAN_POINT('',(-0.00832694440975454,-0.0135,0.00221453386035127));
#2598=CARTESIAN_POINT('',(-0.00840975624199978,-0.0135,0.00219245133215316));
#2599=CARTESIAN_POINT('',(-0.0084949960830503,-0.0135,0.00216789560528151));
#2600=CARTESIAN_POINT('',(-0.00858261310846357,-0.0135,0.00214070688569475));
#2601=CARTESIAN_POINT('',(-0.00866978483745435,-0.0135,0.00211187697724287));
#2602=CARTESIAN_POINT('',(-0.00872808146553864,-0.0135,0.00209101148734545));
#2603=CARTESIAN_POINT('',(-0.00875612218381808,-0.0135,0.00208094312801886));
#2604=CARTESIAN_POINT('',(-0.00672661141349716,-0.0135,0.000561425766962836));
#2605=CARTESIAN_POINT('',(-0.00709309375175052,-0.0135,0.000591793266755447));
#2606=CARTESIAN_POINT('',(-0.00748764253494249,-0.0135,0.000624486411393358));
#2607=CARTESIAN_POINT('',(-0.00749693532330268,-0.0135,0.000625865023078342));
#2608=CARTESIAN_POINT('',(-0.00750546884310001,-0.0135,0.000626962817707551));
#2609=CARTESIAN_POINT('',(-0.00751548571403528,-0.0135,0.000628534293721004));
#2610=CARTESIAN_POINT('',(-0.00752893707668469,-0.0135,0.000630878372280718));
#2611=CARTESIAN_POINT('',(-0.00754512887552243,-0.0135,0.000634051389162765));
#2612=CARTESIAN_POINT('',(-0.00756424371512866,-0.0135,0.000638189536224302));
#2613=CARTESIAN_POINT('',(-0.00758618268665654,-0.0135,0.000643402678306441));
#2614=CARTESIAN_POINT('',(-0.0076109289101861,-0.0135,0.000649807551800605));
#2615=CARTESIAN_POINT('',(-0.00763843642492925,-0.0135,0.000657517491526731));
#2616=CARTESIAN_POINT('',(-0.00766866346119927,-0.0135,0.000666645382832131));
#2617=CARTESIAN_POINT('',(-0.00770156264080905,-0.0135,0.00067730266951922));
#2618=CARTESIAN_POINT('',(-0.00773708387136873,-0.0135,0.000689599525120118));
#2619=CARTESIAN_POINT('',(-0.0077751735491655,-0.0135,0.000703644686755706));
#2620=CARTESIAN_POINT('',(-0.00781577483320033,-0.0135,0.000719545387811173));
#2621=CARTESIAN_POINT('',(-0.00785882761569728,-0.0135,0.00073740726355756));
#2622=CARTESIAN_POINT('',(-0.00790426858253195,-0.0135,0.000757334265802542));
#2623=CARTESIAN_POINT('',(-0.00795203125121315,-0.0135,0.000779428576324978));
#2624=CARTESIAN_POINT('',(-0.00800204601813981,-0.0135,0.00080379052206339));
#2625=CARTESIAN_POINT('',(-0.00805424020607904,-0.0135,0.000830518491229648));
#2626=CARTESIAN_POINT('',(-0.00810853811432496,-0.0135,0.000859708850825716));
#2627=CARTESIAN_POINT('',(-0.00816486107085794,-0.0135,0.000891455864777162));
#2628=CARTESIAN_POINT('',(-0.00822312748638027,-0.0135,0.00092585161572728));
#2629=CARTESIAN_POINT('',(-0.00828325291123278,-0.0135,0.000962985919033803));
#2630=CARTESIAN_POINT('',(-0.00834515009094177,-0.0135,0.00100294627337767));
#2631=CARTESIAN_POINT('',(-0.00840872903665043,-0.0135,0.00104581767716666));
#2632=CARTESIAN_POINT('',(-0.00847389704772031,-0.0135,0.0010916829680628));
#2633=CARTESIAN_POINT('',(-0.00854055892729943,-0.0135,0.00114062116020642));
#2634=CARTESIAN_POINT('',(-0.00860861646647442,-0.0135,0.0011927134722388));
#2635=CARTESIAN_POINT('',(-0.00867797074113205,-0.0135,0.00124801988064893));
#2636=CARTESIAN_POINT('',(-0.00874851364507782,-0.0135,0.00130666856620909));
#2637=CARTESIAN_POINT('',(-0.00881801709298488,-0.0135,0.00136666310500735));
#2638=CARTESIAN_POINT('',(-0.00886389127719445,-0.0135,0.00140824945779001));
#2639=CARTESIAN_POINT('',(-0.00888594452858436,-0.0135,0.00142828212721497));
#2640=CARTESIAN_POINT('',(-0.00731112475377252,-0.0135,0.000609961423266578));
#2641=CARTESIAN_POINT('',(-0.00736208663719738,-0.0135,1.01001580077748E-18));
#2642=CARTESIAN_POINT('',(-0.00731112475377252,-0.0135,-0.000609961423266576));
#2643=CARTESIAN_POINT('',(-0.00672661141349716,-0.0135,-0.000561425766962834));
#2644=CARTESIAN_POINT('',(-0.00709309375175052,-0.0135,-0.000591793266755446));
#2645=CARTESIAN_POINT('',(-0.00748764253494249,-0.0135,-0.000624486411393357));
#2646=CARTESIAN_POINT('',(-0.00749693532330268,-0.0135,-0.000625865023078341));
#2647=CARTESIAN_POINT('',(-0.00750546884310001,-0.0135,-0.00062696281770755));
#2648=CARTESIAN_POINT('',(-0.00751548571403528,-0.0135,-0.000628534293721002));
#2649=CARTESIAN_POINT('',(-0.00752893707668469,-0.0135,-0.000630878372280716));
#2650=CARTESIAN_POINT('',(-0.00754512887552243,-0.0135,-0.000634051389162763));
#2651=CARTESIAN_POINT('',(-0.00756424371512866,-0.0135,-0.0006381895362243));
#2652=CARTESIAN_POINT('',(-0.00758618268665654,-0.0135,-0.000643402678306439));
#2653=CARTESIAN_POINT('',(-0.0076109289101861,-0.0135,-0.000649807551800603));
#2654=CARTESIAN_POINT('',(-0.00763843642492925,-0.0135,-0.000657517491526729));
#2655=CARTESIAN_POINT('',(-0.00766866346119927,-0.0135,-0.000666645382832129));
#2656=CARTESIAN_POINT('',(-0.00770156264080905,-0.0135,-0.000677302669519219));
#2657=CARTESIAN_POINT('',(-0.00773708387136873,-0.0135,-0.000689599525120116));
#2658=CARTESIAN_POINT('',(-0.0077751735491655,-0.0135,-0.000703644686755704));
#2659=CARTESIAN_POINT('',(-0.00781577483320033,-0.0135,-0.000719545387811171));
#2660=CARTESIAN_POINT('',(-0.00785882761569728,-0.0135,-0.000737407263557558));
#2661=CARTESIAN_POINT('',(-0.00790426858253195,-0.0135,-0.00075733426580254));
#2662=CARTESIAN_POINT('',(-0.00795203125121315,-0.0135,-0.000779428576324976));
#2663=CARTESIAN_POINT('',(-0.00800204601813981,-0.0135,-0.000803790522063388));
#2664=CARTESIAN_POINT('',(-0.00805424020607904,-0.0135,-0.000830518491229646));
#2665=CARTESIAN_POINT('',(-0.00810853811432496,-0.0135,-0.000859708850825714));
#2666=CARTESIAN_POINT('',(-0.00816486107085794,-0.0135,-0.000891455864777161));
#2667=CARTESIAN_POINT('',(-0.00822312748638027,-0.0135,-0.000925851615727278));
#2668=CARTESIAN_POINT('',(-0.00828325291123278,-0.0135,-0.000962985919033802));
#2669=CARTESIAN_POINT('',(-0.00834515009094177,-0.0135,-0.00100294627337767));
#2670=CARTESIAN_POINT('',(-0.00840872903665043,-0.0135,-0.00104581767716666));
#2671=CARTESIAN_POINT('',(-0.00847389704772031,-0.0135,-0.0010916829680628));
#2672=CARTESIAN_POINT('',(-0.00854055892729943,-0.0135,-0.00114062116020642));
#2673=CARTESIAN_POINT('',(-0.00860861646647442,-0.0135,-0.0011927134722388));
#2674=CARTESIAN_POINT('',(-0.00867797074113205,-0.0135,-0.00124801988064893));
#2675=CARTESIAN_POINT('',(-0.00874851364507782,-0.0135,-0.00130666856620909));
#2676=CARTESIAN_POINT('',(-0.00881801709298488,-0.0135,-0.00136666310500735));
#2677=CARTESIAN_POINT('',(-0.00886389127719445,-0.0135,-0.00140824945779001));
#2678=CARTESIAN_POINT('',(-0.00888594452858436,-0.0135,-0.00142828212721497));
#2679=CARTESIAN_POINT('',(-0.00642942694760638,-0.0135,-0.00205547296878187));
#2680=CARTESIAN_POINT('',(-0.00677963361799852,-0.0135,-0.00216766377637391));
#2681=CARTESIAN_POINT('',(-0.00715666028817167,-0.0135,-0.00228844653177689));
#2682=CARTESIAN_POINT('',(-0.00716577327698911,-0.0135,-0.00229072905680377));
#2683=CARTESIAN_POINT('',(-0.00717407732908688,-0.0135,-0.00229298046346114));
#2684=CARTESIAN_POINT('',(-0.00718393308895849,-0.0135,-0.00229536189948754));
#2685=CARTESIAN_POINT('',(-0.00719725756762363,-0.0135,-0.00229834386691229));
#2686=CARTESIAN_POINT('',(-0.00721343110015573,-0.0135,-0.00230160871471405));
#2687=CARTESIAN_POINT('',(-0.00723267450955631,-0.0135,-0.00230510049777099));
#2688=CARTESIAN_POINT('',(-0.00725493845942066,-0.0135,-0.00230867986342808));
#2689=CARTESIAN_POINT('',(-0.00728025202781918,-0.0135,-0.00231223250165686));
#2690=CARTESIAN_POINT('',(-0.00730861612387835,-0.0135,-0.00231563611630474));
#2691=CARTESIAN_POINT('',(-0.00734003535679171,-0.0135,-0.00231877043034273));
#2692=CARTESIAN_POINT('',(-0.00737450860251871,-0.0135,-0.00232151435227549));
#2693=CARTESIAN_POINT('',(-0.00741203174331106,-0.0135,-0.00232374692550398));
#2694=CARTESIAN_POINT('',(-0.00745259686769028,-0.0135,-0.002325347176775));
#2695=CARTESIAN_POINT('',(-0.00749619249786065,-0.0135,-0.00232619428325015));
#2696=CARTESIAN_POINT('',(-0.00754280352634635,-0.0135,-0.00232616764841461));
#2697=CARTESIAN_POINT('',(-0.00759241123915828,-0.0135,-0.00232514700405444));
#2698=CARTESIAN_POINT('',(-0.00764499331775742,-0.0135,-0.00232301250476765));
#2699=CARTESIAN_POINT('',(-0.00770052385025856,-0.0135,-0.00231964482440421));
#2700=CARTESIAN_POINT('',(-0.00775897334319235,-0.0135,-0.00231492525173601));
#2701=CARTESIAN_POINT('',(-0.00782030873628112,-0.0135,-0.00230873578585635));
#2702=CARTESIAN_POINT('',(-0.00788449341929875,-0.0135,-0.00230095923177525));
#2703=CARTESIAN_POINT('',(-0.007951487252065,-0.0135,-0.00229147929335078));
#2704=CARTESIAN_POINT('',(-0.0080212465841176,-0.0135,-0.00228018067452678));
#2705=CARTESIAN_POINT('',(-0.00809372428712975,-0.0135,-0.00226694914622134));
#2706=CARTESIAN_POINT('',(-0.0081688697497209,-0.0135,-0.0022516717429006));
#2707=CARTESIAN_POINT('',(-0.00824662902826939,-0.0135,-0.00223423645754561));
#2708=CARTESIAN_POINT('',(-0.00832694440975454,-0.0135,-0.00221453386035127));
#2709=CARTESIAN_POINT('',(-0.00840975624199978,-0.0135,-0.00219245133215316));
#2710=CARTESIAN_POINT('',(-0.0084949960830503,-0.0135,-0.00216789560528151));
#2711=CARTESIAN_POINT('',(-0.00858261310846357,-0.0135,-0.00214070688569475));
#2712=CARTESIAN_POINT('',(-0.00866978483745435,-0.0135,-0.00211187697724287));
#2713=CARTESIAN_POINT('',(-0.00872808146553864,-0.0135,-0.00209101148734545));
#2714=CARTESIAN_POINT('',(-0.00875612218381808,-0.0135,-0.00208094312801886));
#2715=CARTESIAN_POINT('',(-0.006988020650713,-0.0135,-0.0022343154406456));
#2716=CARTESIAN_POINT('',(-0.00680168116068151,-0.0135,-0.00281734858369186));
#2717=CARTESIAN_POINT('',(-0.0065211763885811,-0.0135,-0.00336137718980048));
#2718=CARTESIAN_POINT('',(-0.0059997302685673,-0.0135,-0.00309285251902469));
#2719=CARTESIAN_POINT('',(-0.00632669466085348,-0.0135,-0.00326115514964061));
#2720=CARTESIAN_POINT('',(-0.00667869908141693,-0.0135,-0.00344234695941238));
#2721=CARTESIAN_POINT('',(-0.00668675692653136,-0.0135,-0.00344717682667734));
#2722=CARTESIAN_POINT('',(-0.00669422076299565,-0.0135,-0.00345145669331236));
#2723=CARTESIAN_POINT('',(-0.00670287376719785,-0.0135,-0.00345674183838809));
#2724=CARTESIAN_POINT('',(-0.00671440416580506,-0.0135,-0.00346405509822067));
#2725=CARTESIAN_POINT('',(-0.00672814917635441,-0.0135,-0.0034731829167297));
#2726=CARTESIAN_POINT('',(-0.00674422538511271,-0.0135,-0.00348432099853199));
#2727=CARTESIAN_POINT('',(-0.00676249936876626,-0.0135,-0.00349753299472861));
#2728=CARTESIAN_POINT('',(-0.00678291085921956,-0.0135,-0.00351292029601655));
#2729=CARTESIAN_POINT('',(-0.00680537402288328,-0.0135,-0.00353057002168416));
#2730=CARTESIAN_POINT('',(-0.00682980707024663,-0.0135,-0.00355057047962624));
#2731=CARTESIAN_POINT('',(-0.00685612358187541,-0.0135,-0.00357300649964361));
#2732=CARTESIAN_POINT('',(-0.00688423511685046,-0.0135,-0.00359796069927994));
#2733=CARTESIAN_POINT('',(-0.00691405053990401,-0.0135,-0.00362551302528282));
#2734=CARTESIAN_POINT('',(-0.00694547630036055,-0.0135,-0.00365574079627343));
#2735=CARTESIAN_POINT('',(-0.00697841644100804,-0.0135,-0.00368871860426657));
#2736=CARTESIAN_POINT('',(-0.00701277268658826,-0.0135,-0.0037245182589433));
#2737=CARTESIAN_POINT('',(-0.00704844451201447,-0.0135,-0.00376320872220976));
#2738=CARTESIAN_POINT('',(-0.00708532921848707,-0.0135,-0.00380485604792607));
#2739=CARTESIAN_POINT('',(-0.00712332200945948,-0.0135,-0.00384952332257446));
#2740=CARTESIAN_POINT('',(-0.00716231606854386,-0.0135,-0.00389727060824971));
#2741=CARTESIAN_POINT('',(-0.00720220263902892,-0.0135,-0.00394815488698478));
#2742=CARTESIAN_POINT('',(-0.00724287110373044,-0.0135,-0.00400223000917665));
#2743=CARTESIAN_POINT('',(-0.00728420907048739,-0.0135,-0.00405954663591058));
#2744=CARTESIAN_POINT('',(-0.00732610244238186,-0.0135,-0.00412015221458554));
#2745=CARTESIAN_POINT('',(-0.00736843555306846,-0.0135,-0.00418409083624615));
#2746=CARTESIAN_POINT('',(-0.00741109105772383,-0.0135,-0.00425140355791441));
#2747=CARTESIAN_POINT('',(-0.00745395076852245,-0.0135,-0.00432212694887924));
#2748=CARTESIAN_POINT('',(-0.00749689287123092,-0.0135,-0.00439629846245696));
#2749=CARTESIAN_POINT('',(-0.0075398030198771,-0.0135,-0.00447393565307896));
#2750=CARTESIAN_POINT('',(-0.00758253228470264,-0.0135,-0.00455511557388765));
#2751=CARTESIAN_POINT('',(-0.00762378618163246,-0.0135,-0.0046371411183521));
#2752=CARTESIAN_POINT('',(-0.00765025399327192,-0.0135,-0.00469311718879006));
#2753=CARTESIAN_POINT('',(-0.00766296237016141,-0.0135,-0.00472006437599004));
#2754=CARTESIAN_POINT('',(-0.00515342051184295,-0.0135,-0.00435944457793839));
#2755=CARTESIAN_POINT('',(-0.00543403572343804,-0.0135,-0.00459711365947141));
#2756=CARTESIAN_POINT('',(-0.00573614138781376,-0.0135,-0.00485298423530357));
#2757=CARTESIAN_POINT('',(-0.00574368720715046,-0.0135,-0.00485858040329812));
#2758=CARTESIAN_POINT('',(-0.0057504975748932,-0.0135,-0.00486383825498753));
#2759=CARTESIAN_POINT('',(-0.00575869177360339,-0.0135,-0.00486981005100655));
#2760=CARTESIAN_POINT('',(-0.00576986083719419,-0.0135,-0.00487766408690694));
#2761=CARTESIAN_POINT('',(-0.00578355382970608,-0.0135,-0.0048868697559106));
#2762=CARTESIAN_POINT('',(-0.0057999961742617,-0.0135,-0.0048974598767687));
#2763=CARTESIAN_POINT('',(-0.00581919561791889,-0.0135,-0.00490928682419075));
#2764=CARTESIAN_POINT('',(-0.00584122276986577,-0.0135,-0.00492225611717689));
#2765=CARTESIAN_POINT('',(-0.00586612527073712,-0.0135,-0.00493625511672248));
#2766=CARTESIAN_POINT('',(-0.00589395340689881,-0.0135,-0.0049511744652042));
#2767=CARTESIAN_POINT('',(-0.00592475247958185,-0.0135,-0.00496690185851626));
#2768=CARTESIAN_POINT('',(-0.00595856497256935,-0.0135,-0.00498332397153844));
#2769=CARTESIAN_POINT('',(-0.00599542987106805,-0.0135,-0.00500032601196636));
#2770=CARTESIAN_POINT('',(-0.0060353828078759,-0.0135,-0.00501779196169033));
#2771=CARTESIAN_POINT('',(-0.00607845597579342,-0.0135,-0.00503560462267789));
#2772=CARTESIAN_POINT('',(-0.00612467811000203,-0.0135,-0.00505364572005421));
#2773=CARTESIAN_POINT('',(-0.00617407445371013,-0.0135,-0.00507179599017019));
#2774=CARTESIAN_POINT('',(-0.00622666673159797,-0.0135,-0.00508993527398897));
#2775=CARTESIAN_POINT('',(-0.00628247312407313,-0.0135,-0.00510794260997452));
#2776=CARTESIAN_POINT('',(-0.00634150824441372,-0.0135,-0.0051256963278838));
#2777=CARTESIAN_POINT('',(-0.00640378311776216,-0.0135,-0.00514307414353726));
#2778=CARTESIAN_POINT('',(-0.00646930516403426,-0.0135,-0.0051599532523277));
#2779=CARTESIAN_POINT('',(-0.00653807817735187,-0.0135,-0.00517621043027994));
#2780=CARTESIAN_POINT('',(-0.00661010233039559,-0.0135,-0.00519172210825333));
#2781=CARTESIAN_POINT('',(-0.00668537409438505,-0.0135,-0.00520636455156643));
#2782=CARTESIAN_POINT('',(-0.00676388649514276,-0.0135,-0.00522001363589663));
#2783=CARTESIAN_POINT('',(-0.00684562808976356,-0.0135,-0.00523254617546991));
#2784=CARTESIAN_POINT('',(-0.00693058686431085,-0.0135,-0.00524383529584563));
#2785=CARTESIAN_POINT('',(-0.00701873527865541,-0.0135,-0.00525376863733043));
#2786=CARTESIAN_POINT('',(-0.00711008752766732,-0.0135,-0.00526217911980781));
#2787=CARTESIAN_POINT('',(-0.00720165643221666,-0.0135,-0.00526890293392033));
#2788=CARTESIAN_POINT('',(-0.00726350037101008,-0.0135,-0.00527193488859889));
#2789=CARTESIAN_POINT('',(-0.00729325961101075,-0.0135,-0.00527336365580825));
#2790=CARTESIAN_POINT('',(-0.00560105375014737,-0.0135,-0.00473843803283938));
#2791=CARTESIAN_POINT('',(-0.00520578138484513,-0.0135,-0.00520578138484513));
#2792=CARTESIAN_POINT('',(-0.00473843803283938,-0.0135,-0.00560105375014737));
#2793=CARTESIAN_POINT('',(-0.00435944457793839,-0.0135,-0.00515342051184295));
#2794=CARTESIAN_POINT('',(-0.00459711365947141,-0.0135,-0.00543403572343804));
#2795=CARTESIAN_POINT('',(-0.00485298423530357,-0.0135,-0.00573614138781376));
#2796=CARTESIAN_POINT('',(-0.00485858040329812,-0.0135,-0.00574368720715046));
#2797=CARTESIAN_POINT('',(-0.00486383825498754,-0.0135,-0.0057504975748932));
#2798=CARTESIAN_POINT('',(-0.00486981005100655,-0.0135,-0.00575869177360339));
#2799=CARTESIAN_POINT('',(-0.00487766408690694,-0.0135,-0.00576986083719419));
#2800=CARTESIAN_POINT('',(-0.0048868697559106,-0.0135,-0.00578355382970608));
#2801=CARTESIAN_POINT('',(-0.0048974598767687,-0.0135,-0.0057999961742617));
#2802=CARTESIAN_POINT('',(-0.00490928682419075,-0.0135,-0.00581919561791889));
#2803=CARTESIAN_POINT('',(-0.00492225611717689,-0.0135,-0.00584122276986576));
#2804=CARTESIAN_POINT('',(-0.00493625511672248,-0.0135,-0.00586612527073712));
#2805=CARTESIAN_POINT('',(-0.0049511744652042,-0.0135,-0.0058939534068988));
#2806=CARTESIAN_POINT('',(-0.00496690185851627,-0.0135,-0.00592475247958185));
#2807=CARTESIAN_POINT('',(-0.00498332397153844,-0.0135,-0.00595856497256935));
#2808=CARTESIAN_POINT('',(-0.00500032601196636,-0.0135,-0.00599542987106804));
#2809=CARTESIAN_POINT('',(-0.00501779196169033,-0.0135,-0.00603538280787589));
#2810=CARTESIAN_POINT('',(-0.00503560462267789,-0.0135,-0.00607845597579342));
#2811=CARTESIAN_POINT('',(-0.00505364572005421,-0.0135,-0.00612467811000203));
#2812=CARTESIAN_POINT('',(-0.0050717959901702,-0.0135,-0.00617407445371013));
#2813=CARTESIAN_POINT('',(-0.00508993527398897,-0.0135,-0.00622666673159797));
#2814=CARTESIAN_POINT('',(-0.00510794260997453,-0.0135,-0.00628247312407313));
#2815=CARTESIAN_POINT('',(-0.0051256963278838,-0.0135,-0.00634150824441372));
#2816=CARTESIAN_POINT('',(-0.00514307414353726,-0.0135,-0.00640378311776215));
#2817=CARTESIAN_POINT('',(-0.0051599532523277,-0.0135,-0.00646930516403426));
#2818=CARTESIAN_POINT('',(-0.00517621043027995,-0.0135,-0.00653807817735187));
#2819=CARTESIAN_POINT('',(-0.00519172210825333,-0.0135,-0.00661010233039559));
#2820=CARTESIAN_POINT('',(-0.00520636455156644,-0.0135,-0.00668537409438505));
#2821=CARTESIAN_POINT('',(-0.00522001363589663,-0.0135,-0.00676388649514276));
#2822=CARTESIAN_POINT('',(-0.00523254617546991,-0.0135,-0.00684562808976356));
#2823=CARTESIAN_POINT('',(-0.00524383529584563,-0.0135,-0.00693058686431085));
#2824=CARTESIAN_POINT('',(-0.00525376863733044,-0.0135,-0.00701873527865541));
#2825=CARTESIAN_POINT('',(-0.00526217911980782,-0.0135,-0.00711008752766731));
#2826=CARTESIAN_POINT('',(-0.00526890293392034,-0.0135,-0.00720165643221666));
#2827=CARTESIAN_POINT('',(-0.00527193488859889,-0.0135,-0.00726350037101008));
#2828=CARTESIAN_POINT('',(-0.00527336365580825,-0.0135,-0.00729325961101075));
#2829=CARTESIAN_POINT('',(-0.00309285251902469,-0.0135,-0.0059997302685673));
#2830=CARTESIAN_POINT('',(-0.00326115514964061,-0.0135,-0.00632669466085348));
#2831=CARTESIAN_POINT('',(-0.00344234695941238,-0.0135,-0.00667869908141693));
#2832=CARTESIAN_POINT('',(-0.00344717682667733,-0.0135,-0.00668675692653136));
#2833=CARTESIAN_POINT('',(-0.00345145669331236,-0.0135,-0.00669422076299565));
#2834=CARTESIAN_POINT('',(-0.00345674183838809,-0.0135,-0.00670287376719785));
#2835=CARTESIAN_POINT('',(-0.00346405509822067,-0.0135,-0.00671440416580506));
#2836=CARTESIAN_POINT('',(-0.0034731829167297,-0.0135,-0.00672814917635441));
#2837=CARTESIAN_POINT('',(-0.00348432099853199,-0.0135,-0.00674422538511271));
#2838=CARTESIAN_POINT('',(-0.00349753299472861,-0.0135,-0.00676249936876626));
#2839=CARTESIAN_POINT('',(-0.00351292029601655,-0.0135,-0.00678291085921956));
#2840=CARTESIAN_POINT('',(-0.00353057002168416,-0.0135,-0.00680537402288328));
#2841=CARTESIAN_POINT('',(-0.00355057047962624,-0.0135,-0.00682980707024663));
#2842=CARTESIAN_POINT('',(-0.00357300649964361,-0.0135,-0.00685612358187541));
#2843=CARTESIAN_POINT('',(-0.00359796069927994,-0.0135,-0.00688423511685046));
#2844=CARTESIAN_POINT('',(-0.00362551302528282,-0.0135,-0.00691405053990401));
#2845=CARTESIAN_POINT('',(-0.00365574079627343,-0.0135,-0.00694547630036055));
#2846=CARTESIAN_POINT('',(-0.00368871860426657,-0.0135,-0.00697841644100804));
#2847=CARTESIAN_POINT('',(-0.00372451825894329,-0.0135,-0.00701277268658826));
#2848=CARTESIAN_POINT('',(-0.00376320872220976,-0.0135,-0.00704844451201447));
#2849=CARTESIAN_POINT('',(-0.00380485604792607,-0.0135,-0.00708532921848707));
#2850=CARTESIAN_POINT('',(-0.00384952332257446,-0.0135,-0.00712332200945948));
#2851=CARTESIAN_POINT('',(-0.00389727060824971,-0.0135,-0.00716231606854386));
#2852=CARTESIAN_POINT('',(-0.00394815488698478,-0.0135,-0.00720220263902892));
#2853=CARTESIAN_POINT('',(-0.00400223000917665,-0.0135,-0.00724287110373044));
#2854=CARTESIAN_POINT('',(-0.00405954663591058,-0.0135,-0.00728420907048739));
#2855=CARTESIAN_POINT('',(-0.00412015221458554,-0.0135,-0.00732610244238186));
#2856=CARTESIAN_POINT('',(-0.00418409083624615,-0.0135,-0.00736843555306846));
#2857=CARTESIAN_POINT('',(-0.00425140355791441,-0.0135,-0.00741109105772383));
#2858=CARTESIAN_POINT('',(-0.00432212694887924,-0.0135,-0.00745395076852245));
#2859=CARTESIAN_POINT('',(-0.00439629846245696,-0.0135,-0.00749689287123092));
#2860=CARTESIAN_POINT('',(-0.00447393565307896,-0.0135,-0.0075398030198771));
#2861=CARTESIAN_POINT('',(-0.00455511557388765,-0.0135,-0.00758253228470264));
#2862=CARTESIAN_POINT('',(-0.0046371411183521,-0.0135,-0.00762378618163246));
#2863=CARTESIAN_POINT('',(-0.00469311718879006,-0.0135,-0.00765025399327192));
#2864=CARTESIAN_POINT('',(-0.00472006437599004,-0.0135,-0.00766296237016141));
#2865=CARTESIAN_POINT('',(-0.00336137718980048,-0.0135,-0.0065211763885811));
#2866=CARTESIAN_POINT('',(-0.00281734858369185,-0.0135,-0.00680168116068151));
#2867=CARTESIAN_POINT('',(-0.00223431544064559,-0.0135,-0.006988020650713));
#2868=CARTESIAN_POINT('',(-0.00205547296878187,-0.0135,-0.00642942694760638));
#2869=CARTESIAN_POINT('',(-0.00216766377637391,-0.0135,-0.00677963361799852));
#2870=CARTESIAN_POINT('',(-0.00228844653177689,-0.0135,-0.00715666028817166));
#2871=CARTESIAN_POINT('',(-0.00229072905680377,-0.0135,-0.00716577327698911));
#2872=CARTESIAN_POINT('',(-0.00229298046346114,-0.0135,-0.00717407732908688));
#2873=CARTESIAN_POINT('',(-0.00229536189948754,-0.0135,-0.00718393308895849));
#2874=CARTESIAN_POINT('',(-0.00229834386691229,-0.0135,-0.00719725756762363));
#2875=CARTESIAN_POINT('',(-0.00230160871471405,-0.0135,-0.00721343110015573));
#2876=CARTESIAN_POINT('',(-0.00230510049777099,-0.0135,-0.00723267450955631));
#2877=CARTESIAN_POINT('',(-0.00230867986342808,-0.0135,-0.00725493845942066));
#2878=CARTESIAN_POINT('',(-0.00231223250165686,-0.0135,-0.00728025202781918));
#2879=CARTESIAN_POINT('',(-0.00231563611630474,-0.0135,-0.00730861612387835));
#2880=CARTESIAN_POINT('',(-0.00231877043034273,-0.0135,-0.00734003535679171));
#2881=CARTESIAN_POINT('',(-0.00232151435227549,-0.0135,-0.00737450860251871));
#2882=CARTESIAN_POINT('',(-0.00232374692550398,-0.0135,-0.00741203174331106));
#2883=CARTESIAN_POINT('',(-0.00232534717677499,-0.0135,-0.00745259686769028));
#2884=CARTESIAN_POINT('',(-0.00232619428325015,-0.0135,-0.00749619249786065));
#2885=CARTESIAN_POINT('',(-0.00232616764841461,-0.0135,-0.00754280352634635));
#2886=CARTESIAN_POINT('',(-0.00232514700405444,-0.0135,-0.00759241123915828));
#2887=CARTESIAN_POINT('',(-0.00232301250476764,-0.0135,-0.00764499331775742));
#2888=CARTESIAN_POINT('',(-0.00231964482440421,-0.0135,-0.00770052385025856));
#2889=CARTESIAN_POINT('',(-0.00231492525173601,-0.0135,-0.00775897334319235));
#2890=CARTESIAN_POINT('',(-0.00230873578585635,-0.0135,-0.00782030873628112));
#2891=CARTESIAN_POINT('',(-0.00230095923177525,-0.0135,-0.00788449341929875));
#2892=CARTESIAN_POINT('',(-0.00229147929335078,-0.0135,-0.007951487252065));
#2893=CARTESIAN_POINT('',(-0.00228018067452677,-0.0135,-0.0080212465841176));
#2894=CARTESIAN_POINT('',(-0.00226694914622134,-0.0135,-0.00809372428712975));
#2895=CARTESIAN_POINT('',(-0.0022516717429006,-0.0135,-0.0081688697497209));
#2896=CARTESIAN_POINT('',(-0.00223423645754561,-0.0135,-0.00824662902826939));
#2897=CARTESIAN_POINT('',(-0.00221453386035126,-0.0135,-0.00832694440975454));
#2898=CARTESIAN_POINT('',(-0.00219245133215316,-0.0135,-0.00840975624199978));
#2899=CARTESIAN_POINT('',(-0.00216789560528151,-0.0135,-0.0084949960830503));
#2900=CARTESIAN_POINT('',(-0.00214070688569475,-0.0135,-0.00858261310846357));
#2901=CARTESIAN_POINT('',(-0.00211187697724287,-0.0135,-0.00866978483745435));
#2902=CARTESIAN_POINT('',(-0.00209101148734544,-0.0135,-0.00872808146553864));
#2903=CARTESIAN_POINT('',(-0.00208094312801886,-0.0135,-0.00875612218381808));
#2904=CARTESIAN_POINT('',(-0.000561425766962836,-0.0135,-0.00672661141349716));
#2905=CARTESIAN_POINT('',(-0.000591793266755448,-0.0135,-0.00709309375175052));
#2906=CARTESIAN_POINT('',(-0.000624486411393359,-0.0135,-0.00748764253494249));
#2907=CARTESIAN_POINT('',(-0.000625865023078343,-0.0135,-0.00749693532330268));
#2908=CARTESIAN_POINT('',(-0.000626962817707552,-0.0135,-0.00750546884310001));
#2909=CARTESIAN_POINT('',(-0.000628534293721005,-0.0135,-0.00751548571403528));
#2910=CARTESIAN_POINT('',(-0.000630878372280718,-0.0135,-0.00752893707668469));
#2911=CARTESIAN_POINT('',(-0.000634051389162766,-0.0135,-0.00754512887552243));
#2912=CARTESIAN_POINT('',(-0.000638189536224302,-0.0135,-0.00756424371512866));
#2913=CARTESIAN_POINT('',(-0.000643402678306442,-0.0135,-0.00758618268665654));
#2914=CARTESIAN_POINT('',(-0.000649807551800605,-0.0135,-0.0076109289101861));
#2915=CARTESIAN_POINT('',(-0.000657517491526731,-0.0135,-0.00763843642492925));
#2916=CARTESIAN_POINT('',(-0.000666645382832131,-0.0135,-0.00766866346119927));
#2917=CARTESIAN_POINT('',(-0.000677302669519221,-0.0135,-0.00770156264080905));
#2918=CARTESIAN_POINT('',(-0.000689599525120118,-0.0135,-0.00773708387136873));
#2919=CARTESIAN_POINT('',(-0.000703644686755707,-0.0135,-0.0077751735491655));
#2920=CARTESIAN_POINT('',(-0.000719545387811173,-0.0135,-0.00781577483320033));
#2921=CARTESIAN_POINT('',(-0.00073740726355756,-0.0135,-0.00785882761569728));
#2922=CARTESIAN_POINT('',(-0.000757334265802543,-0.0135,-0.00790426858253195));
#2923=CARTESIAN_POINT('',(-0.000779428576324978,-0.0135,-0.00795203125121315));
#2924=CARTESIAN_POINT('',(-0.000803790522063391,-0.0135,-0.00800204601813981));
#2925=CARTESIAN_POINT('',(-0.000830518491229649,-0.0135,-0.00805424020607904));
#2926=CARTESIAN_POINT('',(-0.000859708850825717,-0.0135,-0.00810853811432496));
#2927=CARTESIAN_POINT('',(-0.000891455864777163,-0.0135,-0.00816486107085794));
#2928=CARTESIAN_POINT('',(-0.00092585161572728,-0.0135,-0.00822312748638027));
#2929=CARTESIAN_POINT('',(-0.000962985919033804,-0.0135,-0.00828325291123278));
#2930=CARTESIAN_POINT('',(-0.00100294627337767,-0.0135,-0.00834515009094177));
#2931=CARTESIAN_POINT('',(-0.00104581767716666,-0.0135,-0.00840872903665043));
#2932=CARTESIAN_POINT('',(-0.00109168296806281,-0.0135,-0.00847389704772031));
#2933=CARTESIAN_POINT('',(-0.00114062116020642,-0.0135,-0.00854055892729943));
#2934=CARTESIAN_POINT('',(-0.0011927134722388,-0.0135,-0.00860861646647442));
#2935=CARTESIAN_POINT('',(-0.00124801988064893,-0.0135,-0.00867797074113205));
#2936=CARTESIAN_POINT('',(-0.00130666856620909,-0.0135,-0.00874851364507782));
#2937=CARTESIAN_POINT('',(-0.00136666310500735,-0.0135,-0.00881801709298488));
#2938=CARTESIAN_POINT('',(-0.00140824945779001,-0.0135,-0.00886389127719445));
#2939=CARTESIAN_POINT('',(-0.00142828212721497,-0.0135,-0.00888594452858436));
#2940=CARTESIAN_POINT('',(-0.000609961423266578,-0.0135,-0.00731112475377252));
#2941=CARTESIAN_POINT('',(-1.46081359254194E-18,-0.0135,-0.00736208663719738));
#2942=CARTESIAN_POINT('',(0.000609961423266576,-0.0135,-0.00731112475377252));
#2943=CARTESIAN_POINT('',(0.000561425766962834,-0.0135,-0.00672661141349716));
#2944=CARTESIAN_POINT('',(0.000591793266755445,-0.0135,-0.00709309375175052));
#2945=CARTESIAN_POINT('',(0.000624486411393356,-0.0135,-0.00748764253494249));
#2946=CARTESIAN_POINT('',(0.00062586502307834,-0.0135,-0.00749693532330268));
#2947=CARTESIAN_POINT('',(0.000626962817707549,-0.0135,-0.00750546884310001));
#2948=CARTESIAN_POINT('',(0.000628534293721002,-0.0135,-0.00751548571403528));
#2949=CARTESIAN_POINT('',(0.000630878372280716,-0.0135,-0.00752893707668469));
#2950=CARTESIAN_POINT('',(0.000634051389162763,-0.0135,-0.00754512887552243));
#2951=CARTESIAN_POINT('',(0.000638189536224299,-0.0135,-0.00756424371512866));
#2952=CARTESIAN_POINT('',(0.000643402678306439,-0.0135,-0.00758618268665654));
#2953=CARTESIAN_POINT('',(0.000649807551800603,-0.0135,-0.0076109289101861));
#2954=CARTESIAN_POINT('',(0.000657517491526728,-0.0135,-0.00763843642492925));
#2955=CARTESIAN_POINT('',(0.000666645382832129,-0.0135,-0.00766866346119927));
#2956=CARTESIAN_POINT('',(0.000677302669519218,-0.0135,-0.00770156264080905));
#2957=CARTESIAN_POINT('',(0.000689599525120115,-0.0135,-0.00773708387136873));
#2958=CARTESIAN_POINT('',(0.000703644686755704,-0.0135,-0.0077751735491655));
#2959=CARTESIAN_POINT('',(0.00071954538781117,-0.0135,-0.00781577483320033));
#2960=CARTESIAN_POINT('',(0.000737407263557557,-0.0135,-0.00785882761569728));
#2961=CARTESIAN_POINT('',(0.00075733426580254,-0.0135,-0.00790426858253195));
#2962=CARTESIAN_POINT('',(0.000779428576324976,-0.0135,-0.00795203125121315));
#2963=CARTESIAN_POINT('',(0.000803790522063388,-0.0135,-0.00800204601813981));
#2964=CARTESIAN_POINT('',(0.000830518491229646,-0.0135,-0.00805424020607904));
#2965=CARTESIAN_POINT('',(0.000859708850825713,-0.0135,-0.00810853811432496));
#2966=CARTESIAN_POINT('',(0.00089145586477716,-0.0135,-0.00816486107085794));
#2967=CARTESIAN_POINT('',(0.000925851615727277,-0.0135,-0.00822312748638027));
#2968=CARTESIAN_POINT('',(0.000962985919033801,-0.0135,-0.00828325291123278));
#2969=CARTESIAN_POINT('',(0.00100294627337767,-0.0135,-0.00834515009094177));
#2970=CARTESIAN_POINT('',(0.00104581767716666,-0.0135,-0.00840872903665043));
#2971=CARTESIAN_POINT('',(0.0010916829680628,-0.0135,-0.00847389704772031));
#2972=CARTESIAN_POINT('',(0.00114062116020641,-0.0135,-0.00854055892729943));
#2973=CARTESIAN_POINT('',(0.0011927134722388,-0.0135,-0.00860861646647442));
#2974=CARTESIAN_POINT('',(0.00124801988064893,-0.0135,-0.00867797074113205));
#2975=CARTESIAN_POINT('',(0.00130666856620909,-0.0135,-0.00874851364507782));
#2976=CARTESIAN_POINT('',(0.00136666310500735,-0.0135,-0.00881801709298488));
#2977=CARTESIAN_POINT('',(0.00140824945779001,-0.0135,-0.00886389127719445));
#2978=CARTESIAN_POINT('',(0.00142828212721497,-0.0135,-0.00888594452858436));
#2979=CARTESIAN_POINT('',(0.00205547296878187,-0.0135,-0.00642942694760638));
#2980=CARTESIAN_POINT('',(0.00216766377637392,-0.0135,-0.00677963361799852));
#2981=CARTESIAN_POINT('',(0.00228844653177689,-0.0135,-0.00715666028817166));
#2982=CARTESIAN_POINT('',(0.00229072905680377,-0.0135,-0.00716577327698911));
#2983=CARTESIAN_POINT('',(0.00229298046346114,-0.0135,-0.00717407732908688));
#2984=CARTESIAN_POINT('',(0.00229536189948755,-0.0135,-0.00718393308895849));
#2985=CARTESIAN_POINT('',(0.00229834386691229,-0.0135,-0.00719725756762363));
#2986=CARTESIAN_POINT('',(0.00230160871471405,-0.0135,-0.00721343110015573));
#2987=CARTESIAN_POINT('',(0.00230510049777099,-0.0135,-0.0072326745095563));
#2988=CARTESIAN_POINT('',(0.00230867986342808,-0.0135,-0.00725493845942066));
#2989=CARTESIAN_POINT('',(0.00231223250165687,-0.0135,-0.00728025202781918));
#2990=CARTESIAN_POINT('',(0.00231563611630474,-0.0135,-0.00730861612387835));
#2991=CARTESIAN_POINT('',(0.00231877043034273,-0.0135,-0.00734003535679171));
#2992=CARTESIAN_POINT('',(0.00232151435227549,-0.0135,-0.00737450860251871));
#2993=CARTESIAN_POINT('',(0.00232374692550398,-0.0135,-0.00741203174331106));
#2994=CARTESIAN_POINT('',(0.002325347176775,-0.0135,-0.00745259686769027));
#2995=CARTESIAN_POINT('',(0.00232619428325015,-0.0135,-0.00749619249786065));
#2996=CARTESIAN_POINT('',(0.00232616764841461,-0.0135,-0.00754280352634635));
#2997=CARTESIAN_POINT('',(0.00232514700405444,-0.0135,-0.00759241123915828));
#2998=CARTESIAN_POINT('',(0.00232301250476765,-0.0135,-0.00764499331775742));
#2999=CARTESIAN_POINT('',(0.00231964482440421,-0.0135,-0.00770052385025855));
#3000=CARTESIAN_POINT('',(0.00231492525173602,-0.0135,-0.00775897334319235));
#3001=CARTESIAN_POINT('',(0.00230873578585635,-0.0135,-0.00782030873628112));
#3002=CARTESIAN_POINT('',(0.00230095923177525,-0.0135,-0.00788449341929875));
#3003=CARTESIAN_POINT('',(0.00229147929335078,-0.0135,-0.007951487252065));
#3004=CARTESIAN_POINT('',(0.00228018067452678,-0.0135,-0.0080212465841176));
#3005=CARTESIAN_POINT('',(0.00226694914622134,-0.0135,-0.00809372428712975));
#3006=CARTESIAN_POINT('',(0.00225167174290061,-0.0135,-0.0081688697497209));
#3007=CARTESIAN_POINT('',(0.00223423645754561,-0.0135,-0.00824662902826939));
#3008=CARTESIAN_POINT('',(0.00221453386035127,-0.0135,-0.00832694440975454));
#3009=CARTESIAN_POINT('',(0.00219245133215316,-0.0135,-0.00840975624199978));
#3010=CARTESIAN_POINT('',(0.00216789560528151,-0.0135,-0.0084949960830503));
#3011=CARTESIAN_POINT('',(0.00214070688569475,-0.0135,-0.00858261310846357));
#3012=CARTESIAN_POINT('',(0.00211187697724287,-0.0135,-0.00866978483745435));
#3013=CARTESIAN_POINT('',(0.00209101148734545,-0.0135,-0.00872808146553864));
#3014=CARTESIAN_POINT('',(0.00208094312801886,-0.0135,-0.00875612218381808));
#3015=CARTESIAN_POINT('',(0.0022343154406456,-0.0135,-0.006988020650713));
#3016=CARTESIAN_POINT('',(0.00281734858369186,-0.0135,-0.0068016811606815));
#3017=CARTESIAN_POINT('',(0.00336137718980049,-0.0135,-0.0065211763885811));
#3018=CARTESIAN_POINT('',(0.00309285251902469,-0.0135,-0.0059997302685673));
#3019=CARTESIAN_POINT('',(0.00326115514964061,-0.0135,-0.00632669466085347));
#3020=CARTESIAN_POINT('',(0.00344234695941238,-0.0135,-0.00667869908141693));
#3021=CARTESIAN_POINT('',(0.00344717682667734,-0.0135,-0.00668675692653136));
#3022=CARTESIAN_POINT('',(0.00345145669331237,-0.0135,-0.00669422076299565));
#3023=CARTESIAN_POINT('',(0.00345674183838809,-0.0135,-0.00670287376719785));
#3024=CARTESIAN_POINT('',(0.00346405509822067,-0.0135,-0.00671440416580506));
#3025=CARTESIAN_POINT('',(0.0034731829167297,-0.0135,-0.00672814917635441));
#3026=CARTESIAN_POINT('',(0.00348432099853199,-0.0135,-0.0067442253851127));
#3027=CARTESIAN_POINT('',(0.00349753299472861,-0.0135,-0.00676249936876626));
#3028=CARTESIAN_POINT('',(0.00351292029601655,-0.0135,-0.00678291085921956));
#3029=CARTESIAN_POINT('',(0.00353057002168416,-0.0135,-0.00680537402288328));
#3030=CARTESIAN_POINT('',(0.00355057047962625,-0.0135,-0.00682980707024663));
#3031=CARTESIAN_POINT('',(0.00357300649964362,-0.0135,-0.0068561235818754));
#3032=CARTESIAN_POINT('',(0.00359796069927994,-0.0135,-0.00688423511685045));
#3033=CARTESIAN_POINT('',(0.00362551302528282,-0.0135,-0.00691405053990401));
#3034=CARTESIAN_POINT('',(0.00365574079627343,-0.0135,-0.00694547630036055));
#3035=CARTESIAN_POINT('',(0.00368871860426657,-0.0135,-0.00697841644100804));
#3036=CARTESIAN_POINT('',(0.0037245182589433,-0.0135,-0.00701277268658825));
#3037=CARTESIAN_POINT('',(0.00376320872220976,-0.0135,-0.00704844451201447));
#3038=CARTESIAN_POINT('',(0.00380485604792607,-0.0135,-0.00708532921848706));
#3039=CARTESIAN_POINT('',(0.00384952332257447,-0.0135,-0.00712332200945948));
#3040=CARTESIAN_POINT('',(0.00389727060824971,-0.0135,-0.00716231606854386));
#3041=CARTESIAN_POINT('',(0.00394815488698479,-0.0135,-0.00720220263902892));
#3042=CARTESIAN_POINT('',(0.00400223000917665,-0.0135,-0.00724287110373044));
#3043=CARTESIAN_POINT('',(0.00405954663591059,-0.0135,-0.00728420907048738));
#3044=CARTESIAN_POINT('',(0.00412015221458554,-0.0135,-0.00732610244238186));
#3045=CARTESIAN_POINT('',(0.00418409083624615,-0.0135,-0.00736843555306846));
#3046=CARTESIAN_POINT('',(0.00425140355791441,-0.0135,-0.00741109105772383));
#3047=CARTESIAN_POINT('',(0.00432212694887925,-0.0135,-0.00745395076852245));
#3048=CARTESIAN_POINT('',(0.00439629846245696,-0.0135,-0.00749689287123092));
#3049=CARTESIAN_POINT('',(0.00447393565307897,-0.0135,-0.0075398030198771));
#3050=CARTESIAN_POINT('',(0.00455511557388765,-0.0135,-0.00758253228470264));
#3051=CARTESIAN_POINT('',(0.0046371411183521,-0.0135,-0.00762378618163246));
#3052=CARTESIAN_POINT('',(0.00469311718879006,-0.0135,-0.00765025399327192));
#3053=CARTESIAN_POINT('',(0.00472006437599005,-0.0135,-0.0076629623701614));
#3054=CARTESIAN_POINT('',(0.,0.,0.));
#3055=CARTESIAN_POINT('',(0.,0.,2.38806125833734E-19));
#3056=CARTESIAN_POINT('',(0.,0.,-0.0039));
#3057=CARTESIAN_POINT('',(0.00520578138484513,0.,-0.00520578138484513));
#3058=CARTESIAN_POINT('',(0.00473843803283938,0.,-0.00560105375014737));
#3059=CARTESIAN_POINT('',(0.00560105375014737,0.,-0.00473843803283938));
#3060=CARTESIAN_POINT('',(0.00435944457793839,0.,-0.00515342051184295));
#3061=CARTESIAN_POINT('',(0.0045971136594714,0.,-0.00543403572343804));
#3062=CARTESIAN_POINT('',(0.00485298423530357,0.,-0.00573614138781376));
#3063=CARTESIAN_POINT('',(0.00485858040329812,0.,-0.00574368720715046));
#3064=CARTESIAN_POINT('',(0.00486383825498753,0.,-0.0057504975748932));
#3065=CARTESIAN_POINT('',(0.00486981005100655,0.,-0.00575869177360339));
#3066=CARTESIAN_POINT('',(0.00487766408690694,0.,-0.00576986083719419));
#3067=CARTESIAN_POINT('',(0.0048868697559106,0.,-0.00578355382970608));
#3068=CARTESIAN_POINT('',(0.0048974598767687,0.,-0.0057999961742617));
#3069=CARTESIAN_POINT('',(0.00490928682419075,0.,-0.00581919561791889));
#3070=CARTESIAN_POINT('',(0.00492225611717689,0.,-0.00584122276986577));
#3071=CARTESIAN_POINT('',(0.00493625511672248,0.,-0.00586612527073712));
#3072=CARTESIAN_POINT('',(0.0049511744652042,0.,-0.00589395340689881));
#3073=CARTESIAN_POINT('',(0.00496690185851626,0.,-0.00592475247958185));
#3074=CARTESIAN_POINT('',(0.00498332397153843,0.,-0.00595856497256935));
#3075=CARTESIAN_POINT('',(0.00500032601196636,0.,-0.00599542987106805));
#3076=CARTESIAN_POINT('',(0.00501779196169032,0.,-0.00603538280787589));
#3077=CARTESIAN_POINT('',(0.00503560462267789,0.,-0.00607845597579342));
#3078=CARTESIAN_POINT('',(0.00505364572005421,0.,-0.00612467811000203));
#3079=CARTESIAN_POINT('',(0.00507179599017019,0.,-0.00617407445371013));
#3080=CARTESIAN_POINT('',(0.00508993527398897,0.,-0.00622666673159797));
#3081=CARTESIAN_POINT('',(0.00510794260997452,0.,-0.00628247312407313));
#3082=CARTESIAN_POINT('',(0.0051256963278838,0.,-0.00634150824441372));
#3083=CARTESIAN_POINT('',(0.00514307414353725,0.,-0.00640378311776216));
#3084=CARTESIAN_POINT('',(0.0051599532523277,0.,-0.00646930516403426));
#3085=CARTESIAN_POINT('',(0.00517621043027994,0.,-0.00653807817735187));
#3086=CARTESIAN_POINT('',(0.00519172210825333,0.,-0.00661010233039559));
#3087=CARTESIAN_POINT('',(0.00520636455156643,0.,-0.00668537409438505));
#3088=CARTESIAN_POINT('',(0.00522001363589663,0.,-0.00676388649514276));
#3089=CARTESIAN_POINT('',(0.00523254617546991,0.,-0.00684562808976356));
#3090=CARTESIAN_POINT('',(0.00524383529584563,0.,-0.00693058686431085));
#3091=CARTESIAN_POINT('',(0.00525376863733043,0.,-0.00701873527865541));
#3092=CARTESIAN_POINT('',(0.00526217911980781,0.,-0.00711008752766732));
#3093=CARTESIAN_POINT('',(0.00526890293392033,0.,-0.00720165643221666));
#3094=CARTESIAN_POINT('',(0.00527193488859889,0.,-0.00726350037101008));
#3095=CARTESIAN_POINT('',(0.00527336365580824,0.,-0.00729325961101075));
#3096=CARTESIAN_POINT('',(0.00309285251902469,0.,-0.0059997302685673));
#3097=CARTESIAN_POINT('',(0.00326115514964061,0.,-0.00632669466085347));
#3098=CARTESIAN_POINT('',(0.00344234695941238,0.,-0.00667869908141693));
#3099=CARTESIAN_POINT('',(0.00344717682667734,0.,-0.00668675692653136));
#3100=CARTESIAN_POINT('',(0.00345145669331237,0.,-0.00669422076299565));
#3101=CARTESIAN_POINT('',(0.00345674183838809,0.,-0.00670287376719785));
#3102=CARTESIAN_POINT('',(0.00346405509822067,0.,-0.00671440416580506));
#3103=CARTESIAN_POINT('',(0.0034731829167297,0.,-0.00672814917635441));
#3104=CARTESIAN_POINT('',(0.00348432099853199,0.,-0.0067442253851127));
#3105=CARTESIAN_POINT('',(0.00349753299472861,0.,-0.00676249936876626));
#3106=CARTESIAN_POINT('',(0.00351292029601655,0.,-0.00678291085921956));
#3107=CARTESIAN_POINT('',(0.00353057002168416,0.,-0.00680537402288328));
#3108=CARTESIAN_POINT('',(0.00355057047962625,0.,-0.00682980707024663));
#3109=CARTESIAN_POINT('',(0.00357300649964362,0.,-0.0068561235818754));
#3110=CARTESIAN_POINT('',(0.00359796069927994,0.,-0.00688423511685045));
#3111=CARTESIAN_POINT('',(0.00362551302528282,0.,-0.00691405053990401));
#3112=CARTESIAN_POINT('',(0.00365574079627343,0.,-0.00694547630036055));
#3113=CARTESIAN_POINT('',(0.00368871860426657,0.,-0.00697841644100804));
#3114=CARTESIAN_POINT('',(0.0037245182589433,0.,-0.00701277268658825));
#3115=CARTESIAN_POINT('',(0.00376320872220976,0.,-0.00704844451201447));
#3116=CARTESIAN_POINT('',(0.00380485604792607,0.,-0.00708532921848706));
#3117=CARTESIAN_POINT('',(0.00384952332257447,0.,-0.00712332200945948));
#3118=CARTESIAN_POINT('',(0.00389727060824971,0.,-0.00716231606854386));
#3119=CARTESIAN_POINT('',(0.00394815488698479,0.,-0.00720220263902892));
#3120=CARTESIAN_POINT('',(0.00400223000917665,0.,-0.00724287110373044));
#3121=CARTESIAN_POINT('',(0.00405954663591059,0.,-0.00728420907048738));
#3122=CARTESIAN_POINT('',(0.00412015221458554,0.,-0.00732610244238186));
#3123=CARTESIAN_POINT('',(0.00418409083624615,0.,-0.00736843555306846));
#3124=CARTESIAN_POINT('',(0.00425140355791441,0.,-0.00741109105772383));
#3125=CARTESIAN_POINT('',(0.00432212694887925,0.,-0.00745395076852245));
#3126=CARTESIAN_POINT('',(0.00439629846245696,0.,-0.00749689287123092));
#3127=CARTESIAN_POINT('',(0.00447393565307897,0.,-0.0075398030198771));
#3128=CARTESIAN_POINT('',(0.00455511557388765,0.,-0.00758253228470264));
#3129=CARTESIAN_POINT('',(0.0046371411183521,0.,-0.00762378618163246));
#3130=CARTESIAN_POINT('',(0.00469311718879006,0.,-0.00765025399327192));
#3131=CARTESIAN_POINT('',(0.00472006437599005,0.,-0.0076629623701614));
#3132=CARTESIAN_POINT('',(0.00336137718980049,0.,-0.0065211763885811));
#3133=CARTESIAN_POINT('',(0.00281734858369186,0.,-0.0068016811606815));
#3134=CARTESIAN_POINT('',(0.0022343154406456,0.,-0.006988020650713));
#3135=CARTESIAN_POINT('',(0.00205547296878187,0.,-0.00642942694760638));
#3136=CARTESIAN_POINT('',(0.00216766377637392,0.,-0.00677963361799852));
#3137=CARTESIAN_POINT('',(0.00228844653177689,0.,-0.00715666028817166));
#3138=CARTESIAN_POINT('',(0.00229072905680377,0.,-0.00716577327698911));
#3139=CARTESIAN_POINT('',(0.00229298046346114,0.,-0.00717407732908688));
#3140=CARTESIAN_POINT('',(0.00229536189948755,0.,-0.00718393308895849));
#3141=CARTESIAN_POINT('',(0.00229834386691229,0.,-0.00719725756762363));
#3142=CARTESIAN_POINT('',(0.00230160871471405,0.,-0.00721343110015573));
#3143=CARTESIAN_POINT('',(0.00230510049777099,0.,-0.0072326745095563));
#3144=CARTESIAN_POINT('',(0.00230867986342808,0.,-0.00725493845942066));
#3145=CARTESIAN_POINT('',(0.00231223250165687,0.,-0.00728025202781918));
#3146=CARTESIAN_POINT('',(0.00231563611630474,0.,-0.00730861612387835));
#3147=CARTESIAN_POINT('',(0.00231877043034273,0.,-0.00734003535679171));
#3148=CARTESIAN_POINT('',(0.00232151435227549,0.,-0.00737450860251871));
#3149=CARTESIAN_POINT('',(0.00232374692550398,0.,-0.00741203174331106));
#3150=CARTESIAN_POINT('',(0.002325347176775,0.,-0.00745259686769027));
#3151=CARTESIAN_POINT('',(0.00232619428325015,0.,-0.00749619249786065));
#3152=CARTESIAN_POINT('',(0.00232616764841461,0.,-0.00754280352634635));
#3153=CARTESIAN_POINT('',(0.00232514700405444,0.,-0.00759241123915828));
#3154=CARTESIAN_POINT('',(0.00232301250476765,0.,-0.00764499331775742));
#3155=CARTESIAN_POINT('',(0.00231964482440421,0.,-0.00770052385025855));
#3156=CARTESIAN_POINT('',(0.00231492525173602,0.,-0.00775897334319235));
#3157=CARTESIAN_POINT('',(0.00230873578585635,0.,-0.00782030873628112));
#3158=CARTESIAN_POINT('',(0.00230095923177525,0.,-0.00788449341929875));
#3159=CARTESIAN_POINT('',(0.00229147929335078,0.,-0.007951487252065));
#3160=CARTESIAN_POINT('',(0.00228018067452678,0.,-0.0080212465841176));
#3161=CARTESIAN_POINT('',(0.00226694914622134,0.,-0.00809372428712975));
#3162=CARTESIAN_POINT('',(0.00225167174290061,0.,-0.0081688697497209));
#3163=CARTESIAN_POINT('',(0.00223423645754561,0.,-0.00824662902826939));
#3164=CARTESIAN_POINT('',(0.00221453386035127,0.,-0.00832694440975454));
#3165=CARTESIAN_POINT('',(0.00219245133215316,0.,-0.00840975624199978));
#3166=CARTESIAN_POINT('',(0.00216789560528151,0.,-0.0084949960830503));
#3167=CARTESIAN_POINT('',(0.00214070688569475,0.,-0.00858261310846357));
#3168=CARTESIAN_POINT('',(0.00211187697724287,0.,-0.00866978483745435));
#3169=CARTESIAN_POINT('',(0.00209101148734545,0.,-0.00872808146553864));
#3170=CARTESIAN_POINT('',(0.00208094312801886,0.,-0.00875612218381808));
#3171=CARTESIAN_POINT('',(0.000561425766962834,0.,-0.00672661141349716));
#3172=CARTESIAN_POINT('',(0.000591793266755445,0.,-0.00709309375175052));
#3173=CARTESIAN_POINT('',(0.000624486411393356,0.,-0.00748764253494249));
#3174=CARTESIAN_POINT('',(0.00062586502307834,0.,-0.00749693532330268));
#3175=CARTESIAN_POINT('',(0.000626962817707549,0.,-0.00750546884310001));
#3176=CARTESIAN_POINT('',(0.000628534293721002,0.,-0.00751548571403528));
#3177=CARTESIAN_POINT('',(0.000630878372280716,0.,-0.00752893707668469));
#3178=CARTESIAN_POINT('',(0.000634051389162763,0.,-0.00754512887552243));
#3179=CARTESIAN_POINT('',(0.000638189536224299,0.,-0.00756424371512866));
#3180=CARTESIAN_POINT('',(0.000643402678306439,0.,-0.00758618268665654));
#3181=CARTESIAN_POINT('',(0.000649807551800603,0.,-0.0076109289101861));
#3182=CARTESIAN_POINT('',(0.000657517491526728,0.,-0.00763843642492925));
#3183=CARTESIAN_POINT('',(0.000666645382832129,0.,-0.00766866346119927));
#3184=CARTESIAN_POINT('',(0.000677302669519218,0.,-0.00770156264080905));
#3185=CARTESIAN_POINT('',(0.000689599525120115,0.,-0.00773708387136873));
#3186=CARTESIAN_POINT('',(0.000703644686755704,0.,-0.0077751735491655));
#3187=CARTESIAN_POINT('',(0.00071954538781117,0.,-0.00781577483320033));
#3188=CARTESIAN_POINT('',(0.000737407263557557,0.,-0.00785882761569728));
#3189=CARTESIAN_POINT('',(0.00075733426580254,0.,-0.00790426858253195));
#3190=CARTESIAN_POINT('',(0.000779428576324976,0.,-0.00795203125121315));
#3191=CARTESIAN_POINT('',(0.000803790522063388,0.,-0.00800204601813981));
#3192=CARTESIAN_POINT('',(0.000830518491229646,0.,-0.00805424020607904));
#3193=CARTESIAN_POINT('',(0.000859708850825713,0.,-0.00810853811432496));
#3194=CARTESIAN_POINT('',(0.00089145586477716,0.,-0.00816486107085794));
#3195=CARTESIAN_POINT('',(0.000925851615727277,0.,-0.00822312748638027));
#3196=CARTESIAN_POINT('',(0.000962985919033801,0.,-0.00828325291123278));
#3197=CARTESIAN_POINT('',(0.00100294627337767,0.,-0.00834515009094177));
#3198=CARTESIAN_POINT('',(0.00104581767716666,0.,-0.00840872903665043));
#3199=CARTESIAN_POINT('',(0.0010916829680628,0.,-0.00847389704772031));
#3200=CARTESIAN_POINT('',(0.00114062116020641,0.,-0.00854055892729943));
#3201=CARTESIAN_POINT('',(0.0011927134722388,0.,-0.00860861646647442));
#3202=CARTESIAN_POINT('',(0.00124801988064893,0.,-0.00867797074113205));
#3203=CARTESIAN_POINT('',(0.00130666856620909,0.,-0.00874851364507782));
#3204=CARTESIAN_POINT('',(0.00136666310500735,0.,-0.00881801709298488));
#3205=CARTESIAN_POINT('',(0.00140824945779001,0.,-0.00886389127719445));
#3206=CARTESIAN_POINT('',(0.00142828212721497,0.,-0.00888594452858436));
#3207=CARTESIAN_POINT('',(0.000609961423266576,0.,-0.00731112475377252));
#3208=CARTESIAN_POINT('',(-1.46081359254194E-18,0.,-0.00736208663719738));
#3209=CARTESIAN_POINT('',(-0.000609961423266579,0.,-0.00731112475377252));
#3210=CARTESIAN_POINT('',(-0.000561425766962836,0.,-0.00672661141349716));
#3211=CARTESIAN_POINT('',(-0.000591793266755448,0.,-0.00709309375175052));
#3212=CARTESIAN_POINT('',(-0.000624486411393359,0.,-0.00748764253494249));
#3213=CARTESIAN_POINT('',(-0.000625865023078343,0.,-0.00749693532330268));
#3214=CARTESIAN_POINT('',(-0.000626962817707552,0.,-0.00750546884310001));
#3215=CARTESIAN_POINT('',(-0.000628534293721005,0.,-0.00751548571403528));
#3216=CARTESIAN_POINT('',(-0.000630878372280718,0.,-0.00752893707668469));
#3217=CARTESIAN_POINT('',(-0.000634051389162766,0.,-0.00754512887552243));
#3218=CARTESIAN_POINT('',(-0.000638189536224302,0.,-0.00756424371512866));
#3219=CARTESIAN_POINT('',(-0.000643402678306442,0.,-0.00758618268665654));
#3220=CARTESIAN_POINT('',(-0.000649807551800605,0.,-0.0076109289101861));
#3221=CARTESIAN_POINT('',(-0.000657517491526731,0.,-0.00763843642492925));
#3222=CARTESIAN_POINT('',(-0.000666645382832131,0.,-0.00766866346119927));
#3223=CARTESIAN_POINT('',(-0.000677302669519221,0.,-0.00770156264080905));
#3224=CARTESIAN_POINT('',(-0.000689599525120118,0.,-0.00773708387136873));
#3225=CARTESIAN_POINT('',(-0.000703644686755707,0.,-0.0077751735491655));
#3226=CARTESIAN_POINT('',(-0.000719545387811173,0.,-0.00781577483320033));
#3227=CARTESIAN_POINT('',(-0.00073740726355756,0.,-0.00785882761569728));
#3228=CARTESIAN_POINT('',(-0.000757334265802543,0.,-0.00790426858253195));
#3229=CARTESIAN_POINT('',(-0.000779428576324978,0.,-0.00795203125121315));
#3230=CARTESIAN_POINT('',(-0.000803790522063391,0.,-0.00800204601813981));
#3231=CARTESIAN_POINT('',(-0.000830518491229649,0.,-0.00805424020607904));
#3232=CARTESIAN_POINT('',(-0.000859708850825717,0.,-0.00810853811432496));
#3233=CARTESIAN_POINT('',(-0.000891455864777163,0.,-0.00816486107085794));
#3234=CARTESIAN_POINT('',(-0.00092585161572728,0.,-0.00822312748638027));
#3235=CARTESIAN_POINT('',(-0.000962985919033804,0.,-0.00828325291123278));
#3236=CARTESIAN_POINT('',(-0.00100294627337767,0.,-0.00834515009094177));
#3237=CARTESIAN_POINT('',(-0.00104581767716666,0.,-0.00840872903665043));
#3238=CARTESIAN_POINT('',(-0.00109168296806281,0.,-0.00847389704772031));
#3239=CARTESIAN_POINT('',(-0.00114062116020642,0.,-0.00854055892729943));
#3240=CARTESIAN_POINT('',(-0.0011927134722388,0.,-0.00860861646647442));
#3241=CARTESIAN_POINT('',(-0.00124801988064893,0.,-0.00867797074113205));
#3242=CARTESIAN_POINT('',(-0.00130666856620909,0.,-0.00874851364507782));
#3243=CARTESIAN_POINT('',(-0.00136666310500735,0.,-0.00881801709298488));
#3244=CARTESIAN_POINT('',(-0.00140824945779001,0.,-0.00886389127719445));
#3245=CARTESIAN_POINT('',(-0.00142828212721497,0.,-0.00888594452858436));
#3246=CARTESIAN_POINT('',(-0.00205547296878187,0.,-0.00642942694760638));
#3247=CARTESIAN_POINT('',(-0.00216766377637391,0.,-0.00677963361799852));
#3248=CARTESIAN_POINT('',(-0.00228844653177689,0.,-0.00715666028817166));
#3249=CARTESIAN_POINT('',(-0.00229072905680377,0.,-0.00716577327698911));
#3250=CARTESIAN_POINT('',(-0.00229298046346114,0.,-0.00717407732908688));
#3251=CARTESIAN_POINT('',(-0.00229536189948754,0.,-0.00718393308895849));
#3252=CARTESIAN_POINT('',(-0.00229834386691229,0.,-0.00719725756762363));
#3253=CARTESIAN_POINT('',(-0.00230160871471405,0.,-0.00721343110015573));
#3254=CARTESIAN_POINT('',(-0.00230510049777099,0.,-0.00723267450955631));
#3255=CARTESIAN_POINT('',(-0.00230867986342808,0.,-0.00725493845942066));
#3256=CARTESIAN_POINT('',(-0.00231223250165686,0.,-0.00728025202781918));
#3257=CARTESIAN_POINT('',(-0.00231563611630474,0.,-0.00730861612387835));
#3258=CARTESIAN_POINT('',(-0.00231877043034273,0.,-0.00734003535679171));
#3259=CARTESIAN_POINT('',(-0.00232151435227549,0.,-0.00737450860251871));
#3260=CARTESIAN_POINT('',(-0.00232374692550398,0.,-0.00741203174331106));
#3261=CARTESIAN_POINT('',(-0.00232534717677499,0.,-0.00745259686769028));
#3262=CARTESIAN_POINT('',(-0.00232619428325015,0.,-0.00749619249786065));
#3263=CARTESIAN_POINT('',(-0.00232616764841461,0.,-0.00754280352634635));
#3264=CARTESIAN_POINT('',(-0.00232514700405444,0.,-0.00759241123915828));
#3265=CARTESIAN_POINT('',(-0.00232301250476764,0.,-0.00764499331775742));
#3266=CARTESIAN_POINT('',(-0.00231964482440421,0.,-0.00770052385025856));
#3267=CARTESIAN_POINT('',(-0.00231492525173601,0.,-0.00775897334319235));
#3268=CARTESIAN_POINT('',(-0.00230873578585635,0.,-0.00782030873628112));
#3269=CARTESIAN_POINT('',(-0.00230095923177525,0.,-0.00788449341929875));
#3270=CARTESIAN_POINT('',(-0.00229147929335078,0.,-0.007951487252065));
#3271=CARTESIAN_POINT('',(-0.00228018067452677,0.,-0.0080212465841176));
#3272=CARTESIAN_POINT('',(-0.00226694914622134,0.,-0.00809372428712975));
#3273=CARTESIAN_POINT('',(-0.0022516717429006,0.,-0.0081688697497209));
#3274=CARTESIAN_POINT('',(-0.00223423645754561,0.,-0.00824662902826939));
#3275=CARTESIAN_POINT('',(-0.00221453386035126,0.,-0.00832694440975454));
#3276=CARTESIAN_POINT('',(-0.00219245133215316,0.,-0.00840975624199978));
#3277=CARTESIAN_POINT('',(-0.00216789560528151,0.,-0.0084949960830503));
#3278=CARTESIAN_POINT('',(-0.00214070688569475,0.,-0.00858261310846357));
#3279=CARTESIAN_POINT('',(-0.00211187697724287,0.,-0.00866978483745435));
#3280=CARTESIAN_POINT('',(-0.00209101148734544,0.,-0.00872808146553864));
#3281=CARTESIAN_POINT('',(-0.00208094312801886,0.,-0.00875612218381808));
#3282=CARTESIAN_POINT('',(-0.00223431544064559,0.,-0.006988020650713));
#3283=CARTESIAN_POINT('',(-0.00281734858369185,0.,-0.00680168116068151));
#3284=CARTESIAN_POINT('',(-0.00336137718980048,0.,-0.0065211763885811));
#3285=CARTESIAN_POINT('',(-0.00309285251902469,0.,-0.0059997302685673));
#3286=CARTESIAN_POINT('',(-0.00326115514964061,0.,-0.00632669466085348));
#3287=CARTESIAN_POINT('',(-0.00344234695941238,0.,-0.00667869908141693));
#3288=CARTESIAN_POINT('',(-0.00344717682667733,0.,-0.00668675692653136));
#3289=CARTESIAN_POINT('',(-0.00345145669331236,0.,-0.00669422076299565));
#3290=CARTESIAN_POINT('',(-0.00345674183838809,0.,-0.00670287376719785));
#3291=CARTESIAN_POINT('',(-0.00346405509822067,0.,-0.00671440416580506));
#3292=CARTESIAN_POINT('',(-0.0034731829167297,0.,-0.00672814917635441));
#3293=CARTESIAN_POINT('',(-0.00348432099853199,0.,-0.00674422538511271));
#3294=CARTESIAN_POINT('',(-0.00349753299472861,0.,-0.00676249936876626));
#3295=CARTESIAN_POINT('',(-0.00351292029601655,0.,-0.00678291085921956));
#3296=CARTESIAN_POINT('',(-0.00353057002168416,0.,-0.00680537402288328));
#3297=CARTESIAN_POINT('',(-0.00355057047962624,0.,-0.00682980707024663));
#3298=CARTESIAN_POINT('',(-0.00357300649964361,0.,-0.00685612358187541));
#3299=CARTESIAN_POINT('',(-0.00359796069927994,0.,-0.00688423511685046));
#3300=CARTESIAN_POINT('',(-0.00362551302528282,0.,-0.00691405053990401));
#3301=CARTESIAN_POINT('',(-0.00365574079627343,0.,-0.00694547630036055));
#3302=CARTESIAN_POINT('',(-0.00368871860426657,0.,-0.00697841644100804));
#3303=CARTESIAN_POINT('',(-0.00372451825894329,0.,-0.00701277268658826));
#3304=CARTESIAN_POINT('',(-0.00376320872220976,0.,-0.00704844451201447));
#3305=CARTESIAN_POINT('',(-0.00380485604792607,0.,-0.00708532921848707));
#3306=CARTESIAN_POINT('',(-0.00384952332257446,0.,-0.00712332200945948));
#3307=CARTESIAN_POINT('',(-0.00389727060824971,0.,-0.00716231606854386));
#3308=CARTESIAN_POINT('',(-0.00394815488698478,0.,-0.00720220263902892));
#3309=CARTESIAN_POINT('',(-0.00400223000917665,0.,-0.00724287110373044));
#3310=CARTESIAN_POINT('',(-0.00405954663591058,0.,-0.00728420907048739));
#3311=CARTESIAN_POINT('',(-0.00412015221458554,0.,-0.00732610244238186));
#3312=CARTESIAN_POINT('',(-0.00418409083624615,0.,-0.00736843555306846));
#3313=CARTESIAN_POINT('',(-0.00425140355791441,0.,-0.00741109105772383));
#3314=CARTESIAN_POINT('',(-0.00432212694887924,0.,-0.00745395076852245));
#3315=CARTESIAN_POINT('',(-0.00439629846245696,0.,-0.00749689287123092));
#3316=CARTESIAN_POINT('',(-0.00447393565307896,0.,-0.0075398030198771));
#3317=CARTESIAN_POINT('',(-0.00455511557388765,0.,-0.00758253228470264));
#3318=CARTESIAN_POINT('',(-0.0046371411183521,0.,-0.00762378618163246));
#3319=CARTESIAN_POINT('',(-0.00469311718879006,0.,-0.00765025399327192));
#3320=CARTESIAN_POINT('',(-0.00472006437599004,0.,-0.00766296237016141));
#3321=CARTESIAN_POINT('',(-0.00435944457793839,0.,-0.00515342051184295));
#3322=CARTESIAN_POINT('',(-0.00459711365947141,0.,-0.00543403572343804));
#3323=CARTESIAN_POINT('',(-0.00485298423530357,0.,-0.00573614138781376));
#3324=CARTESIAN_POINT('',(-0.00485858040329812,0.,-0.00574368720715046));
#3325=CARTESIAN_POINT('',(-0.00486383825498754,0.,-0.0057504975748932));
#3326=CARTESIAN_POINT('',(-0.00486981005100655,0.,-0.00575869177360339));
#3327=CARTESIAN_POINT('',(-0.00487766408690694,0.,-0.00576986083719419));
#3328=CARTESIAN_POINT('',(-0.0048868697559106,0.,-0.00578355382970608));
#3329=CARTESIAN_POINT('',(-0.0048974598767687,0.,-0.0057999961742617));
#3330=CARTESIAN_POINT('',(-0.00490928682419075,0.,-0.00581919561791889));
#3331=CARTESIAN_POINT('',(-0.00492225611717689,0.,-0.00584122276986576));
#3332=CARTESIAN_POINT('',(-0.00493625511672248,0.,-0.00586612527073712));
#3333=CARTESIAN_POINT('',(-0.0049511744652042,0.,-0.0058939534068988));
#3334=CARTESIAN_POINT('',(-0.00496690185851627,0.,-0.00592475247958185));
#3335=CARTESIAN_POINT('',(-0.00498332397153844,0.,-0.00595856497256935));
#3336=CARTESIAN_POINT('',(-0.00500032601196636,0.,-0.00599542987106804));
#3337=CARTESIAN_POINT('',(-0.00501779196169033,0.,-0.00603538280787589));
#3338=CARTESIAN_POINT('',(-0.00503560462267789,0.,-0.00607845597579342));
#3339=CARTESIAN_POINT('',(-0.00505364572005421,0.,-0.00612467811000203));
#3340=CARTESIAN_POINT('',(-0.0050717959901702,0.,-0.00617407445371013));
#3341=CARTESIAN_POINT('',(-0.00508993527398897,0.,-0.00622666673159797));
#3342=CARTESIAN_POINT('',(-0.00510794260997453,0.,-0.00628247312407313));
#3343=CARTESIAN_POINT('',(-0.0051256963278838,0.,-0.00634150824441372));
#3344=CARTESIAN_POINT('',(-0.00514307414353726,0.,-0.00640378311776215));
#3345=CARTESIAN_POINT('',(-0.0051599532523277,0.,-0.00646930516403426));
#3346=CARTESIAN_POINT('',(-0.00517621043027995,0.,-0.00653807817735187));
#3347=CARTESIAN_POINT('',(-0.00519172210825333,0.,-0.00661010233039559));
#3348=CARTESIAN_POINT('',(-0.00520636455156644,0.,-0.00668537409438505));
#3349=CARTESIAN_POINT('',(-0.00522001363589663,0.,-0.00676388649514276));
#3350=CARTESIAN_POINT('',(-0.00523254617546991,0.,-0.00684562808976356));
#3351=CARTESIAN_POINT('',(-0.00524383529584563,0.,-0.00693058686431085));
#3352=CARTESIAN_POINT('',(-0.00525376863733044,0.,-0.00701873527865541));
#3353=CARTESIAN_POINT('',(-0.00526217911980782,0.,-0.00711008752766731));
#3354=CARTESIAN_POINT('',(-0.00526890293392034,0.,-0.00720165643221666));
#3355=CARTESIAN_POINT('',(-0.00527193488859889,0.,-0.00726350037101008));
#3356=CARTESIAN_POINT('',(-0.00527336365580825,0.,-0.00729325961101075));
#3357=CARTESIAN_POINT('',(-0.00473843803283938,0.,-0.00560105375014737));
#3358=CARTESIAN_POINT('',(-0.00520578138484513,0.,-0.00520578138484513));
#3359=CARTESIAN_POINT('',(-0.00560105375014737,0.,-0.00473843803283938));
#3360=CARTESIAN_POINT('',(-0.00515342051184295,0.,-0.00435944457793839));
#3361=CARTESIAN_POINT('',(-0.00543403572343804,0.,-0.00459711365947141));
#3362=CARTESIAN_POINT('',(-0.00573614138781376,0.,-0.00485298423530357));
#3363=CARTESIAN_POINT('',(-0.00574368720715046,0.,-0.00485858040329812));
#3364=CARTESIAN_POINT('',(-0.0057504975748932,0.,-0.00486383825498753));
#3365=CARTESIAN_POINT('',(-0.00575869177360339,0.,-0.00486981005100655));
#3366=CARTESIAN_POINT('',(-0.00576986083719419,0.,-0.00487766408690694));
#3367=CARTESIAN_POINT('',(-0.00578355382970608,0.,-0.0048868697559106));
#3368=CARTESIAN_POINT('',(-0.0057999961742617,0.,-0.0048974598767687));
#3369=CARTESIAN_POINT('',(-0.00581919561791889,0.,-0.00490928682419075));
#3370=CARTESIAN_POINT('',(-0.00584122276986577,0.,-0.00492225611717689));
#3371=CARTESIAN_POINT('',(-0.00586612527073712,0.,-0.00493625511672248));
#3372=CARTESIAN_POINT('',(-0.00589395340689881,0.,-0.0049511744652042));
#3373=CARTESIAN_POINT('',(-0.00592475247958185,0.,-0.00496690185851626));
#3374=CARTESIAN_POINT('',(-0.00595856497256935,0.,-0.00498332397153844));
#3375=CARTESIAN_POINT('',(-0.00599542987106805,0.,-0.00500032601196636));
#3376=CARTESIAN_POINT('',(-0.0060353828078759,0.,-0.00501779196169033));
#3377=CARTESIAN_POINT('',(-0.00607845597579342,0.,-0.00503560462267789));
#3378=CARTESIAN_POINT('',(-0.00612467811000203,0.,-0.00505364572005421));
#3379=CARTESIAN_POINT('',(-0.00617407445371013,0.,-0.00507179599017019));
#3380=CARTESIAN_POINT('',(-0.00622666673159797,0.,-0.00508993527398897));
#3381=CARTESIAN_POINT('',(-0.00628247312407313,0.,-0.00510794260997452));
#3382=CARTESIAN_POINT('',(-0.00634150824441372,0.,-0.0051256963278838));
#3383=CARTESIAN_POINT('',(-0.00640378311776216,0.,-0.00514307414353726));
#3384=CARTESIAN_POINT('',(-0.00646930516403426,0.,-0.0051599532523277));
#3385=CARTESIAN_POINT('',(-0.00653807817735187,0.,-0.00517621043027994));
#3386=CARTESIAN_POINT('',(-0.00661010233039559,0.,-0.00519172210825333));
#3387=CARTESIAN_POINT('',(-0.00668537409438505,0.,-0.00520636455156643));
#3388=CARTESIAN_POINT('',(-0.00676388649514276,0.,-0.00522001363589663));
#3389=CARTESIAN_POINT('',(-0.00684562808976356,0.,-0.00523254617546991));
#3390=CARTESIAN_POINT('',(-0.00693058686431085,0.,-0.00524383529584563));
#3391=CARTESIAN_POINT('',(-0.00701873527865541,0.,-0.00525376863733043));
#3392=CARTESIAN_POINT('',(-0.00711008752766732,0.,-0.00526217911980781));
#3393=CARTESIAN_POINT('',(-0.00720165643221666,0.,-0.00526890293392033));
#3394=CARTESIAN_POINT('',(-0.00726350037101008,0.,-0.00527193488859889));
#3395=CARTESIAN_POINT('',(-0.00729325961101075,0.,-0.00527336365580825));
#3396=CARTESIAN_POINT('',(-0.0059997302685673,0.,-0.00309285251902469));
#3397=CARTESIAN_POINT('',(-0.00632669466085348,0.,-0.00326115514964061));
#3398=CARTESIAN_POINT('',(-0.00667869908141693,0.,-0.00344234695941238));
#3399=CARTESIAN_POINT('',(-0.00668675692653136,0.,-0.00344717682667734));
#3400=CARTESIAN_POINT('',(-0.00669422076299565,0.,-0.00345145669331236));
#3401=CARTESIAN_POINT('',(-0.00670287376719785,0.,-0.00345674183838809));
#3402=CARTESIAN_POINT('',(-0.00671440416580506,0.,-0.00346405509822067));
#3403=CARTESIAN_POINT('',(-0.00672814917635441,0.,-0.0034731829167297));
#3404=CARTESIAN_POINT('',(-0.00674422538511271,0.,-0.00348432099853199));
#3405=CARTESIAN_POINT('',(-0.00676249936876626,0.,-0.00349753299472861));
#3406=CARTESIAN_POINT('',(-0.00678291085921956,0.,-0.00351292029601655));
#3407=CARTESIAN_POINT('',(-0.00680537402288328,0.,-0.00353057002168416));
#3408=CARTESIAN_POINT('',(-0.00682980707024663,0.,-0.00355057047962624));
#3409=CARTESIAN_POINT('',(-0.00685612358187541,0.,-0.00357300649964361));
#3410=CARTESIAN_POINT('',(-0.00688423511685046,0.,-0.00359796069927994));
#3411=CARTESIAN_POINT('',(-0.00691405053990401,0.,-0.00362551302528282));
#3412=CARTESIAN_POINT('',(-0.00694547630036055,0.,-0.00365574079627343));
#3413=CARTESIAN_POINT('',(-0.00697841644100804,0.,-0.00368871860426657));
#3414=CARTESIAN_POINT('',(-0.00701277268658826,0.,-0.0037245182589433));
#3415=CARTESIAN_POINT('',(-0.00704844451201447,0.,-0.00376320872220976));
#3416=CARTESIAN_POINT('',(-0.00708532921848707,0.,-0.00380485604792607));
#3417=CARTESIAN_POINT('',(-0.00712332200945948,0.,-0.00384952332257446));
#3418=CARTESIAN_POINT('',(-0.00716231606854386,0.,-0.00389727060824971));
#3419=CARTESIAN_POINT('',(-0.00720220263902892,0.,-0.00394815488698478));
#3420=CARTESIAN_POINT('',(-0.00724287110373044,0.,-0.00400223000917665));
#3421=CARTESIAN_POINT('',(-0.00728420907048739,0.,-0.00405954663591058));
#3422=CARTESIAN_POINT('',(-0.00732610244238186,0.,-0.00412015221458554));
#3423=CARTESIAN_POINT('',(-0.00736843555306846,0.,-0.00418409083624615));
#3424=CARTESIAN_POINT('',(-0.00741109105772383,0.,-0.00425140355791441));
#3425=CARTESIAN_POINT('',(-0.00745395076852245,0.,-0.00432212694887924));
#3426=CARTESIAN_POINT('',(-0.00749689287123092,0.,-0.00439629846245696));
#3427=CARTESIAN_POINT('',(-0.0075398030198771,0.,-0.00447393565307896));
#3428=CARTESIAN_POINT('',(-0.00758253228470264,0.,-0.00455511557388765));
#3429=CARTESIAN_POINT('',(-0.00762378618163246,0.,-0.0046371411183521));
#3430=CARTESIAN_POINT('',(-0.00765025399327192,0.,-0.00469311718879006));
#3431=CARTESIAN_POINT('',(-0.00766296237016141,0.,-0.00472006437599004));
#3432=CARTESIAN_POINT('',(-0.0065211763885811,0.,-0.00336137718980048));
#3433=CARTESIAN_POINT('',(-0.00680168116068151,0.,-0.00281734858369186));
#3434=CARTESIAN_POINT('',(-0.006988020650713,0.,-0.0022343154406456));
#3435=CARTESIAN_POINT('',(-0.00642942694760638,0.,-0.00205547296878187));
#3436=CARTESIAN_POINT('',(-0.00677963361799852,0.,-0.00216766377637391));
#3437=CARTESIAN_POINT('',(-0.00715666028817167,0.,-0.00228844653177689));
#3438=CARTESIAN_POINT('',(-0.00716577327698911,0.,-0.00229072905680377));
#3439=CARTESIAN_POINT('',(-0.00717407732908688,0.,-0.00229298046346114));
#3440=CARTESIAN_POINT('',(-0.00718393308895849,0.,-0.00229536189948754));
#3441=CARTESIAN_POINT('',(-0.00719725756762363,0.,-0.00229834386691229));
#3442=CARTESIAN_POINT('',(-0.00721343110015573,0.,-0.00230160871471405));
#3443=CARTESIAN_POINT('',(-0.00723267450955631,0.,-0.00230510049777099));
#3444=CARTESIAN_POINT('',(-0.00725493845942066,0.,-0.00230867986342808));
#3445=CARTESIAN_POINT('',(-0.00728025202781918,0.,-0.00231223250165686));
#3446=CARTESIAN_POINT('',(-0.00730861612387835,0.,-0.00231563611630474));
#3447=CARTESIAN_POINT('',(-0.00734003535679171,0.,-0.00231877043034273));
#3448=CARTESIAN_POINT('',(-0.00737450860251871,0.,-0.00232151435227549));
#3449=CARTESIAN_POINT('',(-0.00741203174331106,0.,-0.00232374692550398));
#3450=CARTESIAN_POINT('',(-0.00745259686769028,0.,-0.002325347176775));
#3451=CARTESIAN_POINT('',(-0.00749619249786065,0.,-0.00232619428325015));
#3452=CARTESIAN_POINT('',(-0.00754280352634635,0.,-0.00232616764841461));
#3453=CARTESIAN_POINT('',(-0.00759241123915828,0.,-0.00232514700405444));
#3454=CARTESIAN_POINT('',(-0.00764499331775742,0.,-0.00232301250476765));
#3455=CARTESIAN_POINT('',(-0.00770052385025856,0.,-0.00231964482440421));
#3456=CARTESIAN_POINT('',(-0.00775897334319235,0.,-0.00231492525173601));
#3457=CARTESIAN_POINT('',(-0.00782030873628112,0.,-0.00230873578585635));
#3458=CARTESIAN_POINT('',(-0.00788449341929875,0.,-0.00230095923177525));
#3459=CARTESIAN_POINT('',(-0.007951487252065,0.,-0.00229147929335078));
#3460=CARTESIAN_POINT('',(-0.0080212465841176,0.,-0.00228018067452678));
#3461=CARTESIAN_POINT('',(-0.00809372428712975,0.,-0.00226694914622134));
#3462=CARTESIAN_POINT('',(-0.0081688697497209,0.,-0.0022516717429006));
#3463=CARTESIAN_POINT('',(-0.00824662902826939,0.,-0.00223423645754561));
#3464=CARTESIAN_POINT('',(-0.00832694440975454,0.,-0.00221453386035127));
#3465=CARTESIAN_POINT('',(-0.00840975624199978,0.,-0.00219245133215316));
#3466=CARTESIAN_POINT('',(-0.0084949960830503,0.,-0.00216789560528151));
#3467=CARTESIAN_POINT('',(-0.00858261310846357,0.,-0.00214070688569475));
#3468=CARTESIAN_POINT('',(-0.00866978483745435,0.,-0.00211187697724287));
#3469=CARTESIAN_POINT('',(-0.00872808146553864,0.,-0.00209101148734545));
#3470=CARTESIAN_POINT('',(-0.00875612218381808,0.,-0.00208094312801886));
#3471=CARTESIAN_POINT('',(-0.00672661141349716,0.,-0.000561425766962834));
#3472=CARTESIAN_POINT('',(-0.00709309375175052,0.,-0.000591793266755446));
#3473=CARTESIAN_POINT('',(-0.00748764253494249,0.,-0.000624486411393357));
#3474=CARTESIAN_POINT('',(-0.00749693532330268,0.,-0.000625865023078341));
#3475=CARTESIAN_POINT('',(-0.00750546884310001,0.,-0.00062696281770755));
#3476=CARTESIAN_POINT('',(-0.00751548571403528,0.,-0.000628534293721002));
#3477=CARTESIAN_POINT('',(-0.00752893707668469,0.,-0.000630878372280716));
#3478=CARTESIAN_POINT('',(-0.00754512887552243,0.,-0.000634051389162763));
#3479=CARTESIAN_POINT('',(-0.00756424371512866,0.,-0.0006381895362243));
#3480=CARTESIAN_POINT('',(-0.00758618268665654,0.,-0.000643402678306439));
#3481=CARTESIAN_POINT('',(-0.0076109289101861,0.,-0.000649807551800603));
#3482=CARTESIAN_POINT('',(-0.00763843642492925,0.,-0.000657517491526729));
#3483=CARTESIAN_POINT('',(-0.00766866346119927,0.,-0.000666645382832129));
#3484=CARTESIAN_POINT('',(-0.00770156264080905,0.,-0.000677302669519219));
#3485=CARTESIAN_POINT('',(-0.00773708387136873,0.,-0.000689599525120116));
#3486=CARTESIAN_POINT('',(-0.0077751735491655,0.,-0.000703644686755704));
#3487=CARTESIAN_POINT('',(-0.00781577483320033,0.,-0.000719545387811171));
#3488=CARTESIAN_POINT('',(-0.00785882761569728,0.,-0.000737407263557558));
#3489=CARTESIAN_POINT('',(-0.00790426858253195,0.,-0.00075733426580254));
#3490=CARTESIAN_POINT('',(-0.00795203125121315,0.,-0.000779428576324976));
#3491=CARTESIAN_POINT('',(-0.00800204601813981,0.,-0.000803790522063388));
#3492=CARTESIAN_POINT('',(-0.00805424020607904,0.,-0.000830518491229646));
#3493=CARTESIAN_POINT('',(-0.00810853811432496,0.,-0.000859708850825714));
#3494=CARTESIAN_POINT('',(-0.00816486107085794,0.,-0.000891455864777161));
#3495=CARTESIAN_POINT('',(-0.00822312748638027,0.,-0.000925851615727278));
#3496=CARTESIAN_POINT('',(-0.00828325291123278,0.,-0.000962985919033802));
#3497=CARTESIAN_POINT('',(-0.00834515009094177,0.,-0.00100294627337767));
#3498=CARTESIAN_POINT('',(-0.00840872903665043,0.,-0.00104581767716666));
#3499=CARTESIAN_POINT('',(-0.00847389704772031,0.,-0.0010916829680628));
#3500=CARTESIAN_POINT('',(-0.00854055892729943,0.,-0.00114062116020642));
#3501=CARTESIAN_POINT('',(-0.00860861646647442,0.,-0.0011927134722388));
#3502=CARTESIAN_POINT('',(-0.00867797074113205,0.,-0.00124801988064893));
#3503=CARTESIAN_POINT('',(-0.00874851364507782,0.,-0.00130666856620909));
#3504=CARTESIAN_POINT('',(-0.00881801709298488,0.,-0.00136666310500735));
#3505=CARTESIAN_POINT('',(-0.00886389127719445,0.,-0.00140824945779001));
#3506=CARTESIAN_POINT('',(-0.00888594452858436,0.,-0.00142828212721497));
#3507=CARTESIAN_POINT('',(-0.00731112475377252,0.,-0.000609961423266576));
#3508=CARTESIAN_POINT('',(-0.00736208663719738,0.,1.01001580077748E-18));
#3509=CARTESIAN_POINT('',(-0.00731112475377252,0.,0.000609961423266578));
#3510=CARTESIAN_POINT('',(-0.00672661141349716,0.,0.000561425766962836));
#3511=CARTESIAN_POINT('',(-0.00709309375175052,0.,0.000591793266755447));
#3512=CARTESIAN_POINT('',(-0.00748764253494249,0.,0.000624486411393358));
#3513=CARTESIAN_POINT('',(-0.00749693532330268,0.,0.000625865023078342));
#3514=CARTESIAN_POINT('',(-0.00750546884310001,0.,0.000626962817707551));
#3515=CARTESIAN_POINT('',(-0.00751548571403528,0.,0.000628534293721004));
#3516=CARTESIAN_POINT('',(-0.00752893707668469,0.,0.000630878372280718));
#3517=CARTESIAN_POINT('',(-0.00754512887552243,0.,0.000634051389162765));
#3518=CARTESIAN_POINT('',(-0.00756424371512866,0.,0.000638189536224302));
#3519=CARTESIAN_POINT('',(-0.00758618268665654,0.,0.000643402678306441));
#3520=CARTESIAN_POINT('',(-0.0076109289101861,0.,0.000649807551800605));
#3521=CARTESIAN_POINT('',(-0.00763843642492925,0.,0.000657517491526731));
#3522=CARTESIAN_POINT('',(-0.00766866346119927,0.,0.000666645382832131));
#3523=CARTESIAN_POINT('',(-0.00770156264080905,0.,0.00067730266951922));
#3524=CARTESIAN_POINT('',(-0.00773708387136873,0.,0.000689599525120118));
#3525=CARTESIAN_POINT('',(-0.0077751735491655,0.,0.000703644686755706));
#3526=CARTESIAN_POINT('',(-0.00781577483320033,0.,0.000719545387811173));
#3527=CARTESIAN_POINT('',(-0.00785882761569728,0.,0.00073740726355756));
#3528=CARTESIAN_POINT('',(-0.00790426858253195,0.,0.000757334265802542));
#3529=CARTESIAN_POINT('',(-0.00795203125121315,0.,0.000779428576324978));
#3530=CARTESIAN_POINT('',(-0.00800204601813981,0.,0.00080379052206339));
#3531=CARTESIAN_POINT('',(-0.00805424020607904,0.,0.000830518491229648));
#3532=CARTESIAN_POINT('',(-0.00810853811432496,0.,0.000859708850825716));
#3533=CARTESIAN_POINT('',(-0.00816486107085794,0.,0.000891455864777162));
#3534=CARTESIAN_POINT('',(-0.00822312748638027,0.,0.00092585161572728));
#3535=CARTESIAN_POINT('',(-0.00828325291123278,0.,0.000962985919033803));
#3536=CARTESIAN_POINT('',(-0.00834515009094177,0.,0.00100294627337767));
#3537=CARTESIAN_POINT('',(-0.00840872903665043,0.,0.00104581767716666));
#3538=CARTESIAN_POINT('',(-0.00847389704772031,0.,0.0010916829680628));
#3539=CARTESIAN_POINT('',(-0.00854055892729943,0.,0.00114062116020642));
#3540=CARTESIAN_POINT('',(-0.00860861646647442,0.,0.0011927134722388));
#3541=CARTESIAN_POINT('',(-0.00867797074113205,0.,0.00124801988064893));
#3542=CARTESIAN_POINT('',(-0.00874851364507782,0.,0.00130666856620909));
#3543=CARTESIAN_POINT('',(-0.00881801709298488,0.,0.00136666310500735));
#3544=CARTESIAN_POINT('',(-0.00886389127719445,0.,0.00140824945779001));
#3545=CARTESIAN_POINT('',(-0.00888594452858436,0.,0.00142828212721497));
#3546=CARTESIAN_POINT('',(-0.00642942694760638,0.,0.00205547296878187));
#3547=CARTESIAN_POINT('',(-0.00677963361799852,0.,0.00216766377637391));
#3548=CARTESIAN_POINT('',(-0.00715666028817166,0.,0.00228844653177689));
#3549=CARTESIAN_POINT('',(-0.00716577327698911,0.,0.00229072905680377));
#3550=CARTESIAN_POINT('',(-0.00717407732908688,0.,0.00229298046346114));
#3551=CARTESIAN_POINT('',(-0.00718393308895849,0.,0.00229536189948754));
#3552=CARTESIAN_POINT('',(-0.00719725756762363,0.,0.00229834386691229));
#3553=CARTESIAN_POINT('',(-0.00721343110015573,0.,0.00230160871471405));
#3554=CARTESIAN_POINT('',(-0.0072326745095563,0.,0.00230510049777099));
#3555=CARTESIAN_POINT('',(-0.00725493845942066,0.,0.00230867986342808));
#3556=CARTESIAN_POINT('',(-0.00728025202781918,0.,0.00231223250165687));
#3557=CARTESIAN_POINT('',(-0.00730861612387835,0.,0.00231563611630474));
#3558=CARTESIAN_POINT('',(-0.00734003535679171,0.,0.00231877043034273));
#3559=CARTESIAN_POINT('',(-0.00737450860251871,0.,0.00232151435227549));
#3560=CARTESIAN_POINT('',(-0.00741203174331106,0.,0.00232374692550398));
#3561=CARTESIAN_POINT('',(-0.00745259686769028,0.,0.002325347176775));
#3562=CARTESIAN_POINT('',(-0.00749619249786065,0.,0.00232619428325015));
#3563=CARTESIAN_POINT('',(-0.00754280352634635,0.,0.00232616764841461));
#3564=CARTESIAN_POINT('',(-0.00759241123915828,0.,0.00232514700405444));
#3565=CARTESIAN_POINT('',(-0.00764499331775742,0.,0.00232301250476765));
#3566=CARTESIAN_POINT('',(-0.00770052385025855,0.,0.00231964482440421));
#3567=CARTESIAN_POINT('',(-0.00775897334319235,0.,0.00231492525173601));
#3568=CARTESIAN_POINT('',(-0.00782030873628112,0.,0.00230873578585635));
#3569=CARTESIAN_POINT('',(-0.00788449341929875,0.,0.00230095923177525));
#3570=CARTESIAN_POINT('',(-0.007951487252065,0.,0.00229147929335078));
#3571=CARTESIAN_POINT('',(-0.0080212465841176,0.,0.00228018067452678));
#3572=CARTESIAN_POINT('',(-0.00809372428712975,0.,0.00226694914622134));
#3573=CARTESIAN_POINT('',(-0.0081688697497209,0.,0.00225167174290061));
#3574=CARTESIAN_POINT('',(-0.00824662902826939,0.,0.00223423645754561));
#3575=CARTESIAN_POINT('',(-0.00832694440975454,0.,0.00221453386035127));
#3576=CARTESIAN_POINT('',(-0.00840975624199978,0.,0.00219245133215316));
#3577=CARTESIAN_POINT('',(-0.0084949960830503,0.,0.00216789560528151));
#3578=CARTESIAN_POINT('',(-0.00858261310846357,0.,0.00214070688569475));
#3579=CARTESIAN_POINT('',(-0.00866978483745435,0.,0.00211187697724287));
#3580=CARTESIAN_POINT('',(-0.00872808146553864,0.,0.00209101148734545));
#3581=CARTESIAN_POINT('',(-0.00875612218381808,0.,0.00208094312801886));
#3582=CARTESIAN_POINT('',(-0.006988020650713,0.,0.0022343154406456));
#3583=CARTESIAN_POINT('',(-0.0068016811606815,0.,0.00281734858369186));
#3584=CARTESIAN_POINT('',(-0.0065211763885811,0.,0.00336137718980049));
#3585=CARTESIAN_POINT('',(-0.0059997302685673,0.,0.00309285251902469));
#3586=CARTESIAN_POINT('',(-0.00632669466085347,0.,0.00326115514964061));
#3587=CARTESIAN_POINT('',(-0.00667869908141693,0.,0.00344234695941238));
#3588=CARTESIAN_POINT('',(-0.00668675692653136,0.,0.00344717682667734));
#3589=CARTESIAN_POINT('',(-0.00669422076299565,0.,0.00345145669331237));
#3590=CARTESIAN_POINT('',(-0.00670287376719785,0.,0.00345674183838809));
#3591=CARTESIAN_POINT('',(-0.00671440416580506,0.,0.00346405509822067));
#3592=CARTESIAN_POINT('',(-0.00672814917635441,0.,0.0034731829167297));
#3593=CARTESIAN_POINT('',(-0.0067442253851127,0.,0.00348432099853199));
#3594=CARTESIAN_POINT('',(-0.00676249936876626,0.,0.00349753299472861));
#3595=CARTESIAN_POINT('',(-0.00678291085921956,0.,0.00351292029601655));
#3596=CARTESIAN_POINT('',(-0.00680537402288328,0.,0.00353057002168416));
#3597=CARTESIAN_POINT('',(-0.00682980707024663,0.,0.00355057047962625));
#3598=CARTESIAN_POINT('',(-0.0068561235818754,0.,0.00357300649964361));
#3599=CARTESIAN_POINT('',(-0.00688423511685045,0.,0.00359796069927994));
#3600=CARTESIAN_POINT('',(-0.00691405053990401,0.,0.00362551302528282));
#3601=CARTESIAN_POINT('',(-0.00694547630036055,0.,0.00365574079627343));
#3602=CARTESIAN_POINT('',(-0.00697841644100804,0.,0.00368871860426657));
#3603=CARTESIAN_POINT('',(-0.00701277268658826,0.,0.0037245182589433));
#3604=CARTESIAN_POINT('',(-0.00704844451201447,0.,0.00376320872220976));
#3605=CARTESIAN_POINT('',(-0.00708532921848706,0.,0.00380485604792607));
#3606=CARTESIAN_POINT('',(-0.00712332200945948,0.,0.00384952332257447));
#3607=CARTESIAN_POINT('',(-0.00716231606854386,0.,0.00389727060824971));
#3608=CARTESIAN_POINT('',(-0.00720220263902892,0.,0.00394815488698479));
#3609=CARTESIAN_POINT('',(-0.00724287110373044,0.,0.00400223000917665));
#3610=CARTESIAN_POINT('',(-0.00728420907048739,0.,0.00405954663591059));
#3611=CARTESIAN_POINT('',(-0.00732610244238186,0.,0.00412015221458554));
#3612=CARTESIAN_POINT('',(-0.00736843555306846,0.,0.00418409083624615));
#3613=CARTESIAN_POINT('',(-0.00741109105772383,0.,0.00425140355791441));
#3614=CARTESIAN_POINT('',(-0.00745395076852245,0.,0.00432212694887924));
#3615=CARTESIAN_POINT('',(-0.00749689287123092,0.,0.00439629846245696));
#3616=CARTESIAN_POINT('',(-0.0075398030198771,0.,0.00447393565307897));
#3617=CARTESIAN_POINT('',(-0.00758253228470264,0.,0.00455511557388765));
#3618=CARTESIAN_POINT('',(-0.00762378618163246,0.,0.0046371411183521));
#3619=CARTESIAN_POINT('',(-0.00765025399327192,0.,0.00469311718879006));
#3620=CARTESIAN_POINT('',(-0.00766296237016141,0.,0.00472006437599004));
#3621=CARTESIAN_POINT('',(-0.00515342051184295,0.,0.00435944457793839));
#3622=CARTESIAN_POINT('',(-0.00543403572343804,0.,0.00459711365947141));
#3623=CARTESIAN_POINT('',(-0.00573614138781376,0.,0.00485298423530357));
#3624=CARTESIAN_POINT('',(-0.00574368720715046,0.,0.00485858040329812));
#3625=CARTESIAN_POINT('',(-0.0057504975748932,0.,0.00486383825498753));
#3626=CARTESIAN_POINT('',(-0.00575869177360339,0.,0.00486981005100655));
#3627=CARTESIAN_POINT('',(-0.00576986083719419,0.,0.00487766408690694));
#3628=CARTESIAN_POINT('',(-0.00578355382970608,0.,0.0048868697559106));
#3629=CARTESIAN_POINT('',(-0.0057999961742617,0.,0.0048974598767687));
#3630=CARTESIAN_POINT('',(-0.00581919561791889,0.,0.00490928682419075));
#3631=CARTESIAN_POINT('',(-0.00584122276986576,0.,0.00492225611717689));
#3632=CARTESIAN_POINT('',(-0.00586612527073712,0.,0.00493625511672248));
#3633=CARTESIAN_POINT('',(-0.0058939534068988,0.,0.0049511744652042));
#3634=CARTESIAN_POINT('',(-0.00592475247958185,0.,0.00496690185851626));
#3635=CARTESIAN_POINT('',(-0.00595856497256935,0.,0.00498332397153844));
#3636=CARTESIAN_POINT('',(-0.00599542987106804,0.,0.00500032601196636));
#3637=CARTESIAN_POINT('',(-0.00603538280787589,0.,0.00501779196169033));
#3638=CARTESIAN_POINT('',(-0.00607845597579342,0.,0.00503560462267789));
#3639=CARTESIAN_POINT('',(-0.00612467811000203,0.,0.00505364572005421));
#3640=CARTESIAN_POINT('',(-0.00617407445371013,0.,0.0050717959901702));
#3641=CARTESIAN_POINT('',(-0.00622666673159797,0.,0.00508993527398897));
#3642=CARTESIAN_POINT('',(-0.00628247312407313,0.,0.00510794260997452));
#3643=CARTESIAN_POINT('',(-0.00634150824441372,0.,0.0051256963278838));
#3644=CARTESIAN_POINT('',(-0.00640378311776215,0.,0.00514307414353726));
#3645=CARTESIAN_POINT('',(-0.00646930516403426,0.,0.0051599532523277));
#3646=CARTESIAN_POINT('',(-0.00653807817735187,0.,0.00517621043027995));
#3647=CARTESIAN_POINT('',(-0.00661010233039559,0.,0.00519172210825333));
#3648=CARTESIAN_POINT('',(-0.00668537409438505,0.,0.00520636455156643));
#3649=CARTESIAN_POINT('',(-0.00676388649514276,0.,0.00522001363589663));
#3650=CARTESIAN_POINT('',(-0.00684562808976356,0.,0.00523254617546991));
#3651=CARTESIAN_POINT('',(-0.00693058686431085,0.,0.00524383529584563));
#3652=CARTESIAN_POINT('',(-0.00701873527865541,0.,0.00525376863733043));
#3653=CARTESIAN_POINT('',(-0.00711008752766731,0.,0.00526217911980782));
#3654=CARTESIAN_POINT('',(-0.00720165643221666,0.,0.00526890293392033));
#3655=CARTESIAN_POINT('',(-0.00726350037101008,0.,0.00527193488859889));
#3656=CARTESIAN_POINT('',(-0.00729325961101075,0.,0.00527336365580825));
#3657=CARTESIAN_POINT('',(-0.00560105375014737,0.,0.00473843803283938));
#3658=CARTESIAN_POINT('',(-0.00520578138484513,0.,0.00520578138484513));
#3659=CARTESIAN_POINT('',(-0.00473843803283938,0.,0.00560105375014737));
#3660=CARTESIAN_POINT('',(-0.00435944457793839,0.,0.00515342051184295));
#3661=CARTESIAN_POINT('',(-0.00459711365947141,0.,0.00543403572343804));
#3662=CARTESIAN_POINT('',(-0.00485298423530357,0.,0.00573614138781376));
#3663=CARTESIAN_POINT('',(-0.00485858040329812,0.,0.00574368720715046));
#3664=CARTESIAN_POINT('',(-0.00486383825498753,0.,0.0057504975748932));
#3665=CARTESIAN_POINT('',(-0.00486981005100655,0.,0.00575869177360339));
#3666=CARTESIAN_POINT('',(-0.00487766408690694,0.,0.00576986083719419));
#3667=CARTESIAN_POINT('',(-0.0048868697559106,0.,0.00578355382970608));
#3668=CARTESIAN_POINT('',(-0.0048974598767687,0.,0.0057999961742617));
#3669=CARTESIAN_POINT('',(-0.00490928682419075,0.,0.00581919561791889));
#3670=CARTESIAN_POINT('',(-0.00492225611717689,0.,0.00584122276986576));
#3671=CARTESIAN_POINT('',(-0.00493625511672248,0.,0.00586612527073712));
#3672=CARTESIAN_POINT('',(-0.0049511744652042,0.,0.00589395340689881));
#3673=CARTESIAN_POINT('',(-0.00496690185851626,0.,0.00592475247958185));
#3674=CARTESIAN_POINT('',(-0.00498332397153844,0.,0.00595856497256935));
#3675=CARTESIAN_POINT('',(-0.00500032601196636,0.,0.00599542987106804));
#3676=CARTESIAN_POINT('',(-0.00501779196169033,0.,0.00603538280787589));
#3677=CARTESIAN_POINT('',(-0.00503560462267789,0.,0.00607845597579342));
#3678=CARTESIAN_POINT('',(-0.00505364572005421,0.,0.00612467811000203));
#3679=CARTESIAN_POINT('',(-0.00507179599017019,0.,0.00617407445371013));
#3680=CARTESIAN_POINT('',(-0.00508993527398897,0.,0.00622666673159797));
#3681=CARTESIAN_POINT('',(-0.00510794260997452,0.,0.00628247312407313));
#3682=CARTESIAN_POINT('',(-0.0051256963278838,0.,0.00634150824441372));
#3683=CARTESIAN_POINT('',(-0.00514307414353726,0.,0.00640378311776215));
#3684=CARTESIAN_POINT('',(-0.0051599532523277,0.,0.00646930516403426));
#3685=CARTESIAN_POINT('',(-0.00517621043027994,0.,0.00653807817735187));
#3686=CARTESIAN_POINT('',(-0.00519172210825333,0.,0.00661010233039559));
#3687=CARTESIAN_POINT('',(-0.00520636455156643,0.,0.00668537409438505));
#3688=CARTESIAN_POINT('',(-0.00522001363589663,0.,0.00676388649514276));
#3689=CARTESIAN_POINT('',(-0.00523254617546991,0.,0.00684562808976356));
#3690=CARTESIAN_POINT('',(-0.00524383529584563,0.,0.00693058686431085));
#3691=CARTESIAN_POINT('',(-0.00525376863733043,0.,0.00701873527865541));
#3692=CARTESIAN_POINT('',(-0.00526217911980781,0.,0.00711008752766731));
#3693=CARTESIAN_POINT('',(-0.00526890293392033,0.,0.00720165643221666));
#3694=CARTESIAN_POINT('',(-0.00527193488859889,0.,0.00726350037101008));
#3695=CARTESIAN_POINT('',(-0.00527336365580825,0.,0.00729325961101075));
#3696=CARTESIAN_POINT('',(-0.00309285251902469,0.,0.0059997302685673));
#3697=CARTESIAN_POINT('',(-0.00326115514964061,0.,0.00632669466085348));
#3698=CARTESIAN_POINT('',(-0.00344234695941238,0.,0.00667869908141693));
#3699=CARTESIAN_POINT('',(-0.00344717682667734,0.,0.00668675692653136));
#3700=CARTESIAN_POINT('',(-0.00345145669331236,0.,0.00669422076299565));
#3701=CARTESIAN_POINT('',(-0.00345674183838809,0.,0.00670287376719785));
#3702=CARTESIAN_POINT('',(-0.00346405509822067,0.,0.00671440416580506));
#3703=CARTESIAN_POINT('',(-0.0034731829167297,0.,0.00672814917635441));
#3704=CARTESIAN_POINT('',(-0.00348432099853199,0.,0.00674422538511271));
#3705=CARTESIAN_POINT('',(-0.00349753299472861,0.,0.00676249936876626));
#3706=CARTESIAN_POINT('',(-0.00351292029601655,0.,0.00678291085921956));
#3707=CARTESIAN_POINT('',(-0.00353057002168416,0.,0.00680537402288328));
#3708=CARTESIAN_POINT('',(-0.00355057047962624,0.,0.00682980707024663));
#3709=CARTESIAN_POINT('',(-0.00357300649964361,0.,0.00685612358187541));
#3710=CARTESIAN_POINT('',(-0.00359796069927994,0.,0.00688423511685046));
#3711=CARTESIAN_POINT('',(-0.00362551302528282,0.,0.00691405053990401));
#3712=CARTESIAN_POINT('',(-0.00365574079627343,0.,0.00694547630036055));
#3713=CARTESIAN_POINT('',(-0.00368871860426657,0.,0.00697841644100804));
#3714=CARTESIAN_POINT('',(-0.0037245182589433,0.,0.00701277268658826));
#3715=CARTESIAN_POINT('',(-0.00376320872220976,0.,0.00704844451201447));
#3716=CARTESIAN_POINT('',(-0.00380485604792607,0.,0.00708532921848707));
#3717=CARTESIAN_POINT('',(-0.00384952332257446,0.,0.00712332200945948));
#3718=CARTESIAN_POINT('',(-0.00389727060824971,0.,0.00716231606854386));
#3719=CARTESIAN_POINT('',(-0.00394815488698479,0.,0.00720220263902892));
#3720=CARTESIAN_POINT('',(-0.00400223000917665,0.,0.00724287110373044));
#3721=CARTESIAN_POINT('',(-0.00405954663591058,0.,0.00728420907048739));
#3722=CARTESIAN_POINT('',(-0.00412015221458554,0.,0.00732610244238186));
#3723=CARTESIAN_POINT('',(-0.00418409083624615,0.,0.00736843555306846));
#3724=CARTESIAN_POINT('',(-0.00425140355791441,0.,0.00741109105772383));
#3725=CARTESIAN_POINT('',(-0.00432212694887924,0.,0.00745395076852245));
#3726=CARTESIAN_POINT('',(-0.00439629846245696,0.,0.00749689287123092));
#3727=CARTESIAN_POINT('',(-0.00447393565307897,0.,0.0075398030198771));
#3728=CARTESIAN_POINT('',(-0.00455511557388765,0.,0.00758253228470264));
#3729=CARTESIAN_POINT('',(-0.0046371411183521,0.,0.00762378618163246));
#3730=CARTESIAN_POINT('',(-0.00469311718879006,0.,0.00765025399327192));
#3731=CARTESIAN_POINT('',(-0.00472006437599004,0.,0.00766296237016141));
#3732=CARTESIAN_POINT('',(-0.00336137718980048,0.,0.0065211763885811));
#3733=CARTESIAN_POINT('',(-0.00281734858369186,0.,0.00680168116068151));
#3734=CARTESIAN_POINT('',(-0.0022343154406456,0.,0.006988020650713));
#3735=CARTESIAN_POINT('',(-0.00205547296878187,0.,0.00642942694760638));
#3736=CARTESIAN_POINT('',(-0.00216766377637391,0.,0.00677963361799852));
#3737=CARTESIAN_POINT('',(-0.00228844653177689,0.,0.00715666028817167));
#3738=CARTESIAN_POINT('',(-0.00229072905680377,0.,0.00716577327698911));
#3739=CARTESIAN_POINT('',(-0.00229298046346114,0.,0.00717407732908688));
#3740=CARTESIAN_POINT('',(-0.00229536189948754,0.,0.00718393308895849));
#3741=CARTESIAN_POINT('',(-0.00229834386691229,0.,0.00719725756762363));
#3742=CARTESIAN_POINT('',(-0.00230160871471405,0.,0.00721343110015573));
#3743=CARTESIAN_POINT('',(-0.00230510049777099,0.,0.00723267450955631));
#3744=CARTESIAN_POINT('',(-0.00230867986342808,0.,0.00725493845942066));
#3745=CARTESIAN_POINT('',(-0.00231223250165686,0.,0.00728025202781918));
#3746=CARTESIAN_POINT('',(-0.00231563611630474,0.,0.00730861612387835));
#3747=CARTESIAN_POINT('',(-0.00231877043034273,0.,0.00734003535679171));
#3748=CARTESIAN_POINT('',(-0.00232151435227549,0.,0.00737450860251871));
#3749=CARTESIAN_POINT('',(-0.00232374692550398,0.,0.00741203174331106));
#3750=CARTESIAN_POINT('',(-0.002325347176775,0.,0.00745259686769028));
#3751=CARTESIAN_POINT('',(-0.00232619428325015,0.,0.00749619249786065));
#3752=CARTESIAN_POINT('',(-0.00232616764841461,0.,0.00754280352634635));
#3753=CARTESIAN_POINT('',(-0.00232514700405444,0.,0.00759241123915828));
#3754=CARTESIAN_POINT('',(-0.00232301250476765,0.,0.00764499331775742));
#3755=CARTESIAN_POINT('',(-0.00231964482440421,0.,0.00770052385025856));
#3756=CARTESIAN_POINT('',(-0.00231492525173601,0.,0.00775897334319235));
#3757=CARTESIAN_POINT('',(-0.00230873578585635,0.,0.00782030873628112));
#3758=CARTESIAN_POINT('',(-0.00230095923177525,0.,0.00788449341929875));
#3759=CARTESIAN_POINT('',(-0.00229147929335078,0.,0.007951487252065));
#3760=CARTESIAN_POINT('',(-0.00228018067452678,0.,0.0080212465841176));
#3761=CARTESIAN_POINT('',(-0.00226694914622134,0.,0.00809372428712975));
#3762=CARTESIAN_POINT('',(-0.0022516717429006,0.,0.0081688697497209));
#3763=CARTESIAN_POINT('',(-0.00223423645754561,0.,0.00824662902826939));
#3764=CARTESIAN_POINT('',(-0.00221453386035127,0.,0.00832694440975454));
#3765=CARTESIAN_POINT('',(-0.00219245133215316,0.,0.00840975624199978));
#3766=CARTESIAN_POINT('',(-0.00216789560528151,0.,0.0084949960830503));
#3767=CARTESIAN_POINT('',(-0.00214070688569475,0.,0.00858261310846357));
#3768=CARTESIAN_POINT('',(-0.00211187697724287,0.,0.00866978483745435));
#3769=CARTESIAN_POINT('',(-0.00209101148734545,0.,0.00872808146553864));
#3770=CARTESIAN_POINT('',(-0.00208094312801886,0.,0.00875612218381808));
#3771=CARTESIAN_POINT('',(-0.000561425766962835,0.,0.00672661141349716));
#3772=CARTESIAN_POINT('',(-0.000591793266755446,0.,0.00709309375175052));
#3773=CARTESIAN_POINT('',(-0.000624486411393357,0.,0.00748764253494249));
#3774=CARTESIAN_POINT('',(-0.000625865023078341,0.,0.00749693532330268));
#3775=CARTESIAN_POINT('',(-0.00062696281770755,0.,0.00750546884310001));
#3776=CARTESIAN_POINT('',(-0.000628534293721003,0.,0.00751548571403528));
#3777=CARTESIAN_POINT('',(-0.000630878372280717,0.,0.00752893707668469));
#3778=CARTESIAN_POINT('',(-0.000634051389162764,0.,0.00754512887552243));
#3779=CARTESIAN_POINT('',(-0.0006381895362243,0.,0.00756424371512866));
#3780=CARTESIAN_POINT('',(-0.00064340267830644,0.,0.00758618268665654));
#3781=CARTESIAN_POINT('',(-0.000649807551800604,0.,0.0076109289101861));
#3782=CARTESIAN_POINT('',(-0.000657517491526729,0.,0.00763843642492925));
#3783=CARTESIAN_POINT('',(-0.00066664538283213,0.,0.00766866346119927));
#3784=CARTESIAN_POINT('',(-0.000677302669519219,0.,0.00770156264080905));
#3785=CARTESIAN_POINT('',(-0.000689599525120116,0.,0.00773708387136873));
#3786=CARTESIAN_POINT('',(-0.000703644686755705,0.,0.0077751735491655));
#3787=CARTESIAN_POINT('',(-0.000719545387811171,0.,0.00781577483320033));
#3788=CARTESIAN_POINT('',(-0.000737407263557558,0.,0.00785882761569728));
#3789=CARTESIAN_POINT('',(-0.000757334265802541,0.,0.00790426858253195));
#3790=CARTESIAN_POINT('',(-0.000779428576324976,0.,0.00795203125121315));
#3791=CARTESIAN_POINT('',(-0.000803790522063389,0.,0.00800204601813981));
#3792=CARTESIAN_POINT('',(-0.000830518491229647,0.,0.00805424020607904));
#3793=CARTESIAN_POINT('',(-0.000859708850825714,0.,0.00810853811432496));
#3794=CARTESIAN_POINT('',(-0.000891455864777161,0.,0.00816486107085794));
#3795=CARTESIAN_POINT('',(-0.000925851615727278,0.,0.00822312748638027));
#3796=CARTESIAN_POINT('',(-0.000962985919033802,0.,0.00828325291123278));
#3797=CARTESIAN_POINT('',(-0.00100294627337767,0.,0.00834515009094177));
#3798=CARTESIAN_POINT('',(-0.00104581767716666,0.,0.00840872903665043));
#3799=CARTESIAN_POINT('',(-0.0010916829680628,0.,0.00847389704772031));
#3800=CARTESIAN_POINT('',(-0.00114062116020642,0.,0.00854055892729943));
#3801=CARTESIAN_POINT('',(-0.0011927134722388,0.,0.00860861646647442));
#3802=CARTESIAN_POINT('',(-0.00124801988064893,0.,0.00867797074113205));
#3803=CARTESIAN_POINT('',(-0.00130666856620909,0.,0.00874851364507782));
#3804=CARTESIAN_POINT('',(-0.00136666310500735,0.,0.00881801709298488));
#3805=CARTESIAN_POINT('',(-0.00140824945779001,0.,0.00886389127719445));
#3806=CARTESIAN_POINT('',(-0.00142828212721497,0.,0.00888594452858436));
#3807=CARTESIAN_POINT('',(-0.000609961423266576,0.,0.00731112475377252));
#3808=CARTESIAN_POINT('',(5.59218009013014E-19,0.,0.00736208663719738));
#3809=CARTESIAN_POINT('',(0.000609961423266578,0.,0.00731112475377252));
#3810=CARTESIAN_POINT('',(0.000561425766962835,0.,0.00672661141349716));
#3811=CARTESIAN_POINT('',(0.000591793266755447,0.,0.00709309375175052));
#3812=CARTESIAN_POINT('',(0.000624486411393358,0.,0.00748764253494249));
#3813=CARTESIAN_POINT('',(0.000625865023078342,0.,0.00749693532330268));
#3814=CARTESIAN_POINT('',(0.000626962817707551,0.,0.00750546884310001));
#3815=CARTESIAN_POINT('',(0.000628534293721004,0.,0.00751548571403528));
#3816=CARTESIAN_POINT('',(0.000630878372280717,0.,0.00752893707668469));
#3817=CARTESIAN_POINT('',(0.000634051389162765,0.,0.00754512887552243));
#3818=CARTESIAN_POINT('',(0.000638189536224301,0.,0.00756424371512866));
#3819=CARTESIAN_POINT('',(0.000643402678306441,0.,0.00758618268665654));
#3820=CARTESIAN_POINT('',(0.000649807551800604,0.,0.0076109289101861));
#3821=CARTESIAN_POINT('',(0.00065751749152673,0.,0.00763843642492925));
#3822=CARTESIAN_POINT('',(0.000666645382832131,0.,0.00766866346119927));
#3823=CARTESIAN_POINT('',(0.00067730266951922,0.,0.00770156264080905));
#3824=CARTESIAN_POINT('',(0.000689599525120117,0.,0.00773708387136873));
#3825=CARTESIAN_POINT('',(0.000703644686755706,0.,0.0077751735491655));
#3826=CARTESIAN_POINT('',(0.000719545387811172,0.,0.00781577483320033));
#3827=CARTESIAN_POINT('',(0.000737407263557559,0.,0.00785882761569728));
#3828=CARTESIAN_POINT('',(0.000757334265802542,0.,0.00790426858253195));
#3829=CARTESIAN_POINT('',(0.000779428576324977,0.,0.00795203125121315));
#3830=CARTESIAN_POINT('',(0.00080379052206339,0.,0.00800204601813981));
#3831=CARTESIAN_POINT('',(0.000830518491229648,0.,0.00805424020607904));
#3832=CARTESIAN_POINT('',(0.000859708850825716,0.,0.00810853811432496));
#3833=CARTESIAN_POINT('',(0.000891455864777162,0.,0.00816486107085794));
#3834=CARTESIAN_POINT('',(0.000925851615727279,0.,0.00822312748638027));
#3835=CARTESIAN_POINT('',(0.000962985919033803,0.,0.00828325291123278));
#3836=CARTESIAN_POINT('',(0.00100294627337767,0.,0.00834515009094177));
#3837=CARTESIAN_POINT('',(0.00104581767716666,0.,0.00840872903665043));
#3838=CARTESIAN_POINT('',(0.0010916829680628,0.,0.00847389704772031));
#3839=CARTESIAN_POINT('',(0.00114062116020642,0.,0.00854055892729943));
#3840=CARTESIAN_POINT('',(0.0011927134722388,0.,0.00860861646647442));
#3841=CARTESIAN_POINT('',(0.00124801988064893,0.,0.00867797074113205));
#3842=CARTESIAN_POINT('',(0.00130666856620909,0.,0.00874851364507782));
#3843=CARTESIAN_POINT('',(0.00136666310500735,0.,0.00881801709298488));
#3844=CARTESIAN_POINT('',(0.00140824945779001,0.,0.00886389127719445));
#3845=CARTESIAN_POINT('',(0.00142828212721497,0.,0.00888594452858436));
#3846=CARTESIAN_POINT('',(0.00205547296878187,0.,0.00642942694760638));
#3847=CARTESIAN_POINT('',(0.00216766377637391,0.,0.00677963361799852));
#3848=CARTESIAN_POINT('',(0.00228844653177689,0.,0.00715666028817166));
#3849=CARTESIAN_POINT('',(0.00229072905680377,0.,0.00716577327698911));
#3850=CARTESIAN_POINT('',(0.00229298046346114,0.,0.00717407732908688));
#3851=CARTESIAN_POINT('',(0.00229536189948754,0.,0.00718393308895849));
#3852=CARTESIAN_POINT('',(0.00229834386691229,0.,0.00719725756762363));
#3853=CARTESIAN_POINT('',(0.00230160871471405,0.,0.00721343110015573));
#3854=CARTESIAN_POINT('',(0.00230510049777099,0.,0.0072326745095563));
#3855=CARTESIAN_POINT('',(0.00230867986342808,0.,0.00725493845942066));
#3856=CARTESIAN_POINT('',(0.00231223250165686,0.,0.00728025202781918));
#3857=CARTESIAN_POINT('',(0.00231563611630474,0.,0.00730861612387835));
#3858=CARTESIAN_POINT('',(0.00231877043034273,0.,0.00734003535679171));
#3859=CARTESIAN_POINT('',(0.00232151435227549,0.,0.00737450860251871));
#3860=CARTESIAN_POINT('',(0.00232374692550398,0.,0.00741203174331106));
#3861=CARTESIAN_POINT('',(0.002325347176775,0.,0.00745259686769027));
#3862=CARTESIAN_POINT('',(0.00232619428325015,0.,0.00749619249786065));
#3863=CARTESIAN_POINT('',(0.00232616764841461,0.,0.00754280352634635));
#3864=CARTESIAN_POINT('',(0.00232514700405444,0.,0.00759241123915828));
#3865=CARTESIAN_POINT('',(0.00232301250476765,0.,0.00764499331775742));
#3866=CARTESIAN_POINT('',(0.00231964482440421,0.,0.00770052385025855));
#3867=CARTESIAN_POINT('',(0.00231492525173601,0.,0.00775897334319235));
#3868=CARTESIAN_POINT('',(0.00230873578585635,0.,0.00782030873628112));
#3869=CARTESIAN_POINT('',(0.00230095923177525,0.,0.00788449341929875));
#3870=CARTESIAN_POINT('',(0.00229147929335078,0.,0.007951487252065));
#3871=CARTESIAN_POINT('',(0.00228018067452678,0.,0.0080212465841176));
#3872=CARTESIAN_POINT('',(0.00226694914622134,0.,0.00809372428712975));
#3873=CARTESIAN_POINT('',(0.0022516717429006,0.,0.0081688697497209));
#3874=CARTESIAN_POINT('',(0.00223423645754561,0.,0.00824662902826939));
#3875=CARTESIAN_POINT('',(0.00221453386035127,0.,0.00832694440975454));
#3876=CARTESIAN_POINT('',(0.00219245133215316,0.,0.00840975624199978));
#3877=CARTESIAN_POINT('',(0.00216789560528151,0.,0.0084949960830503));
#3878=CARTESIAN_POINT('',(0.00214070688569475,0.,0.00858261310846357));
#3879=CARTESIAN_POINT('',(0.00211187697724287,0.,0.00866978483745435));
#3880=CARTESIAN_POINT('',(0.00209101148734545,0.,0.00872808146553864));
#3881=CARTESIAN_POINT('',(0.00208094312801886,0.,0.00875612218381808));
#3882=CARTESIAN_POINT('',(0.0022343154406456,0.,0.006988020650713));
#3883=CARTESIAN_POINT('',(0.00281734858369186,0.,0.0068016811606815));
#3884=CARTESIAN_POINT('',(0.00336137718980049,0.,0.0065211763885811));
#3885=CARTESIAN_POINT('',(0.00309285251902469,0.,0.0059997302685673));
#3886=CARTESIAN_POINT('',(0.00326115514964061,0.,0.00632669466085347));
#3887=CARTESIAN_POINT('',(0.00344234695941238,0.,0.00667869908141693));
#3888=CARTESIAN_POINT('',(0.00344717682667734,0.,0.00668675692653136));
#3889=CARTESIAN_POINT('',(0.00345145669331237,0.,0.00669422076299565));
#3890=CARTESIAN_POINT('',(0.00345674183838809,0.,0.00670287376719785));
#3891=CARTESIAN_POINT('',(0.00346405509822067,0.,0.00671440416580506));
#3892=CARTESIAN_POINT('',(0.0034731829167297,0.,0.00672814917635441));
#3893=CARTESIAN_POINT('',(0.00348432099853199,0.,0.0067442253851127));
#3894=CARTESIAN_POINT('',(0.00349753299472861,0.,0.00676249936876626));
#3895=CARTESIAN_POINT('',(0.00351292029601655,0.,0.00678291085921956));
#3896=CARTESIAN_POINT('',(0.00353057002168416,0.,0.00680537402288328));
#3897=CARTESIAN_POINT('',(0.00355057047962624,0.,0.00682980707024663));
#3898=CARTESIAN_POINT('',(0.00357300649964361,0.,0.0068561235818754));
#3899=CARTESIAN_POINT('',(0.00359796069927994,0.,0.00688423511685045));
#3900=CARTESIAN_POINT('',(0.00362551302528282,0.,0.00691405053990401));
#3901=CARTESIAN_POINT('',(0.00365574079627343,0.,0.00694547630036055));
#3902=CARTESIAN_POINT('',(0.00368871860426657,0.,0.00697841644100804));
#3903=CARTESIAN_POINT('',(0.0037245182589433,0.,0.00701277268658826));
#3904=CARTESIAN_POINT('',(0.00376320872220976,0.,0.00704844451201447));
#3905=CARTESIAN_POINT('',(0.00380485604792607,0.,0.00708532921848706));
#3906=CARTESIAN_POINT('',(0.00384952332257447,0.,0.00712332200945948));
#3907=CARTESIAN_POINT('',(0.00389727060824971,0.,0.00716231606854386));
#3908=CARTESIAN_POINT('',(0.00394815488698479,0.,0.00720220263902892));
#3909=CARTESIAN_POINT('',(0.00400223000917665,0.,0.00724287110373044));
#3910=CARTESIAN_POINT('',(0.00405954663591059,0.,0.00728420907048739));
#3911=CARTESIAN_POINT('',(0.00412015221458554,0.,0.00732610244238186));
#3912=CARTESIAN_POINT('',(0.00418409083624615,0.,0.00736843555306846));
#3913=CARTESIAN_POINT('',(0.00425140355791441,0.,0.00741109105772383));
#3914=CARTESIAN_POINT('',(0.00432212694887924,0.,0.00745395076852245));
#3915=CARTESIAN_POINT('',(0.00439629846245696,0.,0.00749689287123092));
#3916=CARTESIAN_POINT('',(0.00447393565307897,0.,0.0075398030198771));
#3917=CARTESIAN_POINT('',(0.00455511557388765,0.,0.00758253228470264));
#3918=CARTESIAN_POINT('',(0.0046371411183521,0.,0.00762378618163246));
#3919=CARTESIAN_POINT('',(0.00469311718879006,0.,0.00765025399327192));
#3920=CARTESIAN_POINT('',(0.00472006437599004,0.,0.00766296237016141));
#3921=CARTESIAN_POINT('',(0.00435944457793839,0.,0.00515342051184295));
#3922=CARTESIAN_POINT('',(0.00459711365947141,0.,0.00543403572343804));
#3923=CARTESIAN_POINT('',(0.00485298423530357,0.,0.00573614138781376));
#3924=CARTESIAN_POINT('',(0.00485858040329812,0.,0.00574368720715046));
#3925=CARTESIAN_POINT('',(0.00486383825498753,0.,0.0057504975748932));
#3926=CARTESIAN_POINT('',(0.00486981005100655,0.,0.00575869177360339));
#3927=CARTESIAN_POINT('',(0.00487766408690694,0.,0.00576986083719419));
#3928=CARTESIAN_POINT('',(0.0048868697559106,0.,0.00578355382970608));
#3929=CARTESIAN_POINT('',(0.0048974598767687,0.,0.0057999961742617));
#3930=CARTESIAN_POINT('',(0.00490928682419075,0.,0.00581919561791889));
#3931=CARTESIAN_POINT('',(0.00492225611717689,0.,0.00584122276986576));
#3932=CARTESIAN_POINT('',(0.00493625511672248,0.,0.00586612527073712));
#3933=CARTESIAN_POINT('',(0.0049511744652042,0.,0.0058939534068988));
#3934=CARTESIAN_POINT('',(0.00496690185851626,0.,0.00592475247958185));
#3935=CARTESIAN_POINT('',(0.00498332397153844,0.,0.00595856497256935));
#3936=CARTESIAN_POINT('',(0.00500032601196636,0.,0.00599542987106804));
#3937=CARTESIAN_POINT('',(0.00501779196169033,0.,0.00603538280787589));
#3938=CARTESIAN_POINT('',(0.00503560462267789,0.,0.00607845597579342));
#3939=CARTESIAN_POINT('',(0.00505364572005421,0.,0.00612467811000203));
#3940=CARTESIAN_POINT('',(0.0050717959901702,0.,0.00617407445371013));
#3941=CARTESIAN_POINT('',(0.00508993527398897,0.,0.00622666673159797));
#3942=CARTESIAN_POINT('',(0.00510794260997452,0.,0.00628247312407313));
#3943=CARTESIAN_POINT('',(0.0051256963278838,0.,0.00634150824441372));
#3944=CARTESIAN_POINT('',(0.00514307414353726,0.,0.00640378311776215));
#3945=CARTESIAN_POINT('',(0.0051599532523277,0.,0.00646930516403426));
#3946=CARTESIAN_POINT('',(0.00517621043027995,0.,0.00653807817735187));
#3947=CARTESIAN_POINT('',(0.00519172210825333,0.,0.00661010233039559));
#3948=CARTESIAN_POINT('',(0.00520636455156643,0.,0.00668537409438505));
#3949=CARTESIAN_POINT('',(0.00522001363589663,0.,0.00676388649514276));
#3950=CARTESIAN_POINT('',(0.00523254617546991,0.,0.00684562808976356));
#3951=CARTESIAN_POINT('',(0.00524383529584563,0.,0.00693058686431085));
#3952=CARTESIAN_POINT('',(0.00525376863733043,0.,0.00701873527865541));
#3953=CARTESIAN_POINT('',(0.00526217911980782,0.,0.00711008752766731));
#3954=CARTESIAN_POINT('',(0.00526890293392033,0.,0.00720165643221666));
#3955=CARTESIAN_POINT('',(0.00527193488859889,0.,0.00726350037101008));
#3956=CARTESIAN_POINT('',(0.00527336365580825,0.,0.00729325961101075));
#3957=CARTESIAN_POINT('',(0.00473843803283938,0.,0.00560105375014737));
#3958=CARTESIAN_POINT('',(0.00520578138484513,0.,0.00520578138484513));
#3959=CARTESIAN_POINT('',(0.00560105375014737,0.,0.00473843803283938));
#3960=CARTESIAN_POINT('',(0.00515342051184295,0.,0.00435944457793839));
#3961=CARTESIAN_POINT('',(0.00543403572343804,0.,0.00459711365947141));
#3962=CARTESIAN_POINT('',(0.00573614138781376,0.,0.00485298423530357));
#3963=CARTESIAN_POINT('',(0.00574368720715046,0.,0.00485858040329812));
#3964=CARTESIAN_POINT('',(0.0057504975748932,0.,0.00486383825498753));
#3965=CARTESIAN_POINT('',(0.00575869177360339,0.,0.00486981005100655));
#3966=CARTESIAN_POINT('',(0.00576986083719419,0.,0.00487766408690694));
#3967=CARTESIAN_POINT('',(0.00578355382970608,0.,0.0048868697559106));
#3968=CARTESIAN_POINT('',(0.0057999961742617,0.,0.0048974598767687));
#3969=CARTESIAN_POINT('',(0.00581919561791889,0.,0.00490928682419075));
#3970=CARTESIAN_POINT('',(0.00584122276986576,0.,0.00492225611717689));
#3971=CARTESIAN_POINT('',(0.00586612527073712,0.,0.00493625511672248));
#3972=CARTESIAN_POINT('',(0.00589395340689881,0.,0.0049511744652042));
#3973=CARTESIAN_POINT('',(0.00592475247958185,0.,0.00496690185851626));
#3974=CARTESIAN_POINT('',(0.00595856497256935,0.,0.00498332397153844));
#3975=CARTESIAN_POINT('',(0.00599542987106804,0.,0.00500032601196636));
#3976=CARTESIAN_POINT('',(0.00603538280787589,0.,0.00501779196169033));
#3977=CARTESIAN_POINT('',(0.00607845597579342,0.,0.00503560462267789));
#3978=CARTESIAN_POINT('',(0.00612467811000203,0.,0.00505364572005421));
#3979=CARTESIAN_POINT('',(0.00617407445371013,0.,0.00507179599017019));
#3980=CARTESIAN_POINT('',(0.00622666673159797,0.,0.00508993527398897));
#3981=CARTESIAN_POINT('',(0.00628247312407313,0.,0.00510794260997452));
#3982=CARTESIAN_POINT('',(0.00634150824441372,0.,0.0051256963278838));
#3983=CARTESIAN_POINT('',(0.00640378311776215,0.,0.00514307414353726));
#3984=CARTESIAN_POINT('',(0.00646930516403426,0.,0.0051599532523277));
#3985=CARTESIAN_POINT('',(0.00653807817735187,0.,0.00517621043027994));
#3986=CARTESIAN_POINT('',(0.00661010233039559,0.,0.00519172210825333));
#3987=CARTESIAN_POINT('',(0.00668537409438505,0.,0.00520636455156643));
#3988=CARTESIAN_POINT('',(0.00676388649514276,0.,0.00522001363589663));
#3989=CARTESIAN_POINT('',(0.00684562808976356,0.,0.00523254617546991));
#3990=CARTESIAN_POINT('',(0.00693058686431085,0.,0.00524383529584563));
#3991=CARTESIAN_POINT('',(0.00701873527865541,0.,0.00525376863733043));
#3992=CARTESIAN_POINT('',(0.00711008752766731,0.,0.00526217911980781));
#3993=CARTESIAN_POINT('',(0.00720165643221666,0.,0.00526890293392033));
#3994=CARTESIAN_POINT('',(0.00726350037101008,0.,0.00527193488859889));
#3995=CARTESIAN_POINT('',(0.00729325961101075,0.,0.00527336365580825));
#3996=CARTESIAN_POINT('',(0.0059997302685673,0.,0.00309285251902469));
#3997=CARTESIAN_POINT('',(0.00632669466085347,0.,0.00326115514964061));
#3998=CARTESIAN_POINT('',(0.00667869908141693,0.,0.00344234695941238));
#3999=CARTESIAN_POINT('',(0.00668675692653136,0.,0.00344717682667734));
#4000=CARTESIAN_POINT('',(0.00669422076299565,0.,0.00345145669331236));
#4001=CARTESIAN_POINT('',(0.00670287376719785,0.,0.00345674183838809));
#4002=CARTESIAN_POINT('',(0.00671440416580506,0.,0.00346405509822067));
#4003=CARTESIAN_POINT('',(0.00672814917635441,0.,0.0034731829167297));
#4004=CARTESIAN_POINT('',(0.0067442253851127,0.,0.00348432099853199));
#4005=CARTESIAN_POINT('',(0.00676249936876626,0.,0.00349753299472861));
#4006=CARTESIAN_POINT('',(0.00678291085921956,0.,0.00351292029601655));
#4007=CARTESIAN_POINT('',(0.00680537402288328,0.,0.00353057002168416));
#4008=CARTESIAN_POINT('',(0.00682980707024663,0.,0.00355057047962624));
#4009=CARTESIAN_POINT('',(0.0068561235818754,0.,0.00357300649964361));
#4010=CARTESIAN_POINT('',(0.00688423511685045,0.,0.00359796069927994));
#4011=CARTESIAN_POINT('',(0.00691405053990401,0.,0.00362551302528282));
#4012=CARTESIAN_POINT('',(0.00694547630036055,0.,0.00365574079627343));
#4013=CARTESIAN_POINT('',(0.00697841644100804,0.,0.00368871860426657));
#4014=CARTESIAN_POINT('',(0.00701277268658826,0.,0.0037245182589433));
#4015=CARTESIAN_POINT('',(0.00704844451201447,0.,0.00376320872220976));
#4016=CARTESIAN_POINT('',(0.00708532921848706,0.,0.00380485604792607));
#4017=CARTESIAN_POINT('',(0.00712332200945948,0.,0.00384952332257446));
#4018=CARTESIAN_POINT('',(0.00716231606854386,0.,0.00389727060824971));
#4019=CARTESIAN_POINT('',(0.00720220263902892,0.,0.00394815488698478));
#4020=CARTESIAN_POINT('',(0.00724287110373044,0.,0.00400223000917665));
#4021=CARTESIAN_POINT('',(0.00728420907048739,0.,0.00405954663591058));
#4022=CARTESIAN_POINT('',(0.00732610244238186,0.,0.00412015221458554));
#4023=CARTESIAN_POINT('',(0.00736843555306846,0.,0.00418409083624615));
#4024=CARTESIAN_POINT('',(0.00741109105772383,0.,0.00425140355791441));
#4025=CARTESIAN_POINT('',(0.00745395076852245,0.,0.00432212694887924));
#4026=CARTESIAN_POINT('',(0.00749689287123092,0.,0.00439629846245696));
#4027=CARTESIAN_POINT('',(0.0075398030198771,0.,0.00447393565307897));
#4028=CARTESIAN_POINT('',(0.00758253228470264,0.,0.00455511557388765));
#4029=CARTESIAN_POINT('',(0.00762378618163246,0.,0.0046371411183521));
#4030=CARTESIAN_POINT('',(0.00765025399327192,0.,0.00469311718879006));
#4031=CARTESIAN_POINT('',(0.00766296237016141,0.,0.00472006437599004));
#4032=CARTESIAN_POINT('',(0.0065211763885811,0.,0.00336137718980048));
#4033=CARTESIAN_POINT('',(0.0068016811606815,0.,0.00281734858369186));
#4034=CARTESIAN_POINT('',(0.006988020650713,0.,0.0022343154406456));
#4035=CARTESIAN_POINT('',(0.00642942694760638,0.,0.00205547296878187));
#4036=CARTESIAN_POINT('',(0.00677963361799852,0.,0.00216766377637391));
#4037=CARTESIAN_POINT('',(0.00715666028817166,0.,0.00228844653177689));
#4038=CARTESIAN_POINT('',(0.00716577327698911,0.,0.00229072905680377));
#4039=CARTESIAN_POINT('',(0.00717407732908688,0.,0.00229298046346114));
#4040=CARTESIAN_POINT('',(0.00718393308895849,0.,0.00229536189948754));
#4041=CARTESIAN_POINT('',(0.00719725756762363,0.,0.00229834386691229));
#4042=CARTESIAN_POINT('',(0.00721343110015573,0.,0.00230160871471405));
#4043=CARTESIAN_POINT('',(0.0072326745095563,0.,0.00230510049777099));
#4044=CARTESIAN_POINT('',(0.00725493845942066,0.,0.00230867986342808));
#4045=CARTESIAN_POINT('',(0.00728025202781918,0.,0.00231223250165686));
#4046=CARTESIAN_POINT('',(0.00730861612387835,0.,0.00231563611630474));
#4047=CARTESIAN_POINT('',(0.00734003535679171,0.,0.00231877043034273));
#4048=CARTESIAN_POINT('',(0.00737450860251871,0.,0.00232151435227549));
#4049=CARTESIAN_POINT('',(0.00741203174331106,0.,0.00232374692550398));
#4050=CARTESIAN_POINT('',(0.00745259686769027,0.,0.002325347176775));
#4051=CARTESIAN_POINT('',(0.00749619249786065,0.,0.00232619428325015));
#4052=CARTESIAN_POINT('',(0.00754280352634635,0.,0.00232616764841461));
#4053=CARTESIAN_POINT('',(0.00759241123915828,0.,0.00232514700405444));
#4054=CARTESIAN_POINT('',(0.00764499331775742,0.,0.00232301250476765));
#4055=CARTESIAN_POINT('',(0.00770052385025855,0.,0.00231964482440421));
#4056=CARTESIAN_POINT('',(0.00775897334319235,0.,0.00231492525173601));
#4057=CARTESIAN_POINT('',(0.00782030873628112,0.,0.00230873578585635));
#4058=CARTESIAN_POINT('',(0.00788449341929875,0.,0.00230095923177525));
#4059=CARTESIAN_POINT('',(0.007951487252065,0.,0.00229147929335078));
#4060=CARTESIAN_POINT('',(0.0080212465841176,0.,0.00228018067452678));
#4061=CARTESIAN_POINT('',(0.00809372428712975,0.,0.00226694914622134));
#4062=CARTESIAN_POINT('',(0.0081688697497209,0.,0.0022516717429006));
#4063=CARTESIAN_POINT('',(0.00824662902826939,0.,0.00223423645754561));
#4064=CARTESIAN_POINT('',(0.00832694440975454,0.,0.00221453386035127));
#4065=CARTESIAN_POINT('',(0.00840975624199978,0.,0.00219245133215316));
#4066=CARTESIAN_POINT('',(0.0084949960830503,0.,0.00216789560528151));
#4067=CARTESIAN_POINT('',(0.00858261310846357,0.,0.00214070688569475));
#4068=CARTESIAN_POINT('',(0.00866978483745435,0.,0.00211187697724287));
#4069=CARTESIAN_POINT('',(0.00872808146553864,0.,0.00209101148734545));
#4070=CARTESIAN_POINT('',(0.00875612218381808,0.,0.00208094312801886));
#4071=CARTESIAN_POINT('',(0.00672661141349716,0.,0.000561425766962835));
#4072=CARTESIAN_POINT('',(0.00709309375175052,0.,0.000591793266755446));
#4073=CARTESIAN_POINT('',(0.00748764253494249,0.,0.000624486411393357));
#4074=CARTESIAN_POINT('',(0.00749693532330268,0.,0.000625865023078341));
#4075=CARTESIAN_POINT('',(0.00750546884310001,0.,0.00062696281770755));
#4076=CARTESIAN_POINT('',(0.00751548571403528,0.,0.000628534293721003));
#4077=CARTESIAN_POINT('',(0.00752893707668469,0.,0.000630878372280717));
#4078=CARTESIAN_POINT('',(0.00754512887552243,0.,0.000634051389162764));
#4079=CARTESIAN_POINT('',(0.00756424371512866,0.,0.000638189536224301));
#4080=CARTESIAN_POINT('',(0.00758618268665654,0.,0.00064340267830644));
#4081=CARTESIAN_POINT('',(0.0076109289101861,0.,0.000649807551800604));
#4082=CARTESIAN_POINT('',(0.00763843642492925,0.,0.00065751749152673));
#4083=CARTESIAN_POINT('',(0.00766866346119927,0.,0.00066664538283213));
#4084=CARTESIAN_POINT('',(0.00770156264080905,0.,0.000677302669519219));
#4085=CARTESIAN_POINT('',(0.00773708387136873,0.,0.000689599525120117));
#4086=CARTESIAN_POINT('',(0.0077751735491655,0.,0.000703644686755705));
#4087=CARTESIAN_POINT('',(0.00781577483320033,0.,0.000719545387811172));
#4088=CARTESIAN_POINT('',(0.00785882761569728,0.,0.000737407263557559));
#4089=CARTESIAN_POINT('',(0.00790426858253195,0.,0.000757334265802541));
#4090=CARTESIAN_POINT('',(0.00795203125121315,0.,0.000779428576324977));
#4091=CARTESIAN_POINT('',(0.00800204601813981,0.,0.000803790522063389));
#4092=CARTESIAN_POINT('',(0.00805424020607904,0.,0.000830518491229647));
#4093=CARTESIAN_POINT('',(0.00810853811432496,0.,0.000859708850825715));
#4094=CARTESIAN_POINT('',(0.00816486107085794,0.,0.000891455864777161));
#4095=CARTESIAN_POINT('',(0.00822312748638027,0.,0.000925851615727279));
#4096=CARTESIAN_POINT('',(0.00828325291123278,0.,0.000962985919033802));
#4097=CARTESIAN_POINT('',(0.00834515009094177,0.,0.00100294627337767));
#4098=CARTESIAN_POINT('',(0.00840872903665043,0.,0.00104581767716666));
#4099=CARTESIAN_POINT('',(0.00847389704772031,0.,0.0010916829680628));
#4100=CARTESIAN_POINT('',(0.00854055892729943,0.,0.00114062116020642));
#4101=CARTESIAN_POINT('',(0.00860861646647442,0.,0.0011927134722388));
#4102=CARTESIAN_POINT('',(0.00867797074113205,0.,0.00124801988064893));
#4103=CARTESIAN_POINT('',(0.00874851364507782,0.,0.00130666856620909));
#4104=CARTESIAN_POINT('',(0.00881801709298488,0.,0.00136666310500735));
#4105=CARTESIAN_POINT('',(0.00886389127719445,0.,0.00140824945779001));
#4106=CARTESIAN_POINT('',(0.00888594452858436,0.,0.00142828212721497));
#4107=CARTESIAN_POINT('',(0.00731112475377252,0.,0.000609961423266577));
#4108=CARTESIAN_POINT('',(0.00736208663719738,0.,-1.08420217248551E-19));
#4109=CARTESIAN_POINT('',(0.00731112475377252,0.,-0.000609961423266577));
#4110=CARTESIAN_POINT('',(0.00672661141349716,0.,-0.000561425766962835));
#4111=CARTESIAN_POINT('',(0.00709309375175052,0.,-0.000591793266755446));
#4112=CARTESIAN_POINT('',(0.00748764253494249,0.,-0.000624486411393357));
#4113=CARTESIAN_POINT('',(0.00749693532330268,0.,-0.000625865023078341));
#4114=CARTESIAN_POINT('',(0.00750546884310001,0.,-0.00062696281770755));
#4115=CARTESIAN_POINT('',(0.00751548571403528,0.,-0.000628534293721003));
#4116=CARTESIAN_POINT('',(0.00752893707668469,0.,-0.000630878372280717));
#4117=CARTESIAN_POINT('',(0.00754512887552243,0.,-0.000634051389162764));
#4118=CARTESIAN_POINT('',(0.00756424371512866,0.,-0.000638189536224301));
#4119=CARTESIAN_POINT('',(0.00758618268665654,0.,-0.00064340267830644));
#4120=CARTESIAN_POINT('',(0.0076109289101861,0.,-0.000649807551800604));
#4121=CARTESIAN_POINT('',(0.00763843642492925,0.,-0.00065751749152673));
#4122=CARTESIAN_POINT('',(0.00766866346119927,0.,-0.00066664538283213));
#4123=CARTESIAN_POINT('',(0.00770156264080905,0.,-0.000677302669519219));
#4124=CARTESIAN_POINT('',(0.00773708387136873,0.,-0.000689599525120117));
#4125=CARTESIAN_POINT('',(0.0077751735491655,0.,-0.000703644686755705));
#4126=CARTESIAN_POINT('',(0.00781577483320033,0.,-0.000719545387811172));
#4127=CARTESIAN_POINT('',(0.00785882761569728,0.,-0.000737407263557559));
#4128=CARTESIAN_POINT('',(0.00790426858253195,0.,-0.000757334265802541));
#4129=CARTESIAN_POINT('',(0.00795203125121315,0.,-0.000779428576324977));
#4130=CARTESIAN_POINT('',(0.00800204601813981,0.,-0.000803790522063389));
#4131=CARTESIAN_POINT('',(0.00805424020607904,0.,-0.000830518491229647));
#4132=CARTESIAN_POINT('',(0.00810853811432496,0.,-0.000859708850825715));
#4133=CARTESIAN_POINT('',(0.00816486107085794,0.,-0.000891455864777161));
#4134=CARTESIAN_POINT('',(0.00822312748638027,0.,-0.000925851615727279));
#4135=CARTESIAN_POINT('',(0.00828325291123278,0.,-0.000962985919033802));
#4136=CARTESIAN_POINT('',(0.00834515009094177,0.,-0.00100294627337767));
#4137=CARTESIAN_POINT('',(0.00840872903665043,0.,-0.00104581767716666));
#4138=CARTESIAN_POINT('',(0.00847389704772031,0.,-0.0010916829680628));
#4139=CARTESIAN_POINT('',(0.00854055892729943,0.,-0.00114062116020642));
#4140=CARTESIAN_POINT('',(0.00860861646647442,0.,-0.0011927134722388));
#4141=CARTESIAN_POINT('',(0.00867797074113205,0.,-0.00124801988064893));
#4142=CARTESIAN_POINT('',(0.00874851364507782,0.,-0.00130666856620909));
#4143=CARTESIAN_POINT('',(0.00881801709298488,0.,-0.00136666310500735));
#4144=CARTESIAN_POINT('',(0.00886389127719445,0.,-0.00140824945779001));
#4145=CARTESIAN_POINT('',(0.00888594452858436,0.,-0.00142828212721497));
#4146=CARTESIAN_POINT('',(0.00642942694760638,0.,-0.00205547296878187));
#4147=CARTESIAN_POINT('',(0.00677963361799852,0.,-0.00216766377637391));
#4148=CARTESIAN_POINT('',(0.00715666028817167,0.,-0.00228844653177689));
#4149=CARTESIAN_POINT('',(0.00716577327698911,0.,-0.00229072905680377));
#4150=CARTESIAN_POINT('',(0.00717407732908688,0.,-0.00229298046346114));
#4151=CARTESIAN_POINT('',(0.00718393308895849,0.,-0.00229536189948754));
#4152=CARTESIAN_POINT('',(0.00719725756762363,0.,-0.00229834386691229));
#4153=CARTESIAN_POINT('',(0.00721343110015573,0.,-0.00230160871471405));
#4154=CARTESIAN_POINT('',(0.00723267450955631,0.,-0.00230510049777099));
#4155=CARTESIAN_POINT('',(0.00725493845942066,0.,-0.00230867986342808));
#4156=CARTESIAN_POINT('',(0.00728025202781918,0.,-0.00231223250165686));
#4157=CARTESIAN_POINT('',(0.00730861612387835,0.,-0.00231563611630474));
#4158=CARTESIAN_POINT('',(0.00734003535679171,0.,-0.00231877043034273));
#4159=CARTESIAN_POINT('',(0.00737450860251871,0.,-0.00232151435227549));
#4160=CARTESIAN_POINT('',(0.00741203174331106,0.,-0.00232374692550398));
#4161=CARTESIAN_POINT('',(0.00745259686769028,0.,-0.00232534717677499));
#4162=CARTESIAN_POINT('',(0.00749619249786065,0.,-0.00232619428325015));
#4163=CARTESIAN_POINT('',(0.00754280352634635,0.,-0.00232616764841461));
#4164=CARTESIAN_POINT('',(0.00759241123915828,0.,-0.00232514700405444));
#4165=CARTESIAN_POINT('',(0.00764499331775742,0.,-0.00232301250476764));
#4166=CARTESIAN_POINT('',(0.00770052385025856,0.,-0.00231964482440421));
#4167=CARTESIAN_POINT('',(0.00775897334319235,0.,-0.00231492525173601));
#4168=CARTESIAN_POINT('',(0.00782030873628112,0.,-0.00230873578585635));
#4169=CARTESIAN_POINT('',(0.00788449341929875,0.,-0.00230095923177525));
#4170=CARTESIAN_POINT('',(0.007951487252065,0.,-0.00229147929335078));
#4171=CARTESIAN_POINT('',(0.0080212465841176,0.,-0.00228018067452677));
#4172=CARTESIAN_POINT('',(0.00809372428712975,0.,-0.00226694914622134));
#4173=CARTESIAN_POINT('',(0.0081688697497209,0.,-0.0022516717429006));
#4174=CARTESIAN_POINT('',(0.00824662902826939,0.,-0.00223423645754561));
#4175=CARTESIAN_POINT('',(0.00832694440975454,0.,-0.00221453386035127));
#4176=CARTESIAN_POINT('',(0.00840975624199978,0.,-0.00219245133215316));
#4177=CARTESIAN_POINT('',(0.0084949960830503,0.,-0.00216789560528151));
#4178=CARTESIAN_POINT('',(0.00858261310846357,0.,-0.00214070688569475));
#4179=CARTESIAN_POINT('',(0.00866978483745435,0.,-0.00211187697724287));
#4180=CARTESIAN_POINT('',(0.00872808146553864,0.,-0.00209101148734545));
#4181=CARTESIAN_POINT('',(0.00875612218381808,0.,-0.00208094312801886));
#4182=CARTESIAN_POINT('',(0.006988020650713,0.,-0.00223431544064559));
#4183=CARTESIAN_POINT('',(0.00680168116068151,0.,-0.00281734858369185));
#4184=CARTESIAN_POINT('',(0.0065211763885811,0.,-0.00336137718980048));
#4185=CARTESIAN_POINT('',(0.0059997302685673,0.,-0.00309285251902469));
#4186=CARTESIAN_POINT('',(0.00632669466085348,0.,-0.00326115514964061));
#4187=CARTESIAN_POINT('',(0.00667869908141693,0.,-0.00344234695941238));
#4188=CARTESIAN_POINT('',(0.00668675692653136,0.,-0.00344717682667733));
#4189=CARTESIAN_POINT('',(0.00669422076299565,0.,-0.00345145669331236));
#4190=CARTESIAN_POINT('',(0.00670287376719785,0.,-0.00345674183838809));
#4191=CARTESIAN_POINT('',(0.00671440416580506,0.,-0.00346405509822067));
#4192=CARTESIAN_POINT('',(0.00672814917635441,0.,-0.0034731829167297));
#4193=CARTESIAN_POINT('',(0.00674422538511271,0.,-0.00348432099853199));
#4194=CARTESIAN_POINT('',(0.00676249936876626,0.,-0.00349753299472861));
#4195=CARTESIAN_POINT('',(0.00678291085921956,0.,-0.00351292029601655));
#4196=CARTESIAN_POINT('',(0.00680537402288328,0.,-0.00353057002168416));
#4197=CARTESIAN_POINT('',(0.00682980707024663,0.,-0.00355057047962624));
#4198=CARTESIAN_POINT('',(0.00685612358187541,0.,-0.00357300649964361));
#4199=CARTESIAN_POINT('',(0.00688423511685046,0.,-0.00359796069927994));
#4200=CARTESIAN_POINT('',(0.00691405053990401,0.,-0.00362551302528282));
#4201=CARTESIAN_POINT('',(0.00694547630036055,0.,-0.00365574079627343));
#4202=CARTESIAN_POINT('',(0.00697841644100804,0.,-0.00368871860426657));
#4203=CARTESIAN_POINT('',(0.00701277268658826,0.,-0.00372451825894329));
#4204=CARTESIAN_POINT('',(0.00704844451201447,0.,-0.00376320872220976));
#4205=CARTESIAN_POINT('',(0.00708532921848707,0.,-0.00380485604792607));
#4206=CARTESIAN_POINT('',(0.00712332200945948,0.,-0.00384952332257446));
#4207=CARTESIAN_POINT('',(0.00716231606854386,0.,-0.00389727060824971));
#4208=CARTESIAN_POINT('',(0.00720220263902892,0.,-0.00394815488698478));
#4209=CARTESIAN_POINT('',(0.00724287110373044,0.,-0.00400223000917665));
#4210=CARTESIAN_POINT('',(0.00728420907048739,0.,-0.00405954663591058));
#4211=CARTESIAN_POINT('',(0.00732610244238186,0.,-0.00412015221458554));
#4212=CARTESIAN_POINT('',(0.00736843555306846,0.,-0.00418409083624615));
#4213=CARTESIAN_POINT('',(0.00741109105772383,0.,-0.00425140355791441));
#4214=CARTESIAN_POINT('',(0.00745395076852245,0.,-0.00432212694887924));
#4215=CARTESIAN_POINT('',(0.00749689287123092,0.,-0.00439629846245696));
#4216=CARTESIAN_POINT('',(0.0075398030198771,0.,-0.00447393565307896));
#4217=CARTESIAN_POINT('',(0.00758253228470264,0.,-0.00455511557388765));
#4218=CARTESIAN_POINT('',(0.00762378618163246,0.,-0.0046371411183521));
#4219=CARTESIAN_POINT('',(0.00765025399327192,0.,-0.00469311718879006));
#4220=CARTESIAN_POINT('',(0.00766296237016141,0.,-0.00472006437599004));
#4221=CARTESIAN_POINT('',(0.00515342051184294,0.,-0.00435944457793839));
#4222=CARTESIAN_POINT('',(0.00543403572343804,0.,-0.00459711365947141));
#4223=CARTESIAN_POINT('',(0.00573614138781376,0.,-0.00485298423530357));
#4224=CARTESIAN_POINT('',(0.00574368720715046,0.,-0.00485858040329812));
#4225=CARTESIAN_POINT('',(0.0057504975748932,0.,-0.00486383825498754));
#4226=CARTESIAN_POINT('',(0.00575869177360339,0.,-0.00486981005100655));
#4227=CARTESIAN_POINT('',(0.00576986083719419,0.,-0.00487766408690694));
#4228=CARTESIAN_POINT('',(0.00578355382970608,0.,-0.0048868697559106));
#4229=CARTESIAN_POINT('',(0.0057999961742617,0.,-0.0048974598767687));
#4230=CARTESIAN_POINT('',(0.00581919561791889,0.,-0.00490928682419075));
#4231=CARTESIAN_POINT('',(0.00584122276986576,0.,-0.00492225611717689));
#4232=CARTESIAN_POINT('',(0.00586612527073712,0.,-0.00493625511672248));
#4233=CARTESIAN_POINT('',(0.0058939534068988,0.,-0.0049511744652042));
#4234=CARTESIAN_POINT('',(0.00592475247958185,0.,-0.00496690185851627));
#4235=CARTESIAN_POINT('',(0.00595856497256935,0.,-0.00498332397153844));
#4236=CARTESIAN_POINT('',(0.00599542987106804,0.,-0.00500032601196636));
#4237=CARTESIAN_POINT('',(0.00603538280787589,0.,-0.00501779196169033));
#4238=CARTESIAN_POINT('',(0.00607845597579342,0.,-0.00503560462267789));
#4239=CARTESIAN_POINT('',(0.00612467811000203,0.,-0.00505364572005421));
#4240=CARTESIAN_POINT('',(0.00617407445371013,0.,-0.0050717959901702));
#4241=CARTESIAN_POINT('',(0.00622666673159797,0.,-0.00508993527398897));
#4242=CARTESIAN_POINT('',(0.00628247312407313,0.,-0.00510794260997453));
#4243=CARTESIAN_POINT('',(0.00634150824441371,0.,-0.0051256963278838));
#4244=CARTESIAN_POINT('',(0.00640378311776215,0.,-0.00514307414353726));
#4245=CARTESIAN_POINT('',(0.00646930516403426,0.,-0.0051599532523277));
#4246=CARTESIAN_POINT('',(0.00653807817735187,0.,-0.00517621043027995));
#4247=CARTESIAN_POINT('',(0.00661010233039559,0.,-0.00519172210825333));
#4248=CARTESIAN_POINT('',(0.00668537409438505,0.,-0.00520636455156644));
#4249=CARTESIAN_POINT('',(0.00676388649514276,0.,-0.00522001363589663));
#4250=CARTESIAN_POINT('',(0.00684562808976356,0.,-0.00523254617546991));
#4251=CARTESIAN_POINT('',(0.00693058686431085,0.,-0.00524383529584563));
#4252=CARTESIAN_POINT('',(0.00701873527865541,0.,-0.00525376863733044));
#4253=CARTESIAN_POINT('',(0.00711008752766731,0.,-0.00526217911980782));
#4254=CARTESIAN_POINT('',(0.00720165643221666,0.,-0.00526890293392034));
#4255=CARTESIAN_POINT('',(0.00726350037101007,0.,-0.00527193488859889));
#4256=CARTESIAN_POINT('',(0.00729325961101075,0.,-0.00527336365580825));
#4257=CARTESIAN_POINT('',(0.00731112475419748,-0.0135,-0.000609961423302082));
#4258=CARTESIAN_POINT('',(0.00731112475419748,-1.21430643318376E-17,-0.000609961423302082));
#4259=CARTESIAN_POINT('',(0.00737502153553336,-0.0135,-0.000615299958162697));
#4260=CARTESIAN_POINT('',(0.00737502153553336,-1.21430643318376E-17,-0.000615299958162697));
#4261=CARTESIAN_POINT('',(0.0074815168236207,-0.0135,-0.000624292443068543));
#4262=CARTESIAN_POINT('',(0.0074815168236207,-1.56125112837913E-17,-0.000624292443068543));
#4263=CARTESIAN_POINT('',(0.00750416290033767,-0.0135,-0.000626384046246481));
#4264=CARTESIAN_POINT('',(0.00750416290033767,-1.56125112837913E-17,-0.000626384046246481));
#4265=CARTESIAN_POINT('',(0.00754862519428434,-0.0135,-0.000634141692914198));
#4266=CARTESIAN_POINT('',(0.00754862519428434,-1.04083408558608E-17,-0.000634141692914198));
#4267=CARTESIAN_POINT('',(0.00761685556239092,-0.0135,-0.000650797846158251));
#4268=CARTESIAN_POINT('',(0.00761685556239092,-2.08166817117217E-17,-0.000650797846158251));
#4269=CARTESIAN_POINT('',(0.00772000222000614,-0.0135,-0.00068208480284815));
#4270=CARTESIAN_POINT('',(0.00772000222000614,-1.38777878078145E-17,-0.00068208480284815));
#4271=CARTESIAN_POINT('',(0.00786586936542619,-0.0135,-0.00073761432445934));
#4272=CARTESIAN_POINT('',(0.00786586936542619,-8.67361737988404E-18,-0.00073761432445934));
#4273=CARTESIAN_POINT('',(0.00805702032808872,-0.0135,-0.000829113813961234));
#4274=CARTESIAN_POINT('',(0.00805702032808872,-1.21430643318376E-17,-0.000829113813961234));
#4275=CARTESIAN_POINT('',(0.00825839232053394,-0.0135,-0.000944550082251758));
#4276=CARTESIAN_POINT('',(0.00825839232053394,-1.38777878078145E-17,-0.000944550082251758));
#4277=CARTESIAN_POINT('',(0.00853490867030521,-0.0135,-0.00112870910281325));
#4278=CARTESIAN_POINT('',(0.00853490867030521,-1.38777878078145E-17,-0.00112870910281325));
#4279=CARTESIAN_POINT('',(0.00874624092733235,-0.0135,-0.00130137856946392));
#4280=CARTESIAN_POINT('',(0.00874624092733235,-1.56125112837913E-17,-0.00130137856946392));
#4281=CARTESIAN_POINT('',(0.00888594452858436,-0.0135,-0.00142828212721497));
#4282=CARTESIAN_POINT('',(0.00888594452858436,-1.56125112837913E-17,-0.00142828212721497));
#4283=CARTESIAN_POINT('',(0.00731112475377252,-0.0135,-0.000609961423266577));
#4284=CARTESIAN_POINT('',(0.00731112475419748,-0.0135,0.000609961423302082));
#4285=CARTESIAN_POINT('',(0.00731112475419748,-1.21430643318376E-17,0.000609961423302082));
#4286=CARTESIAN_POINT('',(0.00737502153553336,-0.0135,0.000615299958162697));
#4287=CARTESIAN_POINT('',(0.00737502153553336,-1.21430643318376E-17,0.000615299958162697));
#4288=CARTESIAN_POINT('',(0.0074815168236207,-0.0135,0.000624292443068543));
#4289=CARTESIAN_POINT('',(0.0074815168236207,-1.56125112837913E-17,0.000624292443068543));
#4290=CARTESIAN_POINT('',(0.00750416290033767,-0.0135,0.000626384046246481));
#4291=CARTESIAN_POINT('',(0.00750416290033767,-1.56125112837913E-17,0.000626384046246481));
#4292=CARTESIAN_POINT('',(0.00754862519428434,-0.0135,0.000634141692914198));
#4293=CARTESIAN_POINT('',(0.00754862519428434,-1.04083408558608E-17,0.000634141692914198));
#4294=CARTESIAN_POINT('',(0.00761685556239092,-0.0135,0.000650797846158251));
#4295=CARTESIAN_POINT('',(0.00761685556239092,-2.08166817117217E-17,0.000650797846158251));
#4296=CARTESIAN_POINT('',(0.00772000222000614,-0.0135,0.00068208480284815));
#4297=CARTESIAN_POINT('',(0.00772000222000614,-1.38777878078145E-17,0.00068208480284815));
#4298=CARTESIAN_POINT('',(0.00786586936542619,-0.0135,0.00073761432445934));
#4299=CARTESIAN_POINT('',(0.00786586936542619,-8.67361737988404E-18,0.00073761432445934));
#4300=CARTESIAN_POINT('',(0.00805702032808872,-0.0135,0.000829113813961234));
#4301=CARTESIAN_POINT('',(0.00805702032808872,-1.21430643318376E-17,0.000829113813961234));
#4302=CARTESIAN_POINT('',(0.00825839232053394,-0.0135,0.000944550082251758));
#4303=CARTESIAN_POINT('',(0.00825839232053394,-1.38777878078145E-17,0.000944550082251758));
#4304=CARTESIAN_POINT('',(0.00853490867030521,-0.0135,0.00112870910281325));
#4305=CARTESIAN_POINT('',(0.00853490867030521,-1.38777878078145E-17,0.00112870910281325));
#4306=CARTESIAN_POINT('',(0.00874624092733235,-0.0135,0.00130137856946392));
#4307=CARTESIAN_POINT('',(0.00874624092733235,-1.56125112837913E-17,0.00130137856946392));
#4308=CARTESIAN_POINT('',(0.00888594452858436,-0.0135,0.00142828212721497));
#4309=CARTESIAN_POINT('',(0.00888594452858436,-1.56125112837913E-17,0.00142828212721497));
#4310=CARTESIAN_POINT('',(0.00731112475377252,-3.46944695195361E-18,0.000609961423266577));
#4311=CARTESIAN_POINT('',(0.00736208663719738,-0.00675,-1.08420217248551E-19));
#4312=CARTESIAN_POINT('',(0.000609961423302083,-0.0135,0.00731112475419748));
#4313=CARTESIAN_POINT('',(0.000609961423302083,-3.46944695195361E-18,0.00731112475419748));
#4314=CARTESIAN_POINT('',(0.000615299958162698,-0.0135,0.00737502153553336));
#4315=CARTESIAN_POINT('',(0.000615299958162698,-3.46944695195361E-18,0.00737502153553336));
#4316=CARTESIAN_POINT('',(0.000624292443068544,-0.0135,0.0074815168236207));
#4317=CARTESIAN_POINT('',(0.000624292443068544,-3.46944695195361E-18,0.0074815168236207));
#4318=CARTESIAN_POINT('',(0.000626384046246482,-0.0135,0.00750416290033767));
#4319=CARTESIAN_POINT('',(0.000626384046246482,6.93889390390723E-18,0.00750416290033767));
#4320=CARTESIAN_POINT('',(0.000634141692914199,-0.0135,0.00754862519428434));
#4321=CARTESIAN_POINT('',(0.000634141692914199,-8.67361737988404E-18,0.00754862519428434));
#4322=CARTESIAN_POINT('',(0.00065079784615825,-0.0135,0.00761685556239092));
#4323=CARTESIAN_POINT('',(0.00065079784615825,3.46944695195361E-18,0.00761685556239092));
#4324=CARTESIAN_POINT('',(0.000682084802848152,-0.0135,0.00772000222000615));
#4325=CARTESIAN_POINT('',(0.000682084802848152,-1.73472347597681E-18,0.00772000222000615));
#4326=CARTESIAN_POINT('',(0.000737614324459339,-0.0135,0.00786586936542619));
#4327=CARTESIAN_POINT('',(0.000737614324459339,0.,0.00786586936542619));
#4328=CARTESIAN_POINT('',(0.000829113813961235,-0.0135,0.00805702032808872));
#4329=CARTESIAN_POINT('',(0.000829113813961235,1.73472347597681E-18,0.00805702032808872));
#4330=CARTESIAN_POINT('',(0.000944550082251759,-0.0135,0.00825839232053394));
#4331=CARTESIAN_POINT('',(0.000944550082251759,0.,0.00825839232053394));
#4332=CARTESIAN_POINT('',(0.00112870910281325,-0.0135,0.00853490867030521));
#4333=CARTESIAN_POINT('',(0.00112870910281325,0.,0.00853490867030521));
#4334=CARTESIAN_POINT('',(0.00130137856946391,-0.0135,0.00874624092733235));
#4335=CARTESIAN_POINT('',(0.00130137856946391,-1.73472347597681E-18,0.00874624092733235));
#4336=CARTESIAN_POINT('',(0.00142828212721497,-0.0135,0.00888594452858436));
#4337=CARTESIAN_POINT('',(0.00142828212721497,-1.73472347597681E-18,0.00888594452858436));
#4338=CARTESIAN_POINT('',(0.000609961423266577,-0.0135,0.00731112475377252));
#4339=CARTESIAN_POINT('',(-0.000609961423302082,-0.0135,0.00731112475419748));
#4340=CARTESIAN_POINT('',(-0.000609961423302082,1.56125112837913E-17,0.00731112475419748));
#4341=CARTESIAN_POINT('',(-0.000615299958162697,-0.0135,0.00737502153553336));
#4342=CARTESIAN_POINT('',(-0.000615299958162697,1.56125112837913E-17,0.00737502153553336));
#4343=CARTESIAN_POINT('',(-0.000624292443068543,-0.0135,0.0074815168236207));
#4344=CARTESIAN_POINT('',(-0.000624292443068543,1.21430643318376E-17,0.0074815168236207));
#4345=CARTESIAN_POINT('',(-0.000626384046246481,-0.0135,0.00750416290033768));
#4346=CARTESIAN_POINT('',(-0.000626384046246481,1.73472347597681E-17,0.00750416290033768));
#4347=CARTESIAN_POINT('',(-0.000634141692914197,-0.0135,0.00754862519428434));
#4348=CARTESIAN_POINT('',(-0.000634141692914197,5.20417042793042E-18,0.00754862519428434));
#4349=CARTESIAN_POINT('',(-0.00065079784615825,-0.0135,0.00761685556239092));
#4350=CARTESIAN_POINT('',(-0.00065079784615825,1.73472347597681E-17,0.00761685556239092));
#4351=CARTESIAN_POINT('',(-0.00068208480284815,-0.0135,0.00772000222000615));
#4352=CARTESIAN_POINT('',(-0.00068208480284815,1.21430643318376E-17,0.00772000222000615));
#4353=CARTESIAN_POINT('',(-0.000737614324459338,-0.0135,0.00786586936542619));
#4354=CARTESIAN_POINT('',(-0.000737614324459338,1.38777878078145E-17,0.00786586936542619));
#4355=CARTESIAN_POINT('',(-0.000829113813961234,-0.0135,0.00805702032808872));
#4356=CARTESIAN_POINT('',(-0.000829113813961234,1.56125112837913E-17,0.00805702032808872));
#4357=CARTESIAN_POINT('',(-0.000944550082251757,-0.0135,0.00825839232053394));
#4358=CARTESIAN_POINT('',(-0.000944550082251757,1.38777878078145E-17,0.00825839232053394));
#4359=CARTESIAN_POINT('',(-0.00112870910281325,-0.0135,0.00853490867030521));
#4360=CARTESIAN_POINT('',(-0.00112870910281325,1.38777878078145E-17,0.00853490867030521));
#4361=CARTESIAN_POINT('',(-0.0013013785694639,-0.0135,0.00874624092733235));
#4362=CARTESIAN_POINT('',(-0.0013013785694639,1.21430643318376E-17,0.00874624092733235));
#4363=CARTESIAN_POINT('',(-0.00142828212721497,-0.0135,0.00888594452858436));
#4364=CARTESIAN_POINT('',(-0.00142828212721497,1.21430643318376E-17,0.00888594452858436));
#4365=CARTESIAN_POINT('',(-0.000609961423266577,-3.46944695195361E-18,0.00731112475377252));
#4366=CARTESIAN_POINT('',(5.59218009013014E-19,-0.00675,0.00736208663719738));
#4367=CARTESIAN_POINT('',(0.00336137718999591,-0.0135,0.00652117638896012));
#4368=CARTESIAN_POINT('',(0.00336137718999591,5.20417042793042E-18,0.00652117638896012));
#4369=CARTESIAN_POINT('',(0.00339076159268593,-0.0135,0.00657816634858543));
#4370=CARTESIAN_POINT('',(0.00339076159268593,5.20417042793042E-18,0.00657816634858543));
#4371=CARTESIAN_POINT('',(0.00343982354781283,-0.0135,0.00667311389056896));
#4372=CARTESIAN_POINT('',(0.00343982354781283,1.73472347597681E-18,0.00667311389056896));
#4373=CARTESIAN_POINT('',(0.00345042221554672,-0.0135,0.00669323571545618));
#4374=CARTESIAN_POINT('',(0.00345042221554672,1.21430643318376E-17,0.00669323571545618));
#4375=CARTESIAN_POINT('',(0.00347460432978181,-0.0135,0.00673134479594812));
#4376=CARTESIAN_POINT('',(0.00347460432978181,-1.73472347597681E-18,0.00673134479594812));
#4377=CARTESIAN_POINT('',(0.00351610324031292,-0.0135,0.00678800740264407));
#4378=CARTESIAN_POINT('',(0.00351610324031292,6.93889390390723E-18,0.00678800740264407));
#4379=CARTESIAN_POINT('',(0.00358448113620646,-0.0135,0.00687132948848737));
#4380=CARTESIAN_POINT('',(0.00358448113620646,0.,0.00687132948848737));
#4381=CARTESIAN_POINT('',(0.00369160466455183,-0.0135,0.00698484293067905));
#4382=CARTESIAN_POINT('',(0.00369160466455183,0.,0.00698484293067905));
#4383=CARTESIAN_POINT('',(0.00384928947662945,-0.0135,0.00712642805400055));
#4384=CARTESIAN_POINT('',(0.00384928947662945,8.67361737988404E-18,0.00712642805400055));
#4385=CARTESIAN_POINT('',(0.00403300040746368,-0.0135,0.00726829596887287));
#4386=CARTESIAN_POINT('',(0.00403300040746368,1.73472347597681E-18,0.00726829596887287));
#4387=CARTESIAN_POINT('',(0.00430895938312329,-0.0135,0.00745328915874181));
#4388=CARTESIAN_POINT('',(0.00430895938312329,5.20417042793042E-18,0.00745328915874181));
#4389=CARTESIAN_POINT('',(0.00454935852274013,-0.0135,0.00758245696140604));
#4390=CARTESIAN_POINT('',(0.00454935852274013,1.73472347597681E-18,0.00758245696140604));
#4391=CARTESIAN_POINT('',(0.00472006437599004,-0.0135,0.00766296237016141));
#4392=CARTESIAN_POINT('',(0.00472006437599004,3.46944695195361E-18,0.00766296237016141));
#4393=CARTESIAN_POINT('',(0.00336137718980049,-0.0135,0.0065211763885811));
#4394=CARTESIAN_POINT('',(0.00223431544077542,-0.0135,0.0069880206511192));
#4395=CARTESIAN_POINT('',(0.00223431544077542,0.,0.0069880206511192));
#4396=CARTESIAN_POINT('',(0.00225383551728279,-0.0135,0.00704909654843303));
#4397=CARTESIAN_POINT('',(0.00225383551728279,0.,0.00704909654843303));
#4398=CARTESIAN_POINT('',(0.00228628152690784,-0.0135,0.00715092664039507));
#4399=CARTESIAN_POINT('',(0.00228628152690784,-3.46944695195361E-18,0.00715092664039507));
#4400=CARTESIAN_POINT('',(0.00229301541590926,-0.0135,0.00717264930904885));
#4401=CARTESIAN_POINT('',(0.00229301541590926,5.20417042793042E-18,0.00717264930904885));
#4402=CARTESIAN_POINT('',(0.00230286326819084,-0.0135,0.00721669583524855));
#4403=CARTESIAN_POINT('',(0.00230286326819084,-1.04083408558608E-17,0.00721669583524855));
#4404=CARTESIAN_POINT('',(0.00231358562057684,-0.0135,0.00728610650973136));
#4405=CARTESIAN_POINT('',(0.00231358562057684,-1.73472347597681E-18,0.00728610650973136));
#4406=CARTESIAN_POINT('',(0.00232415275862966,-0.0135,0.00739337459552337));
#4407=CARTESIAN_POINT('',(0.00232415275862966,3.46944695195361E-18,0.00739337459552337));
#4408=CARTESIAN_POINT('',(0.00232867111004158,-0.0135,0.00754938849357057));
#4409=CARTESIAN_POINT('',(0.00232867111004158,-6.93889390390723E-18,0.00754938849357057));
#4410=CARTESIAN_POINT('',(0.00231728691094714,-0.0135,0.00776100429429653));
#4411=CARTESIAN_POINT('',(0.00231728691094714,-1.73472347597681E-18,0.00776100429429653));
#4412=CARTESIAN_POINT('',(0.00228769943061518,-0.0135,0.00799122330390654));
#4413=CARTESIAN_POINT('',(0.00228769943061518,-3.46944695195361E-18,0.00799122330390654));
#4414=CARTESIAN_POINT('',(0.00222337690662661,-0.0135,0.00831716570595437));
#4415=CARTESIAN_POINT('',(0.00222337690662661,-1.73472347597681E-18,0.00831716570595437));
#4416=CARTESIAN_POINT('',(0.00214472447398705,-0.0135,0.00857848899694375));
#4417=CARTESIAN_POINT('',(0.00214472447398705,-3.46944695195361E-18,0.00857848899694375));
#4418=CARTESIAN_POINT('',(0.00208094312801886,-0.0135,0.00875612218381808));
#4419=CARTESIAN_POINT('',(0.00208094312801886,-3.46944695195361E-18,0.00875612218381808));
#4420=CARTESIAN_POINT('',(0.0022343154406456,-3.46944695195361E-18,0.006988020650713));
#4421=CARTESIAN_POINT('',(0.00281734858369186,-0.00675,0.0068016811606815));
#4422=CARTESIAN_POINT('',(0.0069880206511192,-0.0135,0.00223431544077542));
#4423=CARTESIAN_POINT('',(0.0069880206511192,0.,0.00223431544077542));
#4424=CARTESIAN_POINT('',(0.00704909654843303,-0.0135,0.00225383551728279));
#4425=CARTESIAN_POINT('',(0.00704909654843303,0.,0.00225383551728279));
#4426=CARTESIAN_POINT('',(0.00715092664039507,-0.0135,0.00228628152690784));
#4427=CARTESIAN_POINT('',(0.00715092664039507,-3.46944695195361E-18,0.00228628152690784));
#4428=CARTESIAN_POINT('',(0.00717264930904885,-0.0135,0.00229301541590926));
#4429=CARTESIAN_POINT('',(0.00717264930904885,5.20417042793042E-18,0.00229301541590926));
#4430=CARTESIAN_POINT('',(0.00721669583524855,-0.0135,0.00230286326819084));
#4431=CARTESIAN_POINT('',(0.00721669583524855,-1.04083408558608E-17,0.00230286326819084));
#4432=CARTESIAN_POINT('',(0.00728610650973136,-0.0135,0.00231358562057684));
#4433=CARTESIAN_POINT('',(0.00728610650973136,-1.73472347597681E-18,0.00231358562057684));
#4434=CARTESIAN_POINT('',(0.00739337459552337,-0.0135,0.00232415275862966));
#4435=CARTESIAN_POINT('',(0.00739337459552337,3.46944695195361E-18,0.00232415275862966));
#4436=CARTESIAN_POINT('',(0.00754938849357057,-0.0135,0.00232867111004158));
#4437=CARTESIAN_POINT('',(0.00754938849357057,-6.93889390390723E-18,0.00232867111004158));
#4438=CARTESIAN_POINT('',(0.00776100429429653,-0.0135,0.00231728691094714));
#4439=CARTESIAN_POINT('',(0.00776100429429653,-1.73472347597681E-18,0.00231728691094714));
#4440=CARTESIAN_POINT('',(0.00799122330390654,-0.0135,0.00228769943061518));
#4441=CARTESIAN_POINT('',(0.00799122330390654,-3.46944695195361E-18,0.00228769943061518));
#4442=CARTESIAN_POINT('',(0.00831716570595437,-0.0135,0.00222337690662661));
#4443=CARTESIAN_POINT('',(0.00831716570595437,-1.73472347597681E-18,0.00222337690662661));
#4444=CARTESIAN_POINT('',(0.00857848899694375,-0.0135,0.00214472447398705));
#4445=CARTESIAN_POINT('',(0.00857848899694375,-3.46944695195361E-18,0.00214472447398705));
#4446=CARTESIAN_POINT('',(0.00875612218381808,-0.0135,0.00208094312801886));
#4447=CARTESIAN_POINT('',(0.00875612218381808,-3.46944695195361E-18,0.00208094312801886));
#4448=CARTESIAN_POINT('',(0.006988020650713,-0.0135,0.0022343154406456));
#4449=CARTESIAN_POINT('',(0.00652117638896012,-0.0135,0.00336137718999591));
#4450=CARTESIAN_POINT('',(0.00652117638896012,-1.21430643318376E-17,0.00336137718999591));
#4451=CARTESIAN_POINT('',(0.00657816634858543,-0.0135,0.00339076159268593));
#4452=CARTESIAN_POINT('',(0.00657816634858543,-1.21430643318376E-17,0.00339076159268593));
#4453=CARTESIAN_POINT('',(0.00667311389056896,-0.0135,0.00343982354781283));
#4454=CARTESIAN_POINT('',(0.00667311389056896,-1.56125112837913E-17,0.00343982354781283));
#4455=CARTESIAN_POINT('',(0.00669323571545618,-0.0135,0.00345042221554672));
#4456=CARTESIAN_POINT('',(0.00669323571545618,-5.20417042793042E-18,0.00345042221554672));
#4457=CARTESIAN_POINT('',(0.00673134479594812,-0.0135,0.00347460432978181));
#4458=CARTESIAN_POINT('',(0.00673134479594812,-1.90819582357449E-17,0.00347460432978181));
#4459=CARTESIAN_POINT('',(0.00678800740264407,-0.0135,0.00351610324031292));
#4460=CARTESIAN_POINT('',(0.00678800740264407,-1.04083408558608E-17,0.00351610324031292));
#4461=CARTESIAN_POINT('',(0.00687132948848737,-0.0135,0.00358448113620646));
#4462=CARTESIAN_POINT('',(0.00687132948848737,-1.73472347597681E-17,0.00358448113620646));
#4463=CARTESIAN_POINT('',(0.00698484293067905,-0.0135,0.00369160466455183));
#4464=CARTESIAN_POINT('',(0.00698484293067905,-1.73472347597681E-17,0.00369160466455183));
#4465=CARTESIAN_POINT('',(0.00712642805400055,-0.0135,0.00384928947662945));
#4466=CARTESIAN_POINT('',(0.00712642805400055,-8.67361737988404E-18,0.00384928947662945));
#4467=CARTESIAN_POINT('',(0.00726829596887287,-0.0135,0.00403300040746368));
#4468=CARTESIAN_POINT('',(0.00726829596887287,-1.56125112837913E-17,0.00403300040746368));
#4469=CARTESIAN_POINT('',(0.00745328915874181,-0.0135,0.00430895938312329));
#4470=CARTESIAN_POINT('',(0.00745328915874181,-1.21430643318376E-17,0.00430895938312329));
#4471=CARTESIAN_POINT('',(0.00758245696140604,-0.0135,0.00454935852274013));
#4472=CARTESIAN_POINT('',(0.00758245696140604,-1.56125112837913E-17,0.00454935852274013));
#4473=CARTESIAN_POINT('',(0.00766296237016141,-0.0135,0.00472006437599004));
#4474=CARTESIAN_POINT('',(0.00766296237016141,-1.38777878078145E-17,0.00472006437599004));
#4475=CARTESIAN_POINT('',(0.0065211763885811,-3.46944695195361E-18,0.00336137718980048));
#4476=CARTESIAN_POINT('',(0.0068016811606815,-0.00675,0.00281734858369186));
#4477=CARTESIAN_POINT('',(0.00560105375047297,-0.0135,0.00473843803311476));
#4478=CARTESIAN_POINT('',(0.00560105375047297,-3.64291929955129E-17,0.00473843803311476));
#4479=CARTESIAN_POINT('',(0.0056500105120531,-0.0135,0.00477984496629182));
#4480=CARTESIAN_POINT('',(0.0056500105120531,-3.64291929955129E-17,0.00477984496629182));
#4481=CARTESIAN_POINT('',(0.00573167269948072,-0.0135,0.00484878985960615));
#4482=CARTESIAN_POINT('',(0.00573167269948072,-3.29597460435593E-17,0.00484878985960615));
#4483=CARTESIAN_POINT('',(0.00574916488068523,-0.0135,0.00486332406722932));
#4484=CARTESIAN_POINT('',(0.00574916488068523,-3.29597460435593E-17,0.00486332406722932));
#4485=CARTESIAN_POINT('',(0.00578608995480683,-0.0135,0.00488927817222134));
#4486=CARTESIAN_POINT('',(0.00578608995480683,-4.33680868994202E-17,0.00488927817222134));
#4487=CARTESIAN_POINT('',(0.00584611378968518,-0.0135,0.00492574664928499));
#4488=CARTESIAN_POINT('',(0.00584611378968518,-3.46944695195361E-17,0.00492574664928499));
#4489=CARTESIAN_POINT('',(0.00594117270997977,-0.0135,0.00497655913110333));
#4490=CARTESIAN_POINT('',(0.00594117270997977,-3.29597460435593E-17,0.00497655913110333));
#4491=CARTESIAN_POINT('',(0.00608358165894591,-0.0135,0.00504043747749486));
#4492=CARTESIAN_POINT('',(0.00608358165894591,-3.81639164714898E-17,0.00504043747749486));
#4493=CARTESIAN_POINT('',(0.00628344571037683,-0.0135,0.00511090170992197));
#4494=CARTESIAN_POINT('',(0.00628344571037683,-2.94902990916057E-17,0.00511090170992197));
#4495=CARTESIAN_POINT('',(0.00650746297987899,-0.0135,0.00517166744321793));
#4496=CARTESIAN_POINT('',(0.00650746297987899,-3.64291929955129E-17,0.00517166744321793));
#4497=CARTESIAN_POINT('',(0.00683320965816689,-0.0135,0.00523697393699443));
#4498=CARTESIAN_POINT('',(0.00683320965816689,-3.46944695195361E-17,0.00523697393699443));
#4499=CARTESIAN_POINT('',(0.00710473988096684,-0.0135,0.00526431265824924));
#4500=CARTESIAN_POINT('',(0.00710473988096684,-3.64291929955129E-17,0.00526431265824924));
#4501=CARTESIAN_POINT('',(0.00729325961101075,-0.0135,0.00527336365580825));
#4502=CARTESIAN_POINT('',(0.00729325961101075,-3.64291929955129E-17,0.00527336365580825));
#4503=CARTESIAN_POINT('',(0.00560105375014737,-0.0135,0.00473843803283938));
#4504=CARTESIAN_POINT('',(0.00473843803311476,-0.0135,0.00560105375047297));
#4505=CARTESIAN_POINT('',(0.00473843803311476,-3.64291929955129E-17,0.00560105375047297));
#4506=CARTESIAN_POINT('',(0.00477984496629182,-0.0135,0.0056500105120531));
#4507=CARTESIAN_POINT('',(0.00477984496629182,-3.64291929955129E-17,0.0056500105120531));
#4508=CARTESIAN_POINT('',(0.00484878985960615,-0.0135,0.00573167269948072));
#4509=CARTESIAN_POINT('',(0.00484878985960615,-3.29597460435593E-17,0.00573167269948072));
#4510=CARTESIAN_POINT('',(0.00486332406722932,-0.0135,0.00574916488068523));
#4511=CARTESIAN_POINT('',(0.00486332406722932,-3.29597460435593E-17,0.00574916488068523));
#4512=CARTESIAN_POINT('',(0.00488927817222134,-0.0135,0.00578608995480683));
#4513=CARTESIAN_POINT('',(0.00488927817222134,-4.33680868994202E-17,0.00578608995480683));
#4514=CARTESIAN_POINT('',(0.00492574664928499,-0.0135,0.00584611378968518));
#4515=CARTESIAN_POINT('',(0.00492574664928499,-3.46944695195361E-17,0.00584611378968518));
#4516=CARTESIAN_POINT('',(0.00497655913110333,-0.0135,0.00594117270997977));
#4517=CARTESIAN_POINT('',(0.00497655913110333,-3.29597460435593E-17,0.00594117270997977));
#4518=CARTESIAN_POINT('',(0.00504043747749486,-0.0135,0.00608358165894592));
#4519=CARTESIAN_POINT('',(0.00504043747749486,-3.81639164714898E-17,0.00608358165894592));
#4520=CARTESIAN_POINT('',(0.00511090170992197,-0.0135,0.00628344571037683));
#4521=CARTESIAN_POINT('',(0.00511090170992197,-2.94902990916057E-17,0.00628344571037683));
#4522=CARTESIAN_POINT('',(0.00517166744321794,-0.0135,0.00650746297987899));
#4523=CARTESIAN_POINT('',(0.00517166744321794,-3.64291929955129E-17,0.00650746297987899));
#4524=CARTESIAN_POINT('',(0.00523697393699443,-0.0135,0.00683320965816689));
#4525=CARTESIAN_POINT('',(0.00523697393699443,-3.46944695195361E-17,0.00683320965816689));
#4526=CARTESIAN_POINT('',(0.00526431265824924,-0.0135,0.00710473988096684));
#4527=CARTESIAN_POINT('',(0.00526431265824924,-3.64291929955129E-17,0.00710473988096684));
#4528=CARTESIAN_POINT('',(0.00527336365580825,-0.0135,0.00729325961101075));
#4529=CARTESIAN_POINT('',(0.00527336365580825,-3.64291929955129E-17,0.00729325961101075));
#4530=CARTESIAN_POINT('',(0.00473843803283938,-3.46944695195361E-18,0.00560105375014737));
#4531=CARTESIAN_POINT('',(0.00520578138484513,-0.00675,0.00520578138484513));
#4532=CARTESIAN_POINT('',(-0.00731112475419748,-0.0135,0.000609961423302083));
#4533=CARTESIAN_POINT('',(-0.00731112475419748,-1.73472347597681E-18,0.000609961423302083));
#4534=CARTESIAN_POINT('',(-0.00737502153553336,-0.0135,0.000615299958162698));
#4535=CARTESIAN_POINT('',(-0.00737502153553336,-1.73472347597681E-18,0.000615299958162698));
#4536=CARTESIAN_POINT('',(-0.0074815168236207,-0.0135,0.000624292443068544));
#4537=CARTESIAN_POINT('',(-0.0074815168236207,-5.20417042793042E-18,0.000624292443068544));
#4538=CARTESIAN_POINT('',(-0.00750416290033767,-0.0135,0.000626384046246482));
#4539=CARTESIAN_POINT('',(-0.00750416290033767,-5.20417042793042E-18,0.000626384046246482));
#4540=CARTESIAN_POINT('',(-0.00754862519428434,-0.0135,0.000634141692914199));
#4541=CARTESIAN_POINT('',(-0.00754862519428434,0.,0.000634141692914199));
#4542=CARTESIAN_POINT('',(-0.00761685556239092,-0.0135,0.000650797846158252));
#4543=CARTESIAN_POINT('',(-0.00761685556239092,-1.04083408558608E-17,0.000650797846158252));
#4544=CARTESIAN_POINT('',(-0.00772000222000614,-0.0135,0.000682084802848151));
#4545=CARTESIAN_POINT('',(-0.00772000222000614,-3.46944695195361E-18,0.000682084802848151));
#4546=CARTESIAN_POINT('',(-0.00786586936542619,-0.0135,0.000737614324459341));
#4547=CARTESIAN_POINT('',(-0.00786586936542619,1.73472347597681E-18,0.000737614324459341));
#4548=CARTESIAN_POINT('',(-0.00805702032808872,-0.0135,0.000829113813961235));
#4549=CARTESIAN_POINT('',(-0.00805702032808872,-1.73472347597681E-18,0.000829113813961235));
#4550=CARTESIAN_POINT('',(-0.00825839232053394,-0.0135,0.000944550082251759));
#4551=CARTESIAN_POINT('',(-0.00825839232053394,-3.46944695195361E-18,0.000944550082251759));
#4552=CARTESIAN_POINT('',(-0.00853490867030521,-0.0135,0.00112870910281325));
#4553=CARTESIAN_POINT('',(-0.00853490867030521,-3.46944695195361E-18,0.00112870910281325));
#4554=CARTESIAN_POINT('',(-0.00874624092733235,-0.0135,0.00130137856946392));
#4555=CARTESIAN_POINT('',(-0.00874624092733235,-5.20417042793042E-18,0.00130137856946392));
#4556=CARTESIAN_POINT('',(-0.00888594452858436,-0.0135,0.00142828212721497));
#4557=CARTESIAN_POINT('',(-0.00888594452858436,-5.20417042793042E-18,0.00142828212721497));
#4558=CARTESIAN_POINT('',(-0.00731112475377252,-0.0135,0.000609961423266578));
#4559=CARTESIAN_POINT('',(-0.00731112475419748,-0.0135,-0.000609961423302082));
#4560=CARTESIAN_POINT('',(-0.00731112475419748,1.21430643318376E-17,-0.000609961423302082));
#4561=CARTESIAN_POINT('',(-0.00737502153553336,-0.0135,-0.000615299958162697));
#4562=CARTESIAN_POINT('',(-0.00737502153553336,1.21430643318376E-17,-0.000615299958162697));
#4563=CARTESIAN_POINT('',(-0.0074815168236207,-0.0135,-0.000624292443068543));
#4564=CARTESIAN_POINT('',(-0.0074815168236207,8.67361737988404E-18,-0.000624292443068543));
#4565=CARTESIAN_POINT('',(-0.00750416290033768,-0.0135,-0.000626384046246481));
#4566=CARTESIAN_POINT('',(-0.00750416290033768,1.38777878078145E-17,-0.000626384046246481));
#4567=CARTESIAN_POINT('',(-0.00754862519428434,-0.0135,-0.000634141692914197));
#4568=CARTESIAN_POINT('',(-0.00754862519428434,1.73472347597681E-18,-0.000634141692914197));
#4569=CARTESIAN_POINT('',(-0.00761685556239092,-0.0135,-0.00065079784615825));
#4570=CARTESIAN_POINT('',(-0.00761685556239092,1.38777878078145E-17,-0.00065079784615825));
#4571=CARTESIAN_POINT('',(-0.00772000222000615,-0.0135,-0.00068208480284815));
#4572=CARTESIAN_POINT('',(-0.00772000222000615,8.67361737988404E-18,-0.00068208480284815));
#4573=CARTESIAN_POINT('',(-0.00786586936542619,-0.0135,-0.000737614324459338));
#4574=CARTESIAN_POINT('',(-0.00786586936542619,1.04083408558608E-17,-0.000737614324459338));
#4575=CARTESIAN_POINT('',(-0.00805702032808872,-0.0135,-0.000829113813961233));
#4576=CARTESIAN_POINT('',(-0.00805702032808872,1.21430643318376E-17,-0.000829113813961233));
#4577=CARTESIAN_POINT('',(-0.00825839232053394,-0.0135,-0.000944550082251758));
#4578=CARTESIAN_POINT('',(-0.00825839232053394,1.04083408558608E-17,-0.000944550082251758));
#4579=CARTESIAN_POINT('',(-0.00853490867030521,-0.0135,-0.00112870910281325));
#4580=CARTESIAN_POINT('',(-0.00853490867030521,1.04083408558608E-17,-0.00112870910281325));
#4581=CARTESIAN_POINT('',(-0.00874624092733235,-0.0135,-0.00130137856946391));
#4582=CARTESIAN_POINT('',(-0.00874624092733235,8.67361737988404E-18,-0.00130137856946391));
#4583=CARTESIAN_POINT('',(-0.00888594452858436,-0.0135,-0.00142828212721497));
#4584=CARTESIAN_POINT('',(-0.00888594452858436,8.67361737988404E-18,-0.00142828212721497));
#4585=CARTESIAN_POINT('',(-0.00731112475377252,-3.46944695195361E-18,-0.000609961423266576));
#4586=CARTESIAN_POINT('',(-0.00736208663719738,-0.00675,1.01001580077748E-18));
#4587=CARTESIAN_POINT('',(-0.00652117638896012,-0.0135,0.00336137718999591));
#4588=CARTESIAN_POINT('',(-0.00652117638896012,3.46944695195361E-18,0.00336137718999591));
#4589=CARTESIAN_POINT('',(-0.00657816634858544,-0.0135,0.00339076159268593));
#4590=CARTESIAN_POINT('',(-0.00657816634858544,3.46944695195361E-18,0.00339076159268593));
#4591=CARTESIAN_POINT('',(-0.00667311389056896,-0.0135,0.00343982354781283));
#4592=CARTESIAN_POINT('',(-0.00667311389056896,-3.46944695195361E-18,0.00343982354781283));
#4593=CARTESIAN_POINT('',(-0.00669323571545618,-0.0135,0.00345042221554672));
#4594=CARTESIAN_POINT('',(-0.00669323571545618,1.04083408558608E-17,0.00345042221554672));
#4595=CARTESIAN_POINT('',(-0.00673134479594812,-0.0135,0.00347460432978181));
#4596=CARTESIAN_POINT('',(-0.00673134479594812,-1.73472347597681E-18,0.00347460432978181));
#4597=CARTESIAN_POINT('',(-0.00678800740264407,-0.0135,0.00351610324031292));
#4598=CARTESIAN_POINT('',(-0.00678800740264407,1.73472347597681E-18,0.00351610324031292));
#4599=CARTESIAN_POINT('',(-0.00687132948848737,-0.0135,0.00358448113620647));
#4600=CARTESIAN_POINT('',(-0.00687132948848737,8.67361737988404E-18,0.00358448113620647));
#4601=CARTESIAN_POINT('',(-0.00698484293067905,-0.0135,0.00369160466455183));
#4602=CARTESIAN_POINT('',(-0.00698484293067905,0.,0.00369160466455183));
#4603=CARTESIAN_POINT('',(-0.00712642805400055,-0.0135,0.00384928947662945));
#4604=CARTESIAN_POINT('',(-0.00712642805400055,8.67361737988404E-18,0.00384928947662945));
#4605=CARTESIAN_POINT('',(-0.00726829596887287,-0.0135,0.00403300040746368));
#4606=CARTESIAN_POINT('',(-0.00726829596887287,3.46944695195361E-18,0.00403300040746368));
#4607=CARTESIAN_POINT('',(-0.0074532891587418,-0.0135,0.00430895938312328));
#4608=CARTESIAN_POINT('',(-0.0074532891587418,8.67361737988404E-18,0.00430895938312328));
#4609=CARTESIAN_POINT('',(-0.00758245696140604,-0.0135,0.00454935852274014));
#4610=CARTESIAN_POINT('',(-0.00758245696140604,1.73472347597681E-18,0.00454935852274014));
#4611=CARTESIAN_POINT('',(-0.00766296237016141,-0.0135,0.00472006437599004));
#4612=CARTESIAN_POINT('',(-0.00766296237016141,1.73472347597681E-18,0.00472006437599004));
#4613=CARTESIAN_POINT('',(-0.0065211763885811,-0.0135,0.00336137718980049));
#4614=CARTESIAN_POINT('',(-0.0069880206511192,-0.0135,0.00223431544077542));
#4615=CARTESIAN_POINT('',(-0.0069880206511192,0.,0.00223431544077542));
#4616=CARTESIAN_POINT('',(-0.00704909654843303,-0.0135,0.00225383551728279));
#4617=CARTESIAN_POINT('',(-0.00704909654843303,0.,0.00225383551728279));
#4618=CARTESIAN_POINT('',(-0.00715092664039507,-0.0135,0.00228628152690784));
#4619=CARTESIAN_POINT('',(-0.00715092664039507,-3.46944695195361E-18,0.00228628152690784));
#4620=CARTESIAN_POINT('',(-0.00717264930904885,-0.0135,0.00229301541590926));
#4621=CARTESIAN_POINT('',(-0.00717264930904885,5.20417042793042E-18,0.00229301541590926));
#4622=CARTESIAN_POINT('',(-0.00721669583524855,-0.0135,0.00230286326819085));
#4623=CARTESIAN_POINT('',(-0.00721669583524855,-1.04083408558608E-17,0.00230286326819085));
#4624=CARTESIAN_POINT('',(-0.00728610650973136,-0.0135,0.00231358562057685));
#4625=CARTESIAN_POINT('',(-0.00728610650973136,-1.73472347597681E-18,0.00231358562057685));
#4626=CARTESIAN_POINT('',(-0.00739337459552337,-0.0135,0.00232415275862966));
#4627=CARTESIAN_POINT('',(-0.00739337459552337,3.46944695195361E-18,0.00232415275862966));
#4628=CARTESIAN_POINT('',(-0.00754938849357057,-0.0135,0.00232867111004158));
#4629=CARTESIAN_POINT('',(-0.00754938849357057,-6.93889390390723E-18,0.00232867111004158));
#4630=CARTESIAN_POINT('',(-0.00776100429429653,-0.0135,0.00231728691094714));
#4631=CARTESIAN_POINT('',(-0.00776100429429653,-1.73472347597681E-18,0.00231728691094714));
#4632=CARTESIAN_POINT('',(-0.00799122330390654,-0.0135,0.00228769943061518));
#4633=CARTESIAN_POINT('',(-0.00799122330390654,-3.46944695195361E-18,0.00228769943061518));
#4634=CARTESIAN_POINT('',(-0.00831716570595437,-0.0135,0.00222337690662662));
#4635=CARTESIAN_POINT('',(-0.00831716570595437,-1.73472347597681E-18,0.00222337690662662));
#4636=CARTESIAN_POINT('',(-0.00857848899694375,-0.0135,0.00214472447398705));
#4637=CARTESIAN_POINT('',(-0.00857848899694375,-3.46944695195361E-18,0.00214472447398705));
#4638=CARTESIAN_POINT('',(-0.00875612218381808,-0.0135,0.00208094312801886));
#4639=CARTESIAN_POINT('',(-0.00875612218381808,-3.46944695195361E-18,0.00208094312801886));
#4640=CARTESIAN_POINT('',(-0.006988020650713,-3.46944695195361E-18,0.0022343154406456));
#4641=CARTESIAN_POINT('',(-0.0068016811606815,-0.00675,0.00281734858369186));
#4642=CARTESIAN_POINT('',(-0.00223431544077542,-0.0135,0.0069880206511192));
#4643=CARTESIAN_POINT('',(-0.00223431544077542,-1.73472347597681E-18,0.0069880206511192));
#4644=CARTESIAN_POINT('',(-0.00225383551728279,-0.0135,0.00704909654843303));
#4645=CARTESIAN_POINT('',(-0.00225383551728279,-3.46944695195361E-18,0.00704909654843303));
#4646=CARTESIAN_POINT('',(-0.00228628152690784,-0.0135,0.00715092664039508));
#4647=CARTESIAN_POINT('',(-0.00228628152690784,0.,0.00715092664039508));
#4648=CARTESIAN_POINT('',(-0.00229301541590926,-0.0135,0.00717264930904884));
#4649=CARTESIAN_POINT('',(-0.00229301541590926,5.20417042793042E-18,0.00717264930904884));
#4650=CARTESIAN_POINT('',(-0.00230286326819084,-0.0135,0.00721669583524855));
#4651=CARTESIAN_POINT('',(-0.00230286326819084,-5.20417042793042E-18,0.00721669583524855));
#4652=CARTESIAN_POINT('',(-0.00231358562057684,-0.0135,0.00728610650973135));
#4653=CARTESIAN_POINT('',(-0.00231358562057684,-1.73472347597681E-18,0.00728610650973135));
#4654=CARTESIAN_POINT('',(-0.00232415275862966,-0.0135,0.00739337459552337));
#4655=CARTESIAN_POINT('',(-0.00232415275862966,0.,0.00739337459552337));
#4656=CARTESIAN_POINT('',(-0.00232867111004158,-0.0135,0.00754938849357056));
#4657=CARTESIAN_POINT('',(-0.00232867111004158,-5.20417042793042E-18,0.00754938849357056));
#4658=CARTESIAN_POINT('',(-0.00231728691094714,-0.0135,0.00776100429429654));
#4659=CARTESIAN_POINT('',(-0.00231728691094714,3.46944695195361E-18,0.00776100429429654));
#4660=CARTESIAN_POINT('',(-0.00228769943061518,-0.0135,0.00799122330390654));
#4661=CARTESIAN_POINT('',(-0.00228769943061518,-3.46944695195361E-18,0.00799122330390654));
#4662=CARTESIAN_POINT('',(-0.00222337690662662,-0.0135,0.00831716570595437));
#4663=CARTESIAN_POINT('',(-0.00222337690662662,0.,0.00831716570595437));
#4664=CARTESIAN_POINT('',(-0.00214472447398705,-0.0135,0.00857848899694375));
#4665=CARTESIAN_POINT('',(-0.00214472447398705,-3.46944695195361E-18,0.00857848899694375));
#4666=CARTESIAN_POINT('',(-0.00208094312801886,-0.0135,0.00875612218381808));
#4667=CARTESIAN_POINT('',(-0.00208094312801886,-1.73472347597681E-18,0.00875612218381808));
#4668=CARTESIAN_POINT('',(-0.0022343154406456,-0.0135,0.006988020650713));
#4669=CARTESIAN_POINT('',(-0.00336137718999591,-0.0135,0.00652117638896012));
#4670=CARTESIAN_POINT('',(-0.00336137718999591,1.56125112837913E-17,0.00652117638896012));
#4671=CARTESIAN_POINT('',(-0.00339076159268593,-0.0135,0.00657816634858543));
#4672=CARTESIAN_POINT('',(-0.00339076159268593,1.56125112837913E-17,0.00657816634858543));
#4673=CARTESIAN_POINT('',(-0.00343982354781283,-0.0135,0.00667311389056896));
#4674=CARTESIAN_POINT('',(-0.00343982354781283,1.56125112837913E-17,0.00667311389056896));
#4675=CARTESIAN_POINT('',(-0.00345042221554672,-0.0135,0.00669323571545618));
#4676=CARTESIAN_POINT('',(-0.00345042221554672,2.42861286636753E-17,0.00669323571545618));
#4677=CARTESIAN_POINT('',(-0.00347460432978181,-0.0135,0.00673134479594813));
#4678=CARTESIAN_POINT('',(-0.00347460432978181,1.04083408558608E-17,0.00673134479594813));
#4679=CARTESIAN_POINT('',(-0.00351610324031292,-0.0135,0.00678800740264406));
#4680=CARTESIAN_POINT('',(-0.00351610324031292,8.67361737988404E-18,0.00678800740264406));
#4681=CARTESIAN_POINT('',(-0.00358448113620646,-0.0135,0.00687132948848739));
#4682=CARTESIAN_POINT('',(-0.00358448113620646,8.67361737988404E-18,0.00687132948848739));
#4683=CARTESIAN_POINT('',(-0.00369160466455183,-0.0135,0.00698484293067905));
#4684=CARTESIAN_POINT('',(-0.00369160466455183,1.56125112837913E-17,0.00698484293067905));
#4685=CARTESIAN_POINT('',(-0.00384928947662945,-0.0135,0.00712642805400055));
#4686=CARTESIAN_POINT('',(-0.00384928947662945,1.56125112837913E-17,0.00712642805400055));
#4687=CARTESIAN_POINT('',(-0.00403300040746368,-0.0135,0.00726829596887287));
#4688=CARTESIAN_POINT('',(-0.00403300040746368,1.56125112837913E-17,0.00726829596887287));
#4689=CARTESIAN_POINT('',(-0.00430895938312329,-0.0135,0.00745328915874181));
#4690=CARTESIAN_POINT('',(-0.00430895938312329,1.04083408558608E-17,0.00745328915874181));
#4691=CARTESIAN_POINT('',(-0.00454935852274013,-0.0135,0.00758245696140604));
#4692=CARTESIAN_POINT('',(-0.00454935852274013,1.38777878078145E-17,0.00758245696140604));
#4693=CARTESIAN_POINT('',(-0.00472006437599004,-0.0135,0.00766296237016141));
#4694=CARTESIAN_POINT('',(-0.00472006437599004,1.38777878078145E-17,0.00766296237016141));
#4695=CARTESIAN_POINT('',(-0.00336137718980048,-3.46944695195361E-18,0.0065211763885811));
#4696=CARTESIAN_POINT('',(-0.00281734858369186,-0.00675,0.00680168116068151));
#4697=CARTESIAN_POINT('',(-0.00473843803311476,-0.0135,0.00560105375047297));
#4698=CARTESIAN_POINT('',(-0.00473843803311476,-3.64291929955129E-17,0.00560105375047297));
#4699=CARTESIAN_POINT('',(-0.00477984496629182,-0.0135,0.0056500105120531));
#4700=CARTESIAN_POINT('',(-0.00477984496629182,-3.64291929955129E-17,0.0056500105120531));
#4701=CARTESIAN_POINT('',(-0.00484878985960615,-0.0135,0.00573167269948072));
#4702=CARTESIAN_POINT('',(-0.00484878985960615,-3.29597460435593E-17,0.00573167269948072));
#4703=CARTESIAN_POINT('',(-0.00486332406722932,-0.0135,0.00574916488068523));
#4704=CARTESIAN_POINT('',(-0.00486332406722932,-3.29597460435593E-17,0.00574916488068523));
#4705=CARTESIAN_POINT('',(-0.00488927817222134,-0.0135,0.00578608995480683));
#4706=CARTESIAN_POINT('',(-0.00488927817222134,-4.33680868994202E-17,0.00578608995480683));
#4707=CARTESIAN_POINT('',(-0.00492574664928499,-0.0135,0.00584611378968518));
#4708=CARTESIAN_POINT('',(-0.00492574664928499,-3.46944695195361E-17,0.00584611378968518));
#4709=CARTESIAN_POINT('',(-0.00497655913110333,-0.0135,0.00594117270997977));
#4710=CARTESIAN_POINT('',(-0.00497655913110333,-3.29597460435593E-17,0.00594117270997977));
#4711=CARTESIAN_POINT('',(-0.00504043747749486,-0.0135,0.00608358165894591));
#4712=CARTESIAN_POINT('',(-0.00504043747749486,-3.81639164714898E-17,0.00608358165894591));
#4713=CARTESIAN_POINT('',(-0.00511090170992197,-0.0135,0.00628344571037683));
#4714=CARTESIAN_POINT('',(-0.00511090170992197,-2.94902990916057E-17,0.00628344571037683));
#4715=CARTESIAN_POINT('',(-0.00517166744321793,-0.0135,0.00650746297987899));
#4716=CARTESIAN_POINT('',(-0.00517166744321793,-3.64291929955129E-17,0.00650746297987899));
#4717=CARTESIAN_POINT('',(-0.00523697393699443,-0.0135,0.00683320965816689));
#4718=CARTESIAN_POINT('',(-0.00523697393699443,-3.46944695195361E-17,0.00683320965816689));
#4719=CARTESIAN_POINT('',(-0.00526431265824924,-0.0135,0.00710473988096684));
#4720=CARTESIAN_POINT('',(-0.00526431265824924,-3.64291929955129E-17,0.00710473988096684));
#4721=CARTESIAN_POINT('',(-0.00527336365580825,-0.0135,0.00729325961101075));
#4722=CARTESIAN_POINT('',(-0.00527336365580825,-3.64291929955129E-17,0.00729325961101075));
#4723=CARTESIAN_POINT('',(-0.00473843803283938,-0.0135,0.00560105375014737));
#4724=CARTESIAN_POINT('',(-0.00560105375047297,-0.0135,0.00473843803311476));
#4725=CARTESIAN_POINT('',(-0.00560105375047297,-3.64291929955129E-17,0.00473843803311476));
#4726=CARTESIAN_POINT('',(-0.0056500105120531,-0.0135,0.00477984496629182));
#4727=CARTESIAN_POINT('',(-0.0056500105120531,-3.64291929955129E-17,0.00477984496629182));
#4728=CARTESIAN_POINT('',(-0.00573167269948072,-0.0135,0.00484878985960615));
#4729=CARTESIAN_POINT('',(-0.00573167269948072,-3.29597460435593E-17,0.00484878985960615));
#4730=CARTESIAN_POINT('',(-0.00574916488068523,-0.0135,0.00486332406722932));
#4731=CARTESIAN_POINT('',(-0.00574916488068523,-3.29597460435593E-17,0.00486332406722932));
#4732=CARTESIAN_POINT('',(-0.00578608995480683,-0.0135,0.00488927817222134));
#4733=CARTESIAN_POINT('',(-0.00578608995480683,-4.33680868994202E-17,0.00488927817222134));
#4734=CARTESIAN_POINT('',(-0.00584611378968518,-0.0135,0.00492574664928499));
#4735=CARTESIAN_POINT('',(-0.00584611378968518,-3.46944695195361E-17,0.00492574664928499));
#4736=CARTESIAN_POINT('',(-0.00594117270997977,-0.0135,0.00497655913110333));
#4737=CARTESIAN_POINT('',(-0.00594117270997977,-3.29597460435593E-17,0.00497655913110333));
#4738=CARTESIAN_POINT('',(-0.00608358165894592,-0.0135,0.00504043747749486));
#4739=CARTESIAN_POINT('',(-0.00608358165894592,-3.81639164714898E-17,0.00504043747749486));
#4740=CARTESIAN_POINT('',(-0.00628344571037683,-0.0135,0.00511090170992197));
#4741=CARTESIAN_POINT('',(-0.00628344571037683,-2.94902990916057E-17,0.00511090170992197));
#4742=CARTESIAN_POINT('',(-0.00650746297987899,-0.0135,0.00517166744321794));
#4743=CARTESIAN_POINT('',(-0.00650746297987899,-3.64291929955129E-17,0.00517166744321794));
#4744=CARTESIAN_POINT('',(-0.00683320965816689,-0.0135,0.00523697393699443));
#4745=CARTESIAN_POINT('',(-0.00683320965816689,-3.46944695195361E-17,0.00523697393699443));
#4746=CARTESIAN_POINT('',(-0.00710473988096684,-0.0135,0.00526431265824924));
#4747=CARTESIAN_POINT('',(-0.00710473988096684,-3.64291929955129E-17,0.00526431265824924));
#4748=CARTESIAN_POINT('',(-0.00729325961101075,-0.0135,0.00527336365580825));
#4749=CARTESIAN_POINT('',(-0.00729325961101075,-3.64291929955129E-17,0.00527336365580825));
#4750=CARTESIAN_POINT('',(-0.00560105375014737,-3.46944695195361E-18,0.00473843803283938));
#4751=CARTESIAN_POINT('',(-0.00520578138484513,-0.00675,0.00520578138484513));
#4752=CARTESIAN_POINT('',(-0.000609961423302084,-0.0135,-0.00731112475419748));
#4753=CARTESIAN_POINT('',(-0.000609961423302084,-1.38777878078145E-17,-0.00731112475419748));
#4754=CARTESIAN_POINT('',(-0.000615299958162699,-0.0135,-0.00737502153553336));
#4755=CARTESIAN_POINT('',(-0.000615299958162699,-1.38777878078145E-17,-0.00737502153553336));
#4756=CARTESIAN_POINT('',(-0.000624292443068545,-0.0135,-0.0074815168236207));
#4757=CARTESIAN_POINT('',(-0.000624292443068545,-1.38777878078145E-17,-0.0074815168236207));
#4758=CARTESIAN_POINT('',(-0.000626384046246483,-0.0135,-0.00750416290033767));
#4759=CARTESIAN_POINT('',(-0.000626384046246483,-3.46944695195361E-18,-0.00750416290033767));
#4760=CARTESIAN_POINT('',(-0.0006341416929142,-0.0135,-0.00754862519428434));
#4761=CARTESIAN_POINT('',(-0.0006341416929142,-1.90819582357449E-17,-0.00754862519428434));
#4762=CARTESIAN_POINT('',(-0.000650797846158251,-0.0135,-0.00761685556239092));
#4763=CARTESIAN_POINT('',(-0.000650797846158251,-6.93889390390723E-18,-0.00761685556239092));
#4764=CARTESIAN_POINT('',(-0.000682084802848152,-0.0135,-0.00772000222000615));
#4765=CARTESIAN_POINT('',(-0.000682084802848152,-1.21430643318376E-17,-0.00772000222000615));
#4766=CARTESIAN_POINT('',(-0.00073761432445934,-0.0135,-0.00786586936542619));
#4767=CARTESIAN_POINT('',(-0.00073761432445934,-1.04083408558608E-17,-0.00786586936542619));
#4768=CARTESIAN_POINT('',(-0.000829113813961237,-0.0135,-0.00805702032808872));
#4769=CARTESIAN_POINT('',(-0.000829113813961237,-8.67361737988404E-18,-0.00805702032808872));
#4770=CARTESIAN_POINT('',(-0.000944550082251759,-0.0135,-0.00825839232053394));
#4771=CARTESIAN_POINT('',(-0.000944550082251759,-1.04083408558608E-17,-0.00825839232053394));
#4772=CARTESIAN_POINT('',(-0.00112870910281325,-0.0135,-0.00853490867030521));
#4773=CARTESIAN_POINT('',(-0.00112870910281325,-1.04083408558608E-17,-0.00853490867030521));
#4774=CARTESIAN_POINT('',(-0.00130137856946391,-0.0135,-0.00874624092733235));
#4775=CARTESIAN_POINT('',(-0.00130137856946391,-1.21430643318376E-17,-0.00874624092733235));
#4776=CARTESIAN_POINT('',(-0.00142828212721497,-0.0135,-0.00888594452858436));
#4777=CARTESIAN_POINT('',(-0.00142828212721497,-1.21430643318376E-17,-0.00888594452858436));
#4778=CARTESIAN_POINT('',(-0.000609961423266578,-0.0135,-0.00731112475377252));
#4779=CARTESIAN_POINT('',(0.000609961423302081,-0.0135,-0.00731112475419748));
#4780=CARTESIAN_POINT('',(0.000609961423302081,-1.73472347597681E-18,-0.00731112475419748));
#4781=CARTESIAN_POINT('',(0.000615299958162696,-0.0135,-0.00737502153553336));
#4782=CARTESIAN_POINT('',(0.000615299958162696,-1.73472347597681E-18,-0.00737502153553336));
#4783=CARTESIAN_POINT('',(0.000624292443068542,-0.0135,-0.0074815168236207));
#4784=CARTESIAN_POINT('',(0.000624292443068542,-5.20417042793042E-18,-0.0074815168236207));
#4785=CARTESIAN_POINT('',(0.00062638404624648,-0.0135,-0.00750416290033767));
#4786=CARTESIAN_POINT('',(0.00062638404624648,-5.20417042793042E-18,-0.00750416290033767));
#4787=CARTESIAN_POINT('',(0.000634141692914196,-0.0135,-0.00754862519428434));
#4788=CARTESIAN_POINT('',(0.000634141692914196,0.,-0.00754862519428434));
#4789=CARTESIAN_POINT('',(0.00065079784615825,-0.0135,-0.00761685556239092));
#4790=CARTESIAN_POINT('',(0.00065079784615825,-1.04083408558608E-17,-0.00761685556239092));
#4791=CARTESIAN_POINT('',(0.000682084802848149,-0.0135,-0.00772000222000614));
#4792=CARTESIAN_POINT('',(0.000682084802848149,-3.46944695195361E-18,-0.00772000222000614));
#4793=CARTESIAN_POINT('',(0.000737614324459337,-0.0135,-0.00786586936542619));
#4794=CARTESIAN_POINT('',(0.000737614324459337,1.73472347597681E-18,-0.00786586936542619));
#4795=CARTESIAN_POINT('',(0.000829113813961233,-0.0135,-0.00805702032808872));
#4796=CARTESIAN_POINT('',(0.000829113813961233,-1.73472347597681E-18,-0.00805702032808872));
#4797=CARTESIAN_POINT('',(0.000944550082251756,-0.0135,-0.00825839232053394));
#4798=CARTESIAN_POINT('',(0.000944550082251756,-3.46944695195361E-18,-0.00825839232053394));
#4799=CARTESIAN_POINT('',(0.00112870910281325,-0.0135,-0.00853490867030521));
#4800=CARTESIAN_POINT('',(0.00112870910281325,-3.46944695195361E-18,-0.00853490867030521));
#4801=CARTESIAN_POINT('',(0.0013013785694639,-0.0135,-0.00874624092733235));
#4802=CARTESIAN_POINT('',(0.0013013785694639,-5.20417042793042E-18,-0.00874624092733235));
#4803=CARTESIAN_POINT('',(0.00142828212721497,-0.0135,-0.00888594452858436));
#4804=CARTESIAN_POINT('',(0.00142828212721497,-5.20417042793042E-18,-0.00888594452858436));
#4805=CARTESIAN_POINT('',(0.000609961423266576,-3.46944695195361E-18,-0.00731112475377252));
#4806=CARTESIAN_POINT('',(-1.46081359254194E-18,-0.00675,-0.00736208663719738));
#4807=CARTESIAN_POINT('',(-0.00336137718999591,-0.0135,-0.00652117638896012));
#4808=CARTESIAN_POINT('',(-0.00336137718999591,-1.56125112837913E-17,-0.00652117638896012));
#4809=CARTESIAN_POINT('',(-0.00339076159268593,-0.0135,-0.00657816634858543));
#4810=CARTESIAN_POINT('',(-0.00339076159268593,-1.56125112837913E-17,-0.00657816634858543));
#4811=CARTESIAN_POINT('',(-0.00343982354781283,-0.0135,-0.00667311389056896));
#4812=CARTESIAN_POINT('',(-0.00343982354781283,-1.56125112837913E-17,-0.00667311389056896));
#4813=CARTESIAN_POINT('',(-0.00345042221554671,-0.0135,-0.00669323571545618));
#4814=CARTESIAN_POINT('',(-0.00345042221554671,-2.08166817117217E-17,-0.00669323571545618));
#4815=CARTESIAN_POINT('',(-0.00347460432978181,-0.0135,-0.00673134479594813));
#4816=CARTESIAN_POINT('',(-0.00347460432978181,-1.73472347597681E-17,-0.00673134479594813));
#4817=CARTESIAN_POINT('',(-0.00351610324031291,-0.0135,-0.00678800740264406));
#4818=CARTESIAN_POINT('',(-0.00351610324031291,-1.90819582357449E-17,-0.00678800740264406));
#4819=CARTESIAN_POINT('',(-0.00358448113620647,-0.0135,-0.00687132948848739));
#4820=CARTESIAN_POINT('',(-0.00358448113620647,-1.90819582357449E-17,-0.00687132948848739));
#4821=CARTESIAN_POINT('',(-0.00369160466455182,-0.0135,-0.00698484293067905));
#4822=CARTESIAN_POINT('',(-0.00369160466455182,-2.08166817117217E-17,-0.00698484293067905));
#4823=CARTESIAN_POINT('',(-0.00384928947662945,-0.0135,-0.00712642805400055));
#4824=CARTESIAN_POINT('',(-0.00384928947662945,-1.21430643318376E-17,-0.00712642805400055));
#4825=CARTESIAN_POINT('',(-0.00403300040746368,-0.0135,-0.00726829596887287));
#4826=CARTESIAN_POINT('',(-0.00403300040746368,-1.38777878078145E-17,-0.00726829596887287));
#4827=CARTESIAN_POINT('',(-0.00430895938312329,-0.0135,-0.00745328915874181));
#4828=CARTESIAN_POINT('',(-0.00430895938312329,-2.25514051876985E-17,-0.00745328915874181));
#4829=CARTESIAN_POINT('',(-0.00454935852274013,-0.0135,-0.00758245696140604));
#4830=CARTESIAN_POINT('',(-0.00454935852274013,-1.73472347597681E-17,-0.00758245696140604));
#4831=CARTESIAN_POINT('',(-0.00472006437599004,-0.0135,-0.00766296237016141));
#4832=CARTESIAN_POINT('',(-0.00472006437599004,-1.73472347597681E-17,-0.00766296237016141));
#4833=CARTESIAN_POINT('',(-0.00336137718980048,-0.0135,-0.0065211763885811));
#4834=CARTESIAN_POINT('',(-0.00223431544077541,-0.0135,-0.0069880206511192));
#4835=CARTESIAN_POINT('',(-0.00223431544077541,-6.93889390390723E-18,-0.0069880206511192));
#4836=CARTESIAN_POINT('',(-0.00225383551728279,-0.0135,-0.00704909654843303));
#4837=CARTESIAN_POINT('',(-0.00225383551728279,-6.93889390390723E-18,-0.00704909654843303));
#4838=CARTESIAN_POINT('',(-0.00228628152690784,-0.0135,-0.00715092664039508));
#4839=CARTESIAN_POINT('',(-0.00228628152690784,-2.25514051876985E-17,-0.00715092664039508));
#4840=CARTESIAN_POINT('',(-0.00229301541590926,-0.0135,-0.00717264930904885));
#4841=CARTESIAN_POINT('',(-0.00229301541590926,1.73472347597681E-18,-0.00717264930904885));
#4842=CARTESIAN_POINT('',(-0.00230286326819084,-0.0135,-0.00721669583524856));
#4843=CARTESIAN_POINT('',(-0.00230286326819084,-1.73472347597681E-17,-0.00721669583524856));
#4844=CARTESIAN_POINT('',(-0.00231358562057684,-0.0135,-0.00728610650973135));
#4845=CARTESIAN_POINT('',(-0.00231358562057684,-1.04083408558608E-17,-0.00728610650973135));
#4846=CARTESIAN_POINT('',(-0.00232415275862966,-0.0135,-0.00739337459552337));
#4847=CARTESIAN_POINT('',(-0.00232415275862966,-3.46944695195361E-18,-0.00739337459552337));
#4848=CARTESIAN_POINT('',(-0.00232867111004158,-0.0135,-0.00754938849357056));
#4849=CARTESIAN_POINT('',(-0.00232867111004158,-1.73472347597681E-17,-0.00754938849357056));
#4850=CARTESIAN_POINT('',(-0.00231728691094714,-0.0135,-0.00776100429429654));
#4851=CARTESIAN_POINT('',(-0.00231728691094714,-6.93889390390723E-18,-0.00776100429429654));
#4852=CARTESIAN_POINT('',(-0.00228769943061517,-0.0135,-0.00799122330390654));
#4853=CARTESIAN_POINT('',(-0.00228769943061517,-1.04083408558608E-17,-0.00799122330390654));
#4854=CARTESIAN_POINT('',(-0.00222337690662662,-0.0135,-0.00831716570595437));
#4855=CARTESIAN_POINT('',(-0.00222337690662662,-3.46944695195361E-18,-0.00831716570595437));
#4856=CARTESIAN_POINT('',(-0.00214472447398704,-0.0135,-0.00857848899694375));
#4857=CARTESIAN_POINT('',(-0.00214472447398704,-1.04083408558608E-17,-0.00857848899694375));
#4858=CARTESIAN_POINT('',(-0.00208094312801886,-0.0135,-0.00875612218381808));
#4859=CARTESIAN_POINT('',(-0.00208094312801886,-1.04083408558608E-17,-0.00875612218381808));
#4860=CARTESIAN_POINT('',(-0.00223431544064559,-3.46944695195361E-18,-0.006988020650713));
#4861=CARTESIAN_POINT('',(-0.00281734858369185,-0.00675,-0.00680168116068151));
#4862=CARTESIAN_POINT('',(-0.0069880206511192,-0.0135,-0.00223431544077542));
#4863=CARTESIAN_POINT('',(-0.0069880206511192,-1.73472347597681E-18,-0.00223431544077542));
#4864=CARTESIAN_POINT('',(-0.00704909654843303,-0.0135,-0.00225383551728279));
#4865=CARTESIAN_POINT('',(-0.00704909654843303,-3.46944695195361E-18,-0.00225383551728279));
#4866=CARTESIAN_POINT('',(-0.00715092664039508,-0.0135,-0.00228628152690784));
#4867=CARTESIAN_POINT('',(-0.00715092664039508,0.,-0.00228628152690784));
#4868=CARTESIAN_POINT('',(-0.00717264930904884,-0.0135,-0.00229301541590926));
#4869=CARTESIAN_POINT('',(-0.00717264930904884,5.20417042793042E-18,-0.00229301541590926));
#4870=CARTESIAN_POINT('',(-0.00721669583524855,-0.0135,-0.00230286326819084));
#4871=CARTESIAN_POINT('',(-0.00721669583524855,-5.20417042793042E-18,-0.00230286326819084));
#4872=CARTESIAN_POINT('',(-0.00728610650973135,-0.0135,-0.00231358562057684));
#4873=CARTESIAN_POINT('',(-0.00728610650973135,-1.73472347597681E-18,-0.00231358562057684));
#4874=CARTESIAN_POINT('',(-0.00739337459552337,-0.0135,-0.00232415275862966));
#4875=CARTESIAN_POINT('',(-0.00739337459552337,0.,-0.00232415275862966));
#4876=CARTESIAN_POINT('',(-0.00754938849357056,-0.0135,-0.00232867111004158));
#4877=CARTESIAN_POINT('',(-0.00754938849357056,-5.20417042793042E-18,-0.00232867111004158));
#4878=CARTESIAN_POINT('',(-0.00776100429429654,-0.0135,-0.00231728691094714));
#4879=CARTESIAN_POINT('',(-0.00776100429429654,3.46944695195361E-18,-0.00231728691094714));
#4880=CARTESIAN_POINT('',(-0.00799122330390654,-0.0135,-0.00228769943061517));
#4881=CARTESIAN_POINT('',(-0.00799122330390654,-3.46944695195361E-18,-0.00228769943061517));
#4882=CARTESIAN_POINT('',(-0.00831716570595437,-0.0135,-0.00222337690662662));
#4883=CARTESIAN_POINT('',(-0.00831716570595437,0.,-0.00222337690662662));
#4884=CARTESIAN_POINT('',(-0.00857848899694375,-0.0135,-0.00214472447398705));
#4885=CARTESIAN_POINT('',(-0.00857848899694375,-3.46944695195361E-18,-0.00214472447398705));
#4886=CARTESIAN_POINT('',(-0.00875612218381808,-0.0135,-0.00208094312801886));
#4887=CARTESIAN_POINT('',(-0.00875612218381808,-1.73472347597681E-18,-0.00208094312801886));
#4888=CARTESIAN_POINT('',(-0.006988020650713,-0.0135,-0.0022343154406456));
#4889=CARTESIAN_POINT('',(-0.00652117638896012,-0.0135,-0.00336137718999591));
#4890=CARTESIAN_POINT('',(-0.00652117638896012,1.56125112837913E-17,-0.00336137718999591));
#4891=CARTESIAN_POINT('',(-0.00657816634858543,-0.0135,-0.00339076159268593));
#4892=CARTESIAN_POINT('',(-0.00657816634858543,1.56125112837913E-17,-0.00339076159268593));
#4893=CARTESIAN_POINT('',(-0.00667311389056896,-0.0135,-0.00343982354781283));
#4894=CARTESIAN_POINT('',(-0.00667311389056896,1.56125112837913E-17,-0.00343982354781283));
#4895=CARTESIAN_POINT('',(-0.00669323571545618,-0.0135,-0.00345042221554672));
#4896=CARTESIAN_POINT('',(-0.00669323571545618,2.42861286636753E-17,-0.00345042221554672));
#4897=CARTESIAN_POINT('',(-0.00673134479594813,-0.0135,-0.00347460432978181));
#4898=CARTESIAN_POINT('',(-0.00673134479594813,1.04083408558608E-17,-0.00347460432978181));
#4899=CARTESIAN_POINT('',(-0.00678800740264406,-0.0135,-0.00351610324031291));
#4900=CARTESIAN_POINT('',(-0.00678800740264406,8.67361737988404E-18,-0.00351610324031291));
#4901=CARTESIAN_POINT('',(-0.00687132948848739,-0.0135,-0.00358448113620647));
#4902=CARTESIAN_POINT('',(-0.00687132948848739,8.67361737988404E-18,-0.00358448113620647));
#4903=CARTESIAN_POINT('',(-0.00698484293067905,-0.0135,-0.00369160466455183));
#4904=CARTESIAN_POINT('',(-0.00698484293067905,1.56125112837913E-17,-0.00369160466455183));
#4905=CARTESIAN_POINT('',(-0.00712642805400055,-0.0135,-0.00384928947662945));
#4906=CARTESIAN_POINT('',(-0.00712642805400055,1.56125112837913E-17,-0.00384928947662945));
#4907=CARTESIAN_POINT('',(-0.00726829596887287,-0.0135,-0.00403300040746368));
#4908=CARTESIAN_POINT('',(-0.00726829596887287,1.56125112837913E-17,-0.00403300040746368));
#4909=CARTESIAN_POINT('',(-0.00745328915874181,-0.0135,-0.00430895938312329));
#4910=CARTESIAN_POINT('',(-0.00745328915874181,1.04083408558608E-17,-0.00430895938312329));
#4911=CARTESIAN_POINT('',(-0.00758245696140604,-0.0135,-0.00454935852274013));
#4912=CARTESIAN_POINT('',(-0.00758245696140604,1.38777878078145E-17,-0.00454935852274013));
#4913=CARTESIAN_POINT('',(-0.00766296237016141,-0.0135,-0.00472006437599004));
#4914=CARTESIAN_POINT('',(-0.00766296237016141,1.38777878078145E-17,-0.00472006437599004));
#4915=CARTESIAN_POINT('',(-0.0065211763885811,-3.46944695195361E-18,-0.00336137718980048));
#4916=CARTESIAN_POINT('',(-0.00680168116068151,-0.00675,-0.00281734858369186));
#4917=CARTESIAN_POINT('',(-0.00560105375047297,-0.0135,-0.00473843803311476));
#4918=CARTESIAN_POINT('',(-0.00560105375047297,-3.64291929955129E-17,-0.00473843803311476));
#4919=CARTESIAN_POINT('',(-0.0056500105120531,-0.0135,-0.00477984496629182));
#4920=CARTESIAN_POINT('',(-0.0056500105120531,-3.64291929955129E-17,-0.00477984496629182));
#4921=CARTESIAN_POINT('',(-0.00573167269948072,-0.0135,-0.00484878985960615));
#4922=CARTESIAN_POINT('',(-0.00573167269948072,-3.29597460435593E-17,-0.00484878985960615));
#4923=CARTESIAN_POINT('',(-0.00574916488068524,-0.0135,-0.00486332406722932));
#4924=CARTESIAN_POINT('',(-0.00574916488068524,-3.29597460435593E-17,-0.00486332406722932));
#4925=CARTESIAN_POINT('',(-0.00578608995480682,-0.0135,-0.00488927817222134));
#4926=CARTESIAN_POINT('',(-0.00578608995480682,-4.33680868994202E-17,-0.00488927817222134));
#4927=CARTESIAN_POINT('',(-0.00584611378968519,-0.0135,-0.00492574664928499));
#4928=CARTESIAN_POINT('',(-0.00584611378968519,-3.46944695195361E-17,-0.00492574664928499));
#4929=CARTESIAN_POINT('',(-0.00594117270997977,-0.0135,-0.00497655913110333));
#4930=CARTESIAN_POINT('',(-0.00594117270997977,-3.29597460435593E-17,-0.00497655913110333));
#4931=CARTESIAN_POINT('',(-0.00608358165894592,-0.0135,-0.00504043747749486));
#4932=CARTESIAN_POINT('',(-0.00608358165894592,-3.81639164714898E-17,-0.00504043747749486));
#4933=CARTESIAN_POINT('',(-0.00628344571037683,-0.0135,-0.00511090170992197));
#4934=CARTESIAN_POINT('',(-0.00628344571037683,-2.94902990916057E-17,-0.00511090170992197));
#4935=CARTESIAN_POINT('',(-0.00650746297987899,-0.0135,-0.00517166744321793));
#4936=CARTESIAN_POINT('',(-0.00650746297987899,-3.64291929955129E-17,-0.00517166744321793));
#4937=CARTESIAN_POINT('',(-0.00683320965816689,-0.0135,-0.00523697393699443));
#4938=CARTESIAN_POINT('',(-0.00683320965816689,-3.46944695195361E-17,-0.00523697393699443));
#4939=CARTESIAN_POINT('',(-0.00710473988096684,-0.0135,-0.00526431265824924));
#4940=CARTESIAN_POINT('',(-0.00710473988096684,-3.64291929955129E-17,-0.00526431265824924));
#4941=CARTESIAN_POINT('',(-0.00729325961101075,-0.0135,-0.00527336365580825));
#4942=CARTESIAN_POINT('',(-0.00729325961101075,-3.64291929955129E-17,-0.00527336365580825));
#4943=CARTESIAN_POINT('',(-0.00560105375014737,-0.0135,-0.00473843803283938));
#4944=CARTESIAN_POINT('',(-0.00473843803311477,-0.0135,-0.00560105375047297));
#4945=CARTESIAN_POINT('',(-0.00473843803311477,1.56125112837913E-17,-0.00560105375047297));
#4946=CARTESIAN_POINT('',(-0.00477984496629182,-0.0135,-0.0056500105120531));
#4947=CARTESIAN_POINT('',(-0.00477984496629182,1.56125112837913E-17,-0.0056500105120531));
#4948=CARTESIAN_POINT('',(-0.00484878985960615,-0.0135,-0.00573167269948072));
#4949=CARTESIAN_POINT('',(-0.00484878985960615,1.90819582357449E-17,-0.00573167269948072));
#4950=CARTESIAN_POINT('',(-0.00486332406722933,-0.0135,-0.00574916488068523));
#4951=CARTESIAN_POINT('',(-0.00486332406722933,1.90819582357449E-17,-0.00574916488068523));
#4952=CARTESIAN_POINT('',(-0.00488927817222134,-0.0135,-0.00578608995480683));
#4953=CARTESIAN_POINT('',(-0.00488927817222134,8.67361737988404E-18,-0.00578608995480683));
#4954=CARTESIAN_POINT('',(-0.00492574664928499,-0.0135,-0.00584611378968518));
#4955=CARTESIAN_POINT('',(-0.00492574664928499,1.73472347597681E-17,-0.00584611378968518));
#4956=CARTESIAN_POINT('',(-0.00497655913110334,-0.0135,-0.00594117270997977));
#4957=CARTESIAN_POINT('',(-0.00497655913110334,1.90819582357449E-17,-0.00594117270997977));
#4958=CARTESIAN_POINT('',(-0.00504043747749485,-0.0135,-0.00608358165894592));
#4959=CARTESIAN_POINT('',(-0.00504043747749485,1.38777878078145E-17,-0.00608358165894592));
#4960=CARTESIAN_POINT('',(-0.00511090170992198,-0.0135,-0.00628344571037683));
#4961=CARTESIAN_POINT('',(-0.00511090170992198,2.25514051876985E-17,-0.00628344571037683));
#4962=CARTESIAN_POINT('',(-0.00517166744321793,-0.0135,-0.00650746297987899));
#4963=CARTESIAN_POINT('',(-0.00517166744321793,1.56125112837913E-17,-0.00650746297987899));
#4964=CARTESIAN_POINT('',(-0.00523697393699443,-0.0135,-0.00683320965816689));
#4965=CARTESIAN_POINT('',(-0.00523697393699443,1.73472347597681E-17,-0.00683320965816689));
#4966=CARTESIAN_POINT('',(-0.00526431265824924,-0.0135,-0.00710473988096684));
#4967=CARTESIAN_POINT('',(-0.00526431265824924,1.56125112837913E-17,-0.00710473988096684));
#4968=CARTESIAN_POINT('',(-0.00527336365580825,-0.0135,-0.00729325961101075));
#4969=CARTESIAN_POINT('',(-0.00527336365580825,1.56125112837913E-17,-0.00729325961101075));
#4970=CARTESIAN_POINT('',(-0.00473843803283938,-3.46944695195361E-18,-0.00560105375014737));
#4971=CARTESIAN_POINT('',(-0.00520578138484513,-0.00675,-0.00520578138484513));
#4972=CARTESIAN_POINT('',(0.00652117638896012,-0.0135,-0.00336137718999591));
#4973=CARTESIAN_POINT('',(0.00652117638896012,3.64291929955129E-17,-0.00336137718999591));
#4974=CARTESIAN_POINT('',(0.00657816634858543,-0.0135,-0.00339076159268593));
#4975=CARTESIAN_POINT('',(0.00657816634858543,3.64291929955129E-17,-0.00339076159268593));
#4976=CARTESIAN_POINT('',(0.00667311389056896,-0.0135,-0.00343982354781282));
#4977=CARTESIAN_POINT('',(0.00667311389056896,3.98986399474666E-17,-0.00343982354781282));
#4978=CARTESIAN_POINT('',(0.00669323571545617,-0.0135,-0.00345042221554671));
#4979=CARTESIAN_POINT('',(0.00669323571545617,4.16333634234434E-17,-0.00345042221554671));
#4980=CARTESIAN_POINT('',(0.00673134479594813,-0.0135,-0.00347460432978181));
#4981=CARTESIAN_POINT('',(0.00673134479594813,3.12250225675825E-17,-0.00347460432978181));
#4982=CARTESIAN_POINT('',(0.00678800740264406,-0.0135,-0.00351610324031291));
#4983=CARTESIAN_POINT('',(0.00678800740264406,2.94902990916057E-17,-0.00351610324031291));
#4984=CARTESIAN_POINT('',(0.00687132948848738,-0.0135,-0.00358448113620647));
#4985=CARTESIAN_POINT('',(0.00687132948848738,4.33680868994202E-17,-0.00358448113620647));
#4986=CARTESIAN_POINT('',(0.00698484293067905,-0.0135,-0.00369160466455182));
#4987=CARTESIAN_POINT('',(0.00698484293067905,2.94902990916057E-17,-0.00369160466455182));
#4988=CARTESIAN_POINT('',(0.00712642805400055,-0.0135,-0.00384928947662945));
#4989=CARTESIAN_POINT('',(0.00712642805400055,3.98986399474666E-17,-0.00384928947662945));
#4990=CARTESIAN_POINT('',(0.00726829596887287,-0.0135,-0.00403300040746368));
#4991=CARTESIAN_POINT('',(0.00726829596887287,3.64291929955129E-17,-0.00403300040746368));
#4992=CARTESIAN_POINT('',(0.00745328915874181,-0.0135,-0.00430895938312329));
#4993=CARTESIAN_POINT('',(0.00745328915874181,3.12250225675825E-17,-0.00430895938312329));
#4994=CARTESIAN_POINT('',(0.00758245696140604,-0.0135,-0.00454935852274013));
#4995=CARTESIAN_POINT('',(0.00758245696140604,3.46944695195361E-17,-0.00454935852274013));
#4996=CARTESIAN_POINT('',(0.00766296237016141,-0.0135,-0.00472006437599004));
#4997=CARTESIAN_POINT('',(0.00766296237016141,3.46944695195361E-17,-0.00472006437599004));
#4998=CARTESIAN_POINT('',(0.0065211763885811,-0.0135,-0.00336137718980048));
#4999=CARTESIAN_POINT('',(0.0069880206511192,-0.0135,-0.00223431544077542));
#5000=CARTESIAN_POINT('',(0.0069880206511192,1.21430643318376E-17,-0.00223431544077542));
#5001=CARTESIAN_POINT('',(0.00704909654843303,-0.0135,-0.00225383551728279));
#5002=CARTESIAN_POINT('',(0.00704909654843303,1.21430643318376E-17,-0.00225383551728279));
#5003=CARTESIAN_POINT('',(0.00715092664039508,-0.0135,-0.00228628152690784));
#5004=CARTESIAN_POINT('',(0.00715092664039508,1.21430643318376E-17,-0.00228628152690784));
#5005=CARTESIAN_POINT('',(0.00717264930904885,-0.0135,-0.00229301541590926));
#5006=CARTESIAN_POINT('',(0.00717264930904885,1.73472347597681E-17,-0.00229301541590926));
#5007=CARTESIAN_POINT('',(0.00721669583524855,-0.0135,-0.00230286326819084));
#5008=CARTESIAN_POINT('',(0.00721669583524855,1.04083408558608E-17,-0.00230286326819084));
#5009=CARTESIAN_POINT('',(0.00728610650973136,-0.0135,-0.00231358562057684));
#5010=CARTESIAN_POINT('',(0.00728610650973136,1.21430643318376E-17,-0.00231358562057684));
#5011=CARTESIAN_POINT('',(0.00739337459552338,-0.0135,-0.00232415275862966));
#5012=CARTESIAN_POINT('',(0.00739337459552338,1.56125112837913E-17,-0.00232415275862966));
#5013=CARTESIAN_POINT('',(0.00754938849357056,-0.0135,-0.00232867111004158));
#5014=CARTESIAN_POINT('',(0.00754938849357056,1.38777878078145E-17,-0.00232867111004158));
#5015=CARTESIAN_POINT('',(0.00776100429429654,-0.0135,-0.00231728691094714));
#5016=CARTESIAN_POINT('',(0.00776100429429654,1.56125112837913E-17,-0.00231728691094714));
#5017=CARTESIAN_POINT('',(0.00799122330390654,-0.0135,-0.00228769943061517));
#5018=CARTESIAN_POINT('',(0.00799122330390654,1.90819582357449E-17,-0.00228769943061517));
#5019=CARTESIAN_POINT('',(0.00831716570595437,-0.0135,-0.00222337690662662));
#5020=CARTESIAN_POINT('',(0.00831716570595437,8.67361737988404E-18,-0.00222337690662662));
#5021=CARTESIAN_POINT('',(0.00857848899694374,-0.0135,-0.00214472447398707));
#5022=CARTESIAN_POINT('',(0.00857848899694374,1.38777878078145E-17,-0.00214472447398707));
#5023=CARTESIAN_POINT('',(0.00875612218381808,-0.0135,-0.00208094312801886));
#5024=CARTESIAN_POINT('',(0.00875612218381808,1.38777878078145E-17,-0.00208094312801886));
#5025=CARTESIAN_POINT('',(0.006988020650713,-3.46944695195361E-18,-0.00223431544064559));
#5026=CARTESIAN_POINT('',(0.00680168116068151,-0.00675,-0.00281734858369185));
#5027=CARTESIAN_POINT('',(0.00223431544077542,-0.0135,-0.0069880206511192));
#5028=CARTESIAN_POINT('',(0.00223431544077542,3.46944695195361E-18,-0.0069880206511192));
#5029=CARTESIAN_POINT('',(0.0022538355172828,-0.0135,-0.00704909654843303));
#5030=CARTESIAN_POINT('',(0.0022538355172828,3.46944695195361E-18,-0.00704909654843303));
#5031=CARTESIAN_POINT('',(0.00228628152690784,-0.0135,-0.00715092664039507));
#5032=CARTESIAN_POINT('',(0.00228628152690784,6.93889390390723E-18,-0.00715092664039507));
#5033=CARTESIAN_POINT('',(0.00229301541590926,-0.0135,-0.00717264930904885));
#5034=CARTESIAN_POINT('',(0.00229301541590926,1.04083408558608E-17,-0.00717264930904885));
#5035=CARTESIAN_POINT('',(0.00230286326819084,-0.0135,-0.00721669583524855));
#5036=CARTESIAN_POINT('',(0.00230286326819084,6.93889390390723E-18,-0.00721669583524855));
#5037=CARTESIAN_POINT('',(0.00231358562057685,-0.0135,-0.00728610650973136));
#5038=CARTESIAN_POINT('',(0.00231358562057685,5.20417042793042E-18,-0.00728610650973136));
#5039=CARTESIAN_POINT('',(0.00232415275862966,-0.0135,-0.00739337459552337));
#5040=CARTESIAN_POINT('',(0.00232415275862966,1.04083408558608E-17,-0.00739337459552337));
#5041=CARTESIAN_POINT('',(0.00232867111004158,-0.0135,-0.00754938849357056));
#5042=CARTESIAN_POINT('',(0.00232867111004158,3.46944695195361E-18,-0.00754938849357056));
#5043=CARTESIAN_POINT('',(0.00231728691094715,-0.0135,-0.00776100429429654));
#5044=CARTESIAN_POINT('',(0.00231728691094715,6.93889390390723E-18,-0.00776100429429654));
#5045=CARTESIAN_POINT('',(0.00228769943061518,-0.0135,-0.00799122330390654));
#5046=CARTESIAN_POINT('',(0.00228769943061518,5.20417042793042E-18,-0.00799122330390654));
#5047=CARTESIAN_POINT('',(0.00222337690662662,-0.0135,-0.00831716570595437));
#5048=CARTESIAN_POINT('',(0.00222337690662662,6.93889390390723E-18,-0.00831716570595437));
#5049=CARTESIAN_POINT('',(0.00214472447398705,-0.0135,-0.00857848899694375));
#5050=CARTESIAN_POINT('',(0.00214472447398705,5.20417042793042E-18,-0.00857848899694375));
#5051=CARTESIAN_POINT('',(0.00208094312801886,-0.0135,-0.00875612218381808));
#5052=CARTESIAN_POINT('',(0.00208094312801886,5.20417042793042E-18,-0.00875612218381808));
#5053=CARTESIAN_POINT('',(0.0022343154406456,-0.0135,-0.006988020650713));
#5054=CARTESIAN_POINT('',(0.00336137718999591,-0.0135,-0.00652117638896012));
#5055=CARTESIAN_POINT('',(0.00336137718999591,-1.21430643318376E-17,-0.00652117638896012));
#5056=CARTESIAN_POINT('',(0.00339076159268593,-0.0135,-0.00657816634858544));
#5057=CARTESIAN_POINT('',(0.00339076159268593,-1.38777878078145E-17,-0.00657816634858544));
#5058=CARTESIAN_POINT('',(0.00343982354781283,-0.0135,-0.00667311389056896));
#5059=CARTESIAN_POINT('',(0.00343982354781283,-1.38777878078145E-17,-0.00667311389056896));
#5060=CARTESIAN_POINT('',(0.00345042221554672,-0.0135,-0.00669323571545617));
#5061=CARTESIAN_POINT('',(0.00345042221554672,-1.21430643318376E-17,-0.00669323571545617));
#5062=CARTESIAN_POINT('',(0.00347460432978181,-0.0135,-0.00673134479594812));
#5063=CARTESIAN_POINT('',(0.00347460432978181,-1.56125112837913E-17,-0.00673134479594812));
#5064=CARTESIAN_POINT('',(0.00351610324031292,-0.0135,-0.00678800740264406));
#5065=CARTESIAN_POINT('',(0.00351610324031292,-1.21430643318376E-17,-0.00678800740264406));
#5066=CARTESIAN_POINT('',(0.00358448113620647,-0.0135,-0.00687132948848737));
#5067=CARTESIAN_POINT('',(0.00358448113620647,-6.93889390390723E-18,-0.00687132948848737));
#5068=CARTESIAN_POINT('',(0.00369160466455183,-0.0135,-0.00698484293067905));
#5069=CARTESIAN_POINT('',(0.00369160466455183,-1.56125112837913E-17,-0.00698484293067905));
#5070=CARTESIAN_POINT('',(0.00384928947662945,-0.0135,-0.00712642805400055));
#5071=CARTESIAN_POINT('',(0.00384928947662945,-6.93889390390723E-18,-0.00712642805400055));
#5072=CARTESIAN_POINT('',(0.00403300040746368,-0.0135,-0.00726829596887286));
#5073=CARTESIAN_POINT('',(0.00403300040746368,-1.38777878078145E-17,-0.00726829596887286));
#5074=CARTESIAN_POINT('',(0.0043089593831233,-0.0135,-0.0074532891587418));
#5075=CARTESIAN_POINT('',(0.0043089593831233,-1.21430643318376E-17,-0.0074532891587418));
#5076=CARTESIAN_POINT('',(0.00454935852274008,-0.0135,-0.00758245696140609));
#5077=CARTESIAN_POINT('',(0.00454935852274008,-1.38777878078145E-17,-0.00758245696140609));
#5078=CARTESIAN_POINT('',(0.00472006437599005,-0.0135,-0.0076629623701614));
#5079=CARTESIAN_POINT('',(0.00472006437599005,-1.38777878078145E-17,-0.0076629623701614));
#5080=CARTESIAN_POINT('',(0.00336137718980049,-3.46944695195361E-18,-0.0065211763885811));
#5081=CARTESIAN_POINT('',(0.00281734858369186,-0.00675,-0.0068016811606815));
#5082=CARTESIAN_POINT('',(0.00473843803311476,-0.0135,-0.00560105375047297));
#5083=CARTESIAN_POINT('',(0.00473843803311476,1.73472347597681E-17,-0.00560105375047297));
#5084=CARTESIAN_POINT('',(0.00477984496629182,-0.0135,-0.00565001051205311));
#5085=CARTESIAN_POINT('',(0.00477984496629182,1.73472347597681E-17,-0.00565001051205311));
#5086=CARTESIAN_POINT('',(0.00484878985960615,-0.0135,-0.00573167269948072));
#5087=CARTESIAN_POINT('',(0.00484878985960615,1.90819582357449E-17,-0.00573167269948072));
#5088=CARTESIAN_POINT('',(0.00486332406722933,-0.0135,-0.00574916488068523));
#5089=CARTESIAN_POINT('',(0.00486332406722933,2.08166817117217E-17,-0.00574916488068523));
#5090=CARTESIAN_POINT('',(0.00488927817222133,-0.0135,-0.00578608995480683));
#5091=CARTESIAN_POINT('',(0.00488927817222133,1.56125112837913E-17,-0.00578608995480683));
#5092=CARTESIAN_POINT('',(0.00492574664928499,-0.0135,-0.00584611378968519));
#5093=CARTESIAN_POINT('',(0.00492574664928499,1.90819582357449E-17,-0.00584611378968519));
#5094=CARTESIAN_POINT('',(0.00497655913110332,-0.0135,-0.00594117270997977));
#5095=CARTESIAN_POINT('',(0.00497655913110332,2.60208521396521E-17,-0.00594117270997977));
#5096=CARTESIAN_POINT('',(0.00504043747749486,-0.0135,-0.00608358165894592));
#5097=CARTESIAN_POINT('',(0.00504043747749486,1.21430643318376E-17,-0.00608358165894592));
#5098=CARTESIAN_POINT('',(0.00511090170992197,-0.0135,-0.00628344571037683));
#5099=CARTESIAN_POINT('',(0.00511090170992197,2.25514051876985E-17,-0.00628344571037683));
#5100=CARTESIAN_POINT('',(0.00517166744321793,-0.0135,-0.00650746297987899));
#5101=CARTESIAN_POINT('',(0.00517166744321793,1.90819582357449E-17,-0.00650746297987899));
#5102=CARTESIAN_POINT('',(0.00523697393699442,-0.0135,-0.00683320965816689));
#5103=CARTESIAN_POINT('',(0.00523697393699442,2.60208521396521E-17,-0.00683320965816689));
#5104=CARTESIAN_POINT('',(0.00526431265824929,-0.0135,-0.00710473988096683));
#5105=CARTESIAN_POINT('',(0.00526431265824929,1.90819582357449E-17,-0.00710473988096683));
#5106=CARTESIAN_POINT('',(0.00527336365580824,-0.0135,-0.00729325961101075));
#5107=CARTESIAN_POINT('',(0.00527336365580824,1.90819582357449E-17,-0.00729325961101075));
#5108=CARTESIAN_POINT('',(0.00473843803283938,-0.0135,-0.00560105375014737));
#5109=CARTESIAN_POINT('',(0.00560105375047296,-0.0135,-0.00473843803311477));
#5110=CARTESIAN_POINT('',(0.00560105375047296,1.56125112837913E-17,-0.00473843803311477));
#5111=CARTESIAN_POINT('',(0.0056500105120531,-0.0135,-0.00477984496629182));
#5112=CARTESIAN_POINT('',(0.0056500105120531,1.38777878078145E-17,-0.00477984496629182));
#5113=CARTESIAN_POINT('',(0.00573167269948072,-0.0135,-0.00484878985960615));
#5114=CARTESIAN_POINT('',(0.00573167269948072,1.38777878078145E-17,-0.00484878985960615));
#5115=CARTESIAN_POINT('',(0.00574916488068524,-0.0135,-0.00486332406722933));
#5116=CARTESIAN_POINT('',(0.00574916488068524,1.56125112837913E-17,-0.00486332406722933));
#5117=CARTESIAN_POINT('',(0.00578608995480683,-0.0135,-0.00488927817222134));
#5118=CARTESIAN_POINT('',(0.00578608995480683,1.21430643318376E-17,-0.00488927817222134));
#5119=CARTESIAN_POINT('',(0.00584611378968518,-0.0135,-0.00492574664928498));
#5120=CARTESIAN_POINT('',(0.00584611378968518,1.56125112837913E-17,-0.00492574664928498));
#5121=CARTESIAN_POINT('',(0.00594117270997977,-0.0135,-0.00497655913110334));
#5122=CARTESIAN_POINT('',(0.00594117270997977,2.08166817117217E-17,-0.00497655913110334));
#5123=CARTESIAN_POINT('',(0.00608358165894592,-0.0135,-0.00504043747749485));
#5124=CARTESIAN_POINT('',(0.00608358165894592,1.21430643318376E-17,-0.00504043747749485));
#5125=CARTESIAN_POINT('',(0.00628344571037683,-0.0135,-0.00511090170992198));
#5126=CARTESIAN_POINT('',(0.00628344571037683,2.08166817117217E-17,-0.00511090170992198));
#5127=CARTESIAN_POINT('',(0.00650746297987899,-0.0135,-0.00517166744321793));
#5128=CARTESIAN_POINT('',(0.00650746297987899,1.38777878078145E-17,-0.00517166744321793));
#5129=CARTESIAN_POINT('',(0.0068332096581669,-0.0135,-0.00523697393699443));
#5130=CARTESIAN_POINT('',(0.0068332096581669,1.56125112837913E-17,-0.00523697393699443));
#5131=CARTESIAN_POINT('',(0.00710473988096677,-0.0135,-0.00526431265824924));
#5132=CARTESIAN_POINT('',(0.00710473988096677,1.38777878078145E-17,-0.00526431265824924));
#5133=CARTESIAN_POINT('',(0.00729325961101075,-0.0135,-0.00527336365580825));
#5134=CARTESIAN_POINT('',(0.00729325961101075,1.38777878078145E-17,-0.00527336365580825));
#5135=CARTESIAN_POINT('',(0.00560105375014737,-3.46944695195361E-18,-0.00473843803283938));
#5136=CARTESIAN_POINT('',(0.00520578138484513,-0.00675,-0.00520578138484513));
#5137=CARTESIAN_POINT('',(0.,0.014,2.38806125833734E-19));
#5138=CARTESIAN_POINT('',(0.,0.019,2.38806125833734E-19));
#5139=CARTESIAN_POINT('',(0.,0.019,0.0039));
#5140=CARTESIAN_POINT('',(0.,0.019,8.67361737988404E-19));
#5141=CARTESIAN_POINT('',(1.67417321052907E-19,0.019,0.));
#5142=CARTESIAN_POINT('',(0.001355325,0.019,0.00215999864453082));
#5143=CARTESIAN_POINT('',(-0.001355325,0.019,0.00215999864453082));
#5144=CARTESIAN_POINT('',(2.16840434497101E-19,0.019,0.00215999864453082));
#5145=CARTESIAN_POINT('',(0.,-0.006,8.67361737988404E-19));
#5146=CARTESIAN_POINT('',(2.16840434497101E-19,-0.006,0.00215999864453082));
#5147=CARTESIAN_POINT('',(0.001355325,-0.006,0.00215999864453082));
#5148=CARTESIAN_POINT('',(-0.001355325,-0.006,0.00215999864453082));
#5149=CARTESIAN_POINT('',(1.67417321052907E-19,-0.006,0.));
#5150=CARTESIAN_POINT('',(2.16840434497101E-19,-0.006,0.00215999864453082));
#5151=CARTESIAN_POINT('',(-0.001355325,-0.006,0.00215999864453082));
#5152=CARTESIAN_POINT('',(0.001355325,-0.006,0.00215999864453082));
#5153=CARTESIAN_POINT('',(1.67417321052907E-19,-0.006,0.));
#5154=MECHANICAL_DESIGN_GEOMETRIC_PRESENTATION_REPRESENTATION('',(#1305),
#5155);
#5155=(
GEOMETRIC_REPRESENTATION_CONTEXT(3)
GLOBAL_UNCERTAINTY_ASSIGNED_CONTEXT((#5156))
GLOBAL_UNIT_ASSIGNED_CONTEXT((#5159,#5158,#5157))
REPRESENTATION_CONTEXT('Spur gear (16 teeth)','TOP_LEVEL_ASSEMBLY_PART')
);
#5156=UNCERTAINTY_MEASURE_WITH_UNIT(LENGTH_MEASURE(2.E-5),#5159,
'DISTANCE_ACCURACY_VALUE','Maximum Tolerance applied to model');
#5157=(
NAMED_UNIT(*)
SI_UNIT($,.STERADIAN.)
SOLID_ANGLE_UNIT()
);
#5158=(
NAMED_UNIT(*)
PLANE_ANGLE_UNIT()
SI_UNIT($,.RADIAN.)
);
#5159=(
LENGTH_UNIT()
NAMED_UNIT(*)
SI_UNIT($,.METRE.)
);
#5160=PRODUCT_DEFINITION_SHAPE('','',#5161);
#5161=PRODUCT_DEFINITION('','',#5163,#5162);
#5162=PRODUCT_DEFINITION_CONTEXT('',#5169,'design');
#5163=PRODUCT_DEFINITION_FORMATION_WITH_SPECIFIED_SOURCE('','',#5165,
 .NOT_KNOWN.);
#5164=PRODUCT_RELATED_PRODUCT_CATEGORY('','',(#5165));
#5165=PRODUCT('Spur gear (16 teeth)','Spur gear (16 teeth)',
'Spur gear (16 teeth)',(#5167));
#5166=PRODUCT_CATEGORY('','');
#5167=PRODUCT_CONTEXT('',#5169,'mechanical');
#5168=APPLICATION_PROTOCOL_DEFINITION('international standard',
'ap242_managed_model_based_3d_engineering',2020,#5169);
#5169=APPLICATION_CONTEXT('managed model based 3d engineering');
ENDSEC;
END-ISO-10303-21;
