ISO-10303-21;
HEADER;
/* Generated by software containing ST-Developer
 * from STEP Tools, Inc. (www.steptools.com) 
 */
/* OPTION: using custom renumber hook */

FILE_DESCRIPTION(
/* description */ ('STEP AP242 Edition 2',
'CAx-IF Rec.Pracs.---Representation and Presentation of Product Manufa
cturing Information (PMI)---4.0---2014-10-13',
'CAx-IF Rec.Pracs.---3D Tessellated Geometry---0.4---2014-09-14','2;1',
'CAx-IF Rec.Pracs.---User Defined Attributes---1.5---2016-08-15'),
/* implementation_level */ '2;1');

FILE_NAME(
/* name */ 'linkage',
/* time_stamp */ '2026-08-19T18:20:20Z',
/* author */ (''),
/* organization */ (''),
/* preprocessor_version */ 'ST-DEVELOPER v20',
/* originating_system */ 'ONSHAPE BY PTC INC, 1.219',
/* authorisation */ '  ');

FILE_SCHEMA (('AP242_MANAGED_MODEL_BASED_3D_ENGINEERING_MIM_LF { 1 0 10303 442 3 1 4 }'));
ENDSEC;

DATA;
#10=SHAPE_REPRESENTATION_RELATIONSHIP('','',#1045,#12);
#11=SHAPE_REPRESENTATION_RELATIONSHIP('','',#1046,#13);
#12=ADVANCED_BREP_SHAPE_REPRESENTATION('',(#1041),#2054);
#13=ADVANCED_BREP_SHAPE_REPRESENTATION('',(#1042),#2055);
#14=SPHERICAL_SURFACE('',#1139,0.01);
#15=SPHERICAL_SURFACE('',#1142,0.01);
#16=SPHERICAL_SURFACE('',#1145,0.01);
#17=SPHERICAL_SURFACE('',#1148,0.01);
#18=(
BOUNDED_SURFACE()
B_SPLINE_SURFACE(3,2,((#1720,#1721,#1722),(#1723,#1724,#1725),(#1726,#1727,
#1728),(#1729,#1730,#1731),(#1732,#1733,#1734),(#1735,#1736,#1737),(#1738,
#1739,#1740),(#1741,#1742,#1743),(#1744,#1745,#1746)),.UNSPECIFIED.,.F.,
 .F.,.F.)
B_SPLINE_SURFACE_WITH_KNOTS((4,1,1,1,1,1,4),(3,3),(4.71238898038469,5.10508806208341,
5.49778714378214,5.6941366846315,5.89048622548086,6.08683576633022,6.28318530717959),
(0.,1.),.UNSPECIFIED.)
GEOMETRIC_REPRESENTATION_ITEM()
RATIONAL_B_SPLINE_SURFACE(((1.,1.,1.),(1.,0.999999999999897,1.),(1.,0.973513794545378,
1.),(1.,0.886299164406123,1.),(1.,0.808034956513222,1.),(1.,0.754563896244242,
1.),(1.,0.716400177601426,1.),(1.,0.707106781187147,1.),(1.,0.707106781186548,
1.)))
REPRESENTATION_ITEM('')
SURFACE()
);
#19=(
BOUNDED_SURFACE()
B_SPLINE_SURFACE(3,2,((#1757,#1758,#1759),(#1760,#1761,#1762),(#1763,#1764,
#1765),(#1766,#1767,#1768),(#1769,#1770,#1771),(#1772,#1773,#1774),(#1775,
#1776,#1777),(#1778,#1779,#1780),(#1781,#1782,#1783)),.UNSPECIFIED.,.F.,
 .F.,.F.)
B_SPLINE_SURFACE_WITH_KNOTS((4,1,1,1,1,1,4),(3,3),(3.14159265358979,3.33794219443916,
3.53429173528852,3.73064127613788,3.92699081698724,4.31968989868597,4.71238898038469),
(0.,1.),.UNSPECIFIED.)
GEOMETRIC_REPRESENTATION_ITEM()
RATIONAL_B_SPLINE_SURFACE(((1.,0.707106781186548,1.),(1.,0.707106781187147,
1.),(1.,0.716400177601425,1.),(1.,0.754563896244241,1.),(1.,0.808034956513221,
1.),(1.,0.886299164406122,1.),(1.,0.973513794545378,1.),(1.,0.999999999999897,
1.),(1.,1.,1.)))
REPRESENTATION_ITEM('')
SURFACE()
);
#20=(
BOUNDED_SURFACE()
B_SPLINE_SURFACE(3,2,((#1784,#1785,#1786),(#1787,#1788,#1789),(#1790,#1791,
#1792),(#1793,#1794,#1795),(#1796,#1797,#1798),(#1799,#1800,#1801),(#1802,
#1803,#1804),(#1805,#1806,#1807),(#1808,#1809,#1810)),.UNSPECIFIED.,.F.,
 .F.,.F.)
B_SPLINE_SURFACE_WITH_KNOTS((4,1,1,1,1,1,4),(3,3),(3.14159265358979,3.33794219443916,
3.53429173528852,3.73064127613788,3.92699081698724,4.31968989868597,4.71238898038469),
(0.,1.),.UNSPECIFIED.)
GEOMETRIC_REPRESENTATION_ITEM()
RATIONAL_B_SPLINE_SURFACE(((1.,0.707106781186548,1.),(1.,0.707106781186875,
1.),(1.,0.716400177601552,1.),(1.,0.754563896244207,1.),(1.,0.808034956513231,
1.),(1.,0.886299164406116,1.),(1.,0.97351379454538,1.),(1.,0.999999999999897,
1.),(1.,1.,1.)))
REPRESENTATION_ITEM('')
SURFACE()
);
#21=(
BOUNDED_SURFACE()
B_SPLINE_SURFACE(3,2,((#1821,#1822,#1823),(#1824,#1825,#1826),(#1827,#1828,
#1829),(#1830,#1831,#1832),(#1833,#1834,#1835),(#1836,#1837,#1838),(#1839,
#1840,#1841),(#1842,#1843,#1844),(#1845,#1846,#1847)),.UNSPECIFIED.,.F.,
 .F.,.F.)
B_SPLINE_SURFACE_WITH_KNOTS((4,1,1,1,1,1,4),(3,3),(6.28318530717959,6.47953484802895,
6.67588438887831,6.87223392972767,7.06858347057703,7.46128255227576,7.85398163397448),
(0.,1.),.UNSPECIFIED.)
GEOMETRIC_REPRESENTATION_ITEM()
RATIONAL_B_SPLINE_SURFACE(((1.,0.707106781186548,1.),(1.,0.707106781186875,
1.),(1.,0.716400177601552,1.),(1.,0.754563896244207,1.),(1.,0.808034956513231,
1.),(1.,0.886299164406115,1.),(1.,0.97351379454538,1.),(1.,0.999999999999897,
1.),(1.,1.,1.)))
REPRESENTATION_ITEM('')
SURFACE()
);
#22=(
BOUNDED_SURFACE()
B_SPLINE_SURFACE(3,2,((#1851,#1852,#1853),(#1854,#1855,#1856),(#1857,#1858,
#1859),(#1860,#1861,#1862),(#1863,#1864,#1865)),.UNSPECIFIED.,.F.,.F.,.F.)
B_SPLINE_SURFACE_WITH_KNOTS((4,1,4),(3,3),(-6.64615931733614E-17,0.00783936307400496,
0.01567872614801),(0.,1.),.UNSPECIFIED.)
GEOMETRIC_REPRESENTATION_ITEM()
RATIONAL_B_SPLINE_SURFACE(((1.,0.707106781186548,1.),(1.,0.678545603389407,
1.),(1.,0.644333208758051,1.),(1.,0.678541817543352,1.),(1.,0.707106781186548,
1.)))
REPRESENTATION_ITEM('')
SURFACE()
);
#23=(
BOUNDED_SURFACE()
B_SPLINE_SURFACE(3,2,((#1867,#1868,#1869),(#1870,#1871,#1872),(#1873,#1874,
#1875),(#1876,#1877,#1878),(#1879,#1880,#1881)),.UNSPECIFIED.,.F.,.F.,.F.)
B_SPLINE_SURFACE_WITH_KNOTS((4,1,4),(3,3),(4.35849273339173E-17,0.00783936307400496,
0.0156787261480099),(0.,1.),.UNSPECIFIED.)
GEOMETRIC_REPRESENTATION_ITEM()
RATIONAL_B_SPLINE_SURFACE(((1.,0.707106781186548,1.),(1.,0.678545603391467,
1.),(1.,0.644333208754743,1.),(1.,0.678541817547915,1.),(1.,0.707106781186548,
1.)))
REPRESENTATION_ITEM('')
SURFACE()
);
#24=(
BOUNDED_SURFACE()
B_SPLINE_SURFACE(3,2,((#1887,#1888,#1889),(#1890,#1891,#1892),(#1893,#1894,
#1895),(#1896,#1897,#1898),(#1899,#1900,#1901),(#1902,#1903,#1904),(#1905,
#1906,#1907)),.UNSPECIFIED.,.F.,.F.,.F.)
B_SPLINE_SURFACE_WITH_KNOTS((4,1,1,1,4),(3,3),(4.77048955893622E-17,0.00395625124874508,
0.00791250249749012,0.0118687537462352,0.0158250049949802),(0.,1.),
 .UNSPECIFIED.)
GEOMETRIC_REPRESENTATION_ITEM()
RATIONAL_B_SPLINE_SURFACE(((1.,0.707106781186548,1.),(1.,0.66902117188527,
1.),(1.,0.603094218325815,1.),(1.,0.564352400907115,1.),(1.,0.603606946393557,
1.),(1.,0.669052406251862,1.),(1.,0.707106781186548,1.)))
REPRESENTATION_ITEM('')
SURFACE()
);
#25=(
BOUNDED_SURFACE()
B_SPLINE_SURFACE(3,2,((#1911,#1912,#1913),(#1914,#1915,#1916),(#1917,#1918,
#1919),(#1920,#1921,#1922),(#1923,#1924,#1925)),.UNSPECIFIED.,.F.,.F.,.F.)
B_SPLINE_SURFACE_WITH_KNOTS((4,1,4),(3,3),(-5.93058588349571E-17,0.00783936307400496,
0.01567872614801),(0.,1.),.UNSPECIFIED.)
GEOMETRIC_REPRESENTATION_ITEM()
RATIONAL_B_SPLINE_SURFACE(((1.,0.707106781186548,1.),(1.,0.678545603392202,
1.),(1.,0.644333208756652,1.),(1.,0.678541817543352,1.),(1.,0.707106781186548,
1.)))
REPRESENTATION_ITEM('')
SURFACE()
);
#26=(
BOUNDED_SURFACE()
B_SPLINE_SURFACE(3,2,((#1927,#1928,#1929),(#1930,#1931,#1932),(#1933,#1934,
#1935),(#1936,#1937,#1938),(#1939,#1940,#1941)),.UNSPECIFIED.,.F.,.F.,.F.)
B_SPLINE_SURFACE_WITH_KNOTS((4,1,4),(3,3),(4.02239005992122E-17,0.00783936307400495,
0.0156787261480099),(0.,1.),.UNSPECIFIED.)
GEOMETRIC_REPRESENTATION_ITEM()
RATIONAL_B_SPLINE_SURFACE(((1.,0.707106781186548,1.),(1.,0.678545603383227,
1.),(1.,0.644333208759746,1.),(1.,0.678541817546149,1.),(1.,0.707106781186548,
1.)))
REPRESENTATION_ITEM('')
SURFACE()
);
#27=(
BOUNDED_SURFACE()
B_SPLINE_SURFACE(3,2,((#1947,#1948,#1949),(#1950,#1951,#1952),(#1953,#1954,
#1955),(#1956,#1957,#1958),(#1959,#1960,#1961),(#1962,#1963,#1964),(#1965,
#1966,#1967)),.UNSPECIFIED.,.F.,.F.,.F.)
B_SPLINE_SURFACE_WITH_KNOTS((4,1,1,1,4),(3,3),(5.3776427755281E-17,0.00395625124874509,
0.00791250249749012,0.0118687537462352,0.0158250049949802),(0.,1.),
 .UNSPECIFIED.)
GEOMETRIC_REPRESENTATION_ITEM()
RATIONAL_B_SPLINE_SURFACE(((1.,0.707106781186548,1.),(1.,0.669021171884387,
1.),(1.,0.603094218326121,1.),(1.,0.564352400907369,1.),(1.,0.603606946392224,
1.),(1.,0.669052406254803,1.),(1.,0.707106781186548,1.)))
REPRESENTATION_ITEM('')
SURFACE()
);
#28=TOROIDAL_SURFACE('',#1087,0.0191,0.004);
#29=TOROIDAL_SURFACE('',#1088,0.0191,0.004);
#30=TOROIDAL_SURFACE('',#1119,0.031,0.002);
#31=TOROIDAL_SURFACE('',#1124,0.031,0.002);
#32=TOROIDAL_SURFACE('',#1126,0.031,0.002);
#33=TOROIDAL_SURFACE('',#1128,0.031,0.002);
#34=TOROIDAL_SURFACE('',#1133,0.031,0.002);
#35=TOROIDAL_SURFACE('',#1135,0.031,0.002);
#36=B_SPLINE_CURVE_WITH_KNOTS('',3,(#1594,#1595,#1596,#1597,#1598,#1599,
#1600),.UNSPECIFIED.,.F.,.F.,(4,1,1,1,4),(0.,0.00367040873972295,0.0073408174794459,
0.0110112262191688,0.0146816349588918),.UNSPECIFIED.);
#37=B_SPLINE_CURVE_WITH_KNOTS('',3,(#1605,#1606,#1607,#1608,#1609),
 .UNSPECIFIED.,.F.,.F.,(4,1,4),(0.,0.00741189163405778,0.0148237832681156),
 .UNSPECIFIED.);
#38=B_SPLINE_CURVE_WITH_KNOTS('',3,(#1613,#1614,#1615,#1616,#1617),
 .UNSPECIFIED.,.F.,.F.,(4,1,4),(0.,0.00741189163405767,0.0148237832681153),
 .UNSPECIFIED.);
#39=B_SPLINE_CURVE_WITH_KNOTS('',3,(#1623,#1624,#1625,#1626,#1627,#1628,
#1629),.UNSPECIFIED.,.F.,.F.,(4,1,1,1,4),(0.,0.00370131778850076,0.00740263557700153,
0.0111039533655023,0.0148052711540031),.UNSPECIFIED.);
#40=B_SPLINE_CURVE_WITH_KNOTS('',3,(#1633,#1634,#1635,#1636,#1637),
 .UNSPECIFIED.,.F.,.F.,(4,1,4),(0.,0.00733358617468398,0.014667172349368),
 .UNSPECIFIED.);
#41=B_SPLINE_CURVE_WITH_KNOTS('',3,(#1641,#1642,#1643,#1644,#1645),
 .UNSPECIFIED.,.F.,.F.,(4,1,4),(0.,0.0073335861746841,0.0146671723493682),
 .UNSPECIFIED.);
#42=B_SPLINE_CURVE_WITH_KNOTS('',3,(#1677,#1678,#1679,#1680,#1681,#1682,
#1683),.UNSPECIFIED.,.F.,.F.,(4,1,1,1,4),(0.,0.00397197911898444,0.00794395823796888,
0.0119159373569533,0.0158879164759378),.UNSPECIFIED.);
#43=B_SPLINE_CURVE_WITH_KNOTS('',3,(#1688,#1689,#1690,#1691,#1692),
 .UNSPECIFIED.,.F.,.F.,(4,1,4),(0.,0.00793331716548657,0.0158666343309731),
 .UNSPECIFIED.);
#44=B_SPLINE_CURVE_WITH_KNOTS('',3,(#1699,#1700,#1701,#1702,#1703,#1704,
#1705),.UNSPECIFIED.,.F.,.F.,(4,1,1,1,4),(0.,0.00397197911898448,0.00794395823796897,
0.0119159373569535,0.0158879164759379),.UNSPECIFIED.);
#45=B_SPLINE_CURVE_WITH_KNOTS('',3,(#1714,#1715,#1716,#1717,#1718),
 .UNSPECIFIED.,.F.,.F.,(4,1,4),(0.,0.00793331716548668,0.0158666343309734),
 .UNSPECIFIED.);
#46=B_SPLINE_CURVE_WITH_KNOTS('',3,(#1749,#1750,#1751,#1752,#1753,#1754,
#1755),.UNSPECIFIED.,.F.,.F.,(4,1,1,1,4),(0.,0.00400268205511164,0.00800536411022327,
0.0120080461653349,0.0160107282204465),.UNSPECIFIED.);
#47=B_SPLINE_CURVE_WITH_KNOTS('',3,(#1813,#1814,#1815,#1816,#1817,#1818,
#1819),.UNSPECIFIED.,.F.,.F.,(4,1,1,1,4),(0.,0.00404572374278234,0.00809144748556469,
0.012137171228347,0.0161828949711294),.UNSPECIFIED.);
#48=CYLINDRICAL_SURFACE('',#1070,0.029);
#49=CYLINDRICAL_SURFACE('',#1077,0.0151);
#50=CYLINDRICAL_SURFACE('',#1081,0.0151);
#51=CYLINDRICAL_SURFACE('',#1089,0.01);
#52=CYLINDRICAL_SURFACE('',#1092,0.01);
#53=CYLINDRICAL_SURFACE('',#1095,0.01);
#54=CYLINDRICAL_SURFACE('',#1098,0.01);
#55=CYLINDRICAL_SURFACE('',#1101,0.01);
#56=CYLINDRICAL_SURFACE('',#1104,0.01);
#57=CYLINDRICAL_SURFACE('',#1107,0.01);
#58=CYLINDRICAL_SURFACE('',#1110,0.01);
#59=CYLINDRICAL_SURFACE('',#1114,0.005);
#60=CYLINDRICAL_SURFACE('',#1117,0.005);
#61=CYLINDRICAL_SURFACE('',#1137,0.01);
#62=CYLINDRICAL_SURFACE('',#1140,0.01);
#63=CYLINDRICAL_SURFACE('',#1143,0.01);
#64=CYLINDRICAL_SURFACE('',#1146,0.01);
#65=CYLINDRICAL_SURFACE('',#1169,0.0225);
#66=CYLINDRICAL_SURFACE('',#1173,0.0174);
#67=ELLIPSE('',#1059,0.010770329614269,0.01);
#68=ELLIPSE('',#1060,0.010770329614269,0.01);
#69=ELLIPSE('',#1061,0.010770329614269,0.01);
#70=ELLIPSE('',#1062,0.010770329614269,0.01);
#71=ELLIPSE('',#1094,0.0111803398874989,0.01);
#72=ELLIPSE('',#1097,0.0111803398874989,0.01);
#73=ELLIPSE('',#1099,0.0111803398874989,0.01);
#74=ELLIPSE('',#1100,0.0111803398874989,0.01);
#75=ELLIPSE('',#1103,0.0111803398874989,0.01);
#76=ELLIPSE('',#1105,0.0111803398874989,0.01);
#77=ELLIPSE('',#1106,0.0111803398874989,0.01);
#78=ELLIPSE('',#1112,0.0111803398874989,0.01);
#79=CIRCLE('',#1049,0.031);
#80=CIRCLE('',#1051,0.031);
#81=CIRCLE('',#1053,0.031);
#82=CIRCLE('',#1055,0.031);
#83=CIRCLE('',#1057,0.0191);
#84=CIRCLE('',#1058,0.0191);
#85=CIRCLE('',#1064,0.031);
#86=CIRCLE('',#1066,0.031);
#87=CIRCLE('',#1071,0.029);
#88=CIRCLE('',#1072,0.029);
#89=CIRCLE('',#1073,0.029);
#90=CIRCLE('',#1074,0.029);
#91=CIRCLE('',#1075,0.029);
#92=CIRCLE('',#1076,0.029);
#93=CIRCLE('',#1078,0.0151);
#94=CIRCLE('',#1079,0.0151);
#95=CIRCLE('',#1082,0.0151);
#96=CIRCLE('',#1083,0.0151);
#97=CIRCLE('',#1090,0.01);
#98=CIRCLE('',#1091,0.01);
#99=CIRCLE('',#1093,0.01);
#100=CIRCLE('',#1096,0.01);
#101=CIRCLE('',#1102,0.01);
#102=CIRCLE('',#1108,0.01);
#103=CIRCLE('',#1109,0.01);
#104=CIRCLE('',#1111,0.01);
#105=CIRCLE('',#1113,0.005);
#106=CIRCLE('',#1115,0.005);
#107=CIRCLE('',#1116,0.005);
#108=CIRCLE('',#1118,0.005);
#109=CIRCLE('',#1120,0.002);
#110=CIRCLE('',#1121,0.002);
#111=CIRCLE('',#1122,0.002);
#112=CIRCLE('',#1123,0.002);
#113=CIRCLE('',#1125,0.002);
#114=CIRCLE('',#1127,0.002);
#115=CIRCLE('',#1129,0.002);
#116=CIRCLE('',#1130,0.002);
#117=CIRCLE('',#1131,0.002);
#118=CIRCLE('',#1132,0.002);
#119=CIRCLE('',#1134,0.002);
#120=CIRCLE('',#1136,0.002);
#121=CIRCLE('',#1138,0.01);
#122=CIRCLE('',#1141,0.01);
#123=CIRCLE('',#1144,0.01);
#124=CIRCLE('',#1147,0.01);
#125=CIRCLE('',#1151,0.0225);
#126=CIRCLE('',#1153,0.0225);
#127=CIRCLE('',#1155,0.0225);
#128=CIRCLE('',#1157,0.0225);
#129=CIRCLE('',#1159,0.0225);
#130=CIRCLE('',#1168,0.0225);
#131=CIRCLE('',#1170,0.0225);
#132=CIRCLE('',#1172,0.0174);
#133=CIRCLE('',#1174,0.0174);
#134=ORIENTED_EDGE('',*,*,#416,.T.);
#135=ORIENTED_EDGE('',*,*,#417,.T.);
#136=ORIENTED_EDGE('',*,*,#418,.T.);
#137=ORIENTED_EDGE('',*,*,#419,.T.);
#138=ORIENTED_EDGE('',*,*,#420,.T.);
#139=ORIENTED_EDGE('',*,*,#421,.T.);
#140=ORIENTED_EDGE('',*,*,#422,.T.);
#141=ORIENTED_EDGE('',*,*,#423,.T.);
#142=ORIENTED_EDGE('',*,*,#424,.T.);
#143=ORIENTED_EDGE('',*,*,#425,.T.);
#144=ORIENTED_EDGE('',*,*,#426,.T.);
#145=ORIENTED_EDGE('',*,*,#427,.T.);
#146=ORIENTED_EDGE('',*,*,#428,.T.);
#147=ORIENTED_EDGE('',*,*,#429,.T.);
#148=ORIENTED_EDGE('',*,*,#430,.F.);
#149=ORIENTED_EDGE('',*,*,#431,.T.);
#150=ORIENTED_EDGE('',*,*,#432,.T.);
#151=ORIENTED_EDGE('',*,*,#433,.T.);
#152=ORIENTED_EDGE('',*,*,#434,.T.);
#153=ORIENTED_EDGE('',*,*,#435,.T.);
#154=ORIENTED_EDGE('',*,*,#430,.T.);
#155=ORIENTED_EDGE('',*,*,#436,.T.);
#156=ORIENTED_EDGE('',*,*,#437,.T.);
#157=ORIENTED_EDGE('',*,*,#438,.T.);
#158=ORIENTED_EDGE('',*,*,#421,.F.);
#159=ORIENTED_EDGE('',*,*,#439,.T.);
#160=ORIENTED_EDGE('',*,*,#440,.F.);
#161=ORIENTED_EDGE('',*,*,#441,.T.);
#162=ORIENTED_EDGE('',*,*,#442,.T.);
#163=ORIENTED_EDGE('',*,*,#443,.T.);
#164=ORIENTED_EDGE('',*,*,#444,.T.);
#165=ORIENTED_EDGE('',*,*,#445,.T.);
#166=ORIENTED_EDGE('',*,*,#446,.T.);
#167=ORIENTED_EDGE('',*,*,#447,.T.);
#168=ORIENTED_EDGE('',*,*,#448,.T.);
#169=ORIENTED_EDGE('',*,*,#449,.T.);
#170=ORIENTED_EDGE('',*,*,#450,.T.);
#171=ORIENTED_EDGE('',*,*,#451,.T.);
#172=ORIENTED_EDGE('',*,*,#452,.T.);
#173=ORIENTED_EDGE('',*,*,#453,.T.);
#174=ORIENTED_EDGE('',*,*,#454,.T.);
#175=ORIENTED_EDGE('',*,*,#455,.T.);
#176=ORIENTED_EDGE('',*,*,#456,.T.);
#177=ORIENTED_EDGE('',*,*,#457,.T.);
#178=ORIENTED_EDGE('',*,*,#458,.T.);
#179=ORIENTED_EDGE('',*,*,#459,.T.);
#180=ORIENTED_EDGE('',*,*,#460,.T.);
#181=ORIENTED_EDGE('',*,*,#461,.T.);
#182=ORIENTED_EDGE('',*,*,#462,.T.);
#183=ORIENTED_EDGE('',*,*,#463,.T.);
#184=ORIENTED_EDGE('',*,*,#464,.T.);
#185=ORIENTED_EDGE('',*,*,#465,.T.);
#186=ORIENTED_EDGE('',*,*,#466,.T.);
#187=ORIENTED_EDGE('',*,*,#467,.T.);
#188=ORIENTED_EDGE('',*,*,#468,.T.);
#189=ORIENTED_EDGE('',*,*,#469,.T.);
#190=ORIENTED_EDGE('',*,*,#470,.T.);
#191=ORIENTED_EDGE('',*,*,#471,.T.);
#192=ORIENTED_EDGE('',*,*,#472,.T.);
#193=ORIENTED_EDGE('',*,*,#473,.F.);
#194=ORIENTED_EDGE('',*,*,#473,.T.);
#195=ORIENTED_EDGE('',*,*,#474,.T.);
#196=ORIENTED_EDGE('',*,*,#475,.F.);
#197=ORIENTED_EDGE('',*,*,#475,.T.);
#198=ORIENTED_EDGE('',*,*,#437,.F.);
#199=ORIENTED_EDGE('',*,*,#476,.T.);
#200=ORIENTED_EDGE('',*,*,#477,.T.);
#201=ORIENTED_EDGE('',*,*,#478,.T.);
#202=ORIENTED_EDGE('',*,*,#479,.T.);
#203=ORIENTED_EDGE('',*,*,#480,.T.);
#204=ORIENTED_EDGE('',*,*,#440,.T.);
#205=ORIENTED_EDGE('',*,*,#481,.T.);
#206=ORIENTED_EDGE('',*,*,#434,.F.);
#207=ORIENTED_EDGE('',*,*,#474,.F.);
#208=ORIENTED_EDGE('',*,*,#435,.F.);
#209=ORIENTED_EDGE('',*,*,#472,.F.);
#210=ORIENTED_EDGE('',*,*,#458,.F.);
#211=ORIENTED_EDGE('',*,*,#482,.T.);
#212=ORIENTED_EDGE('',*,*,#479,.F.);
#213=ORIENTED_EDGE('',*,*,#483,.T.);
#214=ORIENTED_EDGE('',*,*,#459,.F.);
#215=ORIENTED_EDGE('',*,*,#484,.T.);
#216=ORIENTED_EDGE('',*,*,#419,.F.);
#217=ORIENTED_EDGE('',*,*,#485,.T.);
#218=ORIENTED_EDGE('',*,*,#442,.F.);
#219=ORIENTED_EDGE('',*,*,#486,.T.);
#220=ORIENTED_EDGE('',*,*,#432,.F.);
#221=ORIENTED_EDGE('',*,*,#487,.T.);
#222=ORIENTED_EDGE('',*,*,#457,.F.);
#223=ORIENTED_EDGE('',*,*,#488,.T.);
#224=ORIENTED_EDGE('',*,*,#427,.F.);
#225=ORIENTED_EDGE('',*,*,#489,.T.);
#226=ORIENTED_EDGE('',*,*,#454,.F.);
#227=ORIENTED_EDGE('',*,*,#490,.T.);
#228=ORIENTED_EDGE('',*,*,#456,.F.);
#229=ORIENTED_EDGE('',*,*,#491,.T.);
#230=ORIENTED_EDGE('',*,*,#423,.F.);
#231=ORIENTED_EDGE('',*,*,#492,.T.);
#232=ORIENTED_EDGE('',*,*,#448,.F.);
#233=ORIENTED_EDGE('',*,*,#493,.T.);
#234=ORIENTED_EDGE('',*,*,#418,.F.);
#235=ORIENTED_EDGE('',*,*,#494,.T.);
#236=ORIENTED_EDGE('',*,*,#451,.F.);
#237=ORIENTED_EDGE('',*,*,#495,.T.);
#238=ORIENTED_EDGE('',*,*,#452,.F.);
#239=ORIENTED_EDGE('',*,*,#496,.T.);
#240=ORIENTED_EDGE('',*,*,#477,.F.);
#241=ORIENTED_EDGE('',*,*,#497,.T.);
#242=ORIENTED_EDGE('',*,*,#449,.F.);
#243=ORIENTED_EDGE('',*,*,#498,.T.);
#244=ORIENTED_EDGE('',*,*,#450,.F.);
#245=ORIENTED_EDGE('',*,*,#499,.T.);
#246=ORIENTED_EDGE('',*,*,#428,.F.);
#247=ORIENTED_EDGE('',*,*,#500,.T.);
#248=ORIENTED_EDGE('',*,*,#445,.F.);
#249=ORIENTED_EDGE('',*,*,#501,.T.);
#250=ORIENTED_EDGE('',*,*,#495,.F.);
#251=ORIENTED_EDGE('',*,*,#501,.F.);
#252=ORIENTED_EDGE('',*,*,#502,.F.);
#253=ORIENTED_EDGE('',*,*,#447,.F.);
#254=ORIENTED_EDGE('',*,*,#503,.T.);
#255=ORIENTED_EDGE('',*,*,#425,.F.);
#256=ORIENTED_EDGE('',*,*,#504,.F.);
#257=ORIENTED_EDGE('',*,*,#453,.F.);
#258=ORIENTED_EDGE('',*,*,#502,.T.);
#259=ORIENTED_EDGE('',*,*,#504,.T.);
#260=ORIENTED_EDGE('',*,*,#488,.F.);
#261=ORIENTED_EDGE('',*,*,#490,.F.);
#262=ORIENTED_EDGE('',*,*,#493,.F.);
#263=ORIENTED_EDGE('',*,*,#496,.F.);
#264=ORIENTED_EDGE('',*,*,#505,.F.);
#265=ORIENTED_EDGE('',*,*,#444,.F.);
#266=ORIENTED_EDGE('',*,*,#506,.T.);
#267=ORIENTED_EDGE('',*,*,#416,.F.);
#268=ORIENTED_EDGE('',*,*,#505,.T.);
#269=ORIENTED_EDGE('',*,*,#455,.F.);
#270=ORIENTED_EDGE('',*,*,#507,.F.);
#271=ORIENTED_EDGE('',*,*,#491,.F.);
#272=ORIENTED_EDGE('',*,*,#486,.F.);
#273=ORIENTED_EDGE('',*,*,#507,.T.);
#274=ORIENTED_EDGE('',*,*,#508,.F.);
#275=ORIENTED_EDGE('',*,*,#463,.F.);
#276=ORIENTED_EDGE('',*,*,#509,.F.);
#277=ORIENTED_EDGE('',*,*,#433,.F.);
#278=ORIENTED_EDGE('',*,*,#509,.T.);
#279=ORIENTED_EDGE('',*,*,#462,.F.);
#280=ORIENTED_EDGE('',*,*,#510,.F.);
#281=ORIENTED_EDGE('',*,*,#500,.F.);
#282=ORIENTED_EDGE('',*,*,#508,.T.);
#283=ORIENTED_EDGE('',*,*,#489,.F.);
#284=ORIENTED_EDGE('',*,*,#511,.F.);
#285=ORIENTED_EDGE('',*,*,#464,.F.);
#286=ORIENTED_EDGE('',*,*,#510,.T.);
#287=ORIENTED_EDGE('',*,*,#461,.F.);
#288=ORIENTED_EDGE('',*,*,#512,.F.);
#289=ORIENTED_EDGE('',*,*,#446,.F.);
#290=ORIENTED_EDGE('',*,*,#511,.T.);
#291=ORIENTED_EDGE('',*,*,#426,.F.);
#292=ORIENTED_EDGE('',*,*,#513,.F.);
#293=ORIENTED_EDGE('',*,*,#465,.F.);
#294=ORIENTED_EDGE('',*,*,#512,.T.);
#295=ORIENTED_EDGE('',*,*,#460,.F.);
#296=ORIENTED_EDGE('',*,*,#513,.T.);
#297=ORIENTED_EDGE('',*,*,#503,.F.);
#298=ORIENTED_EDGE('',*,*,#514,.F.);
#299=ORIENTED_EDGE('',*,*,#424,.F.);
#300=ORIENTED_EDGE('',*,*,#515,.F.);
#301=ORIENTED_EDGE('',*,*,#470,.F.);
#302=ORIENTED_EDGE('',*,*,#515,.T.);
#303=ORIENTED_EDGE('',*,*,#494,.F.);
#304=ORIENTED_EDGE('',*,*,#516,.F.);
#305=ORIENTED_EDGE('',*,*,#471,.F.);
#306=ORIENTED_EDGE('',*,*,#514,.T.);
#307=ORIENTED_EDGE('',*,*,#469,.F.);
#308=ORIENTED_EDGE('',*,*,#517,.F.);
#309=ORIENTED_EDGE('',*,*,#485,.F.);
#310=ORIENTED_EDGE('',*,*,#516,.T.);
#311=ORIENTED_EDGE('',*,*,#417,.F.);
#312=ORIENTED_EDGE('',*,*,#518,.F.);
#313=ORIENTED_EDGE('',*,*,#466,.F.);
#314=ORIENTED_EDGE('',*,*,#517,.T.);
#315=ORIENTED_EDGE('',*,*,#468,.F.);
#316=ORIENTED_EDGE('',*,*,#519,.F.);
#317=ORIENTED_EDGE('',*,*,#443,.F.);
#318=ORIENTED_EDGE('',*,*,#518,.T.);
#319=ORIENTED_EDGE('',*,*,#506,.F.);
#320=ORIENTED_EDGE('',*,*,#519,.T.);
#321=ORIENTED_EDGE('',*,*,#467,.F.);
#322=ORIENTED_EDGE('',*,*,#520,.F.);
#323=ORIENTED_EDGE('',*,*,#476,.F.);
#324=ORIENTED_EDGE('',*,*,#436,.F.);
#325=ORIENTED_EDGE('',*,*,#429,.F.);
#326=ORIENTED_EDGE('',*,*,#499,.F.);
#327=ORIENTED_EDGE('',*,*,#497,.F.);
#328=ORIENTED_EDGE('',*,*,#520,.T.);
#329=ORIENTED_EDGE('',*,*,#521,.F.);
#330=ORIENTED_EDGE('',*,*,#431,.F.);
#331=ORIENTED_EDGE('',*,*,#441,.F.);
#332=ORIENTED_EDGE('',*,*,#480,.F.);
#333=ORIENTED_EDGE('',*,*,#521,.T.);
#334=ORIENTED_EDGE('',*,*,#482,.F.);
#335=ORIENTED_EDGE('',*,*,#487,.F.);
#336=ORIENTED_EDGE('',*,*,#522,.F.);
#337=ORIENTED_EDGE('',*,*,#481,.F.);
#338=ORIENTED_EDGE('',*,*,#439,.F.);
#339=ORIENTED_EDGE('',*,*,#420,.F.);
#340=ORIENTED_EDGE('',*,*,#484,.F.);
#341=ORIENTED_EDGE('',*,*,#483,.F.);
#342=ORIENTED_EDGE('',*,*,#522,.T.);
#343=ORIENTED_EDGE('',*,*,#523,.F.);
#344=ORIENTED_EDGE('',*,*,#422,.F.);
#345=ORIENTED_EDGE('',*,*,#438,.F.);
#346=ORIENTED_EDGE('',*,*,#478,.F.);
#347=ORIENTED_EDGE('',*,*,#498,.F.);
#348=ORIENTED_EDGE('',*,*,#492,.F.);
#349=ORIENTED_EDGE('',*,*,#523,.T.);
#350=ORIENTED_EDGE('',*,*,#524,.F.);
#351=ORIENTED_EDGE('',*,*,#525,.F.);
#352=ORIENTED_EDGE('',*,*,#526,.F.);
#353=ORIENTED_EDGE('',*,*,#527,.F.);
#354=ORIENTED_EDGE('',*,*,#528,.F.);
#355=ORIENTED_EDGE('',*,*,#529,.F.);
#356=ORIENTED_EDGE('',*,*,#530,.F.);
#357=ORIENTED_EDGE('',*,*,#531,.F.);
#358=ORIENTED_EDGE('',*,*,#532,.F.);
#359=ORIENTED_EDGE('',*,*,#533,.F.);
#360=ORIENTED_EDGE('',*,*,#534,.F.);
#361=ORIENTED_EDGE('',*,*,#535,.F.);
#362=ORIENTED_EDGE('',*,*,#536,.F.);
#363=ORIENTED_EDGE('',*,*,#537,.F.);
#364=ORIENTED_EDGE('',*,*,#538,.F.);
#365=ORIENTED_EDGE('',*,*,#537,.T.);
#366=ORIENTED_EDGE('',*,*,#535,.T.);
#367=ORIENTED_EDGE('',*,*,#539,.F.);
#368=ORIENTED_EDGE('',*,*,#540,.F.);
#369=ORIENTED_EDGE('',*,*,#541,.T.);
#370=ORIENTED_EDGE('',*,*,#534,.T.);
#371=ORIENTED_EDGE('',*,*,#532,.T.);
#372=ORIENTED_EDGE('',*,*,#542,.F.);
#373=ORIENTED_EDGE('',*,*,#543,.F.);
#374=ORIENTED_EDGE('',*,*,#539,.T.);
#375=ORIENTED_EDGE('',*,*,#531,.T.);
#376=ORIENTED_EDGE('',*,*,#529,.T.);
#377=ORIENTED_EDGE('',*,*,#544,.F.);
#378=ORIENTED_EDGE('',*,*,#545,.F.);
#379=ORIENTED_EDGE('',*,*,#542,.T.);
#380=ORIENTED_EDGE('',*,*,#528,.T.);
#381=ORIENTED_EDGE('',*,*,#526,.T.);
#382=ORIENTED_EDGE('',*,*,#546,.F.);
#383=ORIENTED_EDGE('',*,*,#547,.F.);
#384=ORIENTED_EDGE('',*,*,#544,.T.);
#385=ORIENTED_EDGE('',*,*,#525,.T.);
#386=ORIENTED_EDGE('',*,*,#548,.T.);
#387=ORIENTED_EDGE('',*,*,#549,.F.);
#388=ORIENTED_EDGE('',*,*,#550,.F.);
#389=ORIENTED_EDGE('',*,*,#546,.T.);
#390=ORIENTED_EDGE('',*,*,#551,.T.);
#391=ORIENTED_EDGE('',*,*,#538,.T.);
#392=ORIENTED_EDGE('',*,*,#541,.F.);
#393=ORIENTED_EDGE('',*,*,#552,.F.);
#394=ORIENTED_EDGE('',*,*,#549,.T.);
#395=ORIENTED_EDGE('',*,*,#540,.T.);
#396=ORIENTED_EDGE('',*,*,#543,.T.);
#397=ORIENTED_EDGE('',*,*,#545,.T.);
#398=ORIENTED_EDGE('',*,*,#547,.T.);
#399=ORIENTED_EDGE('',*,*,#550,.T.);
#400=ORIENTED_EDGE('',*,*,#552,.T.);
#401=ORIENTED_EDGE('',*,*,#553,.F.);
#402=ORIENTED_EDGE('',*,*,#551,.F.);
#403=ORIENTED_EDGE('',*,*,#548,.F.);
#404=ORIENTED_EDGE('',*,*,#554,.F.);
#405=ORIENTED_EDGE('',*,*,#524,.T.);
#406=ORIENTED_EDGE('',*,*,#527,.T.);
#407=ORIENTED_EDGE('',*,*,#530,.T.);
#408=ORIENTED_EDGE('',*,*,#533,.T.);
#409=ORIENTED_EDGE('',*,*,#536,.T.);
#410=ORIENTED_EDGE('',*,*,#553,.T.);
#411=ORIENTED_EDGE('',*,*,#555,.F.);
#412=ORIENTED_EDGE('',*,*,#554,.T.);
#413=ORIENTED_EDGE('',*,*,#556,.F.);
#414=ORIENTED_EDGE('',*,*,#555,.T.);
#415=ORIENTED_EDGE('',*,*,#556,.T.);
#416=EDGE_CURVE('',#557,#558,#640,.F.);
#417=EDGE_CURVE('',#558,#559,#79,.F.);
#418=EDGE_CURVE('',#559,#557,#641,.F.);
#419=EDGE_CURVE('',#560,#561,#642,.T.);
#420=EDGE_CURVE('',#561,#562,#643,.F.);
#421=EDGE_CURVE('',#562,#563,#644,.T.);
#422=EDGE_CURVE('',#563,#564,#645,.T.);
#423=EDGE_CURVE('',#564,#565,#646,.F.);
#424=EDGE_CURVE('',#565,#560,#80,.F.);
#425=EDGE_CURVE('',#566,#567,#647,.T.);
#426=EDGE_CURVE('',#567,#568,#81,.T.);
#427=EDGE_CURVE('',#568,#566,#648,.F.);
#428=EDGE_CURVE('',#569,#570,#649,.T.);
#429=EDGE_CURVE('',#570,#571,#650,.F.);
#430=EDGE_CURVE('',#572,#571,#651,.T.);
#431=EDGE_CURVE('',#572,#573,#652,.T.);
#432=EDGE_CURVE('',#573,#574,#653,.F.);
#433=EDGE_CURVE('',#574,#569,#82,.T.);
#434=EDGE_CURVE('',#575,#575,#83,.T.);
#435=EDGE_CURVE('',#576,#576,#84,.T.);
#436=EDGE_CURVE('',#571,#577,#67,.F.);
#437=EDGE_CURVE('',#577,#578,#654,.T.);
#438=EDGE_CURVE('',#578,#563,#68,.F.);
#439=EDGE_CURVE('',#562,#579,#69,.F.);
#440=EDGE_CURVE('',#580,#579,#655,.T.);
#441=EDGE_CURVE('',#580,#572,#70,.F.);
#442=EDGE_CURVE('',#581,#582,#656,.T.);
#443=EDGE_CURVE('',#582,#583,#85,.F.);
#444=EDGE_CURVE('',#583,#581,#657,.F.);
#445=EDGE_CURVE('',#584,#585,#658,.T.);
#446=EDGE_CURVE('',#585,#586,#86,.T.);
#447=EDGE_CURVE('',#586,#584,#659,.T.);
#448=EDGE_CURVE('',#587,#588,#660,.T.);
#449=EDGE_CURVE('',#588,#589,#661,.F.);
#450=EDGE_CURVE('',#589,#590,#662,.F.);
#451=EDGE_CURVE('',#590,#587,#663,.F.);
#452=EDGE_CURVE('',#591,#592,#664,.T.);
#453=EDGE_CURVE('',#592,#593,#665,.F.);
#454=EDGE_CURVE('',#593,#594,#666,.F.);
#455=EDGE_CURVE('',#594,#591,#667,.T.);
#456=EDGE_CURVE('',#595,#596,#668,.T.);
#457=EDGE_CURVE('',#596,#597,#669,.T.);
#458=EDGE_CURVE('',#597,#598,#670,.T.);
#459=EDGE_CURVE('',#598,#595,#671,.F.);
#460=EDGE_CURVE('',#599,#600,#36,.T.);
#461=EDGE_CURVE('',#600,#601,#87,.F.);
#462=EDGE_CURVE('',#601,#602,#37,.T.);
#463=EDGE_CURVE('',#602,#603,#88,.F.);
#464=EDGE_CURVE('',#603,#604,#38,.T.);
#465=EDGE_CURVE('',#604,#599,#89,.F.);
#466=EDGE_CURVE('',#605,#606,#90,.T.);
#467=EDGE_CURVE('',#606,#607,#39,.T.);
#468=EDGE_CURVE('',#607,#608,#91,.T.);
#469=EDGE_CURVE('',#608,#609,#40,.T.);
#470=EDGE_CURVE('',#609,#610,#92,.T.);
#471=EDGE_CURVE('',#610,#605,#41,.T.);
#472=EDGE_CURVE('',#611,#611,#93,.F.);
#473=EDGE_CURVE('',#612,#612,#94,.T.);
#474=EDGE_CURVE('',#613,#613,#95,.F.);
#475=EDGE_CURVE('',#614,#614,#96,.T.);
#476=EDGE_CURVE('',#577,#615,#672,.T.);
#477=EDGE_CURVE('',#615,#616,#673,.T.);
#478=EDGE_CURVE('',#616,#578,#674,.F.);
#479=EDGE_CURVE('',#617,#618,#675,.F.);
#480=EDGE_CURVE('',#618,#580,#676,.F.);
#481=EDGE_CURVE('',#579,#617,#677,.T.);
#482=EDGE_CURVE('',#597,#618,#97,.T.);
#483=EDGE_CURVE('',#617,#598,#98,.F.);
#484=EDGE_CURVE('',#598,#561,#99,.T.);
#485=EDGE_CURVE('',#560,#582,#42,.T.);
#486=EDGE_CURVE('',#581,#595,#71,.F.);
#487=EDGE_CURVE('',#573,#597,#100,.F.);
#488=EDGE_CURVE('',#596,#566,#72,.T.);
#489=EDGE_CURVE('',#568,#574,#43,.T.);
#490=EDGE_CURVE('',#593,#596,#73,.F.);
#491=EDGE_CURVE('',#595,#594,#74,.T.);
#492=EDGE_CURVE('',#564,#588,#101,.F.);
#493=EDGE_CURVE('',#587,#557,#75,.T.);
#494=EDGE_CURVE('',#559,#565,#44,.T.);
#495=EDGE_CURVE('',#590,#592,#76,.F.);
#496=EDGE_CURVE('',#591,#587,#77,.F.);
#497=EDGE_CURVE('',#615,#589,#102,.T.);
#498=EDGE_CURVE('',#588,#616,#103,.F.);
#499=EDGE_CURVE('',#589,#570,#104,.T.);
#500=EDGE_CURVE('',#569,#585,#45,.T.);
#501=EDGE_CURVE('',#584,#590,#78,.T.);
#502=EDGE_CURVE('',#592,#584,#105,.T.);
#503=EDGE_CURVE('',#586,#567,#46,.T.);
#504=EDGE_CURVE('',#593,#566,#106,.T.);
#505=EDGE_CURVE('',#557,#591,#107,.T.);
#506=EDGE_CURVE('',#583,#558,#47,.T.);
#507=EDGE_CURVE('',#581,#594,#108,.T.);
#508=EDGE_CURVE('',#603,#574,#109,.T.);
#509=EDGE_CURVE('',#569,#602,#110,.T.);
#510=EDGE_CURVE('',#585,#601,#111,.T.);
#511=EDGE_CURVE('',#604,#568,#112,.T.);
#512=EDGE_CURVE('',#586,#600,#113,.T.);
#513=EDGE_CURVE('',#599,#567,#114,.T.);
#514=EDGE_CURVE('',#560,#609,#115,.T.);
#515=EDGE_CURVE('',#610,#565,#116,.T.);
#516=EDGE_CURVE('',#605,#559,#117,.T.);
#517=EDGE_CURVE('',#582,#608,#118,.T.);
#518=EDGE_CURVE('',#606,#558,#119,.T.);
#519=EDGE_CURVE('',#583,#607,#120,.T.);
#520=EDGE_CURVE('',#615,#570,#121,.T.);
#521=EDGE_CURVE('',#573,#618,#122,.T.);
#522=EDGE_CURVE('',#617,#561,#123,.T.);
#523=EDGE_CURVE('',#564,#616,#124,.T.);
#524=EDGE_CURVE('',#619,#620,#125,.T.);
#525=EDGE_CURVE('',#621,#619,#678,.T.);
#526=EDGE_CURVE('',#620,#621,#679,.T.);
#527=EDGE_CURVE('',#620,#622,#126,.T.);
#528=EDGE_CURVE('',#623,#620,#680,.T.);
#529=EDGE_CURVE('',#622,#623,#681,.T.);
#530=EDGE_CURVE('',#622,#624,#127,.T.);
#531=EDGE_CURVE('',#625,#622,#682,.T.);
#532=EDGE_CURVE('',#624,#625,#683,.T.);
#533=EDGE_CURVE('',#624,#626,#128,.T.);
#534=EDGE_CURVE('',#627,#624,#684,.T.);
#535=EDGE_CURVE('',#626,#627,#685,.T.);
#536=EDGE_CURVE('',#626,#628,#129,.T.);
#537=EDGE_CURVE('',#629,#626,#686,.T.);
#538=EDGE_CURVE('',#628,#629,#687,.T.);
#539=EDGE_CURVE('',#630,#627,#688,.T.);
#540=EDGE_CURVE('',#631,#630,#689,.T.);
#541=EDGE_CURVE('',#631,#629,#690,.T.);
#542=EDGE_CURVE('',#632,#625,#691,.T.);
#543=EDGE_CURVE('',#630,#632,#692,.T.);
#544=EDGE_CURVE('',#633,#623,#693,.T.);
#545=EDGE_CURVE('',#632,#633,#694,.T.);
#546=EDGE_CURVE('',#634,#621,#695,.T.);
#547=EDGE_CURVE('',#633,#634,#696,.T.);
#548=EDGE_CURVE('',#619,#635,#697,.T.);
#549=EDGE_CURVE('',#636,#635,#698,.T.);
#550=EDGE_CURVE('',#634,#636,#699,.T.);
#551=EDGE_CURVE('',#635,#628,#700,.T.);
#552=EDGE_CURVE('',#636,#631,#701,.T.);
#553=EDGE_CURVE('',#628,#619,#130,.T.);
#554=EDGE_CURVE('',#637,#637,#131,.T.);
#555=EDGE_CURVE('',#638,#638,#132,.T.);
#556=EDGE_CURVE('',#639,#639,#133,.T.);
#557=VERTEX_POINT('',#1499);
#558=VERTEX_POINT('',#1500);
#559=VERTEX_POINT('',#1502);
#560=VERTEX_POINT('',#1506);
#561=VERTEX_POINT('',#1507);
#562=VERTEX_POINT('',#1509);
#563=VERTEX_POINT('',#1511);
#564=VERTEX_POINT('',#1513);
#565=VERTEX_POINT('',#1515);
#566=VERTEX_POINT('',#1519);
#567=VERTEX_POINT('',#1520);
#568=VERTEX_POINT('',#1522);
#569=VERTEX_POINT('',#1526);
#570=VERTEX_POINT('',#1527);
#571=VERTEX_POINT('',#1529);
#572=VERTEX_POINT('',#1531);
#573=VERTEX_POINT('',#1533);
#574=VERTEX_POINT('',#1535);
#575=VERTEX_POINT('',#1539);
#576=VERTEX_POINT('',#1541);
#577=VERTEX_POINT('',#1543);
#578=VERTEX_POINT('',#1545);
#579=VERTEX_POINT('',#1548);
#580=VERTEX_POINT('',#1550);
#581=VERTEX_POINT('',#1554);
#582=VERTEX_POINT('',#1555);
#583=VERTEX_POINT('',#1557);
#584=VERTEX_POINT('',#1561);
#585=VERTEX_POINT('',#1562);
#586=VERTEX_POINT('',#1564);
#587=VERTEX_POINT('',#1568);
#588=VERTEX_POINT('',#1569);
#589=VERTEX_POINT('',#1571);
#590=VERTEX_POINT('',#1573);
#591=VERTEX_POINT('',#1577);
#592=VERTEX_POINT('',#1578);
#593=VERTEX_POINT('',#1580);
#594=VERTEX_POINT('',#1582);
#595=VERTEX_POINT('',#1586);
#596=VERTEX_POINT('',#1587);
#597=VERTEX_POINT('',#1589);
#598=VERTEX_POINT('',#1591);
#599=VERTEX_POINT('',#1601);
#600=VERTEX_POINT('',#1602);
#601=VERTEX_POINT('',#1604);
#602=VERTEX_POINT('',#1610);
#603=VERTEX_POINT('',#1612);
#604=VERTEX_POINT('',#1618);
#605=VERTEX_POINT('',#1621);
#606=VERTEX_POINT('',#1622);
#607=VERTEX_POINT('',#1630);
#608=VERTEX_POINT('',#1632);
#609=VERTEX_POINT('',#1638);
#610=VERTEX_POINT('',#1640);
#611=VERTEX_POINT('',#1648);
#612=VERTEX_POINT('',#1650);
#613=VERTEX_POINT('',#1654);
#614=VERTEX_POINT('',#1656);
#615=VERTEX_POINT('',#1660);
#616=VERTEX_POINT('',#1662);
#617=VERTEX_POINT('',#1666);
#618=VERTEX_POINT('',#1667);
#619=VERTEX_POINT('',#1983);
#620=VERTEX_POINT('',#1984);
#621=VERTEX_POINT('',#1986);
#622=VERTEX_POINT('',#1990);
#623=VERTEX_POINT('',#1992);
#624=VERTEX_POINT('',#1996);
#625=VERTEX_POINT('',#1998);
#626=VERTEX_POINT('',#2002);
#627=VERTEX_POINT('',#2004);
#628=VERTEX_POINT('',#2008);
#629=VERTEX_POINT('',#2010);
#630=VERTEX_POINT('',#2014);
#631=VERTEX_POINT('',#2016);
#632=VERTEX_POINT('',#2020);
#633=VERTEX_POINT('',#2024);
#634=VERTEX_POINT('',#2028);
#635=VERTEX_POINT('',#2032);
#636=VERTEX_POINT('',#2034);
#637=VERTEX_POINT('',#2044);
#638=VERTEX_POINT('',#2047);
#639=VERTEX_POINT('',#2050);
#640=LINE('',#1498,#702);
#641=LINE('',#1503,#703);
#642=LINE('',#1505,#704);
#643=LINE('',#1508,#705);
#644=LINE('',#1510,#706);
#645=LINE('',#1512,#707);
#646=LINE('',#1514,#708);
#647=LINE('',#1518,#709);
#648=LINE('',#1523,#710);
#649=LINE('',#1525,#711);
#650=LINE('',#1528,#712);
#651=LINE('',#1530,#713);
#652=LINE('',#1532,#714);
#653=LINE('',#1534,#715);
#654=LINE('',#1544,#716);
#655=LINE('',#1549,#717);
#656=LINE('',#1553,#718);
#657=LINE('',#1558,#719);
#658=LINE('',#1560,#720);
#659=LINE('',#1565,#721);
#660=LINE('',#1567,#722);
#661=LINE('',#1570,#723);
#662=LINE('',#1572,#724);
#663=LINE('',#1574,#725);
#664=LINE('',#1576,#726);
#665=LINE('',#1579,#727);
#666=LINE('',#1581,#728);
#667=LINE('',#1583,#729);
#668=LINE('',#1585,#730);
#669=LINE('',#1588,#731);
#670=LINE('',#1590,#732);
#671=LINE('',#1592,#733);
#672=LINE('',#1659,#734);
#673=LINE('',#1661,#735);
#674=LINE('',#1663,#736);
#675=LINE('',#1665,#737);
#676=LINE('',#1668,#738);
#677=LINE('',#1669,#739);
#678=LINE('',#1985,#740);
#679=LINE('',#1987,#741);
#680=LINE('',#1991,#742);
#681=LINE('',#1993,#743);
#682=LINE('',#1997,#744);
#683=LINE('',#1999,#745);
#684=LINE('',#2003,#746);
#685=LINE('',#2005,#747);
#686=LINE('',#2009,#748);
#687=LINE('',#2011,#749);
#688=LINE('',#2013,#750);
#689=LINE('',#2015,#751);
#690=LINE('',#2017,#752);
#691=LINE('',#2019,#753);
#692=LINE('',#2021,#754);
#693=LINE('',#2023,#755);
#694=LINE('',#2025,#756);
#695=LINE('',#2027,#757);
#696=LINE('',#2029,#758);
#697=LINE('',#2031,#759);
#698=LINE('',#2033,#760);
#699=LINE('',#2035,#761);
#700=LINE('',#2037,#762);
#701=LINE('',#2038,#763);
#702=VECTOR('',#1180,1.);
#703=VECTOR('',#1183,1.);
#704=VECTOR('',#1186,1.);
#705=VECTOR('',#1187,1.);
#706=VECTOR('',#1188,1.);
#707=VECTOR('',#1189,1.);
#708=VECTOR('',#1190,1.);
#709=VECTOR('',#1195,1.);
#710=VECTOR('',#1198,1.);
#711=VECTOR('',#1201,1.);
#712=VECTOR('',#1202,1.);
#713=VECTOR('',#1203,1.);
#714=VECTOR('',#1204,1.);
#715=VECTOR('',#1205,1.);
#716=VECTOR('',#1216,1.);
#717=VECTOR('',#1221,1.);
#718=VECTOR('',#1226,1.);
#719=VECTOR('',#1229,1.);
#720=VECTOR('',#1232,1.);
#721=VECTOR('',#1235,1.);
#722=VECTOR('',#1238,1.);
#723=VECTOR('',#1239,1.);
#724=VECTOR('',#1240,1.);
#725=VECTOR('',#1241,1.);
#726=VECTOR('',#1244,1.);
#727=VECTOR('',#1245,1.);
#728=VECTOR('',#1246,1.);
#729=VECTOR('',#1247,1.);
#730=VECTOR('',#1250,1.);
#731=VECTOR('',#1251,1.);
#732=VECTOR('',#1252,1.);
#733=VECTOR('',#1253,1.);
#734=VECTOR('',#1286,1.);
#735=VECTOR('',#1287,1.);
#736=VECTOR('',#1288,1.);
#737=VECTOR('',#1291,1.);
#738=VECTOR('',#1292,1.);
#739=VECTOR('',#1293,1.);
#740=VECTOR('',#1424,1.);
#741=VECTOR('',#1425,1.);
#742=VECTOR('',#1430,1.);
#743=VECTOR('',#1431,1.);
#744=VECTOR('',#1436,1.);
#745=VECTOR('',#1437,1.);
#746=VECTOR('',#1442,1.);
#747=VECTOR('',#1443,1.);
#748=VECTOR('',#1448,1.);
#749=VECTOR('',#1449,1.);
#750=VECTOR('',#1452,1.);
#751=VECTOR('',#1453,1.);
#752=VECTOR('',#1454,1.);
#753=VECTOR('',#1457,1.);
#754=VECTOR('',#1458,1.);
#755=VECTOR('',#1461,1.);
#756=VECTOR('',#1462,1.);
#757=VECTOR('',#1465,1.);
#758=VECTOR('',#1466,1.);
#759=VECTOR('',#1469,1.);
#760=VECTOR('',#1470,1.);
#761=VECTOR('',#1471,1.);
#762=VECTOR('',#1474,1.);
#763=VECTOR('',#1475,1.);
#764=EDGE_LOOP('',(#134,#135,#136));
#765=EDGE_LOOP('',(#137,#138,#139,#140,#141,#142));
#766=EDGE_LOOP('',(#143,#144,#145));
#767=EDGE_LOOP('',(#146,#147,#148,#149,#150,#151));
#768=EDGE_LOOP('',(#152));
#769=EDGE_LOOP('',(#153));
#770=EDGE_LOOP('',(#154,#155,#156,#157,#158,#159,#160,#161));
#771=EDGE_LOOP('',(#162,#163,#164));
#772=EDGE_LOOP('',(#165,#166,#167));
#773=EDGE_LOOP('',(#168,#169,#170,#171));
#774=EDGE_LOOP('',(#172,#173,#174,#175));
#775=EDGE_LOOP('',(#176,#177,#178,#179));
#776=EDGE_LOOP('',(#180,#181,#182,#183,#184,#185));
#777=EDGE_LOOP('',(#186,#187,#188,#189,#190,#191));
#778=EDGE_LOOP('',(#192));
#779=EDGE_LOOP('',(#193));
#780=EDGE_LOOP('',(#194));
#781=EDGE_LOOP('',(#195));
#782=EDGE_LOOP('',(#196));
#783=EDGE_LOOP('',(#197));
#784=EDGE_LOOP('',(#198,#199,#200,#201));
#785=EDGE_LOOP('',(#202,#203,#204,#205));
#786=EDGE_LOOP('',(#206));
#787=EDGE_LOOP('',(#207));
#788=EDGE_LOOP('',(#208));
#789=EDGE_LOOP('',(#209));
#790=EDGE_LOOP('',(#210,#211,#212,#213));
#791=EDGE_LOOP('',(#214,#215,#216,#217,#218,#219));
#792=EDGE_LOOP('',(#220,#221,#222,#223,#224,#225));
#793=EDGE_LOOP('',(#226,#227,#228,#229));
#794=EDGE_LOOP('',(#230,#231,#232,#233,#234,#235));
#795=EDGE_LOOP('',(#236,#237,#238,#239));
#796=EDGE_LOOP('',(#240,#241,#242,#243));
#797=EDGE_LOOP('',(#244,#245,#246,#247,#248,#249));
#798=EDGE_LOOP('',(#250,#251,#252));
#799=EDGE_LOOP('',(#253,#254,#255,#256,#257,#258));
#800=EDGE_LOOP('',(#259,#260,#261));
#801=EDGE_LOOP('',(#262,#263,#264));
#802=EDGE_LOOP('',(#265,#266,#267,#268,#269,#270));
#803=EDGE_LOOP('',(#271,#272,#273));
#804=EDGE_LOOP('',(#274,#275,#276,#277));
#805=EDGE_LOOP('',(#278,#279,#280,#281));
#806=EDGE_LOOP('',(#282,#283,#284,#285));
#807=EDGE_LOOP('',(#286,#287,#288,#289));
#808=EDGE_LOOP('',(#290,#291,#292,#293));
#809=EDGE_LOOP('',(#294,#295,#296,#297));
#810=EDGE_LOOP('',(#298,#299,#300,#301));
#811=EDGE_LOOP('',(#302,#303,#304,#305));
#812=EDGE_LOOP('',(#306,#307,#308,#309));
#813=EDGE_LOOP('',(#310,#311,#312,#313));
#814=EDGE_LOOP('',(#314,#315,#316,#317));
#815=EDGE_LOOP('',(#318,#319,#320,#321));
#816=EDGE_LOOP('',(#322,#323,#324,#325));
#817=EDGE_LOOP('',(#326,#327,#328));
#818=EDGE_LOOP('',(#329,#330,#331,#332));
#819=EDGE_LOOP('',(#333,#334,#335));
#820=EDGE_LOOP('',(#336,#337,#338,#339));
#821=EDGE_LOOP('',(#340,#341,#342));
#822=EDGE_LOOP('',(#343,#344,#345,#346));
#823=EDGE_LOOP('',(#347,#348,#349));
#824=EDGE_LOOP('',(#350,#351,#352));
#825=EDGE_LOOP('',(#353,#354,#355));
#826=EDGE_LOOP('',(#356,#357,#358));
#827=EDGE_LOOP('',(#359,#360,#361));
#828=EDGE_LOOP('',(#362,#363,#364));
#829=EDGE_LOOP('',(#365,#366,#367,#368,#369));
#830=EDGE_LOOP('',(#370,#371,#372,#373,#374));
#831=EDGE_LOOP('',(#375,#376,#377,#378,#379));
#832=EDGE_LOOP('',(#380,#381,#382,#383,#384));
#833=EDGE_LOOP('',(#385,#386,#387,#388,#389));
#834=EDGE_LOOP('',(#390,#391,#392,#393,#394));
#835=EDGE_LOOP('',(#395,#396,#397,#398,#399,#400));
#836=EDGE_LOOP('',(#401,#402,#403));
#837=EDGE_LOOP('',(#404));
#838=EDGE_LOOP('',(#405,#406,#407,#408,#409,#410));
#839=EDGE_LOOP('',(#411));
#840=EDGE_LOOP('',(#412));
#841=EDGE_LOOP('',(#413));
#842=EDGE_LOOP('',(#414));
#843=EDGE_LOOP('',(#415));
#844=FACE_BOUND('',#764,.T.);
#845=FACE_BOUND('',#765,.T.);
#846=FACE_BOUND('',#766,.T.);
#847=FACE_BOUND('',#767,.T.);
#848=FACE_BOUND('',#768,.T.);
#849=FACE_BOUND('',#769,.T.);
#850=FACE_BOUND('',#770,.T.);
#851=FACE_BOUND('',#771,.T.);
#852=FACE_BOUND('',#772,.T.);
#853=FACE_BOUND('',#773,.T.);
#854=FACE_BOUND('',#774,.T.);
#855=FACE_BOUND('',#775,.T.);
#856=FACE_BOUND('',#776,.T.);
#857=FACE_BOUND('',#777,.T.);
#858=FACE_BOUND('',#778,.T.);
#859=FACE_BOUND('',#779,.T.);
#860=FACE_BOUND('',#780,.T.);
#861=FACE_BOUND('',#781,.T.);
#862=FACE_BOUND('',#782,.T.);
#863=FACE_BOUND('',#783,.T.);
#864=FACE_BOUND('',#784,.T.);
#865=FACE_BOUND('',#785,.T.);
#866=FACE_BOUND('',#786,.T.);
#867=FACE_BOUND('',#787,.T.);
#868=FACE_BOUND('',#788,.T.);
#869=FACE_BOUND('',#789,.T.);
#870=FACE_BOUND('',#790,.T.);
#871=FACE_BOUND('',#791,.T.);
#872=FACE_BOUND('',#792,.T.);
#873=FACE_BOUND('',#793,.T.);
#874=FACE_BOUND('',#794,.T.);
#875=FACE_BOUND('',#795,.T.);
#876=FACE_BOUND('',#796,.T.);
#877=FACE_BOUND('',#797,.T.);
#878=FACE_BOUND('',#798,.T.);
#879=FACE_BOUND('',#799,.T.);
#880=FACE_BOUND('',#800,.T.);
#881=FACE_BOUND('',#801,.T.);
#882=FACE_BOUND('',#802,.T.);
#883=FACE_BOUND('',#803,.T.);
#884=FACE_BOUND('',#804,.T.);
#885=FACE_BOUND('',#805,.T.);
#886=FACE_BOUND('',#806,.T.);
#887=FACE_BOUND('',#807,.T.);
#888=FACE_BOUND('',#808,.T.);
#889=FACE_BOUND('',#809,.T.);
#890=FACE_BOUND('',#810,.T.);
#891=FACE_BOUND('',#811,.T.);
#892=FACE_BOUND('',#812,.T.);
#893=FACE_BOUND('',#813,.T.);
#894=FACE_BOUND('',#814,.T.);
#895=FACE_BOUND('',#815,.T.);
#896=FACE_BOUND('',#816,.T.);
#897=FACE_BOUND('',#817,.T.);
#898=FACE_BOUND('',#818,.T.);
#899=FACE_BOUND('',#819,.T.);
#900=FACE_BOUND('',#820,.T.);
#901=FACE_BOUND('',#821,.T.);
#902=FACE_BOUND('',#822,.T.);
#903=FACE_BOUND('',#823,.T.);
#904=FACE_BOUND('',#824,.T.);
#905=FACE_BOUND('',#825,.T.);
#906=FACE_BOUND('',#826,.T.);
#907=FACE_BOUND('',#827,.T.);
#908=FACE_BOUND('',#828,.T.);
#909=FACE_BOUND('',#829,.T.);
#910=FACE_BOUND('',#830,.T.);
#911=FACE_BOUND('',#831,.T.);
#912=FACE_BOUND('',#832,.T.);
#913=FACE_BOUND('',#833,.T.);
#914=FACE_BOUND('',#834,.T.);
#915=FACE_BOUND('',#835,.T.);
#916=FACE_BOUND('',#836,.T.);
#917=FACE_BOUND('',#837,.T.);
#918=FACE_BOUND('',#838,.T.);
#919=FACE_BOUND('',#839,.T.);
#920=FACE_BOUND('',#840,.T.);
#921=FACE_BOUND('',#841,.T.);
#922=FACE_BOUND('',#842,.T.);
#923=FACE_BOUND('',#843,.T.);
#924=PLANE('',#1048);
#925=PLANE('',#1050);
#926=PLANE('',#1052);
#927=PLANE('',#1054);
#928=PLANE('',#1056);
#929=PLANE('',#1063);
#930=PLANE('',#1065);
#931=PLANE('',#1067);
#932=PLANE('',#1068);
#933=PLANE('',#1069);
#934=PLANE('',#1080);
#935=PLANE('',#1084);
#936=PLANE('',#1085);
#937=PLANE('',#1086);
#938=PLANE('',#1150);
#939=PLANE('',#1152);
#940=PLANE('',#1154);
#941=PLANE('',#1156);
#942=PLANE('',#1158);
#943=PLANE('',#1160);
#944=PLANE('',#1161);
#945=PLANE('',#1162);
#946=PLANE('',#1163);
#947=PLANE('',#1164);
#948=PLANE('',#1165);
#949=PLANE('',#1166);
#950=PLANE('',#1167);
#951=PLANE('',#1171);
#952=PLANE('',#1175);
#953=ADVANCED_FACE('',(#844),#924,.T.);
#954=ADVANCED_FACE('',(#845),#925,.T.);
#955=ADVANCED_FACE('',(#846),#926,.F.);
#956=ADVANCED_FACE('',(#847),#927,.F.);
#957=ADVANCED_FACE('',(#848,#849,#850),#928,.F.);
#958=ADVANCED_FACE('',(#851),#929,.T.);
#959=ADVANCED_FACE('',(#852),#930,.F.);
#960=ADVANCED_FACE('',(#853),#931,.T.);
#961=ADVANCED_FACE('',(#854),#932,.T.);
#962=ADVANCED_FACE('',(#855),#933,.F.);
#963=ADVANCED_FACE('',(#856,#857),#48,.F.);
#964=ADVANCED_FACE('',(#858,#859),#49,.F.);
#965=ADVANCED_FACE('',(#860),#934,.T.);
#966=ADVANCED_FACE('',(#861,#862),#50,.F.);
#967=ADVANCED_FACE('',(#863),#935,.T.);
#968=ADVANCED_FACE('',(#864),#936,.T.);
#969=ADVANCED_FACE('',(#865),#937,.F.);
#970=ADVANCED_FACE('',(#866,#867),#28,.T.);
#971=ADVANCED_FACE('',(#868,#869),#29,.T.);
#972=ADVANCED_FACE('',(#870),#51,.T.);
#973=ADVANCED_FACE('',(#871),#52,.T.);
#974=ADVANCED_FACE('',(#872),#53,.T.);
#975=ADVANCED_FACE('',(#873),#54,.T.);
#976=ADVANCED_FACE('',(#874),#55,.T.);
#977=ADVANCED_FACE('',(#875),#56,.T.);
#978=ADVANCED_FACE('',(#876),#57,.T.);
#979=ADVANCED_FACE('',(#877),#58,.T.);
#980=ADVANCED_FACE('',(#878),#18,.T.);
#981=ADVANCED_FACE('',(#879),#59,.T.);
#982=ADVANCED_FACE('',(#880),#19,.T.);
#983=ADVANCED_FACE('',(#881),#20,.T.);
#984=ADVANCED_FACE('',(#882),#60,.T.);
#985=ADVANCED_FACE('',(#883),#21,.T.);
#986=ADVANCED_FACE('',(#884),#30,.T.);
#987=ADVANCED_FACE('',(#885),#22,.T.);
#988=ADVANCED_FACE('',(#886),#23,.T.);
#989=ADVANCED_FACE('',(#887),#31,.T.);
#990=ADVANCED_FACE('',(#888),#32,.T.);
#991=ADVANCED_FACE('',(#889),#24,.T.);
#992=ADVANCED_FACE('',(#890),#33,.T.);
#993=ADVANCED_FACE('',(#891),#25,.T.);
#994=ADVANCED_FACE('',(#892),#26,.T.);
#995=ADVANCED_FACE('',(#893),#34,.T.);
#996=ADVANCED_FACE('',(#894),#35,.T.);
#997=ADVANCED_FACE('',(#895),#27,.T.);
#998=ADVANCED_FACE('',(#896),#61,.T.);
#999=ADVANCED_FACE('',(#897),#14,.T.);
#1000=ADVANCED_FACE('',(#898),#62,.T.);
#1001=ADVANCED_FACE('',(#899),#15,.T.);
#1002=ADVANCED_FACE('',(#900),#63,.T.);
#1003=ADVANCED_FACE('',(#901),#16,.T.);
#1004=ADVANCED_FACE('',(#902),#64,.T.);
#1005=ADVANCED_FACE('',(#903),#17,.T.);
#1006=ADVANCED_FACE('',(#904),#938,.F.);
#1007=ADVANCED_FACE('',(#905),#939,.F.);
#1008=ADVANCED_FACE('',(#906),#940,.F.);
#1009=ADVANCED_FACE('',(#907),#941,.F.);
#1010=ADVANCED_FACE('',(#908),#942,.F.);
#1011=ADVANCED_FACE('',(#909),#943,.F.);
#1012=ADVANCED_FACE('',(#910),#944,.F.);
#1013=ADVANCED_FACE('',(#911),#945,.F.);
#1014=ADVANCED_FACE('',(#912),#946,.F.);
#1015=ADVANCED_FACE('',(#913),#947,.F.);
#1016=ADVANCED_FACE('',(#914),#948,.F.);
#1017=ADVANCED_FACE('',(#915),#949,.T.);
#1018=ADVANCED_FACE('',(#916),#950,.F.);
#1019=ADVANCED_FACE('',(#917,#918),#65,.T.);
#1020=ADVANCED_FACE('',(#919,#920),#951,.T.);
#1021=ADVANCED_FACE('',(#921,#922),#66,.T.);
#1022=ADVANCED_FACE('',(#923),#952,.T.);
#1023=CLOSED_SHELL('',(#953,#954,#955,#956,#957,#958,#959,#960,#961,#962,
#963,#964,#965,#966,#967,#968,#969,#970,#971,#972,#973,#974,#975,#976,#977,
#978,#979,#980,#981,#982,#983,#984,#985,#986,#987,#988,#989,#990,#991,#992,
#993,#994,#995,#996,#997,#998,#999,#1000,#1001,#1002,#1003,#1004,#1005));
#1024=CLOSED_SHELL('',(#1006,#1007,#1008,#1009,#1010,#1011,#1012,#1013,
#1014,#1015,#1016,#1017,#1018,#1019,#1020,#1021,#1022));
#1025=STYLED_ITEM('',(#1027),#1041);
#1026=STYLED_ITEM('',(#1028),#1042);
#1027=PRESENTATION_STYLE_ASSIGNMENT((#1029));
#1028=PRESENTATION_STYLE_ASSIGNMENT((#1030));
#1029=SURFACE_STYLE_USAGE(.BOTH.,#1031);
#1030=SURFACE_STYLE_USAGE(.BOTH.,#1032);
#1031=SURFACE_SIDE_STYLE('',(#1033));
#1032=SURFACE_SIDE_STYLE('',(#1034));
#1033=SURFACE_STYLE_FILL_AREA(#1035);
#1034=SURFACE_STYLE_FILL_AREA(#1036);
#1035=FILL_AREA_STYLE('',(#1037));
#1036=FILL_AREA_STYLE('',(#1038));
#1037=FILL_AREA_STYLE_COLOUR('',#1039);
#1038=FILL_AREA_STYLE_COLOUR('',#1040);
#1039=COLOUR_RGB('',0.647058823529412,0.647058823529412,0.647058823529412);
#1040=COLOUR_RGB('',0.615686274509804,0.811764705882353,0.929411764705882);
#1041=MANIFOLD_SOLID_BREP('Part 2',#1023);
#1042=MANIFOLD_SOLID_BREP('Part 1',#1024);
#1043=SHAPE_DEFINITION_REPRESENTATION(#2064,#1045);
#1044=SHAPE_DEFINITION_REPRESENTATION(#2065,#1046);
#1045=SHAPE_REPRESENTATION('Part 2',(#1047),#2054);
#1046=SHAPE_REPRESENTATION('Part 1',(#1149),#2055);
#1047=AXIS2_PLACEMENT_3D('',#1496,#1176,#1177);
#1048=AXIS2_PLACEMENT_3D('',#1497,#1178,#1179);
#1049=AXIS2_PLACEMENT_3D('',#1501,#1181,#1182);
#1050=AXIS2_PLACEMENT_3D('',#1504,#1184,#1185);
#1051=AXIS2_PLACEMENT_3D('',#1516,#1191,#1192);
#1052=AXIS2_PLACEMENT_3D('',#1517,#1193,#1194);
#1053=AXIS2_PLACEMENT_3D('',#1521,#1196,#1197);
#1054=AXIS2_PLACEMENT_3D('',#1524,#1199,#1200);
#1055=AXIS2_PLACEMENT_3D('',#1536,#1206,#1207);
#1056=AXIS2_PLACEMENT_3D('',#1537,#1208,#1209);
#1057=AXIS2_PLACEMENT_3D('',#1538,#1210,#1211);
#1058=AXIS2_PLACEMENT_3D('',#1540,#1212,#1213);
#1059=AXIS2_PLACEMENT_3D('',#1542,#1214,#1215);
#1060=AXIS2_PLACEMENT_3D('',#1546,#1217,#1218);
#1061=AXIS2_PLACEMENT_3D('',#1547,#1219,#1220);
#1062=AXIS2_PLACEMENT_3D('',#1551,#1222,#1223);
#1063=AXIS2_PLACEMENT_3D('',#1552,#1224,#1225);
#1064=AXIS2_PLACEMENT_3D('',#1556,#1227,#1228);
#1065=AXIS2_PLACEMENT_3D('',#1559,#1230,#1231);
#1066=AXIS2_PLACEMENT_3D('',#1563,#1233,#1234);
#1067=AXIS2_PLACEMENT_3D('',#1566,#1236,#1237);
#1068=AXIS2_PLACEMENT_3D('',#1575,#1242,#1243);
#1069=AXIS2_PLACEMENT_3D('',#1584,#1248,#1249);
#1070=AXIS2_PLACEMENT_3D('',#1593,#1254,#1255);
#1071=AXIS2_PLACEMENT_3D('',#1603,#1256,#1257);
#1072=AXIS2_PLACEMENT_3D('',#1611,#1258,#1259);
#1073=AXIS2_PLACEMENT_3D('',#1619,#1260,#1261);
#1074=AXIS2_PLACEMENT_3D('',#1620,#1262,#1263);
#1075=AXIS2_PLACEMENT_3D('',#1631,#1264,#1265);
#1076=AXIS2_PLACEMENT_3D('',#1639,#1266,#1267);
#1077=AXIS2_PLACEMENT_3D('',#1646,#1268,#1269);
#1078=AXIS2_PLACEMENT_3D('',#1647,#1270,#1271);
#1079=AXIS2_PLACEMENT_3D('',#1649,#1272,#1273);
#1080=AXIS2_PLACEMENT_3D('',#1651,#1274,#1275);
#1081=AXIS2_PLACEMENT_3D('',#1652,#1276,#1277);
#1082=AXIS2_PLACEMENT_3D('',#1653,#1278,#1279);
#1083=AXIS2_PLACEMENT_3D('',#1655,#1280,#1281);
#1084=AXIS2_PLACEMENT_3D('',#1657,#1282,#1283);
#1085=AXIS2_PLACEMENT_3D('',#1658,#1284,#1285);
#1086=AXIS2_PLACEMENT_3D('',#1664,#1289,#1290);
#1087=AXIS2_PLACEMENT_3D('',#1670,#1294,#1295);
#1088=AXIS2_PLACEMENT_3D('',#1671,#1296,#1297);
#1089=AXIS2_PLACEMENT_3D('',#1672,#1298,#1299);
#1090=AXIS2_PLACEMENT_3D('',#1673,#1300,#1301);
#1091=AXIS2_PLACEMENT_3D('',#1674,#1302,#1303);
#1092=AXIS2_PLACEMENT_3D('',#1675,#1304,#1305);
#1093=AXIS2_PLACEMENT_3D('',#1676,#1306,#1307);
#1094=AXIS2_PLACEMENT_3D('',#1684,#1308,#1309);
#1095=AXIS2_PLACEMENT_3D('',#1685,#1310,#1311);
#1096=AXIS2_PLACEMENT_3D('',#1686,#1312,#1313);
#1097=AXIS2_PLACEMENT_3D('',#1687,#1314,#1315);
#1098=AXIS2_PLACEMENT_3D('',#1693,#1316,#1317);
#1099=AXIS2_PLACEMENT_3D('',#1694,#1318,#1319);
#1100=AXIS2_PLACEMENT_3D('',#1695,#1320,#1321);
#1101=AXIS2_PLACEMENT_3D('',#1696,#1322,#1323);
#1102=AXIS2_PLACEMENT_3D('',#1697,#1324,#1325);
#1103=AXIS2_PLACEMENT_3D('',#1698,#1326,#1327);
#1104=AXIS2_PLACEMENT_3D('',#1706,#1328,#1329);
#1105=AXIS2_PLACEMENT_3D('',#1707,#1330,#1331);
#1106=AXIS2_PLACEMENT_3D('',#1708,#1332,#1333);
#1107=AXIS2_PLACEMENT_3D('',#1709,#1334,#1335);
#1108=AXIS2_PLACEMENT_3D('',#1710,#1336,#1337);
#1109=AXIS2_PLACEMENT_3D('',#1711,#1338,#1339);
#1110=AXIS2_PLACEMENT_3D('',#1712,#1340,#1341);
#1111=AXIS2_PLACEMENT_3D('',#1713,#1342,#1343);
#1112=AXIS2_PLACEMENT_3D('',#1719,#1344,#1345);
#1113=AXIS2_PLACEMENT_3D('',#1747,#1346,#1347);
#1114=AXIS2_PLACEMENT_3D('',#1748,#1348,#1349);
#1115=AXIS2_PLACEMENT_3D('',#1756,#1350,#1351);
#1116=AXIS2_PLACEMENT_3D('',#1811,#1352,#1353);
#1117=AXIS2_PLACEMENT_3D('',#1812,#1354,#1355);
#1118=AXIS2_PLACEMENT_3D('',#1820,#1356,#1357);
#1119=AXIS2_PLACEMENT_3D('',#1848,#1358,#1359);
#1120=AXIS2_PLACEMENT_3D('',#1849,#1360,#1361);
#1121=AXIS2_PLACEMENT_3D('',#1850,#1362,#1363);
#1122=AXIS2_PLACEMENT_3D('',#1866,#1364,#1365);
#1123=AXIS2_PLACEMENT_3D('',#1882,#1366,#1367);
#1124=AXIS2_PLACEMENT_3D('',#1883,#1368,#1369);
#1125=AXIS2_PLACEMENT_3D('',#1884,#1370,#1371);
#1126=AXIS2_PLACEMENT_3D('',#1885,#1372,#1373);
#1127=AXIS2_PLACEMENT_3D('',#1886,#1374,#1375);
#1128=AXIS2_PLACEMENT_3D('',#1908,#1376,#1377);
#1129=AXIS2_PLACEMENT_3D('',#1909,#1378,#1379);
#1130=AXIS2_PLACEMENT_3D('',#1910,#1380,#1381);
#1131=AXIS2_PLACEMENT_3D('',#1926,#1382,#1383);
#1132=AXIS2_PLACEMENT_3D('',#1942,#1384,#1385);
#1133=AXIS2_PLACEMENT_3D('',#1943,#1386,#1387);
#1134=AXIS2_PLACEMENT_3D('',#1944,#1388,#1389);
#1135=AXIS2_PLACEMENT_3D('',#1945,#1390,#1391);
#1136=AXIS2_PLACEMENT_3D('',#1946,#1392,#1393);
#1137=AXIS2_PLACEMENT_3D('',#1968,#1394,#1395);
#1138=AXIS2_PLACEMENT_3D('',#1969,#1396,#1397);
#1139=AXIS2_PLACEMENT_3D('',#1970,#1398,#1399);
#1140=AXIS2_PLACEMENT_3D('',#1971,#1400,#1401);
#1141=AXIS2_PLACEMENT_3D('',#1972,#1402,#1403);
#1142=AXIS2_PLACEMENT_3D('',#1973,#1404,#1405);
#1143=AXIS2_PLACEMENT_3D('',#1974,#1406,#1407);
#1144=AXIS2_PLACEMENT_3D('',#1975,#1408,#1409);
#1145=AXIS2_PLACEMENT_3D('',#1976,#1410,#1411);
#1146=AXIS2_PLACEMENT_3D('',#1977,#1412,#1413);
#1147=AXIS2_PLACEMENT_3D('',#1978,#1414,#1415);
#1148=AXIS2_PLACEMENT_3D('',#1979,#1416,#1417);
#1149=AXIS2_PLACEMENT_3D('',#1980,#1418,#1419);
#1150=AXIS2_PLACEMENT_3D('',#1981,#1420,#1421);
#1151=AXIS2_PLACEMENT_3D('',#1982,#1422,#1423);
#1152=AXIS2_PLACEMENT_3D('',#1988,#1426,#1427);
#1153=AXIS2_PLACEMENT_3D('',#1989,#1428,#1429);
#1154=AXIS2_PLACEMENT_3D('',#1994,#1432,#1433);
#1155=AXIS2_PLACEMENT_3D('',#1995,#1434,#1435);
#1156=AXIS2_PLACEMENT_3D('',#2000,#1438,#1439);
#1157=AXIS2_PLACEMENT_3D('',#2001,#1440,#1441);
#1158=AXIS2_PLACEMENT_3D('',#2006,#1444,#1445);
#1159=AXIS2_PLACEMENT_3D('',#2007,#1446,#1447);
#1160=AXIS2_PLACEMENT_3D('',#2012,#1450,#1451);
#1161=AXIS2_PLACEMENT_3D('',#2018,#1455,#1456);
#1162=AXIS2_PLACEMENT_3D('',#2022,#1459,#1460);
#1163=AXIS2_PLACEMENT_3D('',#2026,#1463,#1464);
#1164=AXIS2_PLACEMENT_3D('',#2030,#1467,#1468);
#1165=AXIS2_PLACEMENT_3D('',#2036,#1472,#1473);
#1166=AXIS2_PLACEMENT_3D('',#2039,#1476,#1477);
#1167=AXIS2_PLACEMENT_3D('',#2040,#1478,#1479);
#1168=AXIS2_PLACEMENT_3D('',#2041,#1480,#1481);
#1169=AXIS2_PLACEMENT_3D('',#2042,#1482,#1483);
#1170=AXIS2_PLACEMENT_3D('',#2043,#1484,#1485);
#1171=AXIS2_PLACEMENT_3D('',#2045,#1486,#1487);
#1172=AXIS2_PLACEMENT_3D('',#2046,#1488,#1489);
#1173=AXIS2_PLACEMENT_3D('',#2048,#1490,#1491);
#1174=AXIS2_PLACEMENT_3D('',#2049,#1492,#1493);
#1175=AXIS2_PLACEMENT_3D('',#2051,#1494,#1495);
#1176=DIRECTION('',(0.,0.,1.));
#1177=DIRECTION('',(1.,0.,0.));
#1178=DIRECTION('',(1.,0.,0.));
#1179=DIRECTION('',(0.,1.,0.));
#1180=DIRECTION('',(0.,1.,2.60208521396521E-16));
#1181=DIRECTION('',(1.,0.,0.));
#1182=DIRECTION('',(0.,0.,-1.));
#1183=DIRECTION('',(0.,1.98254111540206E-16,-1.));
#1184=DIRECTION('',(1.,0.,0.));
#1185=DIRECTION('',(0.,1.,0.));
#1186=DIRECTION('',(0.,0.,-1.));
#1187=DIRECTION('',(0.,-0.371390676354104,0.928476690885259));
#1188=DIRECTION('',(0.,1.,0.));
#1189=DIRECTION('',(0.,0.371390676354104,0.928476690885259));
#1190=DIRECTION('',(0.,1.98254111540206E-16,-1.));
#1191=DIRECTION('',(1.,0.,0.));
#1192=DIRECTION('',(0.,0.,-1.));
#1193=DIRECTION('',(1.,0.,0.));
#1194=DIRECTION('',(0.,1.,0.));
#1195=DIRECTION('',(0.,1.,2.60208521396521E-16));
#1196=DIRECTION('',(1.,0.,0.));
#1197=DIRECTION('',(0.,0.,-1.));
#1198=DIRECTION('',(0.,0.,-1.));
#1199=DIRECTION('',(1.,0.,0.));
#1200=DIRECTION('',(0.,1.,0.));
#1201=DIRECTION('',(0.,1.98254111540206E-16,-1.));
#1202=DIRECTION('',(0.,0.371390676354104,0.928476690885259));
#1203=DIRECTION('',(0.,1.,0.));
#1204=DIRECTION('',(0.,-0.371390676354104,0.928476690885259));
#1205=DIRECTION('',(0.,0.,-1.));
#1206=DIRECTION('',(1.,0.,0.));
#1207=DIRECTION('',(0.,0.,-1.));
#1208=DIRECTION('',(0.,0.,1.));
#1209=DIRECTION('',(1.,0.,0.));
#1210=DIRECTION('',(0.,0.,1.));
#1211=DIRECTION('',(1.,0.,0.));
#1212=DIRECTION('',(0.,0.,1.));
#1213=DIRECTION('',(1.,0.,0.));
#1214=DIRECTION('',(0.,0.,1.));
#1215=DIRECTION('',(0.,-1.,0.));
#1216=DIRECTION('',(1.,0.,0.));
#1217=DIRECTION('',(0.,0.,1.));
#1218=DIRECTION('',(0.,1.,0.));
#1219=DIRECTION('',(0.,0.,1.));
#1220=DIRECTION('',(0.,1.,0.));
#1221=DIRECTION('',(1.,0.,0.));
#1222=DIRECTION('',(0.,0.,1.));
#1223=DIRECTION('',(0.,-1.,0.));
#1224=DIRECTION('',(1.,0.,0.));
#1225=DIRECTION('',(0.,1.,0.));
#1226=DIRECTION('',(0.,0.,-1.));
#1227=DIRECTION('',(1.,0.,0.));
#1228=DIRECTION('',(0.,0.,-1.));
#1229=DIRECTION('',(0.,1.,2.60208521396521E-16));
#1230=DIRECTION('',(1.,0.,0.));
#1231=DIRECTION('',(0.,1.,0.));
#1232=DIRECTION('',(0.,1.98254111540206E-16,-1.));
#1233=DIRECTION('',(1.,0.,0.));
#1234=DIRECTION('',(0.,0.,-1.));
#1235=DIRECTION('',(0.,1.,2.60208521396521E-16));
#1236=DIRECTION('',(0.,1.,1.98254111540206E-16));
#1237=DIRECTION('',(0.,-1.98254111540206E-16,1.));
#1238=DIRECTION('',(0.,1.98254111540206E-16,-1.));
#1239=DIRECTION('',(1.,0.,0.));
#1240=DIRECTION('',(0.,1.98254111540206E-16,-1.));
#1241=DIRECTION('',(-1.,0.,0.));
#1242=DIRECTION('',(0.,-2.60208521396521E-16,1.));
#1243=DIRECTION('',(0.,-1.,-2.60208521396521E-16));
#1244=DIRECTION('',(-1.,0.,0.));
#1245=DIRECTION('',(0.,1.,2.60208521396521E-16));
#1246=DIRECTION('',(-1.,0.,0.));
#1247=DIRECTION('',(0.,1.,2.60208521396521E-16));
#1248=DIRECTION('',(0.,1.,0.));
#1249=DIRECTION('',(0.,0.,1.));
#1250=DIRECTION('',(-1.,0.,0.));
#1251=DIRECTION('',(0.,0.,-1.));
#1252=DIRECTION('',(1.,0.,0.));
#1253=DIRECTION('',(0.,0.,-1.));
#1254=DIRECTION('',(-1.,0.,0.));
#1255=DIRECTION('',(0.,0.,1.));
#1256=DIRECTION('',(1.,0.,0.));
#1257=DIRECTION('',(0.,0.,-1.));
#1258=DIRECTION('',(1.,0.,0.));
#1259=DIRECTION('',(0.,0.,-1.));
#1260=DIRECTION('',(1.,0.,0.));
#1261=DIRECTION('',(0.,0.,-1.));
#1262=DIRECTION('',(1.,0.,0.));
#1263=DIRECTION('',(0.,0.,-1.));
#1264=DIRECTION('',(1.,0.,0.));
#1265=DIRECTION('',(0.,0.,-1.));
#1266=DIRECTION('',(1.,0.,0.));
#1267=DIRECTION('',(0.,0.,-1.));
#1268=DIRECTION('',(0.,0.,-1.));
#1269=DIRECTION('',(-1.,0.,0.));
#1270=DIRECTION('',(0.,0.,1.));
#1271=DIRECTION('',(1.,0.,0.));
#1272=DIRECTION('',(0.,0.,-1.));
#1273=DIRECTION('',(-1.,0.,0.));
#1274=DIRECTION('',(0.,0.,-1.));
#1275=DIRECTION('',(1.,0.,0.));
#1276=DIRECTION('',(0.,0.,-1.));
#1277=DIRECTION('',(-1.,0.,0.));
#1278=DIRECTION('',(0.,0.,1.));
#1279=DIRECTION('',(1.,0.,0.));
#1280=DIRECTION('',(0.,0.,-1.));
#1281=DIRECTION('',(-1.,0.,0.));
#1282=DIRECTION('',(0.,0.,-1.));
#1283=DIRECTION('',(1.,0.,0.));
#1284=DIRECTION('',(0.,0.928476690885259,-0.371390676354104));
#1285=DIRECTION('',(0.,0.371390676354104,0.928476690885259));
#1286=DIRECTION('',(0.,0.371390676354104,0.928476690885259));
#1287=DIRECTION('',(1.,0.,0.));
#1288=DIRECTION('',(0.,0.371390676354104,0.928476690885259));
#1289=DIRECTION('',(0.,0.928476690885259,0.371390676354104));
#1290=DIRECTION('',(0.,-0.371390676354104,0.928476690885259));
#1291=DIRECTION('',(1.,0.,0.));
#1292=DIRECTION('',(0.,-0.371390676354104,0.928476690885259));
#1293=DIRECTION('',(0.,-0.371390676354104,0.928476690885259));
#1294=DIRECTION('',(0.,0.,1.));
#1295=DIRECTION('',(1.,0.,0.));
#1296=DIRECTION('',(0.,0.,1.));
#1297=DIRECTION('',(1.,0.,0.));
#1298=DIRECTION('',(1.,0.,0.));
#1299=DIRECTION('',(0.,0.,-1.));
#1300=DIRECTION('',(1.,0.,0.));
#1301=DIRECTION('',(0.,0.,-1.));
#1302=DIRECTION('',(1.,0.,0.));
#1303=DIRECTION('',(0.,0.,-1.));
#1304=DIRECTION('',(0.,0.,1.));
#1305=DIRECTION('',(1.,0.,0.));
#1306=DIRECTION('',(0.,0.,1.));
#1307=DIRECTION('',(1.,0.,0.));
#1308=DIRECTION('',(-0.447213595499958,0.,0.894427190999916));
#1309=DIRECTION('',(0.894427190999916,0.,0.447213595499958));
#1310=DIRECTION('',(0.,0.,-1.));
#1311=DIRECTION('',(-1.,0.,0.));
#1312=DIRECTION('',(0.,0.,-1.));
#1313=DIRECTION('',(-1.,0.,0.));
#1314=DIRECTION('',(-0.447213595499958,0.,-0.894427190999916));
#1315=DIRECTION('',(0.894427190999916,0.,-0.447213595499958));
#1316=DIRECTION('',(1.,0.,0.));
#1317=DIRECTION('',(0.,0.,-1.));
#1318=DIRECTION('',(-0.894427190999916,0.,-0.447213595499958));
#1319=DIRECTION('',(0.447213595499958,0.,-0.894427190999916));
#1320=DIRECTION('',(-0.894427190999916,0.,0.447213595499958));
#1321=DIRECTION('',(0.447213595499958,0.,0.894427190999916));
#1322=DIRECTION('',(0.,1.98254111540206E-16,-1.));
#1323=DIRECTION('',(0.,1.,1.98254111540206E-16));
#1324=DIRECTION('',(0.,1.98254111540206E-16,-1.));
#1325=DIRECTION('',(0.,1.,1.98254111540206E-16));
#1326=DIRECTION('',(0.447213595499958,1.77323868089091E-16,-0.894427190999916));
#1327=DIRECTION('',(-0.894427190999916,0.,-0.447213595499958));
#1328=DIRECTION('',(-1.,0.,0.));
#1329=DIRECTION('',(0.,0.,1.));
#1330=DIRECTION('',(-0.894427190999916,8.86619340445455E-17,-0.447213595499958));
#1331=DIRECTION('',(-0.447213595499958,0.,0.894427190999916));
#1332=DIRECTION('',(0.894427190999916,8.86619340445454E-17,-0.447213595499958));
#1333=DIRECTION('',(-0.447213595499958,0.,-0.894427190999916));
#1334=DIRECTION('',(1.,0.,0.));
#1335=DIRECTION('',(0.,0.,-1.));
#1336=DIRECTION('',(1.,0.,0.));
#1337=DIRECTION('',(0.,0.,-1.));
#1338=DIRECTION('',(1.,0.,0.));
#1339=DIRECTION('',(0.,0.,-1.));
#1340=DIRECTION('',(0.,-1.98254111540206E-16,1.));
#1341=DIRECTION('',(0.,-1.,-1.98254111540206E-16));
#1342=DIRECTION('',(0.,-1.98254111540206E-16,1.));
#1343=DIRECTION('',(0.,-1.,-1.98254111540206E-16));
#1344=DIRECTION('',(-0.447213595499958,1.77323868089091E-16,-0.894427190999916));
#1345=DIRECTION('',(-0.894427190999916,0.,0.447213595499958));
#1346=DIRECTION('',(2.77555756156289E-15,-1.,0.));
#1347=DIRECTION('',(1.,2.77555756156289E-15,0.));
#1348=DIRECTION('',(0.,-1.,-2.60208521396521E-16));
#1349=DIRECTION('',(0.,2.60208521396521E-16,-1.));
#1350=DIRECTION('',(-6.93889390390723E-16,-1.,-3.46944695195362E-16));
#1351=DIRECTION('',(1.,-6.93889390390723E-16,0.));
#1352=DIRECTION('',(0.,-1.,2.77555756156289E-15));
#1353=DIRECTION('',(0.,-2.77555756156289E-15,-1.));
#1354=DIRECTION('',(0.,1.,2.60208521396521E-16));
#1355=DIRECTION('',(0.,-2.60208521396521E-16,1.));
#1356=DIRECTION('',(0.,-1.,-1.04083408558608E-15));
#1357=DIRECTION('',(0.,1.04083408558608E-15,-1.));
#1358=DIRECTION('',(1.,0.,0.));
#1359=DIRECTION('',(0.,0.,-1.));
#1360=DIRECTION('',(0.,-0.251943537932467,0.967741935483872));
#1361=DIRECTION('',(0.,-0.967741935483872,-0.251943537932467));
#1362=DIRECTION('',(0.,0.251943537932473,0.967741935483871));
#1363=DIRECTION('',(0.,-0.967741935483871,0.251943537932473));
#1364=DIRECTION('',(0.,-0.251943537932473,0.967741935483871));
#1365=DIRECTION('',(0.,-0.967741935483871,-0.251943537932473));
#1366=DIRECTION('',(0.,0.25194353793247,0.967741935483872));
#1367=DIRECTION('',(0.,-0.967741935483872,0.25194353793247));
#1368=DIRECTION('',(1.,0.,0.));
#1369=DIRECTION('',(0.,0.,-1.));
#1370=DIRECTION('',(0.,-0.967741935483872,0.25194353793247));
#1371=DIRECTION('',(0.,-0.25194353793247,-0.967741935483872));
#1372=DIRECTION('',(1.,0.,0.));
#1373=DIRECTION('',(0.,0.,-1.));
#1374=DIRECTION('',(0.,0.967741935483871,0.251943537932473));
#1375=DIRECTION('',(0.,-0.251943537932473,0.967741935483871));
#1376=DIRECTION('',(1.,0.,0.));
#1377=DIRECTION('',(0.,0.,-1.));
#1378=DIRECTION('',(0.,-0.251943537932467,0.967741935483872));
#1379=DIRECTION('',(0.,-0.967741935483873,-0.251943537932467));
#1380=DIRECTION('',(0.,0.251943537932473,0.967741935483871));
#1381=DIRECTION('',(0.,-0.967741935483871,0.251943537932473));
#1382=DIRECTION('',(0.,-0.251943537932473,0.967741935483871));
#1383=DIRECTION('',(0.,-0.967741935483871,-0.251943537932473));
#1384=DIRECTION('',(0.,0.25194353793247,0.967741935483872));
#1385=DIRECTION('',(0.,-0.967741935483872,0.25194353793247));
#1386=DIRECTION('',(1.,0.,0.));
#1387=DIRECTION('',(0.,0.,-1.));
#1388=DIRECTION('',(0.,-0.967741935483872,0.25194353793247));
#1389=DIRECTION('',(0.,-0.25194353793247,-0.967741935483872));
#1390=DIRECTION('',(1.,0.,0.));
#1391=DIRECTION('',(0.,0.,-1.));
#1392=DIRECTION('',(0.,0.967741935483871,0.251943537932473));
#1393=DIRECTION('',(0.,-0.251943537932473,0.967741935483871));
#1394=DIRECTION('',(0.,-0.371390676354104,-0.928476690885259));
#1395=DIRECTION('',(0.,0.928476690885259,-0.371390676354104));
#1396=DIRECTION('',(0.,0.371390676354104,0.928476690885259));
#1397=DIRECTION('',(0.,-0.928476690885259,0.371390676354104));
#1398=DIRECTION('',(0.,0.,1.));
#1399=DIRECTION('',(1.,0.,0.));
#1400=DIRECTION('',(0.,-0.371390676354104,0.928476690885259));
#1401=DIRECTION('',(0.,-0.928476690885259,-0.371390676354104));
#1402=DIRECTION('',(0.,-0.371390676354104,0.928476690885259));
#1403=DIRECTION('',(0.,-0.928476690885259,-0.371390676354104));
#1404=DIRECTION('',(0.,0.,1.));
#1405=DIRECTION('',(1.,0.,0.));
#1406=DIRECTION('',(0.,0.371390676354104,-0.928476690885259));
#1407=DIRECTION('',(0.,0.928476690885259,0.371390676354104));
#1408=DIRECTION('',(1.28852025006074E-16,-0.371390676354104,0.928476690885259));
#1409=DIRECTION('',(0.,-0.928476690885259,-0.371390676354104));
#1410=DIRECTION('',(0.,0.,1.));
#1411=DIRECTION('',(1.,0.,0.));
#1412=DIRECTION('',(0.,0.371390676354104,0.928476690885259));
#1413=DIRECTION('',(0.,-0.928476690885259,0.371390676354104));
#1414=DIRECTION('',(0.,0.371390676354104,0.928476690885259));
#1415=DIRECTION('',(0.,-0.928476690885259,0.371390676354104));
#1416=DIRECTION('',(0.,0.,1.));
#1417=DIRECTION('',(1.,0.,0.));
#1418=DIRECTION('',(0.,0.,1.));
#1419=DIRECTION('',(1.,0.,0.));
#1420=DIRECTION('',(1.,0.,0.));
#1421=DIRECTION('',(0.,1.,0.));
#1422=DIRECTION('',(-1.,0.,0.));
#1423=DIRECTION('',(0.,0.,1.));
#1424=DIRECTION('',(0.,-1.,0.));
#1425=DIRECTION('',(0.,-0.5,0.866025403784439));
#1426=DIRECTION('',(1.,0.,0.));
#1427=DIRECTION('',(0.,1.,0.));
#1428=DIRECTION('',(-1.,0.,0.));
#1429=DIRECTION('',(0.,0.,1.));
#1430=DIRECTION('',(0.,-0.5,0.866025403784439));
#1431=DIRECTION('',(0.,0.5,0.866025403784439));
#1432=DIRECTION('',(1.,0.,0.));
#1433=DIRECTION('',(0.,1.,0.));
#1434=DIRECTION('',(-1.,0.,0.));
#1435=DIRECTION('',(0.,0.,1.));
#1436=DIRECTION('',(0.,0.5,0.866025403784439));
#1437=DIRECTION('',(0.,1.,0.));
#1438=DIRECTION('',(1.,0.,0.));
#1439=DIRECTION('',(0.,1.,0.));
#1440=DIRECTION('',(-1.,0.,0.));
#1441=DIRECTION('',(0.,0.,1.));
#1442=DIRECTION('',(0.,1.,0.));
#1443=DIRECTION('',(0.,0.5,-0.866025403784439));
#1444=DIRECTION('',(1.,0.,0.));
#1445=DIRECTION('',(0.,1.,0.));
#1446=DIRECTION('',(-1.,0.,0.));
#1447=DIRECTION('',(0.,0.,1.));
#1448=DIRECTION('',(0.,0.5,-0.866025403784439));
#1449=DIRECTION('',(0.,-0.5,-0.866025403784439));
#1450=DIRECTION('',(0.,0.866025403784439,0.5));
#1451=DIRECTION('',(0.,-0.5,0.866025403784439));
#1452=DIRECTION('',(-1.,0.,0.));
#1453=DIRECTION('',(0.,0.5,-0.866025403784439));
#1454=DIRECTION('',(-1.,0.,0.));
#1455=DIRECTION('',(0.,0.,1.));
#1456=DIRECTION('',(1.,0.,0.));
#1457=DIRECTION('',(-1.,0.,0.));
#1458=DIRECTION('',(0.,1.,0.));
#1459=DIRECTION('',(0.,-0.866025403784439,0.5));
#1460=DIRECTION('',(0.,-0.5,-0.866025403784439));
#1461=DIRECTION('',(-1.,0.,0.));
#1462=DIRECTION('',(0.,0.5,0.866025403784439));
#1463=DIRECTION('',(0.,-0.866025403784439,-0.5));
#1464=DIRECTION('',(0.,0.5,-0.866025403784439));
#1465=DIRECTION('',(-1.,0.,0.));
#1466=DIRECTION('',(0.,-0.5,0.866025403784439));
#1467=DIRECTION('',(0.,0.,-1.));
#1468=DIRECTION('',(-1.,0.,0.));
#1469=DIRECTION('',(0.,-1.,0.));
#1470=DIRECTION('',(-1.,0.,0.));
#1471=DIRECTION('',(0.,-1.,0.));
#1472=DIRECTION('',(0.,0.866025403784439,-0.5));
#1473=DIRECTION('',(0.,0.5,0.866025403784439));
#1474=DIRECTION('',(0.,-0.5,-0.866025403784439));
#1475=DIRECTION('',(0.,-0.5,-0.866025403784439));
#1476=DIRECTION('',(1.,0.,0.));
#1477=DIRECTION('',(0.,1.,0.));
#1478=DIRECTION('',(1.,0.,0.));
#1479=DIRECTION('',(0.,1.,0.));
#1480=DIRECTION('',(-1.,0.,0.));
#1481=DIRECTION('',(0.,0.,1.));
#1482=DIRECTION('',(1.,0.,0.));
#1483=DIRECTION('',(0.,0.,-1.));
#1484=DIRECTION('',(-1.,0.,0.));
#1485=DIRECTION('',(0.,0.,1.));
#1486=DIRECTION('',(-1.,0.,0.));
#1487=DIRECTION('',(0.,-1.,0.));
#1488=DIRECTION('',(-1.,0.,0.));
#1489=DIRECTION('',(0.,0.,1.));
#1490=DIRECTION('',(1.,0.,0.));
#1491=DIRECTION('',(0.,0.,-1.));
#1492=DIRECTION('',(-1.,0.,0.));
#1493=DIRECTION('',(0.,0.,1.));
#1494=DIRECTION('',(-1.,0.,0.));
#1495=DIRECTION('',(0.,-1.,0.));
#1496=CARTESIAN_POINT('',(0.,0.,0.));
#1497=CARTESIAN_POINT('',(0.06,0.0441950419545174,-0.0834544201823998));
#1498=CARTESIAN_POINT('',(0.06,0.0441950419545174,-0.0384544201823998));
#1499=CARTESIAN_POINT('',(0.06,0.0741950419545174,-0.0384544201823998));
#1500=CARTESIAN_POINT('',(0.06,0.052005291630424,-0.0384544201823998));
#1501=CARTESIAN_POINT('',(0.06,0.0441950419545174,-0.0684544201823998));
#1502=CARTESIAN_POINT('',(0.06,0.0741950419545174,-0.0606441705064932));
#1503=CARTESIAN_POINT('',(0.06,0.0741950419545174,-0.0834544201823998));
#1504=CARTESIAN_POINT('',(0.06,0.0441950419545174,-0.0834544201823998));
#1505=CARTESIAN_POINT('',(0.06,0.0141950419545174,-0.0834544201823999));
#1506=CARTESIAN_POINT('',(0.06,0.0141950419545174,-0.0762646698583064));
#1507=CARTESIAN_POINT('',(0.06,0.0141950419545174,-0.0815285961467273));
#1508=CARTESIAN_POINT('',(0.06,0.0334798088633699,-0.129740513418859));
#1509=CARTESIAN_POINT('',(0.06,0.0349653715687864,-0.1334544201824));
#1510=CARTESIAN_POINT('',(0.06,0.0441950419545174,-0.1334544201824));
#1511=CARTESIAN_POINT('',(0.06,0.0534247123402483,-0.1334544201824));
#1512=CARTESIAN_POINT('',(0.06,0.0693930336663544,-0.0935336168671347));
#1513=CARTESIAN_POINT('',(0.06,0.0741950419545174,-0.0815285961467273));
#1514=CARTESIAN_POINT('',(0.06,0.0741950419545174,-0.0834544201823998));
#1515=CARTESIAN_POINT('',(0.06,0.0741950419545174,-0.0762646698583065));
#1516=CARTESIAN_POINT('',(0.06,0.0441950419545174,-0.0684544201823998));
#1517=CARTESIAN_POINT('',(-0.02,0.0441950419545174,-0.0834544201823998));
#1518=CARTESIAN_POINT('',(-0.02,0.0741950419545174,-0.0384544201823998));
#1519=CARTESIAN_POINT('',(-0.02,0.0141950419545174,-0.0384544201823998));
#1520=CARTESIAN_POINT('',(-0.02,0.0363847922786108,-0.0384544201823998));
#1521=CARTESIAN_POINT('',(-0.02,0.0441950419545174,-0.0684544201823998));
#1522=CARTESIAN_POINT('',(-0.02,0.0141950419545174,-0.0606441705064933));
#1523=CARTESIAN_POINT('',(-0.02,0.0141950419545174,-0.0834544201823998));
#1524=CARTESIAN_POINT('',(-0.02,0.0441950419545174,-0.0834544201823998));
#1525=CARTESIAN_POINT('',(-0.02,0.0741950419545174,-0.0834544201823998));
#1526=CARTESIAN_POINT('',(-0.02,0.0741950419545174,-0.0762646698583065));
#1527=CARTESIAN_POINT('',(-0.02,0.0741950419545174,-0.0815285961467273));
#1528=CARTESIAN_POINT('',(-0.02,0.0549102750456648,-0.129740513418859));
#1529=CARTESIAN_POINT('',(-0.02,0.0534247123402483,-0.1334544201824));
#1530=CARTESIAN_POINT('',(-0.02,0.0441950419545174,-0.1334544201824));
#1531=CARTESIAN_POINT('',(-0.02,0.0349653715687864,-0.1334544201824));
#1532=CARTESIAN_POINT('',(-0.02,0.0189970502426803,-0.0935336168671347));
#1533=CARTESIAN_POINT('',(-0.02,0.0141950419545174,-0.0815285961467273));
#1534=CARTESIAN_POINT('',(-0.02,0.0141950419545174,-0.0834544201823998));
#1535=CARTESIAN_POINT('',(-0.02,0.0141950419545174,-0.0762646698583064));
#1536=CARTESIAN_POINT('',(-0.02,0.0441950419545174,-0.0684544201823998));
#1537=CARTESIAN_POINT('',(0.04,0.0441950419545174,-0.1334544201824));
#1538=CARTESIAN_POINT('',(1.7347234759768E-18,0.0441950419545174,-0.1334544201824));
#1539=CARTESIAN_POINT('',(0.0191,0.0441950419545174,-0.1334544201824));
#1540=CARTESIAN_POINT('',(0.04,0.0441950419545174,-0.1334544201824));
#1541=CARTESIAN_POINT('',(0.0591,0.0441950419545174,-0.1334544201824));
#1542=CARTESIAN_POINT('',(-0.01,0.0534247123402483,-0.1334544201824));
#1543=CARTESIAN_POINT('',(-0.01,0.0641950419545173,-0.1334544201824));
#1544=CARTESIAN_POINT('',(-0.055,0.0641950419545173,-0.1334544201824));
#1545=CARTESIAN_POINT('',(0.05,0.0641950419545173,-0.1334544201824));
#1546=CARTESIAN_POINT('',(0.05,0.0534247123402483,-0.1334544201824));
#1547=CARTESIAN_POINT('',(0.05,0.0349653715687864,-0.1334544201824));
#1548=CARTESIAN_POINT('',(0.05,0.0241950419545174,-0.1334544201824));
#1549=CARTESIAN_POINT('',(-0.055,0.0241950419545174,-0.1334544201824));
#1550=CARTESIAN_POINT('',(-0.01,0.0241950419545174,-0.1334544201824));
#1551=CARTESIAN_POINT('',(-0.01,0.0349653715687864,-0.1334544201824));
#1552=CARTESIAN_POINT('',(0.06,0.0441950419545174,-0.0834544201823998));
#1553=CARTESIAN_POINT('',(0.06,0.0141950419545174,-0.0834544201823999));
#1554=CARTESIAN_POINT('',(0.06,0.0141950419545174,-0.0384544201823998));
#1555=CARTESIAN_POINT('',(0.06,0.0141950419545174,-0.0606441705064933));
#1556=CARTESIAN_POINT('',(0.06,0.0441950419545174,-0.0684544201823998));
#1557=CARTESIAN_POINT('',(0.06,0.0363847922786108,-0.0384544201823998));
#1558=CARTESIAN_POINT('',(0.06,0.0441950419545174,-0.0384544201823998));
#1559=CARTESIAN_POINT('',(-0.02,0.0441950419545174,-0.0834544201823998));
#1560=CARTESIAN_POINT('',(-0.02,0.0741950419545174,-0.0834544201823998));
#1561=CARTESIAN_POINT('',(-0.02,0.0741950419545174,-0.0384544201823998));
#1562=CARTESIAN_POINT('',(-0.02,0.0741950419545174,-0.0606441705064932));
#1563=CARTESIAN_POINT('',(-0.02,0.0441950419545174,-0.0684544201823998));
#1564=CARTESIAN_POINT('',(-0.02,0.052005291630424,-0.0384544201823998));
#1565=CARTESIAN_POINT('',(-0.02,0.0741950419545174,-0.0384544201823998));
#1566=CARTESIAN_POINT('',(0.04,0.0841950419545174,-0.0684544201823998));
#1567=CARTESIAN_POINT('',(0.05,0.0841950419545174,-0.0684544201823998));
#1568=CARTESIAN_POINT('',(0.05,0.0841950419545174,-0.0434544201823999));
#1569=CARTESIAN_POINT('',(0.05,0.0841950419545174,-0.0815285961467273));
#1570=CARTESIAN_POINT('',(0.04,0.0841950419545174,-0.0815285961467273));
#1571=CARTESIAN_POINT('',(-0.01,0.0841950419545174,-0.0815285961467273));
#1572=CARTESIAN_POINT('',(-0.01,0.0841950419545174,-0.0334544201823999));
#1573=CARTESIAN_POINT('',(-0.01,0.0841950419545174,-0.0434544201823999));
#1574=CARTESIAN_POINT('',(0.04,0.0841950419545174,-0.0434544201823999));
#1575=CARTESIAN_POINT('',(0.04,0.0441950419545174,-0.0334544201823999));
#1576=CARTESIAN_POINT('',(0.04,0.0741950419545174,-0.0334544201823999));
#1577=CARTESIAN_POINT('',(0.055,0.0741950419545174,-0.0334544201823999));
#1578=CARTESIAN_POINT('',(-0.015,0.0741950419545174,-0.0334544201823999));
#1579=CARTESIAN_POINT('',(-0.015,0.0141950419545174,-0.0334544201823999));
#1580=CARTESIAN_POINT('',(-0.015,0.0141950419545174,-0.0334544201823999));
#1581=CARTESIAN_POINT('',(0.06,0.0141950419545174,-0.0334544201823999));
#1582=CARTESIAN_POINT('',(0.055,0.0141950419545174,-0.0334544201823999));
#1583=CARTESIAN_POINT('',(0.055,0.0441950419545174,-0.0334544201823999));
#1584=CARTESIAN_POINT('',(0.04,0.00419504195451736,-0.0684544201823999));
#1585=CARTESIAN_POINT('',(-0.02,0.00419504195451736,-0.0434544201823999));
#1586=CARTESIAN_POINT('',(0.05,0.00419504195451736,-0.0434544201823999));
#1587=CARTESIAN_POINT('',(-0.01,0.00419504195451736,-0.0434544201823999));
#1588=CARTESIAN_POINT('',(-0.01,0.00419504195451736,-0.0684544201823999));
#1589=CARTESIAN_POINT('',(-0.01,0.00419504195451736,-0.0815285961467273));
#1590=CARTESIAN_POINT('',(0.04,0.00419504195451736,-0.0815285961467273));
#1591=CARTESIAN_POINT('',(0.05,0.00419504195451736,-0.0815285961467273));
#1592=CARTESIAN_POINT('',(0.05,0.00419504195451736,-0.0334544201823999));
#1593=CARTESIAN_POINT('',(0.04,0.0441950419545174,-0.0684544201823998));
#1594=CARTESIAN_POINT('',(-0.018,0.0368886793544757,-0.0403899040533676));
#1595=CARTESIAN_POINT('',(-0.018,0.038087651538272,-0.0400777616497037));
#1596=CARTESIAN_POINT('',(-0.0178960496983286,0.0404998909582005,-0.0396133631126401));
#1597=CARTESIAN_POINT('',(-0.0177948718176308,0.044161457378634,-0.039375840087456));
#1598=CARTESIAN_POINT('',(-0.0178950480060101,0.0478814720088671,-0.0396098564421391));
#1599=CARTESIAN_POINT('',(-0.018,0.0503013078068104,-0.0400774688788622));
#1600=CARTESIAN_POINT('',(-0.018,0.0515014045545591,-0.0403899040533676));
#1601=CARTESIAN_POINT('',(-0.018,0.0368886793544757,-0.0403899040533676));
#1602=CARTESIAN_POINT('',(-0.018,0.0515014045545591,-0.0403899040533676));
#1603=CARTESIAN_POINT('',(-0.018,0.0441950419545174,-0.0684544201823998));
#1604=CARTESIAN_POINT('',(-0.018,0.0722595580835496,-0.0611480575823581));
#1605=CARTESIAN_POINT('',(-0.018,0.0722595580835496,-0.0611480575823581));
#1606=CARTESIAN_POINT('',(-0.018,0.0728843762592838,-0.0635480506747492));
#1607=CARTESIAN_POINT('',(-0.0178745111407585,0.0735057306491565,-0.0685073449422622));
#1608=CARTESIAN_POINT('',(-0.018,0.0728842816346101,-0.0733611531534903));
#1609=CARTESIAN_POINT('',(-0.018,0.0722595580835496,-0.0757607827824416));
#1610=CARTESIAN_POINT('',(-0.018,0.0722595580835496,-0.0757607827824416));
#1611=CARTESIAN_POINT('',(-0.018,0.0441950419545174,-0.0684544201823998));
#1612=CARTESIAN_POINT('',(-0.018,0.0161305258254851,-0.0757607827824415));
#1613=CARTESIAN_POINT('',(-0.018,0.0161305258254851,-0.0757607827824415));
#1614=CARTESIAN_POINT('',(-0.018,0.0155057076497509,-0.0733607896900504));
#1615=CARTESIAN_POINT('',(-0.0178745111407585,0.0148843532598784,-0.0684014954225375));
#1616=CARTESIAN_POINT('',(-0.018,0.0155058022744247,-0.0635476872113094));
#1617=CARTESIAN_POINT('',(-0.018,0.0161305258254851,-0.0611480575823582));
#1618=CARTESIAN_POINT('',(-0.018,0.0161305258254851,-0.0611480575823582));
#1619=CARTESIAN_POINT('',(-0.018,0.0441950419545174,-0.0684544201823998));
#1620=CARTESIAN_POINT('',(0.058,0.0441950419545174,-0.0684544201823998));
#1621=CARTESIAN_POINT('',(0.058,0.0722595580835496,-0.0611480575823581));
#1622=CARTESIAN_POINT('',(0.058,0.0515014045545591,-0.0403899040533676));
#1623=CARTESIAN_POINT('',(0.058,0.0515014045545591,-0.0403899040533676));
#1624=CARTESIAN_POINT('',(0.058,0.0503013078068104,-0.0400774688788622));
#1625=CARTESIAN_POINT('',(0.0578950480060101,0.0478814720088671,-0.0396098564421391));
#1626=CARTESIAN_POINT('',(0.0577948718176309,0.044161457378634,-0.039375840087456));
#1627=CARTESIAN_POINT('',(0.0578960496983286,0.0404998909582005,-0.03961336311264));
#1628=CARTESIAN_POINT('',(0.058,0.038087651538272,-0.0400777616497037));
#1629=CARTESIAN_POINT('',(0.058,0.0368886793544757,-0.0403899040533676));
#1630=CARTESIAN_POINT('',(0.058,0.0368886793544757,-0.0403899040533676));
#1631=CARTESIAN_POINT('',(0.058,0.0441950419545174,-0.0684544201823998));
#1632=CARTESIAN_POINT('',(0.058,0.0161305258254851,-0.0611480575823582));
#1633=CARTESIAN_POINT('',(0.058,0.0161305258254851,-0.0611480575823582));
#1634=CARTESIAN_POINT('',(0.058,0.0155058022744247,-0.0635476872113094));
#1635=CARTESIAN_POINT('',(0.0578745111407585,0.0148843532598784,-0.0684014954225376));
#1636=CARTESIAN_POINT('',(0.058,0.0155057076497509,-0.0733607896900504));
#1637=CARTESIAN_POINT('',(0.058,0.0161305258254851,-0.0757607827824415));
#1638=CARTESIAN_POINT('',(0.058,0.0161305258254851,-0.0757607827824415));
#1639=CARTESIAN_POINT('',(0.058,0.0441950419545174,-0.0684544201823998));
#1640=CARTESIAN_POINT('',(0.058,0.0722595580835496,-0.0757607827824416));
#1641=CARTESIAN_POINT('',(0.058,0.0722595580835496,-0.0757607827824416));
#1642=CARTESIAN_POINT('',(0.058,0.07288428163461,-0.0733611531534903));
#1643=CARTESIAN_POINT('',(0.0578745111407585,0.0735057306491565,-0.0685073449422621));
#1644=CARTESIAN_POINT('',(0.058,0.0728843762592838,-0.0635480506747492));
#1645=CARTESIAN_POINT('',(0.058,0.0722595580835496,-0.0611480575823581));
#1646=CARTESIAN_POINT('',(0.04,0.0441950419545174,-0.1084544201824));
#1647=CARTESIAN_POINT('',(0.04,0.0441950419545174,-0.1294544201824));
#1648=CARTESIAN_POINT('',(0.0551,0.0441950419545174,-0.1294544201824));
#1649=CARTESIAN_POINT('',(0.04,0.0441950419545174,-0.1084544201824));
#1650=CARTESIAN_POINT('',(0.0249,0.0441950419545174,-0.1084544201824));
#1651=CARTESIAN_POINT('',(0.02,0.0441950419545174,-0.1084544201824));
#1652=CARTESIAN_POINT('',(1.7347234759768E-18,0.0441950419545174,-0.1084544201824));
#1653=CARTESIAN_POINT('',(1.7347234759768E-18,0.0441950419545174,-0.1294544201824));
#1654=CARTESIAN_POINT('',(0.0151,0.0441950419545174,-0.1294544201824));
#1655=CARTESIAN_POINT('',(1.7347234759768E-18,0.0441950419545174,-0.1084544201824));
#1656=CARTESIAN_POINT('',(-0.0151,0.0441950419545174,-0.1084544201824));
#1657=CARTESIAN_POINT('',(0.02,0.0441950419545174,-0.1084544201824));
#1658=CARTESIAN_POINT('',(-0.055,0.0741950419545174,-0.1084544201824));
#1659=CARTESIAN_POINT('',(-0.01,0.0741950419545174,-0.1084544201824));
#1660=CARTESIAN_POINT('',(-0.01,0.08347980886337,-0.0852425029102683));
#1661=CARTESIAN_POINT('',(-0.055,0.08347980886337,-0.0852425029102683));
#1662=CARTESIAN_POINT('',(0.05,0.08347980886337,-0.0852425029102683));
#1663=CARTESIAN_POINT('',(0.05,0.0741950419545174,-0.1084544201824));
#1664=CARTESIAN_POINT('',(-0.055,0.0141950419545174,-0.1084544201824));
#1665=CARTESIAN_POINT('',(-0.055,0.00491027504566477,-0.0852425029102684));
#1666=CARTESIAN_POINT('',(0.05,0.00491027504566477,-0.0852425029102684));
#1667=CARTESIAN_POINT('',(-0.01,0.00491027504566477,-0.0852425029102684));
#1668=CARTESIAN_POINT('',(-0.01,0.0141950419545174,-0.1084544201824));
#1669=CARTESIAN_POINT('',(0.05,0.0141950419545174,-0.1084544201824));
#1670=CARTESIAN_POINT('',(1.7347234759768E-18,0.0441950419545174,-0.1294544201824));
#1671=CARTESIAN_POINT('',(0.04,0.0441950419545174,-0.1294544201824));
#1672=CARTESIAN_POINT('',(0.04,0.0141950419545174,-0.0815285961467273));
#1673=CARTESIAN_POINT('',(-0.01,0.0141950419545174,-0.0815285961467273));
#1674=CARTESIAN_POINT('',(0.05,0.0141950419545174,-0.0815285961467273));
#1675=CARTESIAN_POINT('',(0.05,0.0141950419545174,-0.0834544201823998));
#1676=CARTESIAN_POINT('',(0.05,0.0141950419545174,-0.0815285961467273));
#1677=CARTESIAN_POINT('',(0.06,0.0141950419545174,-0.0762646698583064));
#1678=CARTESIAN_POINT('',(0.06,0.0137830186134971,-0.0749985694652562));
#1679=CARTESIAN_POINT('',(0.0599516961497153,0.013157055716436,-0.0724240999076771));
#1680=CARTESIAN_POINT('',(0.0599065548795245,0.0128395931390041,-0.0684346100102528));
#1681=CARTESIAN_POINT('',(0.0599514900724867,0.0131548333075439,-0.064509831164188));
#1682=CARTESIAN_POINT('',(0.06,0.01378308426973,-0.0619100691454825));
#1683=CARTESIAN_POINT('',(0.06,0.0141950419545174,-0.0606441705064933));
#1684=CARTESIAN_POINT('',(0.05,0.0141950419545174,-0.0434544201823999));
#1685=CARTESIAN_POINT('',(-0.01,0.0141950419545174,-0.0684544201823999));
#1686=CARTESIAN_POINT('',(-0.01,0.0141950419545174,-0.0815285961467273));
#1687=CARTESIAN_POINT('',(-0.01,0.0141950419545174,-0.0434544201823999));
#1688=CARTESIAN_POINT('',(-0.02,0.0141950419545174,-0.0606441705064933));
#1689=CARTESIAN_POINT('',(-0.02,0.0133727076132497,-0.0631711094661153));
#1690=CARTESIAN_POINT('',(-0.0198431348366673,0.0125173698358256,-0.0684561031104174));
#1691=CARTESIAN_POINT('',(-0.02,0.0133727205916316,-0.0737377707797608));
#1692=CARTESIAN_POINT('',(-0.02,0.0141950419545174,-0.0762646698583064));
#1693=CARTESIAN_POINT('',(0.04,0.0141950419545174,-0.0434544201823999));
#1694=CARTESIAN_POINT('',(-0.01,0.0141950419545174,-0.0434544201823999));
#1695=CARTESIAN_POINT('',(0.05,0.0141950419545174,-0.0434544201823999));
#1696=CARTESIAN_POINT('',(0.05,0.0741950419545174,-0.0684544201823998));
#1697=CARTESIAN_POINT('',(0.05,0.0741950419545174,-0.0815285961467273));
#1698=CARTESIAN_POINT('',(0.05,0.0741950419545174,-0.0434544201823999));
#1699=CARTESIAN_POINT('',(0.06,0.0741950419545174,-0.0606441705064932));
#1700=CARTESIAN_POINT('',(0.06,0.0746070652955376,-0.0619102708995434));
#1701=CARTESIAN_POINT('',(0.0599516961497153,0.0752330281925989,-0.0644847404571225));
#1702=CARTESIAN_POINT('',(0.0599065548795246,0.0755504907700308,-0.0684742303545469));
#1703=CARTESIAN_POINT('',(0.0599514900724866,0.0752352506014909,-0.0723990092006118));
#1704=CARTESIAN_POINT('',(0.06,0.0746069996393047,-0.0749987712193173));
#1705=CARTESIAN_POINT('',(0.06,0.0741950419545174,-0.0762646698583065));
#1706=CARTESIAN_POINT('',(0.04,0.0741950419545174,-0.0434544201823999));
#1707=CARTESIAN_POINT('',(-0.01,0.0741950419545174,-0.0434544201823999));
#1708=CARTESIAN_POINT('',(0.05,0.0741950419545174,-0.0434544201823999));
#1709=CARTESIAN_POINT('',(-0.055,0.0741950419545174,-0.0815285961467273));
#1710=CARTESIAN_POINT('',(-0.01,0.0741950419545174,-0.0815285961467273));
#1711=CARTESIAN_POINT('',(0.05,0.0741950419545174,-0.0815285961467273));
#1712=CARTESIAN_POINT('',(-0.01,0.0741950419545174,-0.0834544201823998));
#1713=CARTESIAN_POINT('',(-0.01,0.0741950419545174,-0.0815285961467273));
#1714=CARTESIAN_POINT('',(-0.02,0.0741950419545174,-0.0762646698583065));
#1715=CARTESIAN_POINT('',(-0.02,0.0750173762957851,-0.0737377308986845));
#1716=CARTESIAN_POINT('',(-0.0198431348366672,0.0758727140732092,-0.0684527372543823));
#1717=CARTESIAN_POINT('',(-0.02,0.0750173633174032,-0.0631710695850388));
#1718=CARTESIAN_POINT('',(-0.02,0.0741950419545174,-0.0606441705064932));
#1719=CARTESIAN_POINT('',(-0.01,0.0741950419545174,-0.0434544201823999));
#1720=CARTESIAN_POINT('',(-0.01,0.0841950419545174,-0.0434544201823999));
#1721=CARTESIAN_POINT('',(-0.01,0.0841950419545174,-0.0434544201823999));
#1722=CARTESIAN_POINT('',(-0.01,0.0841950419545174,-0.0434544201823999));
#1723=CARTESIAN_POINT('',(-0.0113089969477248,0.0841950419545174,-0.0427999217085334));
#1724=CARTESIAN_POINT('',(-0.010981747720609,0.0841950419544875,-0.0424726724617763));
#1725=CARTESIAN_POINT('',(-0.0106544984738624,0.0841950419545174,-0.042145423234667));
#1726=CARTESIAN_POINT('',(-0.0139265863742594,0.0836744908373585,-0.0414911269952721));
#1727=CARTESIAN_POINT('',(-0.0130214869714095,0.0839259918412419,-0.0404329332109975));
#1728=CARTESIAN_POINT('',(-0.0119632931871297,0.0836744908373585,-0.0395278338081443));
#1729=CARTESIAN_POINT('',(-0.0166998129043851,0.0818205341522688,-0.0401045137302071));
#1730=CARTESIAN_POINT('',(-0.015486730598739,0.0828558103231964,-0.03796768958366));
#1731=CARTESIAN_POINT('',(-0.0133499064521925,0.0818205341522688,-0.0367546072780143));
#1732=CARTESIAN_POINT('',(-0.0183682229328513,0.0797864696575931,-0.0392703087159742));
#1733=CARTESIAN_POINT('',(-0.0173856043652301,0.0812758436334393,-0.0360688158171698));
#1734=CARTESIAN_POINT('',(-0.0141841114664257,0.0797864696575931,-0.0350861972495487));
#1735=CARTESIAN_POINT('',(-0.0192983695952459,0.0780465690493083,-0.0388052353847772));
#1736=CARTESIAN_POINT('',(-0.0187274347324479,0.0795134477071879,-0.0347269854499526));
#1737=CARTESIAN_POINT('',(-0.0146491847976229,0.0780465690493083,-0.0341560505871539));
#1738=CARTESIAN_POINT('',(-0.0198710706368423,0.0761585118141835,-0.0385188848639777));
#1739=CARTESIAN_POINT('',(-0.0197417397270945,0.0771008245865095,-0.0337126804553025));
#1740=CARTESIAN_POINT('',(-0.0149355353184214,0.0761585118141835,-0.0335833495455576));
#1741=CARTESIAN_POINT('',(-0.02,0.0748495404327478,-0.0384544201824021));
#1742=CARTESIAN_POINT('',(-0.0199999999999847,0.0751767896849582,-0.0334544201824213));
#1743=CARTESIAN_POINT('',(-0.0149999999999994,0.0748495404327478,-0.0334544201823999));
#1744=CARTESIAN_POINT('',(-0.02,0.0741950419545174,-0.0384544201823999));
#1745=CARTESIAN_POINT('',(-0.02,0.0741950419545174,-0.0334544201823999));
#1746=CARTESIAN_POINT('',(-0.015,0.0741950419545174,-0.0334544201823999));
#1747=CARTESIAN_POINT('',(-0.015,0.0741950419545174,-0.0384544201823998));
#1748=CARTESIAN_POINT('',(-0.015,0.0441950419545174,-0.0384544201823998));
#1749=CARTESIAN_POINT('',(-0.02,0.052005291630424,-0.0384544201823998));
#1750=CARTESIAN_POINT('',(-0.02,0.050766185863047,-0.0379167687702848));
#1751=CARTESIAN_POINT('',(-0.0198330790267967,0.0482346721759994,-0.0370863730526028));
#1752=CARTESIAN_POINT('',(-0.0196549286976225,0.0441971676350481,-0.0366400073988144));
#1753=CARTESIAN_POINT('',(-0.0198314795067449,0.0401831160442235,-0.037080124319967));
#1754=CARTESIAN_POINT('',(-0.02,0.0376239915180466,-0.0379167282125006));
#1755=CARTESIAN_POINT('',(-0.02,0.0363847922786108,-0.0384544201823998));
#1756=CARTESIAN_POINT('',(-0.015,0.0141950419545174,-0.0384544201823998));
#1757=CARTESIAN_POINT('',(-0.02,0.0141950419545174,-0.0384544201823999));
#1758=CARTESIAN_POINT('',(-0.02,0.0141950419545174,-0.0334544201823999));
#1759=CARTESIAN_POINT('',(-0.015,0.0141950419545174,-0.0334544201823999));
#1760=CARTESIAN_POINT('',(-0.02,0.0135405434762934,-0.0384544201824021));
#1761=CARTESIAN_POINT('',(-0.0199999999999859,0.0132132942240913,-0.0334544201824116));
#1762=CARTESIAN_POINT('',(-0.0149999999999994,0.0135405434762934,-0.0334544201823999));
#1763=CARTESIAN_POINT('',(-0.0198710706368423,0.0122315720948483,-0.0385188848639777));
#1764=CARTESIAN_POINT('',(-0.019741739727094,0.0112892593225187,-0.0337126804553069));
#1765=CARTESIAN_POINT('',(-0.0149355353184214,0.0122315720948483,-0.0335833495455576));
#1766=CARTESIAN_POINT('',(-0.0192983695952459,0.0103435148597273,-0.0388052353847772));
#1767=CARTESIAN_POINT('',(-0.018727434732448,0.00887663620184852,-0.0347269854499516));
#1768=CARTESIAN_POINT('',(-0.0146491847976229,0.0103435148597273,-0.034156050587154));
#1769=CARTESIAN_POINT('',(-0.0183682229328513,0.00860361425144147,-0.0392703087159741));
#1770=CARTESIAN_POINT('',(-0.0173856043652301,0.00711424027559547,-0.0360688158171696));
#1771=CARTESIAN_POINT('',(-0.0141841114664257,0.00860361425144147,-0.0350861972495484));
#1772=CARTESIAN_POINT('',(-0.0166998129043851,0.00656954975676606,-0.0401045137302079));
#1773=CARTESIAN_POINT('',(-0.015486730598739,0.00553427358583669,-0.0379676895836618));
#1774=CARTESIAN_POINT('',(-0.0133499064521926,0.00656954975676606,-0.0367546072780158));
#1775=CARTESIAN_POINT('',(-0.0139265863742594,0.00471559307167626,-0.0414911269952659));
#1776=CARTESIAN_POINT('',(-0.0130214869714095,0.00446409206780699,-0.0404329332109833));
#1777=CARTESIAN_POINT('',(-0.0119632931871297,0.00471559307167626,-0.039527833808132));
#1778=CARTESIAN_POINT('',(-0.0113089969477248,0.00419504195451735,-0.0427999217085463));
#1779=CARTESIAN_POINT('',(-0.0109817477206089,0.00419504195451819,-0.0424726724618052));
#1780=CARTESIAN_POINT('',(-0.0106544984738624,0.00419504195451735,-0.0421454232346927));
#1781=CARTESIAN_POINT('',(-0.00999999999999998,0.00419504195451736,-0.0434544201823999));
#1782=CARTESIAN_POINT('',(-0.00999999999999999,0.00419504195451735,-0.0434544201823999));
#1783=CARTESIAN_POINT('',(-0.00999999999999999,0.00419504195451736,-0.0434544201823999));
#1784=CARTESIAN_POINT('',(0.06,0.0741950419545174,-0.0384544201823999));
#1785=CARTESIAN_POINT('',(0.06,0.0741950419545174,-0.0334544201823999));
#1786=CARTESIAN_POINT('',(0.055,0.0741950419545174,-0.0334544201823999));
#1787=CARTESIAN_POINT('',(0.06,0.0748495404327311,-0.0384544201824021));
#1788=CARTESIAN_POINT('',(0.0599999999999835,0.0751767896849332,-0.0334544201824109));
#1789=CARTESIAN_POINT('',(0.0549999999999977,0.0748495404327311,-0.0334544201823999));
#1790=CARTESIAN_POINT('',(0.0598710706368423,0.0761585118141912,-0.0385188848639777));
#1791=CARTESIAN_POINT('',(0.0597417397270952,0.0771008245865205,-0.0337126804553072));
#1792=CARTESIAN_POINT('',(0.0549355353184222,0.0761585118141912,-0.0335833495455576));
#1793=CARTESIAN_POINT('',(0.0592983695952459,0.0780465690493062,-0.0388052353847772));
#1794=CARTESIAN_POINT('',(0.0587274347324477,0.0795134477071851,-0.0347269854499515));
#1795=CARTESIAN_POINT('',(0.0546491847976227,0.0780465690493062,-0.0341560505871539));
#1796=CARTESIAN_POINT('',(0.0583682229328515,0.0797864696575937,-0.0392703087159742));
#1797=CARTESIAN_POINT('',(0.0573856043652303,0.08127584363344,-0.03606881581717));
#1798=CARTESIAN_POINT('',(0.0541841114664258,0.0797864696575937,-0.0350861972495487));
#1799=CARTESIAN_POINT('',(0.0566998129043841,0.0818205341522685,-0.0401045137302071));
#1800=CARTESIAN_POINT('',(0.0554867305987382,0.082855810323196,-0.03796768958366));
#1801=CARTESIAN_POINT('',(0.053349906452192,0.0818205341522685,-0.0367546072780142));
#1802=CARTESIAN_POINT('',(0.0539265863742678,0.0836744908373586,-0.0414911269952721));
#1803=CARTESIAN_POINT('',(0.053021486971415,0.083925991841242,-0.0404329332109959));
#1804=CARTESIAN_POINT('',(0.051963293187134,0.0836744908373586,-0.0395278338081443));
#1805=CARTESIAN_POINT('',(0.0513089969477072,0.0841950419545174,-0.0427999217085334));
#1806=CARTESIAN_POINT('',(0.0509817477205978,0.0841950419544875,-0.0424726724617796));
#1807=CARTESIAN_POINT('',(0.0506544984738536,0.0841950419545174,-0.042145423234667));
#1808=CARTESIAN_POINT('',(0.05,0.0841950419545174,-0.0434544201823999));
#1809=CARTESIAN_POINT('',(0.05,0.0841950419545174,-0.0434544201823999));
#1810=CARTESIAN_POINT('',(0.05,0.0841950419545174,-0.0434544201823999));
#1811=CARTESIAN_POINT('',(0.055,0.0741950419545174,-0.0384544201823998));
#1812=CARTESIAN_POINT('',(0.055,0.0441950419545174,-0.0384544201823998));
#1813=CARTESIAN_POINT('',(0.06,0.0363847922786108,-0.0384544201823998));
#1814=CARTESIAN_POINT('',(0.06,0.0376246339352257,-0.0379164494659136));
#1815=CARTESIAN_POINT('',(0.0598305265900215,0.0402079617288485,-0.0370765720222498));
#1816=CARTESIAN_POINT('',(0.0596557334185191,0.0441550970520473,-0.0366429679785163));
#1817=CARTESIAN_POINT('',(0.0598308379471955,0.0482114315982489,-0.0370781534236435));
#1818=CARTESIAN_POINT('',(0.06,0.0507634875355884,-0.0379155979585538));
#1819=CARTESIAN_POINT('',(0.06,0.052005291630424,-0.0384544201823998));
#1820=CARTESIAN_POINT('',(0.055,0.0141950419545174,-0.0384544201823998));
#1821=CARTESIAN_POINT('',(0.055,0.0141950419545174,-0.0334544201823999));
#1822=CARTESIAN_POINT('',(0.06,0.0141950419545174,-0.0334544201823999));
#1823=CARTESIAN_POINT('',(0.06,0.0141950419545174,-0.0384544201823999));
#1824=CARTESIAN_POINT('',(0.0549999999999977,0.013540543476292,-0.0334544201823999));
#1825=CARTESIAN_POINT('',(0.0599999999999899,0.0132132942240902,-0.0334544201824109));
#1826=CARTESIAN_POINT('',(0.06,0.013540543476292,-0.0384544201824021));
#1827=CARTESIAN_POINT('',(0.0549355353184222,0.012231572094849,-0.0335833495455576));
#1828=CARTESIAN_POINT('',(0.0597417397270922,0.0112892593225195,-0.0337126804553072));
#1829=CARTESIAN_POINT('',(0.0598710706368423,0.012231572094849,-0.0385188848639777));
#1830=CARTESIAN_POINT('',(0.0546491847976227,0.0103435148597271,-0.034156050587154));
#1831=CARTESIAN_POINT('',(0.0587274347324484,0.00887663620184821,-0.0347269854499516));
#1832=CARTESIAN_POINT('',(0.0592983695952459,0.0103435148597271,-0.0388052353847772));
#1833=CARTESIAN_POINT('',(0.0541841114664258,0.00860361425144148,-0.0350861972495484));
#1834=CARTESIAN_POINT('',(0.0573856043652301,0.00711424027559555,-0.0360688158171697));
#1835=CARTESIAN_POINT('',(0.0583682229328514,0.00860361425144148,-0.039270308715974));
#1836=CARTESIAN_POINT('',(0.0533499064521921,0.00656954975676609,-0.0367546072780157));
#1837=CARTESIAN_POINT('',(0.0554867305987384,0.00553427358583666,-0.0379676895836617));
#1838=CARTESIAN_POINT('',(0.0566998129043842,0.00656954975676609,-0.0401045137302078));
#1839=CARTESIAN_POINT('',(0.0519632931871339,0.00471559307167625,-0.0395278338081321));
#1840=CARTESIAN_POINT('',(0.0530214869714149,0.004464092067807,-0.0404329332109833));
#1841=CARTESIAN_POINT('',(0.0539265863742678,0.00471559307167625,-0.0414911269952659));
#1842=CARTESIAN_POINT('',(0.0506544984738536,0.00419504195451735,-0.0421454232346927));
#1843=CARTESIAN_POINT('',(0.0509817477205978,0.00419504195451819,-0.0424726724618052));
#1844=CARTESIAN_POINT('',(0.0513089969477072,0.00419504195451735,-0.0427999217085463));
#1845=CARTESIAN_POINT('',(0.05,0.00419504195451736,-0.0434544201823999));
#1846=CARTESIAN_POINT('',(0.05,0.00419504195451735,-0.0434544201823999));
#1847=CARTESIAN_POINT('',(0.05,0.00419504195451736,-0.0434544201823999));
#1848=CARTESIAN_POINT('',(-0.018,0.0441950419545174,-0.0684544201823998));
#1849=CARTESIAN_POINT('',(-0.018,0.0141950419545174,-0.0762646698583064));
#1850=CARTESIAN_POINT('',(-0.018,0.0741950419545174,-0.0762646698583065));
#1851=CARTESIAN_POINT('',(-0.018,0.0722595580835497,-0.0757607827824416));
#1852=CARTESIAN_POINT('',(-0.02,0.0722595580835497,-0.0757607827824416));
#1853=CARTESIAN_POINT('',(-0.02,0.0741950419545174,-0.0762646698583065));
#1854=CARTESIAN_POINT('',(-0.0179999999972917,0.072884281572263,-0.0733611533929722));
#1855=CARTESIAN_POINT('',(-0.0201683670311892,0.0729216207084,-0.0732177297891683));
#1856=CARTESIAN_POINT('',(-0.02,0.0750298017879844,-0.0736995487866783));
#1857=CARTESIAN_POINT('',(-0.0178745111335878,0.0735057366928127,-0.0685072876851812));
#1858=CARTESIAN_POINT('',(-0.0202436448499255,0.073482907797819,-0.0685081191827634));
#1859=CARTESIAN_POINT('',(-0.0198431389136337,0.0758601944069667,-0.0685109337198893));
#1860=CARTESIAN_POINT('',(-0.0179999999973465,0.0728843643806193,-0.0635480050475348));
#1861=CARTESIAN_POINT('',(-0.0201683902881802,0.0729217121608325,-0.0636914618531222));
#1862=CARTESIAN_POINT('',(-0.02,0.0750299124374267,-0.0632096315900172));
#1863=CARTESIAN_POINT('',(-0.018,0.0722595580835497,-0.0611480575823581));
#1864=CARTESIAN_POINT('',(-0.02,0.0722595580835497,-0.0611480575823581));
#1865=CARTESIAN_POINT('',(-0.02,0.0741950419545174,-0.0606441705064932));
#1866=CARTESIAN_POINT('',(-0.018,0.0741950419545174,-0.0606441705064932));
#1867=CARTESIAN_POINT('',(-0.018,0.0161305258254851,-0.0611480575823582));
#1868=CARTESIAN_POINT('',(-0.02,0.0161305258254851,-0.0611480575823582));
#1869=CARTESIAN_POINT('',(-0.02,0.0141950419545174,-0.0606441705064933));
#1870=CARTESIAN_POINT('',(-0.0179999999972917,0.0155058023367751,-0.0635476869718149));
#1871=CARTESIAN_POINT('',(-0.0201683670311754,0.0154684632006048,-0.0636911105754941));
#1872=CARTESIAN_POINT('',(-0.02,0.0133602821210481,-0.0632092915780939));
#1873=CARTESIAN_POINT('',(-0.0178745111335878,0.0148843472162211,-0.0684015526796269));
#1874=CARTESIAN_POINT('',(-0.0202436448499493,0.0149071761111882,-0.0684007211820939));
#1875=CARTESIAN_POINT('',(-0.0198431389136337,0.0125298895019796,-0.0683979066449517));
#1876=CARTESIAN_POINT('',(-0.0179999999973465,0.0155057195284144,-0.0733608353172607));
#1877=CARTESIAN_POINT('',(-0.0201683902881497,0.0154683717482792,-0.0732173785116872));
#1878=CARTESIAN_POINT('',(-0.02,0.0133601714717874,-0.0736992087747272));
#1879=CARTESIAN_POINT('',(-0.018,0.0161305258254851,-0.0757607827824415));
#1880=CARTESIAN_POINT('',(-0.02,0.0161305258254851,-0.0757607827824415));
#1881=CARTESIAN_POINT('',(-0.02,0.0141950419545174,-0.0762646698583064));
#1882=CARTESIAN_POINT('',(-0.018,0.0141950419545174,-0.0606441705064933));
#1883=CARTESIAN_POINT('',(-0.018,0.0441950419545174,-0.0684544201823998));
#1884=CARTESIAN_POINT('',(-0.018,0.052005291630424,-0.0384544201823998));
#1885=CARTESIAN_POINT('',(-0.018,0.0441950419545174,-0.0684544201823998));
#1886=CARTESIAN_POINT('',(-0.018,0.0363847922786108,-0.0384544201823998));
#1887=CARTESIAN_POINT('',(-0.018,0.0515014045545591,-0.0403899040533676));
#1888=CARTESIAN_POINT('',(-0.02,0.0515014045545591,-0.0403899040533676));
#1889=CARTESIAN_POINT('',(-0.02,0.052005291630424,-0.0384544201823998));
#1890=CARTESIAN_POINT('',(-0.0179999999964246,0.0503014626104217,-0.0400775091806908));
#1891=CARTESIAN_POINT('',(-0.0202277094347829,0.0501757831642686,-0.0400447895879581));
#1892=CARTESIAN_POINT('',(-0.02,0.0507225950694458,-0.0378978546047104));
#1893=CARTESIAN_POINT('',(-0.0178950573649451,0.0478815721961835,-0.039609871422234));
#1894=CARTESIAN_POINT('',(-0.0205354312626423,0.0476130330678603,-0.0395800415045991));
#1895=CARTESIAN_POINT('',(-0.0198250956052299,0.0481358156611263,-0.0370647068740203));
#1896=CARTESIAN_POINT('',(-0.0177948716645079,0.0441617991603633,-0.0393758452157525));
#1897=CARTESIAN_POINT('',(-0.0207224316665837,0.0441638806233338,-0.0393863565560421));
#1898=CARTESIAN_POINT('',(-0.01965811944245,0.0441595065538743,-0.036647763632657));
#1899=CARTESIAN_POINT('',(-0.0178960404454588,0.0405000628424353,-0.0396133262793647));
#1900=CARTESIAN_POINT('',(-0.0205328790558859,0.0407658891281436,-0.0395835056467051));
#1901=CARTESIAN_POINT('',(-0.0198267340723627,0.0402452366967564,-0.0370708620792045));
#1902=CARTESIAN_POINT('',(-0.0179999999958787,0.0380876372149852,-0.0400777653786519));
#1903=CARTESIAN_POINT('',(-0.0202275120657601,0.0382131517548626,-0.0400450887179675));
#1904=CARTESIAN_POINT('',(-0.0200000000000002,0.0376664368881601,-0.0378983110494673));
#1905=CARTESIAN_POINT('',(-0.0180000000000002,0.0368886793544757,-0.0403899040533676));
#1906=CARTESIAN_POINT('',(-0.0200000000000002,0.0368886793544757,-0.0403899040533676));
#1907=CARTESIAN_POINT('',(-0.0200000000000002,0.0363847922786108,-0.0384544201823998));
#1908=CARTESIAN_POINT('',(0.058,0.0441950419545174,-0.0684544201823998));
#1909=CARTESIAN_POINT('',(0.058,0.0141950419545174,-0.0762646698583064));
#1910=CARTESIAN_POINT('',(0.058,0.0741950419545174,-0.0762646698583065));
#1911=CARTESIAN_POINT('',(0.06,0.0741950419545174,-0.0762646698583065));
#1912=CARTESIAN_POINT('',(0.06,0.0722595580835497,-0.0757607827824416));
#1913=CARTESIAN_POINT('',(0.058,0.0722595580835497,-0.0757607827824416));
#1914=CARTESIAN_POINT('',(0.06,0.0750298017879292,-0.0736995487866783));
#1915=CARTESIAN_POINT('',(0.0601683670311077,0.0729216207083707,-0.0732177297891648));
#1916=CARTESIAN_POINT('',(0.0579999999972779,0.072884281572263,-0.0733611533929722));
#1917=CARTESIAN_POINT('',(0.0598431389136337,0.0758601944069943,-0.0685109337198893));
#1918=CARTESIAN_POINT('',(0.0602436448499892,0.0734829077978357,-0.0685081191827551));
#1919=CARTESIAN_POINT('',(0.0578745111335924,0.0735057366928127,-0.0685072876851812));
#1920=CARTESIAN_POINT('',(0.06,0.0750299124374267,-0.0632096315900172));
#1921=CARTESIAN_POINT('',(0.0601683902881412,0.0729217121608325,-0.0636914618531222));
#1922=CARTESIAN_POINT('',(0.0579999999973511,0.0728843643806193,-0.0635480050475348));
#1923=CARTESIAN_POINT('',(0.06,0.0741950419545174,-0.0606441705064932));
#1924=CARTESIAN_POINT('',(0.06,0.0722595580835497,-0.0611480575823581));
#1925=CARTESIAN_POINT('',(0.058,0.0722595580835497,-0.0611480575823581));
#1926=CARTESIAN_POINT('',(0.058,0.0741950419545174,-0.0606441705064932));
#1927=CARTESIAN_POINT('',(0.06,0.0141950419545174,-0.0606441705064933));
#1928=CARTESIAN_POINT('',(0.06,0.0161305258254851,-0.0611480575823582));
#1929=CARTESIAN_POINT('',(0.058,0.0161305258254851,-0.0611480575823582));
#1930=CARTESIAN_POINT('',(0.06,0.0133602821210389,-0.0632092915780939));
#1931=CARTESIAN_POINT('',(0.060168367031104,0.01546846320063,-0.0636911105755628));
#1932=CARTESIAN_POINT('',(0.0579999999972779,0.0155058023367751,-0.0635476869718149));
#1933=CARTESIAN_POINT('',(0.0598431389136337,0.0125298895019796,-0.0683979066449149));
#1934=CARTESIAN_POINT('',(0.06024364485,0.0149071761111795,-0.0684007211820196));
#1935=CARTESIAN_POINT('',(0.0578745111335924,0.0148843472162121,-0.0684015526795925));
#1936=CARTESIAN_POINT('',(0.06,0.0133601714717966,-0.0736992087748008));
#1937=CARTESIAN_POINT('',(0.0601683902881237,0.0154683717482788,-0.0732173785117151));
#1938=CARTESIAN_POINT('',(0.0579999999973511,0.0155057195284323,-0.0733608353173296));
#1939=CARTESIAN_POINT('',(0.06,0.0141950419545174,-0.0762646698583064));
#1940=CARTESIAN_POINT('',(0.06,0.0161305258254851,-0.0757607827824415));
#1941=CARTESIAN_POINT('',(0.058,0.0161305258254851,-0.0757607827824415));
#1942=CARTESIAN_POINT('',(0.058,0.0141950419545174,-0.0606441705064933));
#1943=CARTESIAN_POINT('',(0.058,0.0441950419545174,-0.0684544201823998));
#1944=CARTESIAN_POINT('',(0.058,0.052005291630424,-0.0384544201823998));
#1945=CARTESIAN_POINT('',(0.058,0.0441950419545174,-0.0684544201823998));
#1946=CARTESIAN_POINT('',(0.058,0.0363847922786108,-0.0384544201823998));
#1947=CARTESIAN_POINT('',(0.06,0.052005291630424,-0.0384544201823998));
#1948=CARTESIAN_POINT('',(0.06,0.0515014045545591,-0.0403899040533676));
#1949=CARTESIAN_POINT('',(0.058,0.0515014045545591,-0.0403899040533676));
#1950=CARTESIAN_POINT('',(0.06,0.0507225950694458,-0.0378978546047104));
#1951=CARTESIAN_POINT('',(0.0602277094347518,0.0501757831642592,-0.0400447895879628));
#1952=CARTESIAN_POINT('',(0.0579999999964085,0.0503014626104217,-0.0400775091806908));
#1953=CARTESIAN_POINT('',(0.0598250956052299,0.0481358156611257,-0.0370647068740203));
#1954=CARTESIAN_POINT('',(0.0605354312626384,0.0476130330678676,-0.0395800415045973));
#1955=CARTESIAN_POINT('',(0.057895057364935,0.0478815721961829,-0.0396098714222342));
#1956=CARTESIAN_POINT('',(0.0596581194424499,0.0441595065538766,-0.036647763632657));
#1957=CARTESIAN_POINT('',(0.0607224316666524,0.044163880623331,-0.0393863565560414));
#1958=CARTESIAN_POINT('',(0.0577948716645673,0.0441617991603654,-0.0393758452157519));
#1959=CARTESIAN_POINT('',(0.0598267340723628,0.0402452366967479,-0.0370708620792045));
#1960=CARTESIAN_POINT('',(0.0605328790556326,0.0407658891281377,-0.0395835056467097));
#1961=CARTESIAN_POINT('',(0.0578960404452313,0.0405000628424273,-0.0396133262793668));
#1962=CARTESIAN_POINT('',(0.06,0.0376664368881784,-0.0378983110494673));
#1963=CARTESIAN_POINT('',(0.0602275120662561,0.038213151754887,-0.0400450887179563));
#1964=CARTESIAN_POINT('',(0.0579999999963701,0.0380876372150024,-0.0400777653786474));
#1965=CARTESIAN_POINT('',(0.06,0.0363847922786108,-0.0384544201823998));
#1966=CARTESIAN_POINT('',(0.06,0.0368886793544757,-0.0403899040533676));
#1967=CARTESIAN_POINT('',(0.058,0.0368886793544757,-0.0403899040533676));
#1968=CARTESIAN_POINT('',(-0.01,0.0649102750456648,-0.104740513418859));
#1969=CARTESIAN_POINT('',(-0.01,0.0741950419545174,-0.0815285961467273));
#1970=CARTESIAN_POINT('',(-0.01,0.0741950419545174,-0.0815285961467273));
#1971=CARTESIAN_POINT('',(-0.01,0.0189970502426803,-0.0935336168671347));
#1972=CARTESIAN_POINT('',(-0.01,0.0141950419545174,-0.0815285961467273));
#1973=CARTESIAN_POINT('',(-0.01,0.0141950419545174,-0.0815285961467273));
#1974=CARTESIAN_POINT('',(0.05,0.02347980886337,-0.104740513418859));
#1975=CARTESIAN_POINT('',(0.05,0.0141950419545174,-0.0815285961467273));
#1976=CARTESIAN_POINT('',(0.05,0.0141950419545174,-0.0815285961467273));
#1977=CARTESIAN_POINT('',(0.05,0.0693930336663544,-0.0935336168671347));
#1978=CARTESIAN_POINT('',(0.05,0.0741950419545174,-0.0815285961467273));
#1979=CARTESIAN_POINT('',(0.05,0.0741950419545174,-0.0815285961467273));
#1980=CARTESIAN_POINT('',(0.,0.,0.));
#1981=CARTESIAN_POINT('',(0.,-0.0526485327858664,0.0423220602634487));
#1982=CARTESIAN_POINT('',(0.,-0.0526485327858664,0.0423220602634487));
#1983=CARTESIAN_POINT('',(0.,-0.0526485327858664,0.0648220602634487));
#1984=CARTESIAN_POINT('',(0.,-0.0331629612007165,0.0535720602634487));
#1985=CARTESIAN_POINT('',(0.,-0.0526485327858664,0.0648220602634487));
#1986=CARTESIAN_POINT('',(0.,-0.0396581517290998,0.0648220602634487));
#1987=CARTESIAN_POINT('',(0.,-0.0331629612007165,0.0535720602634487));
#1988=CARTESIAN_POINT('',(0.,-0.0526485327858664,0.0423220602634487));
#1989=CARTESIAN_POINT('',(0.,-0.0526485327858664,0.0423220602634487));
#1990=CARTESIAN_POINT('',(0.,-0.0331629612007165,0.0310720602634487));
#1991=CARTESIAN_POINT('',(0.,-0.0331629612007165,0.0535720602634487));
#1992=CARTESIAN_POINT('',(0.,-0.0266677706723332,0.0423220602634487));
#1993=CARTESIAN_POINT('',(0.,-0.0331629612007165,0.0310720602634487));
#1994=CARTESIAN_POINT('',(0.,-0.0526485327858664,0.0423220602634487));
#1995=CARTESIAN_POINT('',(0.,-0.0526485327858664,0.0423220602634487));
#1996=CARTESIAN_POINT('',(0.,-0.0526485327858664,0.0198220602634487));
#1997=CARTESIAN_POINT('',(0.,-0.0331629612007165,0.0310720602634487));
#1998=CARTESIAN_POINT('',(0.,-0.0396581517290998,0.0198220602634487));
#1999=CARTESIAN_POINT('',(0.,-0.0526485327858664,0.0198220602634487));
#2000=CARTESIAN_POINT('',(0.,-0.0526485327858664,0.0423220602634487));
#2001=CARTESIAN_POINT('',(0.,-0.0526485327858664,0.0423220602634487));
#2002=CARTESIAN_POINT('',(0.,-0.0721341043710162,0.0310720602634487));
#2003=CARTESIAN_POINT('',(0.,-0.0526485327858664,0.0198220602634487));
#2004=CARTESIAN_POINT('',(0.,-0.0656389138426329,0.0198220602634487));
#2005=CARTESIAN_POINT('',(0.,-0.0721341043710162,0.0310720602634487));
#2006=CARTESIAN_POINT('',(0.,-0.0526485327858664,0.0423220602634487));
#2007=CARTESIAN_POINT('',(0.,-0.0526485327858664,0.0423220602634487));
#2008=CARTESIAN_POINT('',(0.,-0.0721341043710162,0.0535720602634487));
#2009=CARTESIAN_POINT('',(0.,-0.0721341043710162,0.0310720602634487));
#2010=CARTESIAN_POINT('',(0.,-0.0786292948993995,0.0423220602634487));
#2011=CARTESIAN_POINT('',(0.,-0.0721341043710162,0.0535720602634487));
#2012=CARTESIAN_POINT('',(0.065,-0.0721341043710162,0.0310720602634487));
#2013=CARTESIAN_POINT('',(0.065,-0.0656389138426329,0.0198220602634487));
#2014=CARTESIAN_POINT('',(0.065,-0.0656389138426329,0.0198220602634487));
#2015=CARTESIAN_POINT('',(0.065,-0.0721341043710162,0.0310720602634487));
#2016=CARTESIAN_POINT('',(0.065,-0.0786292948993995,0.0423220602634487));
#2017=CARTESIAN_POINT('',(0.065,-0.0786292948993995,0.0423220602634487));
#2018=CARTESIAN_POINT('',(0.065,-0.0526485327858664,0.0198220602634487));
#2019=CARTESIAN_POINT('',(0.065,-0.0396581517290998,0.0198220602634487));
#2020=CARTESIAN_POINT('',(0.065,-0.0396581517290998,0.0198220602634487));
#2021=CARTESIAN_POINT('',(0.065,-0.0526485327858664,0.0198220602634487));
#2022=CARTESIAN_POINT('',(0.065,-0.0331629612007165,0.0310720602634487));
#2023=CARTESIAN_POINT('',(0.065,-0.0266677706723332,0.0423220602634487));
#2024=CARTESIAN_POINT('',(0.065,-0.0266677706723332,0.0423220602634487));
#2025=CARTESIAN_POINT('',(0.065,-0.0331629612007165,0.0310720602634487));
#2026=CARTESIAN_POINT('',(0.065,-0.0331629612007165,0.0535720602634487));
#2027=CARTESIAN_POINT('',(0.065,-0.0396581517290998,0.0648220602634487));
#2028=CARTESIAN_POINT('',(0.065,-0.0396581517290998,0.0648220602634487));
#2029=CARTESIAN_POINT('',(0.065,-0.0331629612007165,0.0535720602634487));
#2030=CARTESIAN_POINT('',(0.065,-0.0526485327858664,0.0648220602634487));
#2031=CARTESIAN_POINT('',(0.,-0.0526485327858664,0.0648220602634487));
#2032=CARTESIAN_POINT('',(0.,-0.0656389138426329,0.0648220602634487));
#2033=CARTESIAN_POINT('',(0.065,-0.0656389138426329,0.0648220602634487));
#2034=CARTESIAN_POINT('',(0.065,-0.0656389138426329,0.0648220602634487));
#2035=CARTESIAN_POINT('',(0.065,-0.0526485327858664,0.0648220602634487));
#2036=CARTESIAN_POINT('',(0.065,-0.0721341043710162,0.0535720602634487));
#2037=CARTESIAN_POINT('',(0.,-0.0721341043710162,0.0535720602634487));
#2038=CARTESIAN_POINT('',(0.065,-0.0721341043710162,0.0535720602634487));
#2039=CARTESIAN_POINT('',(0.065,-0.0526485327858664,0.0423220602634487));
#2040=CARTESIAN_POINT('',(0.,-0.0526485327858664,0.0423220602634487));
#2041=CARTESIAN_POINT('',(0.,-0.0526485327858664,0.0423220602634487));
#2042=CARTESIAN_POINT('',(-0.09,-0.0526485327858664,0.0423220602634487));
#2043=CARTESIAN_POINT('',(-0.09,-0.0526485327858664,0.0423220602634487));
#2044=CARTESIAN_POINT('',(-0.09,-0.0526485327858664,0.0648220602634487));
#2045=CARTESIAN_POINT('',(-0.09,-0.0526485327858664,0.0423220602634487));
#2046=CARTESIAN_POINT('',(-0.09,-0.0526485327858664,0.0423220602634487));
#2047=CARTESIAN_POINT('',(-0.09,-0.0526485327858664,0.0597220602634487));
#2048=CARTESIAN_POINT('',(-0.106,-0.0526485327858664,0.0423220602634487));
#2049=CARTESIAN_POINT('',(-0.106,-0.0526485327858664,0.0423220602634487));
#2050=CARTESIAN_POINT('',(-0.106,-0.0526485327858664,0.0597220602634487));
#2051=CARTESIAN_POINT('',(-0.106,-0.0526485327858664,0.0423220602634487));
#2052=MECHANICAL_DESIGN_GEOMETRIC_PRESENTATION_REPRESENTATION('',(#1025),
#2054);
#2053=MECHANICAL_DESIGN_GEOMETRIC_PRESENTATION_REPRESENTATION('',(#1026),
#2055);
#2054=(
GEOMETRIC_REPRESENTATION_CONTEXT(3)
GLOBAL_UNCERTAINTY_ASSIGNED_CONTEXT((#2056))
GLOBAL_UNIT_ASSIGNED_CONTEXT((#2062,#2060,#2058))
REPRESENTATION_CONTEXT('Part 2','TOP_LEVEL_ASSEMBLY_PART')
);
#2055=(
GEOMETRIC_REPRESENTATION_CONTEXT(3)
GLOBAL_UNCERTAINTY_ASSIGNED_CONTEXT((#2057))
GLOBAL_UNIT_ASSIGNED_CONTEXT((#2063,#2061,#2059))
REPRESENTATION_CONTEXT('Part 1','TOP_LEVEL_ASSEMBLY_PART')
);
#2056=UNCERTAINTY_MEASURE_WITH_UNIT(LENGTH_MEASURE(2.E-5),#2062,
'DISTANCE_ACCURACY_VALUE','Maximum Tolerance applied to model');
#2057=UNCERTAINTY_MEASURE_WITH_UNIT(LENGTH_MEASURE(1.E-8),#2063,
'DISTANCE_ACCURACY_VALUE','Maximum Tolerance applied to model');
#2058=(
NAMED_UNIT(*)
SI_UNIT($,.STERADIAN.)
SOLID_ANGLE_UNIT()
);
#2059=(
NAMED_UNIT(*)
SI_UNIT($,.STERADIAN.)
SOLID_ANGLE_UNIT()
);
#2060=(
NAMED_UNIT(*)
PLANE_ANGLE_UNIT()
SI_UNIT($,.RADIAN.)
);
#2061=(
NAMED_UNIT(*)
PLANE_ANGLE_UNIT()
SI_UNIT($,.RADIAN.)
);
#2062=(
LENGTH_UNIT()
NAMED_UNIT(*)
SI_UNIT($,.METRE.)
);
#2063=(
LENGTH_UNIT()
NAMED_UNIT(*)
SI_UNIT($,.METRE.)
);
#2064=PRODUCT_DEFINITION_SHAPE('','',#2066);
#2065=PRODUCT_DEFINITION_SHAPE('','',#2067);
#2066=PRODUCT_DEFINITION('','',#2070,#2068);
#2067=PRODUCT_DEFINITION('','',#2071,#2069);
#2068=PRODUCT_DEFINITION_CONTEXT('',#2082,'design');
#2069=PRODUCT_DEFINITION_CONTEXT('',#2083,'design');
#2070=PRODUCT_DEFINITION_FORMATION_WITH_SPECIFIED_SOURCE('','',#2074,
 .NOT_KNOWN.);
#2071=PRODUCT_DEFINITION_FORMATION_WITH_SPECIFIED_SOURCE('','',#2075,
 .NOT_KNOWN.);
#2072=PRODUCT_RELATED_PRODUCT_CATEGORY('','',(#2074));
#2073=PRODUCT_RELATED_PRODUCT_CATEGORY('','',(#2075));
#2074=PRODUCT('Part 2','Part 2','Part 2',(#2078));
#2075=PRODUCT('Part 1','Part 1','Part 1',(#2079));
#2076=PRODUCT_CATEGORY('','');
#2077=PRODUCT_CATEGORY('','');
#2078=PRODUCT_CONTEXT('',#2082,'mechanical');
#2079=PRODUCT_CONTEXT('',#2083,'mechanical');
#2080=APPLICATION_PROTOCOL_DEFINITION('international standard',
'ap242_managed_model_based_3d_engineering',2020,#2082);
#2081=APPLICATION_PROTOCOL_DEFINITION('international standard',
'ap242_managed_model_based_3d_engineering',2020,#2083);
#2082=APPLICATION_CONTEXT('managed model based 3d engineering');
#2083=APPLICATION_CONTEXT('managed model based 3d engineering');
ENDSEC;
END-ISO-10303-21;
