ISO-10303-21;
HEADER;
/* Generated by software containing ST-Developer
 * from STEP Tools, Inc. (www.steptools.com) 
 */
/* OPTION: using custom renumber hook */

FILE_DESCRIPTION(
/* description */ ('STEP AP242 Edition 2',
'CAx-IF Rec.Pracs.---Representation and Presentation of Product Manufa
cturing Information (PMI)---4.0---2014-10-13',
'CAx-IF Rec.Pracs.---3D Tessellated Geometry---0.4---2014-09-14','2;1',
'CAx-IF Rec.Pracs.---User Defined Attributes---1.5---2016-08-15'),
/* implementation_level */ '2;1');

FILE_NAME(
/* name */ 'pullys',
/* time_stamp */ '2026-08-19T18:20:59Z',
/* author */ (''),
/* organization */ (''),
/* preprocessor_version */ 'ST-DEVELOPER v20',
/* originating_system */ 'ONSHAPE BY PTC INC, 1.219',
/* authorisation */ '  ');

FILE_SCHEMA (('AP242_MANAGED_MODEL_BASED_3D_ENGINEERING_MIM_LF { 1 0 10303 442 3 1 4 }'));
ENDSEC;

DATA;
#10=TOROIDAL_SURFACE('',#1602,0.021876362719846,0.001);
#11=TOROIDAL_SURFACE('',#1603,0.021876362719846,0.001);
#12=TOROIDAL_SURFACE('',#1604,0.021876362719846,0.001);
#13=B_SPLINE_CURVE_WITH_KNOTS('',3,(#2263,#2264,#2265,#2266),
 .UNSPECIFIED.,.F.,.F.,(4,4),(0.0002109598520947,0.00324994656181572),
 .UNSPECIFIED.);
#14=B_SPLINE_CURVE_WITH_KNOTS('',3,(#2271,#2272,#2273,#2274),
 .UNSPECIFIED.,.F.,.F.,(4,4),(2.62135916256705E-7,0.0030400697248348),
 .UNSPECIFIED.);
#15=B_SPLINE_CURVE_WITH_KNOTS('',3,(#2278,#2279,#2280,#2281),
 .UNSPECIFIED.,.F.,.F.,(4,4),(0.000210959852094705,0.00324994656181571),
 .UNSPECIFIED.);
#16=B_SPLINE_CURVE_WITH_KNOTS('',3,(#2285,#2286,#2287,#2288),
 .UNSPECIFIED.,.F.,.F.,(4,4),(2.62135916153656E-7,0.0030400697248347),
 .UNSPECIFIED.);
#17=B_SPLINE_CURVE_WITH_KNOTS('',3,(#2292,#2293,#2294,#2295),
 .UNSPECIFIED.,.F.,.F.,(4,4),(0.000210959852094807,0.00324994656181584),
 .UNSPECIFIED.);
#18=B_SPLINE_CURVE_WITH_KNOTS('',3,(#2299,#2300,#2301,#2302),
 .UNSPECIFIED.,.F.,.F.,(4,4),(2.62135916214437E-7,0.00304006972483476),
 .UNSPECIFIED.);
#19=B_SPLINE_CURVE_WITH_KNOTS('',3,(#2306,#2307,#2308,#2309),
 .UNSPECIFIED.,.F.,.F.,(4,4),(2.30494466081082E-7,0.000500522512983783),
 .UNSPECIFIED.);
#20=B_SPLINE_CURVE_WITH_KNOTS('',3,(#2310,#2311,#2312,#2313),
 .UNSPECIFIED.,.F.,.F.,(4,4),(3.8191207043936E-7,0.000500685611598567),
 .UNSPECIFIED.);
#21=B_SPLINE_CURVE_WITH_KNOTS('',3,(#2315,#2316,#2317,#2318),
 .UNSPECIFIED.,.F.,.F.,(4,4),(2.3049446596534E-7,0.000500522512983726),
 .UNSPECIFIED.);
#22=B_SPLINE_CURVE_WITH_KNOTS('',3,(#2319,#2320,#2321,#2322),
 .UNSPECIFIED.,.F.,.F.,(4,4),(3.8191208196008E-7,0.000500685611610136),
 .UNSPECIFIED.);
#23=B_SPLINE_CURVE_WITH_KNOTS('',3,(#2324,#2325,#2326,#2327),
 .UNSPECIFIED.,.F.,.F.,(4,4),(3.81912072434376E-7,0.000500685611600559),
 .UNSPECIFIED.);
#24=B_SPLINE_CURVE_WITH_KNOTS('',3,(#2328,#2329,#2330,#2331),
 .UNSPECIFIED.,.F.,.F.,(4,4),(2.30494466080497E-7,0.000500522512983733),
 .UNSPECIFIED.);
#25=CONICAL_SURFACE('',#1595,0.0224537129890355,0.523598775598298);
#26=LINE('',#2180,#140);
#27=LINE('',#2184,#141);
#28=LINE('',#2189,#142);
#29=LINE('',#2193,#143);
#30=LINE('',#2217,#144);
#31=LINE('',#2221,#145);
#32=LINE('',#2223,#146);
#33=LINE('',#2226,#147);
#34=LINE('',#2228,#148);
#35=LINE('',#2230,#149);
#36=LINE('',#2232,#150);
#37=LINE('',#2234,#151);
#38=LINE('',#2235,#152);
#39=LINE('',#2238,#153);
#40=LINE('',#2240,#154);
#41=LINE('',#2242,#155);
#42=LINE('',#2244,#156);
#43=LINE('',#2246,#157);
#44=LINE('',#2247,#158);
#45=LINE('',#2250,#159);
#46=LINE('',#2252,#160);
#47=LINE('',#2254,#161);
#48=LINE('',#2256,#162);
#49=LINE('',#2258,#163);
#50=LINE('',#2345,#164);
#51=LINE('',#2347,#165);
#52=LINE('',#2349,#166);
#53=LINE('',#2351,#167);
#54=LINE('',#2353,#168);
#55=LINE('',#2355,#169);
#56=LINE('',#2357,#170);
#57=LINE('',#2359,#171);
#58=LINE('',#2361,#172);
#59=LINE('',#2363,#173);
#60=LINE('',#2365,#174);
#61=LINE('',#2367,#175);
#62=LINE('',#2372,#176);
#63=LINE('',#2374,#177);
#64=LINE('',#2376,#178);
#65=LINE('',#2378,#179);
#66=LINE('',#2380,#180);
#67=LINE('',#2382,#181);
#68=LINE('',#2384,#182);
#69=LINE('',#2386,#183);
#70=LINE('',#2388,#184);
#71=LINE('',#2390,#185);
#72=LINE('',#2392,#186);
#73=LINE('',#2394,#187);
#74=LINE('',#2399,#188);
#75=LINE('',#2401,#189);
#76=LINE('',#2403,#190);
#77=LINE('',#2405,#191);
#78=LINE('',#2407,#192);
#79=LINE('',#2409,#193);
#80=LINE('',#2411,#194);
#81=LINE('',#2413,#195);
#82=LINE('',#2415,#196);
#83=LINE('',#2417,#197);
#84=LINE('',#2419,#198);
#85=LINE('',#2421,#199);
#86=LINE('',#2450,#200);
#87=LINE('',#2453,#201);
#88=LINE('',#2455,#202);
#89=LINE('',#2457,#203);
#90=LINE('',#2459,#204);
#91=LINE('',#2461,#205);
#92=LINE('',#2462,#206);
#93=LINE('',#2465,#207);
#94=LINE('',#2467,#208);
#95=LINE('',#2469,#209);
#96=LINE('',#2471,#210);
#97=LINE('',#2473,#211);
#98=LINE('',#2474,#212);
#99=LINE('',#2477,#213);
#100=LINE('',#2479,#214);
#101=LINE('',#2481,#215);
#102=LINE('',#2483,#216);
#103=LINE('',#2485,#217);
#104=LINE('',#2488,#218);
#105=LINE('',#2490,#219);
#106=LINE('',#2492,#220);
#107=LINE('',#2494,#221);
#108=LINE('',#2496,#222);
#109=LINE('',#2498,#223);
#110=LINE('',#2500,#224);
#111=LINE('',#2502,#225);
#112=LINE('',#2504,#226);
#113=LINE('',#2506,#227);
#114=LINE('',#2508,#228);
#115=LINE('',#2510,#229);
#116=LINE('',#2515,#230);
#117=LINE('',#2517,#231);
#118=LINE('',#2519,#232);
#119=LINE('',#2521,#233);
#120=LINE('',#2523,#234);
#121=LINE('',#2525,#235);
#122=LINE('',#2527,#236);
#123=LINE('',#2529,#237);
#124=LINE('',#2531,#238);
#125=LINE('',#2533,#239);
#126=LINE('',#2535,#240);
#127=LINE('',#2537,#241);
#128=LINE('',#2542,#242);
#129=LINE('',#2544,#243);
#130=LINE('',#2546,#244);
#131=LINE('',#2548,#245);
#132=LINE('',#2550,#246);
#133=LINE('',#2552,#247);
#134=LINE('',#2554,#248);
#135=LINE('',#2556,#249);
#136=LINE('',#2558,#250);
#137=LINE('',#2560,#251);
#138=LINE('',#2562,#252);
#139=LINE('',#2564,#253);
#140=VECTOR('',#1753,1.);
#141=VECTOR('',#1756,1.);
#142=VECTOR('',#1761,1.);
#143=VECTOR('',#1764,1.);
#144=VECTOR('',#1795,1.);
#145=VECTOR('',#1798,1.);
#146=VECTOR('',#1801,1.);
#147=VECTOR('',#1802,1.);
#148=VECTOR('',#1803,1.);
#149=VECTOR('',#1804,1.);
#150=VECTOR('',#1805,1.);
#151=VECTOR('',#1806,1.);
#152=VECTOR('',#1807,1.);
#153=VECTOR('',#1808,1.);
#154=VECTOR('',#1809,1.);
#155=VECTOR('',#1810,1.);
#156=VECTOR('',#1811,1.);
#157=VECTOR('',#1812,1.);
#158=VECTOR('',#1813,1.);
#159=VECTOR('',#1814,1.);
#160=VECTOR('',#1815,1.);
#161=VECTOR('',#1816,1.);
#162=VECTOR('',#1817,1.);
#163=VECTOR('',#1818,1.);
#164=VECTOR('',#1871,1.);
#165=VECTOR('',#1872,1.);
#166=VECTOR('',#1873,1.);
#167=VECTOR('',#1876,1.);
#168=VECTOR('',#1877,1.);
#169=VECTOR('',#1880,1.);
#170=VECTOR('',#1881,1.);
#171=VECTOR('',#1884,1.);
#172=VECTOR('',#1885,1.);
#173=VECTOR('',#1888,1.);
#174=VECTOR('',#1889,1.);
#175=VECTOR('',#1892,1.);
#176=VECTOR('',#1899,1.);
#177=VECTOR('',#1900,1.);
#178=VECTOR('',#1901,1.);
#179=VECTOR('',#1904,1.);
#180=VECTOR('',#1905,1.);
#181=VECTOR('',#1908,1.);
#182=VECTOR('',#1909,1.);
#183=VECTOR('',#1912,1.);
#184=VECTOR('',#1913,1.);
#185=VECTOR('',#1916,1.);
#186=VECTOR('',#1917,1.);
#187=VECTOR('',#1920,1.);
#188=VECTOR('',#1927,1.);
#189=VECTOR('',#1928,1.);
#190=VECTOR('',#1929,1.);
#191=VECTOR('',#1932,1.);
#192=VECTOR('',#1933,1.);
#193=VECTOR('',#1936,1.);
#194=VECTOR('',#1937,1.);
#195=VECTOR('',#1940,1.);
#196=VECTOR('',#1941,1.);
#197=VECTOR('',#1944,1.);
#198=VECTOR('',#1945,1.);
#199=VECTOR('',#1948,1.);
#200=VECTOR('',#1989,1.);
#201=VECTOR('',#1990,1.);
#202=VECTOR('',#1991,1.);
#203=VECTOR('',#1992,1.);
#204=VECTOR('',#1993,1.);
#205=VECTOR('',#1994,1.);
#206=VECTOR('',#1995,1.);
#207=VECTOR('',#1996,1.);
#208=VECTOR('',#1997,1.);
#209=VECTOR('',#1998,1.);
#210=VECTOR('',#1999,1.);
#211=VECTOR('',#2000,1.);
#212=VECTOR('',#2001,1.);
#213=VECTOR('',#2002,1.);
#214=VECTOR('',#2003,1.);
#215=VECTOR('',#2004,1.);
#216=VECTOR('',#2005,1.);
#217=VECTOR('',#2006,1.);
#218=VECTOR('',#2011,1.);
#219=VECTOR('',#2012,1.);
#220=VECTOR('',#2013,1.);
#221=VECTOR('',#2016,1.);
#222=VECTOR('',#2017,1.);
#223=VECTOR('',#2020,1.);
#224=VECTOR('',#2021,1.);
#225=VECTOR('',#2024,1.);
#226=VECTOR('',#2025,1.);
#227=VECTOR('',#2028,1.);
#228=VECTOR('',#2029,1.);
#229=VECTOR('',#2032,1.);
#230=VECTOR('',#2039,1.);
#231=VECTOR('',#2040,1.);
#232=VECTOR('',#2041,1.);
#233=VECTOR('',#2044,1.);
#234=VECTOR('',#2045,1.);
#235=VECTOR('',#2048,1.);
#236=VECTOR('',#2049,1.);
#237=VECTOR('',#2052,1.);
#238=VECTOR('',#2053,1.);
#239=VECTOR('',#2056,1.);
#240=VECTOR('',#2057,1.);
#241=VECTOR('',#2060,1.);
#242=VECTOR('',#2067,1.);
#243=VECTOR('',#2068,1.);
#244=VECTOR('',#2069,1.);
#245=VECTOR('',#2072,1.);
#246=VECTOR('',#2073,1.);
#247=VECTOR('',#2076,1.);
#248=VECTOR('',#2077,1.);
#249=VECTOR('',#2080,1.);
#250=VECTOR('',#2081,1.);
#251=VECTOR('',#2084,1.);
#252=VECTOR('',#2085,1.);
#253=VECTOR('',#2088,1.);
#254=SHAPE_REPRESENTATION_RELATIONSHIP('','',#1545,#259);
#255=SHAPE_REPRESENTATION_RELATIONSHIP('','',#1546,#260);
#256=SHAPE_REPRESENTATION_RELATIONSHIP('','',#1547,#261);
#257=SHAPE_REPRESENTATION_RELATIONSHIP('','',#1548,#262);
#258=SHAPE_REPRESENTATION_RELATIONSHIP('','',#1549,#263);
#259=ADVANCED_BREP_SHAPE_REPRESENTATION('',(#1535),#2611);
#260=ADVANCED_BREP_SHAPE_REPRESENTATION('',(#1536),#2612);
#261=ADVANCED_BREP_SHAPE_REPRESENTATION('',(#1537),#2613);
#262=ADVANCED_BREP_SHAPE_REPRESENTATION('',(#1538),#2614);
#263=ADVANCED_BREP_SHAPE_REPRESENTATION('',(#1539),#2615);
#264=PLANE('',#1557);
#265=PLANE('',#1558);
#266=PLANE('',#1575);
#267=PLANE('',#1591);
#268=PLANE('',#1605);
#269=PLANE('',#1608);
#270=PLANE('',#1611);
#271=PLANE('',#1614);
#272=PLANE('',#1615);
#273=PLANE('',#1616);
#274=PLANE('',#1617);
#275=PLANE('',#1618);
#276=PLANE('',#1619);
#277=PLANE('',#1620);
#278=PLANE('',#1621);
#279=PLANE('',#1622);
#280=PLANE('',#1623);
#281=PLANE('',#1625);
#282=PLANE('',#1626);
#283=PLANE('',#1627);
#284=PLANE('',#1628);
#285=PLANE('',#1629);
#286=PLANE('',#1630);
#287=PLANE('',#1631);
#288=PLANE('',#1633);
#289=PLANE('',#1634);
#290=PLANE('',#1635);
#291=PLANE('',#1636);
#292=PLANE('',#1637);
#293=PLANE('',#1638);
#294=PLANE('',#1639);
#295=PLANE('',#1643);
#296=PLANE('',#1646);
#297=PLANE('',#1649);
#298=PLANE('',#1654);
#299=PLANE('',#1658);
#300=PLANE('',#1659);
#301=PLANE('',#1660);
#302=PLANE('',#1661);
#303=PLANE('',#1662);
#304=PLANE('',#1663);
#305=PLANE('',#1664);
#306=PLANE('',#1665);
#307=PLANE('',#1666);
#308=PLANE('',#1668);
#309=PLANE('',#1669);
#310=PLANE('',#1670);
#311=PLANE('',#1671);
#312=PLANE('',#1672);
#313=PLANE('',#1673);
#314=PLANE('',#1674);
#315=PLANE('',#1676);
#316=PLANE('',#1677);
#317=PLANE('',#1678);
#318=PLANE('',#1679);
#319=PLANE('',#1680);
#320=PLANE('',#1681);
#321=PLANE('',#1682);
#322=PLANE('',#1686);
#323=PLANE('',#1689);
#324=PLANE('',#1692);
#325=PLANE('',#1700);
#326=PLANE('',#1701);
#327=PLANE('',#1709);
#328=PLANE('',#1710);
#329=ORIENTED_EDGE('',*,*,#703,.T.);
#330=ORIENTED_EDGE('',*,*,#704,.F.);
#331=ORIENTED_EDGE('',*,*,#705,.F.);
#332=ORIENTED_EDGE('',*,*,#706,.T.);
#333=ORIENTED_EDGE('',*,*,#703,.F.);
#334=ORIENTED_EDGE('',*,*,#705,.T.);
#335=ORIENTED_EDGE('',*,*,#704,.T.);
#336=ORIENTED_EDGE('',*,*,#706,.F.);
#337=ORIENTED_EDGE('',*,*,#707,.T.);
#338=ORIENTED_EDGE('',*,*,#708,.F.);
#339=ORIENTED_EDGE('',*,*,#709,.T.);
#340=ORIENTED_EDGE('',*,*,#710,.F.);
#341=ORIENTED_EDGE('',*,*,#711,.T.);
#342=ORIENTED_EDGE('',*,*,#712,.F.);
#343=ORIENTED_EDGE('',*,*,#713,.F.);
#344=ORIENTED_EDGE('',*,*,#714,.T.);
#345=ORIENTED_EDGE('',*,*,#715,.T.);
#346=ORIENTED_EDGE('',*,*,#716,.T.);
#347=ORIENTED_EDGE('',*,*,#717,.T.);
#348=ORIENTED_EDGE('',*,*,#718,.T.);
#349=ORIENTED_EDGE('',*,*,#719,.F.);
#350=ORIENTED_EDGE('',*,*,#720,.T.);
#351=ORIENTED_EDGE('',*,*,#721,.F.);
#352=ORIENTED_EDGE('',*,*,#722,.T.);
#353=ORIENTED_EDGE('',*,*,#723,.F.);
#354=ORIENTED_EDGE('',*,*,#724,.T.);
#355=ORIENTED_EDGE('',*,*,#725,.F.);
#356=ORIENTED_EDGE('',*,*,#726,.T.);
#357=ORIENTED_EDGE('',*,*,#727,.T.);
#358=ORIENTED_EDGE('',*,*,#726,.F.);
#359=ORIENTED_EDGE('',*,*,#728,.T.);
#360=ORIENTED_EDGE('',*,*,#724,.F.);
#361=ORIENTED_EDGE('',*,*,#729,.T.);
#362=ORIENTED_EDGE('',*,*,#722,.F.);
#363=ORIENTED_EDGE('',*,*,#730,.F.);
#364=ORIENTED_EDGE('',*,*,#731,.T.);
#365=ORIENTED_EDGE('',*,*,#732,.T.);
#366=ORIENTED_EDGE('',*,*,#733,.T.);
#367=ORIENTED_EDGE('',*,*,#734,.F.);
#368=ORIENTED_EDGE('',*,*,#735,.F.);
#369=ORIENTED_EDGE('',*,*,#736,.F.);
#370=ORIENTED_EDGE('',*,*,#737,.F.);
#371=ORIENTED_EDGE('',*,*,#738,.F.);
#372=ORIENTED_EDGE('',*,*,#739,.F.);
#373=ORIENTED_EDGE('',*,*,#740,.F.);
#374=ORIENTED_EDGE('',*,*,#741,.F.);
#375=ORIENTED_EDGE('',*,*,#742,.F.);
#376=ORIENTED_EDGE('',*,*,#743,.F.);
#377=ORIENTED_EDGE('',*,*,#744,.F.);
#378=ORIENTED_EDGE('',*,*,#745,.F.);
#379=ORIENTED_EDGE('',*,*,#746,.F.);
#380=ORIENTED_EDGE('',*,*,#747,.F.);
#381=ORIENTED_EDGE('',*,*,#748,.F.);
#382=ORIENTED_EDGE('',*,*,#749,.F.);
#383=ORIENTED_EDGE('',*,*,#750,.F.);
#384=ORIENTED_EDGE('',*,*,#751,.F.);
#385=ORIENTED_EDGE('',*,*,#752,.F.);
#386=ORIENTED_EDGE('',*,*,#713,.T.);
#387=ORIENTED_EDGE('',*,*,#753,.F.);
#388=ORIENTED_EDGE('',*,*,#730,.T.);
#389=ORIENTED_EDGE('',*,*,#754,.F.);
#390=ORIENTED_EDGE('',*,*,#719,.T.);
#391=ORIENTED_EDGE('',*,*,#755,.F.);
#392=ORIENTED_EDGE('',*,*,#756,.T.);
#393=ORIENTED_EDGE('',*,*,#757,.F.);
#394=ORIENTED_EDGE('',*,*,#758,.T.);
#395=ORIENTED_EDGE('',*,*,#759,.F.);
#396=ORIENTED_EDGE('',*,*,#760,.T.);
#397=ORIENTED_EDGE('',*,*,#761,.F.);
#398=ORIENTED_EDGE('',*,*,#762,.T.);
#399=ORIENTED_EDGE('',*,*,#763,.F.);
#400=ORIENTED_EDGE('',*,*,#764,.T.);
#401=ORIENTED_EDGE('',*,*,#765,.F.);
#402=ORIENTED_EDGE('',*,*,#766,.T.);
#403=ORIENTED_EDGE('',*,*,#723,.T.);
#404=ORIENTED_EDGE('',*,*,#721,.T.);
#405=ORIENTED_EDGE('',*,*,#725,.T.);
#406=ORIENTED_EDGE('',*,*,#767,.F.);
#407=ORIENTED_EDGE('',*,*,#764,.F.);
#408=ORIENTED_EDGE('',*,*,#768,.F.);
#409=ORIENTED_EDGE('',*,*,#715,.F.);
#410=ORIENTED_EDGE('',*,*,#769,.F.);
#411=ORIENTED_EDGE('',*,*,#760,.F.);
#412=ORIENTED_EDGE('',*,*,#770,.F.);
#413=ORIENTED_EDGE('',*,*,#732,.F.);
#414=ORIENTED_EDGE('',*,*,#771,.F.);
#415=ORIENTED_EDGE('',*,*,#717,.F.);
#416=ORIENTED_EDGE('',*,*,#772,.F.);
#417=ORIENTED_EDGE('',*,*,#756,.F.);
#418=ORIENTED_EDGE('',*,*,#773,.T.);
#419=ORIENTED_EDGE('',*,*,#758,.F.);
#420=ORIENTED_EDGE('',*,*,#712,.T.);
#421=ORIENTED_EDGE('',*,*,#770,.T.);
#422=ORIENTED_EDGE('',*,*,#759,.T.);
#423=ORIENTED_EDGE('',*,*,#773,.F.);
#424=ORIENTED_EDGE('',*,*,#757,.T.);
#425=ORIENTED_EDGE('',*,*,#772,.T.);
#426=ORIENTED_EDGE('',*,*,#720,.F.);
#427=ORIENTED_EDGE('',*,*,#754,.T.);
#428=ORIENTED_EDGE('',*,*,#733,.F.);
#429=ORIENTED_EDGE('',*,*,#774,.T.);
#430=ORIENTED_EDGE('',*,*,#766,.F.);
#431=ORIENTED_EDGE('',*,*,#710,.T.);
#432=ORIENTED_EDGE('',*,*,#752,.T.);
#433=ORIENTED_EDGE('',*,*,#718,.F.);
#434=ORIENTED_EDGE('',*,*,#771,.T.);
#435=ORIENTED_EDGE('',*,*,#755,.T.);
#436=ORIENTED_EDGE('',*,*,#774,.F.);
#437=ORIENTED_EDGE('',*,*,#765,.T.);
#438=ORIENTED_EDGE('',*,*,#767,.T.);
#439=ORIENTED_EDGE('',*,*,#714,.F.);
#440=ORIENTED_EDGE('',*,*,#775,.T.);
#441=ORIENTED_EDGE('',*,*,#762,.F.);
#442=ORIENTED_EDGE('',*,*,#708,.T.);
#443=ORIENTED_EDGE('',*,*,#768,.T.);
#444=ORIENTED_EDGE('',*,*,#763,.T.);
#445=ORIENTED_EDGE('',*,*,#775,.F.);
#446=ORIENTED_EDGE('',*,*,#761,.T.);
#447=ORIENTED_EDGE('',*,*,#769,.T.);
#448=ORIENTED_EDGE('',*,*,#731,.F.);
#449=ORIENTED_EDGE('',*,*,#753,.T.);
#450=ORIENTED_EDGE('',*,*,#716,.F.);
#451=ORIENTED_EDGE('',*,*,#707,.F.);
#452=ORIENTED_EDGE('',*,*,#729,.F.);
#453=ORIENTED_EDGE('',*,*,#709,.F.);
#454=ORIENTED_EDGE('',*,*,#728,.F.);
#455=ORIENTED_EDGE('',*,*,#711,.F.);
#456=ORIENTED_EDGE('',*,*,#727,.F.);
#457=ORIENTED_EDGE('',*,*,#746,.T.);
#458=ORIENTED_EDGE('',*,*,#776,.F.);
#459=ORIENTED_EDGE('',*,*,#777,.F.);
#460=ORIENTED_EDGE('',*,*,#778,.T.);
#461=ORIENTED_EDGE('',*,*,#751,.T.);
#462=ORIENTED_EDGE('',*,*,#779,.F.);
#463=ORIENTED_EDGE('',*,*,#780,.F.);
#464=ORIENTED_EDGE('',*,*,#776,.T.);
#465=ORIENTED_EDGE('',*,*,#750,.T.);
#466=ORIENTED_EDGE('',*,*,#781,.F.);
#467=ORIENTED_EDGE('',*,*,#782,.F.);
#468=ORIENTED_EDGE('',*,*,#779,.T.);
#469=ORIENTED_EDGE('',*,*,#749,.T.);
#470=ORIENTED_EDGE('',*,*,#783,.F.);
#471=ORIENTED_EDGE('',*,*,#784,.F.);
#472=ORIENTED_EDGE('',*,*,#781,.T.);
#473=ORIENTED_EDGE('',*,*,#748,.T.);
#474=ORIENTED_EDGE('',*,*,#785,.F.);
#475=ORIENTED_EDGE('',*,*,#786,.F.);
#476=ORIENTED_EDGE('',*,*,#783,.T.);
#477=ORIENTED_EDGE('',*,*,#747,.T.);
#478=ORIENTED_EDGE('',*,*,#778,.F.);
#479=ORIENTED_EDGE('',*,*,#787,.F.);
#480=ORIENTED_EDGE('',*,*,#785,.T.);
#481=ORIENTED_EDGE('',*,*,#788,.F.);
#482=ORIENTED_EDGE('',*,*,#777,.T.);
#483=ORIENTED_EDGE('',*,*,#780,.T.);
#484=ORIENTED_EDGE('',*,*,#782,.T.);
#485=ORIENTED_EDGE('',*,*,#784,.T.);
#486=ORIENTED_EDGE('',*,*,#786,.T.);
#487=ORIENTED_EDGE('',*,*,#787,.T.);
#488=ORIENTED_EDGE('',*,*,#740,.T.);
#489=ORIENTED_EDGE('',*,*,#789,.F.);
#490=ORIENTED_EDGE('',*,*,#790,.F.);
#491=ORIENTED_EDGE('',*,*,#791,.T.);
#492=ORIENTED_EDGE('',*,*,#745,.T.);
#493=ORIENTED_EDGE('',*,*,#792,.F.);
#494=ORIENTED_EDGE('',*,*,#793,.F.);
#495=ORIENTED_EDGE('',*,*,#789,.T.);
#496=ORIENTED_EDGE('',*,*,#744,.T.);
#497=ORIENTED_EDGE('',*,*,#794,.F.);
#498=ORIENTED_EDGE('',*,*,#795,.F.);
#499=ORIENTED_EDGE('',*,*,#792,.T.);
#500=ORIENTED_EDGE('',*,*,#743,.T.);
#501=ORIENTED_EDGE('',*,*,#796,.F.);
#502=ORIENTED_EDGE('',*,*,#797,.F.);
#503=ORIENTED_EDGE('',*,*,#794,.T.);
#504=ORIENTED_EDGE('',*,*,#742,.T.);
#505=ORIENTED_EDGE('',*,*,#798,.F.);
#506=ORIENTED_EDGE('',*,*,#799,.F.);
#507=ORIENTED_EDGE('',*,*,#796,.T.);
#508=ORIENTED_EDGE('',*,*,#741,.T.);
#509=ORIENTED_EDGE('',*,*,#791,.F.);
#510=ORIENTED_EDGE('',*,*,#800,.F.);
#511=ORIENTED_EDGE('',*,*,#798,.T.);
#512=ORIENTED_EDGE('',*,*,#790,.T.);
#513=ORIENTED_EDGE('',*,*,#793,.T.);
#514=ORIENTED_EDGE('',*,*,#795,.T.);
#515=ORIENTED_EDGE('',*,*,#797,.T.);
#516=ORIENTED_EDGE('',*,*,#799,.T.);
#517=ORIENTED_EDGE('',*,*,#800,.T.);
#518=ORIENTED_EDGE('',*,*,#801,.F.);
#519=ORIENTED_EDGE('',*,*,#734,.T.);
#520=ORIENTED_EDGE('',*,*,#802,.F.);
#521=ORIENTED_EDGE('',*,*,#803,.F.);
#522=ORIENTED_EDGE('',*,*,#804,.T.);
#523=ORIENTED_EDGE('',*,*,#739,.T.);
#524=ORIENTED_EDGE('',*,*,#805,.F.);
#525=ORIENTED_EDGE('',*,*,#806,.F.);
#526=ORIENTED_EDGE('',*,*,#802,.T.);
#527=ORIENTED_EDGE('',*,*,#738,.T.);
#528=ORIENTED_EDGE('',*,*,#807,.F.);
#529=ORIENTED_EDGE('',*,*,#808,.F.);
#530=ORIENTED_EDGE('',*,*,#805,.T.);
#531=ORIENTED_EDGE('',*,*,#737,.T.);
#532=ORIENTED_EDGE('',*,*,#809,.F.);
#533=ORIENTED_EDGE('',*,*,#810,.F.);
#534=ORIENTED_EDGE('',*,*,#807,.T.);
#535=ORIENTED_EDGE('',*,*,#736,.T.);
#536=ORIENTED_EDGE('',*,*,#811,.F.);
#537=ORIENTED_EDGE('',*,*,#812,.F.);
#538=ORIENTED_EDGE('',*,*,#809,.T.);
#539=ORIENTED_EDGE('',*,*,#735,.T.);
#540=ORIENTED_EDGE('',*,*,#804,.F.);
#541=ORIENTED_EDGE('',*,*,#813,.F.);
#542=ORIENTED_EDGE('',*,*,#811,.T.);
#543=ORIENTED_EDGE('',*,*,#803,.T.);
#544=ORIENTED_EDGE('',*,*,#806,.T.);
#545=ORIENTED_EDGE('',*,*,#808,.T.);
#546=ORIENTED_EDGE('',*,*,#810,.T.);
#547=ORIENTED_EDGE('',*,*,#812,.T.);
#548=ORIENTED_EDGE('',*,*,#813,.T.);
#549=ORIENTED_EDGE('',*,*,#814,.F.);
#550=ORIENTED_EDGE('',*,*,#814,.T.);
#551=ORIENTED_EDGE('',*,*,#815,.F.);
#552=ORIENTED_EDGE('',*,*,#815,.T.);
#553=ORIENTED_EDGE('',*,*,#801,.T.);
#554=ORIENTED_EDGE('',*,*,#816,.F.);
#555=ORIENTED_EDGE('',*,*,#816,.T.);
#556=ORIENTED_EDGE('',*,*,#788,.T.);
#557=ORIENTED_EDGE('',*,*,#817,.F.);
#558=ORIENTED_EDGE('',*,*,#817,.T.);
#559=ORIENTED_EDGE('',*,*,#818,.F.);
#560=ORIENTED_EDGE('',*,*,#819,.T.);
#561=ORIENTED_EDGE('',*,*,#819,.F.);
#562=ORIENTED_EDGE('',*,*,#820,.F.);
#563=ORIENTED_EDGE('',*,*,#821,.T.);
#564=ORIENTED_EDGE('',*,*,#822,.F.);
#565=ORIENTED_EDGE('',*,*,#823,.F.);
#566=ORIENTED_EDGE('',*,*,#824,.F.);
#567=ORIENTED_EDGE('',*,*,#825,.F.);
#568=ORIENTED_EDGE('',*,*,#826,.F.);
#569=ORIENTED_EDGE('',*,*,#827,.F.);
#570=ORIENTED_EDGE('',*,*,#828,.F.);
#571=ORIENTED_EDGE('',*,*,#829,.F.);
#572=ORIENTED_EDGE('',*,*,#830,.F.);
#573=ORIENTED_EDGE('',*,*,#831,.F.);
#574=ORIENTED_EDGE('',*,*,#832,.F.);
#575=ORIENTED_EDGE('',*,*,#833,.F.);
#576=ORIENTED_EDGE('',*,*,#834,.F.);
#577=ORIENTED_EDGE('',*,*,#835,.F.);
#578=ORIENTED_EDGE('',*,*,#836,.F.);
#579=ORIENTED_EDGE('',*,*,#837,.F.);
#580=ORIENTED_EDGE('',*,*,#838,.F.);
#581=ORIENTED_EDGE('',*,*,#839,.F.);
#582=ORIENTED_EDGE('',*,*,#820,.T.);
#583=ORIENTED_EDGE('',*,*,#818,.T.);
#584=ORIENTED_EDGE('',*,*,#821,.F.);
#585=ORIENTED_EDGE('',*,*,#834,.T.);
#586=ORIENTED_EDGE('',*,*,#840,.F.);
#587=ORIENTED_EDGE('',*,*,#841,.F.);
#588=ORIENTED_EDGE('',*,*,#842,.T.);
#589=ORIENTED_EDGE('',*,*,#839,.T.);
#590=ORIENTED_EDGE('',*,*,#843,.F.);
#591=ORIENTED_EDGE('',*,*,#844,.F.);
#592=ORIENTED_EDGE('',*,*,#840,.T.);
#593=ORIENTED_EDGE('',*,*,#838,.T.);
#594=ORIENTED_EDGE('',*,*,#845,.F.);
#595=ORIENTED_EDGE('',*,*,#846,.F.);
#596=ORIENTED_EDGE('',*,*,#843,.T.);
#597=ORIENTED_EDGE('',*,*,#837,.T.);
#598=ORIENTED_EDGE('',*,*,#847,.F.);
#599=ORIENTED_EDGE('',*,*,#848,.F.);
#600=ORIENTED_EDGE('',*,*,#845,.T.);
#601=ORIENTED_EDGE('',*,*,#836,.T.);
#602=ORIENTED_EDGE('',*,*,#849,.F.);
#603=ORIENTED_EDGE('',*,*,#850,.F.);
#604=ORIENTED_EDGE('',*,*,#847,.T.);
#605=ORIENTED_EDGE('',*,*,#835,.T.);
#606=ORIENTED_EDGE('',*,*,#842,.F.);
#607=ORIENTED_EDGE('',*,*,#851,.F.);
#608=ORIENTED_EDGE('',*,*,#849,.T.);
#609=ORIENTED_EDGE('',*,*,#852,.F.);
#610=ORIENTED_EDGE('',*,*,#841,.T.);
#611=ORIENTED_EDGE('',*,*,#844,.T.);
#612=ORIENTED_EDGE('',*,*,#846,.T.);
#613=ORIENTED_EDGE('',*,*,#848,.T.);
#614=ORIENTED_EDGE('',*,*,#850,.T.);
#615=ORIENTED_EDGE('',*,*,#851,.T.);
#616=ORIENTED_EDGE('',*,*,#828,.T.);
#617=ORIENTED_EDGE('',*,*,#853,.F.);
#618=ORIENTED_EDGE('',*,*,#854,.F.);
#619=ORIENTED_EDGE('',*,*,#855,.T.);
#620=ORIENTED_EDGE('',*,*,#833,.T.);
#621=ORIENTED_EDGE('',*,*,#856,.F.);
#622=ORIENTED_EDGE('',*,*,#857,.F.);
#623=ORIENTED_EDGE('',*,*,#853,.T.);
#624=ORIENTED_EDGE('',*,*,#832,.T.);
#625=ORIENTED_EDGE('',*,*,#858,.F.);
#626=ORIENTED_EDGE('',*,*,#859,.F.);
#627=ORIENTED_EDGE('',*,*,#856,.T.);
#628=ORIENTED_EDGE('',*,*,#831,.T.);
#629=ORIENTED_EDGE('',*,*,#860,.F.);
#630=ORIENTED_EDGE('',*,*,#861,.F.);
#631=ORIENTED_EDGE('',*,*,#858,.T.);
#632=ORIENTED_EDGE('',*,*,#830,.T.);
#633=ORIENTED_EDGE('',*,*,#862,.F.);
#634=ORIENTED_EDGE('',*,*,#863,.F.);
#635=ORIENTED_EDGE('',*,*,#860,.T.);
#636=ORIENTED_EDGE('',*,*,#829,.T.);
#637=ORIENTED_EDGE('',*,*,#855,.F.);
#638=ORIENTED_EDGE('',*,*,#864,.F.);
#639=ORIENTED_EDGE('',*,*,#862,.T.);
#640=ORIENTED_EDGE('',*,*,#865,.F.);
#641=ORIENTED_EDGE('',*,*,#854,.T.);
#642=ORIENTED_EDGE('',*,*,#857,.T.);
#643=ORIENTED_EDGE('',*,*,#859,.T.);
#644=ORIENTED_EDGE('',*,*,#861,.T.);
#645=ORIENTED_EDGE('',*,*,#863,.T.);
#646=ORIENTED_EDGE('',*,*,#864,.T.);
#647=ORIENTED_EDGE('',*,*,#822,.T.);
#648=ORIENTED_EDGE('',*,*,#866,.F.);
#649=ORIENTED_EDGE('',*,*,#867,.F.);
#650=ORIENTED_EDGE('',*,*,#868,.T.);
#651=ORIENTED_EDGE('',*,*,#827,.T.);
#652=ORIENTED_EDGE('',*,*,#869,.F.);
#653=ORIENTED_EDGE('',*,*,#870,.F.);
#654=ORIENTED_EDGE('',*,*,#866,.T.);
#655=ORIENTED_EDGE('',*,*,#826,.T.);
#656=ORIENTED_EDGE('',*,*,#871,.F.);
#657=ORIENTED_EDGE('',*,*,#872,.F.);
#658=ORIENTED_EDGE('',*,*,#869,.T.);
#659=ORIENTED_EDGE('',*,*,#825,.T.);
#660=ORIENTED_EDGE('',*,*,#873,.F.);
#661=ORIENTED_EDGE('',*,*,#874,.F.);
#662=ORIENTED_EDGE('',*,*,#871,.T.);
#663=ORIENTED_EDGE('',*,*,#824,.T.);
#664=ORIENTED_EDGE('',*,*,#875,.F.);
#665=ORIENTED_EDGE('',*,*,#876,.F.);
#666=ORIENTED_EDGE('',*,*,#873,.T.);
#667=ORIENTED_EDGE('',*,*,#823,.T.);
#668=ORIENTED_EDGE('',*,*,#868,.F.);
#669=ORIENTED_EDGE('',*,*,#877,.F.);
#670=ORIENTED_EDGE('',*,*,#875,.T.);
#671=ORIENTED_EDGE('',*,*,#878,.F.);
#672=ORIENTED_EDGE('',*,*,#867,.T.);
#673=ORIENTED_EDGE('',*,*,#870,.T.);
#674=ORIENTED_EDGE('',*,*,#872,.T.);
#675=ORIENTED_EDGE('',*,*,#874,.T.);
#676=ORIENTED_EDGE('',*,*,#876,.T.);
#677=ORIENTED_EDGE('',*,*,#877,.T.);
#678=ORIENTED_EDGE('',*,*,#878,.T.);
#679=ORIENTED_EDGE('',*,*,#879,.F.);
#680=ORIENTED_EDGE('',*,*,#879,.T.);
#681=ORIENTED_EDGE('',*,*,#865,.T.);
#682=ORIENTED_EDGE('',*,*,#880,.F.);
#683=ORIENTED_EDGE('',*,*,#880,.T.);
#684=ORIENTED_EDGE('',*,*,#852,.T.);
#685=ORIENTED_EDGE('',*,*,#881,.F.);
#686=ORIENTED_EDGE('',*,*,#881,.T.);
#687=ORIENTED_EDGE('',*,*,#882,.T.);
#688=ORIENTED_EDGE('',*,*,#883,.F.);
#689=ORIENTED_EDGE('',*,*,#884,.F.);
#690=ORIENTED_EDGE('',*,*,#885,.T.);
#691=ORIENTED_EDGE('',*,*,#882,.F.);
#692=ORIENTED_EDGE('',*,*,#884,.T.);
#693=ORIENTED_EDGE('',*,*,#883,.T.);
#694=ORIENTED_EDGE('',*,*,#885,.F.);
#695=ORIENTED_EDGE('',*,*,#886,.T.);
#696=ORIENTED_EDGE('',*,*,#887,.F.);
#697=ORIENTED_EDGE('',*,*,#888,.F.);
#698=ORIENTED_EDGE('',*,*,#889,.T.);
#699=ORIENTED_EDGE('',*,*,#886,.F.);
#700=ORIENTED_EDGE('',*,*,#888,.T.);
#701=ORIENTED_EDGE('',*,*,#887,.T.);
#702=ORIENTED_EDGE('',*,*,#889,.F.);
#703=EDGE_CURVE('',#890,#890,#1026,.T.);
#704=EDGE_CURVE('',#891,#891,#1027,.T.);
#705=EDGE_CURVE('',#892,#892,#1028,.T.);
#706=EDGE_CURVE('',#893,#893,#1029,.T.);
#707=EDGE_CURVE('',#894,#894,#1030,.T.);
#708=EDGE_CURVE('',#895,#895,#1031,.F.);
#709=EDGE_CURVE('',#896,#896,#1032,.T.);
#710=EDGE_CURVE('',#897,#897,#1033,.F.);
#711=EDGE_CURVE('',#898,#898,#1034,.T.);
#712=EDGE_CURVE('',#899,#899,#1035,.F.);
#713=EDGE_CURVE('',#900,#901,#1036,.T.);
#714=EDGE_CURVE('',#900,#902,#26,.F.);
#715=EDGE_CURVE('',#902,#903,#1037,.T.);
#716=EDGE_CURVE('',#903,#901,#27,.T.);
#717=EDGE_CURVE('',#904,#905,#1038,.T.);
#718=EDGE_CURVE('',#905,#906,#28,.T.);
#719=EDGE_CURVE('',#907,#906,#1039,.T.);
#720=EDGE_CURVE('',#907,#904,#29,.F.);
#721=EDGE_CURVE('',#908,#909,#1040,.T.);
#722=EDGE_CURVE('',#908,#908,#1041,.T.);
#723=EDGE_CURVE('',#910,#908,#1042,.T.);
#724=EDGE_CURVE('',#910,#910,#1043,.T.);
#725=EDGE_CURVE('',#909,#910,#1044,.T.);
#726=EDGE_CURVE('',#909,#909,#1045,.T.);
#727=EDGE_CURVE('',#911,#911,#1046,.T.);
#728=EDGE_CURVE('',#912,#912,#1047,.T.);
#729=EDGE_CURVE('',#913,#913,#1048,.T.);
#730=EDGE_CURVE('',#914,#915,#1049,.T.);
#731=EDGE_CURVE('',#914,#916,#30,.F.);
#732=EDGE_CURVE('',#916,#917,#1050,.T.);
#733=EDGE_CURVE('',#917,#915,#31,.T.);
#734=EDGE_CURVE('',#918,#919,#32,.T.);
#735=EDGE_CURVE('',#920,#918,#33,.T.);
#736=EDGE_CURVE('',#921,#920,#34,.T.);
#737=EDGE_CURVE('',#922,#921,#35,.T.);
#738=EDGE_CURVE('',#923,#922,#36,.T.);
#739=EDGE_CURVE('',#919,#923,#37,.T.);
#740=EDGE_CURVE('',#924,#925,#38,.T.);
#741=EDGE_CURVE('',#926,#924,#39,.T.);
#742=EDGE_CURVE('',#927,#926,#40,.T.);
#743=EDGE_CURVE('',#928,#927,#41,.T.);
#744=EDGE_CURVE('',#929,#928,#42,.T.);
#745=EDGE_CURVE('',#925,#929,#43,.T.);
#746=EDGE_CURVE('',#930,#931,#44,.T.);
#747=EDGE_CURVE('',#932,#930,#45,.T.);
#748=EDGE_CURVE('',#933,#932,#46,.T.);
#749=EDGE_CURVE('',#934,#933,#47,.T.);
#750=EDGE_CURVE('',#935,#934,#48,.T.);
#751=EDGE_CURVE('',#931,#935,#49,.T.);
#752=EDGE_CURVE('',#900,#906,#1051,.T.);
#753=EDGE_CURVE('',#914,#901,#1052,.T.);
#754=EDGE_CURVE('',#907,#915,#1053,.T.);
#755=EDGE_CURVE('',#936,#937,#13,.T.);
#756=EDGE_CURVE('',#936,#938,#1054,.F.);
#757=EDGE_CURVE('',#939,#938,#14,.T.);
#758=EDGE_CURVE('',#939,#940,#1055,.F.);
#759=EDGE_CURVE('',#941,#940,#15,.T.);
#760=EDGE_CURVE('',#941,#942,#1056,.F.);
#761=EDGE_CURVE('',#943,#942,#16,.T.);
#762=EDGE_CURVE('',#943,#944,#1057,.F.);
#763=EDGE_CURVE('',#945,#944,#17,.T.);
#764=EDGE_CURVE('',#945,#946,#1058,.F.);
#765=EDGE_CURVE('',#947,#946,#18,.T.);
#766=EDGE_CURVE('',#947,#937,#1059,.F.);
#767=EDGE_CURVE('',#946,#902,#19,.T.);
#768=EDGE_CURVE('',#903,#945,#20,.T.);
#769=EDGE_CURVE('',#942,#916,#21,.T.);
#770=EDGE_CURVE('',#917,#941,#22,.T.);
#771=EDGE_CURVE('',#905,#936,#23,.T.);
#772=EDGE_CURVE('',#938,#904,#24,.T.);
#773=EDGE_CURVE('',#939,#940,#1060,.T.);
#774=EDGE_CURVE('',#947,#937,#1061,.T.);
#775=EDGE_CURVE('',#943,#944,#1062,.T.);
#776=EDGE_CURVE('',#948,#931,#50,.T.);
#777=EDGE_CURVE('',#949,#948,#51,.T.);
#778=EDGE_CURVE('',#949,#930,#52,.T.);
#779=EDGE_CURVE('',#950,#935,#53,.T.);
#780=EDGE_CURVE('',#948,#950,#54,.T.);
#781=EDGE_CURVE('',#951,#934,#55,.T.);
#782=EDGE_CURVE('',#950,#951,#56,.T.);
#783=EDGE_CURVE('',#952,#933,#57,.T.);
#784=EDGE_CURVE('',#951,#952,#58,.T.);
#785=EDGE_CURVE('',#953,#932,#59,.T.);
#786=EDGE_CURVE('',#952,#953,#60,.T.);
#787=EDGE_CURVE('',#953,#949,#61,.T.);
#788=EDGE_CURVE('',#954,#954,#1063,.T.);
#789=EDGE_CURVE('',#955,#925,#62,.T.);
#790=EDGE_CURVE('',#956,#955,#63,.T.);
#791=EDGE_CURVE('',#956,#924,#64,.T.);
#792=EDGE_CURVE('',#957,#929,#65,.T.);
#793=EDGE_CURVE('',#955,#957,#66,.T.);
#794=EDGE_CURVE('',#958,#928,#67,.T.);
#795=EDGE_CURVE('',#957,#958,#68,.T.);
#796=EDGE_CURVE('',#959,#927,#69,.T.);
#797=EDGE_CURVE('',#958,#959,#70,.T.);
#798=EDGE_CURVE('',#960,#926,#71,.T.);
#799=EDGE_CURVE('',#959,#960,#72,.T.);
#800=EDGE_CURVE('',#960,#956,#73,.T.);
#801=EDGE_CURVE('',#961,#961,#1064,.T.);
#802=EDGE_CURVE('',#962,#919,#74,.T.);
#803=EDGE_CURVE('',#963,#962,#75,.T.);
#804=EDGE_CURVE('',#963,#918,#76,.T.);
#805=EDGE_CURVE('',#964,#923,#77,.T.);
#806=EDGE_CURVE('',#962,#964,#78,.T.);
#807=EDGE_CURVE('',#965,#922,#79,.T.);
#808=EDGE_CURVE('',#964,#965,#80,.T.);
#809=EDGE_CURVE('',#966,#921,#81,.T.);
#810=EDGE_CURVE('',#965,#966,#82,.T.);
#811=EDGE_CURVE('',#967,#920,#83,.T.);
#812=EDGE_CURVE('',#966,#967,#84,.T.);
#813=EDGE_CURVE('',#967,#963,#85,.T.);
#814=EDGE_CURVE('',#968,#968,#1065,.T.);
#815=EDGE_CURVE('',#969,#969,#1066,.T.);
#816=EDGE_CURVE('',#970,#970,#1067,.T.);
#817=EDGE_CURVE('',#971,#971,#1068,.T.);
#818=EDGE_CURVE('',#972,#972,#1069,.T.);
#819=EDGE_CURVE('',#973,#973,#1070,.T.);
#820=EDGE_CURVE('',#974,#974,#1071,.T.);
#821=EDGE_CURVE('',#975,#975,#1072,.T.);
#822=EDGE_CURVE('',#976,#977,#86,.T.);
#823=EDGE_CURVE('',#978,#976,#87,.T.);
#824=EDGE_CURVE('',#979,#978,#88,.T.);
#825=EDGE_CURVE('',#980,#979,#89,.T.);
#826=EDGE_CURVE('',#981,#980,#90,.T.);
#827=EDGE_CURVE('',#977,#981,#91,.T.);
#828=EDGE_CURVE('',#982,#983,#92,.T.);
#829=EDGE_CURVE('',#984,#982,#93,.T.);
#830=EDGE_CURVE('',#985,#984,#94,.T.);
#831=EDGE_CURVE('',#986,#985,#95,.T.);
#832=EDGE_CURVE('',#987,#986,#96,.T.);
#833=EDGE_CURVE('',#983,#987,#97,.T.);
#834=EDGE_CURVE('',#988,#989,#98,.T.);
#835=EDGE_CURVE('',#990,#988,#99,.T.);
#836=EDGE_CURVE('',#991,#990,#100,.T.);
#837=EDGE_CURVE('',#992,#991,#101,.T.);
#838=EDGE_CURVE('',#993,#992,#102,.T.);
#839=EDGE_CURVE('',#989,#993,#103,.T.);
#840=EDGE_CURVE('',#994,#989,#104,.T.);
#841=EDGE_CURVE('',#995,#994,#105,.T.);
#842=EDGE_CURVE('',#995,#988,#106,.T.);
#843=EDGE_CURVE('',#996,#993,#107,.T.);
#844=EDGE_CURVE('',#994,#996,#108,.T.);
#845=EDGE_CURVE('',#997,#992,#109,.T.);
#846=EDGE_CURVE('',#996,#997,#110,.T.);
#847=EDGE_CURVE('',#998,#991,#111,.T.);
#848=EDGE_CURVE('',#997,#998,#112,.T.);
#849=EDGE_CURVE('',#999,#990,#113,.T.);
#850=EDGE_CURVE('',#998,#999,#114,.T.);
#851=EDGE_CURVE('',#999,#995,#115,.T.);
#852=EDGE_CURVE('',#1000,#1000,#1073,.T.);
#853=EDGE_CURVE('',#1001,#983,#116,.T.);
#854=EDGE_CURVE('',#1002,#1001,#117,.T.);
#855=EDGE_CURVE('',#1002,#982,#118,.T.);
#856=EDGE_CURVE('',#1003,#987,#119,.T.);
#857=EDGE_CURVE('',#1001,#1003,#120,.T.);
#858=EDGE_CURVE('',#1004,#986,#121,.T.);
#859=EDGE_CURVE('',#1003,#1004,#122,.T.);
#860=EDGE_CURVE('',#1005,#985,#123,.T.);
#861=EDGE_CURVE('',#1004,#1005,#124,.T.);
#862=EDGE_CURVE('',#1006,#984,#125,.T.);
#863=EDGE_CURVE('',#1005,#1006,#126,.T.);
#864=EDGE_CURVE('',#1006,#1002,#127,.T.);
#865=EDGE_CURVE('',#1007,#1007,#1074,.T.);
#866=EDGE_CURVE('',#1008,#977,#128,.T.);
#867=EDGE_CURVE('',#1009,#1008,#129,.T.);
#868=EDGE_CURVE('',#1009,#976,#130,.T.);
#869=EDGE_CURVE('',#1010,#981,#131,.T.);
#870=EDGE_CURVE('',#1008,#1010,#132,.T.);
#871=EDGE_CURVE('',#1011,#980,#133,.T.);
#872=EDGE_CURVE('',#1010,#1011,#134,.T.);
#873=EDGE_CURVE('',#1012,#979,#135,.T.);
#874=EDGE_CURVE('',#1011,#1012,#136,.T.);
#875=EDGE_CURVE('',#1013,#978,#137,.T.);
#876=EDGE_CURVE('',#1012,#1013,#138,.T.);
#877=EDGE_CURVE('',#1013,#1009,#139,.T.);
#878=EDGE_CURVE('',#1014,#1014,#1075,.T.);
#879=EDGE_CURVE('',#1015,#1015,#1076,.T.);
#880=EDGE_CURVE('',#1016,#1016,#1077,.T.);
#881=EDGE_CURVE('',#1017,#1017,#1078,.T.);
#882=EDGE_CURVE('',#1018,#1018,#1079,.T.);
#883=EDGE_CURVE('',#1019,#1019,#1080,.T.);
#884=EDGE_CURVE('',#1020,#1020,#1081,.T.);
#885=EDGE_CURVE('',#1021,#1021,#1082,.T.);
#886=EDGE_CURVE('',#1022,#1022,#1083,.T.);
#887=EDGE_CURVE('',#1023,#1023,#1084,.T.);
#888=EDGE_CURVE('',#1024,#1024,#1085,.T.);
#889=EDGE_CURVE('',#1025,#1025,#1086,.T.);
#890=VERTEX_POINT('',#2150);
#891=VERTEX_POINT('',#2152);
#892=VERTEX_POINT('',#2155);
#893=VERTEX_POINT('',#2157);
#894=VERTEX_POINT('',#2163);
#895=VERTEX_POINT('',#2165);
#896=VERTEX_POINT('',#2168);
#897=VERTEX_POINT('',#2170);
#898=VERTEX_POINT('',#2173);
#899=VERTEX_POINT('',#2175);
#900=VERTEX_POINT('',#2178);
#901=VERTEX_POINT('',#2179);
#902=VERTEX_POINT('',#2181);
#903=VERTEX_POINT('',#2183);
#904=VERTEX_POINT('',#2187);
#905=VERTEX_POINT('',#2188);
#906=VERTEX_POINT('',#2190);
#907=VERTEX_POINT('',#2192);
#908=VERTEX_POINT('',#2196);
#909=VERTEX_POINT('',#2197);
#910=VERTEX_POINT('',#2200);
#911=VERTEX_POINT('',#2206);
#912=VERTEX_POINT('',#2209);
#913=VERTEX_POINT('',#2212);
#914=VERTEX_POINT('',#2215);
#915=VERTEX_POINT('',#2216);
#916=VERTEX_POINT('',#2218);
#917=VERTEX_POINT('',#2220);
#918=VERTEX_POINT('',#2224);
#919=VERTEX_POINT('',#2225);
#920=VERTEX_POINT('',#2227);
#921=VERTEX_POINT('',#2229);
#922=VERTEX_POINT('',#2231);
#923=VERTEX_POINT('',#2233);
#924=VERTEX_POINT('',#2236);
#925=VERTEX_POINT('',#2237);
#926=VERTEX_POINT('',#2239);
#927=VERTEX_POINT('',#2241);
#928=VERTEX_POINT('',#2243);
#929=VERTEX_POINT('',#2245);
#930=VERTEX_POINT('',#2248);
#931=VERTEX_POINT('',#2249);
#932=VERTEX_POINT('',#2251);
#933=VERTEX_POINT('',#2253);
#934=VERTEX_POINT('',#2255);
#935=VERTEX_POINT('',#2257);
#936=VERTEX_POINT('',#2267);
#937=VERTEX_POINT('',#2268);
#938=VERTEX_POINT('',#2270);
#939=VERTEX_POINT('',#2275);
#940=VERTEX_POINT('',#2277);
#941=VERTEX_POINT('',#2282);
#942=VERTEX_POINT('',#2284);
#943=VERTEX_POINT('',#2289);
#944=VERTEX_POINT('',#2291);
#945=VERTEX_POINT('',#2296);
#946=VERTEX_POINT('',#2298);
#947=VERTEX_POINT('',#2303);
#948=VERTEX_POINT('',#2346);
#949=VERTEX_POINT('',#2348);
#950=VERTEX_POINT('',#2352);
#951=VERTEX_POINT('',#2356);
#952=VERTEX_POINT('',#2360);
#953=VERTEX_POINT('',#2364);
#954=VERTEX_POINT('',#2370);
#955=VERTEX_POINT('',#2373);
#956=VERTEX_POINT('',#2375);
#957=VERTEX_POINT('',#2379);
#958=VERTEX_POINT('',#2383);
#959=VERTEX_POINT('',#2387);
#960=VERTEX_POINT('',#2391);
#961=VERTEX_POINT('',#2397);
#962=VERTEX_POINT('',#2400);
#963=VERTEX_POINT('',#2402);
#964=VERTEX_POINT('',#2406);
#965=VERTEX_POINT('',#2410);
#966=VERTEX_POINT('',#2414);
#967=VERTEX_POINT('',#2418);
#968=VERTEX_POINT('',#2424);
#969=VERTEX_POINT('',#2427);
#970=VERTEX_POINT('',#2431);
#971=VERTEX_POINT('',#2435);
#972=VERTEX_POINT('',#2440);
#973=VERTEX_POINT('',#2442);
#974=VERTEX_POINT('',#2446);
#975=VERTEX_POINT('',#2448);
#976=VERTEX_POINT('',#2451);
#977=VERTEX_POINT('',#2452);
#978=VERTEX_POINT('',#2454);
#979=VERTEX_POINT('',#2456);
#980=VERTEX_POINT('',#2458);
#981=VERTEX_POINT('',#2460);
#982=VERTEX_POINT('',#2463);
#983=VERTEX_POINT('',#2464);
#984=VERTEX_POINT('',#2466);
#985=VERTEX_POINT('',#2468);
#986=VERTEX_POINT('',#2470);
#987=VERTEX_POINT('',#2472);
#988=VERTEX_POINT('',#2475);
#989=VERTEX_POINT('',#2476);
#990=VERTEX_POINT('',#2478);
#991=VERTEX_POINT('',#2480);
#992=VERTEX_POINT('',#2482);
#993=VERTEX_POINT('',#2484);
#994=VERTEX_POINT('',#2489);
#995=VERTEX_POINT('',#2491);
#996=VERTEX_POINT('',#2495);
#997=VERTEX_POINT('',#2499);
#998=VERTEX_POINT('',#2503);
#999=VERTEX_POINT('',#2507);
#1000=VERTEX_POINT('',#2513);
#1001=VERTEX_POINT('',#2516);
#1002=VERTEX_POINT('',#2518);
#1003=VERTEX_POINT('',#2522);
#1004=VERTEX_POINT('',#2526);
#1005=VERTEX_POINT('',#2530);
#1006=VERTEX_POINT('',#2534);
#1007=VERTEX_POINT('',#2540);
#1008=VERTEX_POINT('',#2543);
#1009=VERTEX_POINT('',#2545);
#1010=VERTEX_POINT('',#2549);
#1011=VERTEX_POINT('',#2553);
#1012=VERTEX_POINT('',#2557);
#1013=VERTEX_POINT('',#2561);
#1014=VERTEX_POINT('',#2567);
#1015=VERTEX_POINT('',#2570);
#1016=VERTEX_POINT('',#2574);
#1017=VERTEX_POINT('',#2578);
#1018=VERTEX_POINT('',#2583);
#1019=VERTEX_POINT('',#2585);
#1020=VERTEX_POINT('',#2588);
#1021=VERTEX_POINT('',#2590);
#1022=VERTEX_POINT('',#2596);
#1023=VERTEX_POINT('',#2598);
#1024=VERTEX_POINT('',#2601);
#1025=VERTEX_POINT('',#2603);
#1026=CIRCLE('',#1552,0.0039);
#1027=CIRCLE('',#1553,0.0039);
#1028=CIRCLE('',#1555,0.007125);
#1029=CIRCLE('',#1556,0.007125);
#1030=CIRCLE('',#1561,0.00175);
#1031=CIRCLE('',#1562,0.00175);
#1032=CIRCLE('',#1564,0.00175);
#1033=CIRCLE('',#1565,0.00175);
#1034=CIRCLE('',#1567,0.00175);
#1035=CIRCLE('',#1568,0.00175);
#1036=CIRCLE('',#1570,0.0224);
#1037=CIRCLE('',#1571,0.0224);
#1038=CIRCLE('',#1573,0.0224);
#1039=CIRCLE('',#1574,0.0224);
#1040=CIRCLE('',#1576,0.0259178146041733);
#1041=CIRCLE('',#1577,0.0039);
#1042=CIRCLE('',#1578,0.0259178146041733);
#1043=CIRCLE('',#1579,0.0039);
#1044=CIRCLE('',#1580,0.0259178146041733);
#1045=CIRCLE('',#1581,0.0039);
#1046=CIRCLE('',#1583,0.0039);
#1047=CIRCLE('',#1585,0.0039);
#1048=CIRCLE('',#1587,0.0039);
#1049=CIRCLE('',#1589,0.0224);
#1050=CIRCLE('',#1590,0.0224);
#1051=CIRCLE('',#1592,0.003);
#1052=CIRCLE('',#1593,0.003);
#1053=CIRCLE('',#1594,0.003);
#1054=CIRCLE('',#1596,0.0227423881236304);
#1055=CIRCLE('',#1597,0.0241857637966045);
#1056=CIRCLE('',#1598,0.0227423881236304);
#1057=CIRCLE('',#1599,0.0241857637966045);
#1058=CIRCLE('',#1600,0.0227423881236304);
#1059=CIRCLE('',#1601,0.0241857637966045);
#1060=CIRCLE('',#1606,0.003);
#1061=CIRCLE('',#1609,0.003);
#1062=CIRCLE('',#1612,0.003);
#1063=CIRCLE('',#1624,0.00175);
#1064=CIRCLE('',#1632,0.00175);
#1065=CIRCLE('',#1640,0.00175);
#1066=CIRCLE('',#1642,0.00175);
#1067=CIRCLE('',#1645,0.00175);
#1068=CIRCLE('',#1648,0.00175);
#1069=CIRCLE('',#1652,0.0174);
#1070=CIRCLE('',#1653,0.0174);
#1071=CIRCLE('',#1656,0.0224);
#1072=CIRCLE('',#1657,0.0224);
#1073=CIRCLE('',#1667,0.00175);
#1074=CIRCLE('',#1675,0.00175);
#1075=CIRCLE('',#1683,0.00175);
#1076=CIRCLE('',#1685,0.00175);
#1077=CIRCLE('',#1688,0.00175);
#1078=CIRCLE('',#1691,0.00175);
#1079=CIRCLE('',#1695,0.0039);
#1080=CIRCLE('',#1696,0.0039);
#1081=CIRCLE('',#1698,0.03);
#1082=CIRCLE('',#1699,0.03);
#1083=CIRCLE('',#1704,0.0175);
#1084=CIRCLE('',#1705,0.0175);
#1085=CIRCLE('',#1707,0.02);
#1086=CIRCLE('',#1708,0.02);
#1087=EDGE_LOOP('',(#329));
#1088=EDGE_LOOP('',(#330));
#1089=EDGE_LOOP('',(#331));
#1090=EDGE_LOOP('',(#332));
#1091=EDGE_LOOP('',(#333));
#1092=EDGE_LOOP('',(#334));
#1093=EDGE_LOOP('',(#335));
#1094=EDGE_LOOP('',(#336));
#1095=EDGE_LOOP('',(#337));
#1096=EDGE_LOOP('',(#338));
#1097=EDGE_LOOP('',(#339));
#1098=EDGE_LOOP('',(#340));
#1099=EDGE_LOOP('',(#341));
#1100=EDGE_LOOP('',(#342));
#1101=EDGE_LOOP('',(#343,#344,#345,#346));
#1102=EDGE_LOOP('',(#347,#348,#349,#350));
#1103=EDGE_LOOP('',(#351,#352,#353,#354,#355,#356));
#1104=EDGE_LOOP('',(#357));
#1105=EDGE_LOOP('',(#358));
#1106=EDGE_LOOP('',(#359));
#1107=EDGE_LOOP('',(#360));
#1108=EDGE_LOOP('',(#361));
#1109=EDGE_LOOP('',(#362));
#1110=EDGE_LOOP('',(#363,#364,#365,#366));
#1111=EDGE_LOOP('',(#367,#368,#369,#370,#371,#372));
#1112=EDGE_LOOP('',(#373,#374,#375,#376,#377,#378));
#1113=EDGE_LOOP('',(#379,#380,#381,#382,#383,#384));
#1114=EDGE_LOOP('',(#385,#386,#387,#388,#389,#390));
#1115=EDGE_LOOP('',(#391,#392,#393,#394,#395,#396,#397,#398,#399,#400,#401,
#402));
#1116=EDGE_LOOP('',(#403,#404,#405));
#1117=EDGE_LOOP('',(#406,#407,#408,#409));
#1118=EDGE_LOOP('',(#410,#411,#412,#413));
#1119=EDGE_LOOP('',(#414,#415,#416,#417));
#1120=EDGE_LOOP('',(#418,#419));
#1121=EDGE_LOOP('',(#420));
#1122=EDGE_LOOP('',(#421,#422,#423,#424,#425,#426,#427,#428));
#1123=EDGE_LOOP('',(#429,#430));
#1124=EDGE_LOOP('',(#431));
#1125=EDGE_LOOP('',(#432,#433,#434,#435,#436,#437,#438,#439));
#1126=EDGE_LOOP('',(#440,#441));
#1127=EDGE_LOOP('',(#442));
#1128=EDGE_LOOP('',(#443,#444,#445,#446,#447,#448,#449,#450));
#1129=EDGE_LOOP('',(#451));
#1130=EDGE_LOOP('',(#452));
#1131=EDGE_LOOP('',(#453));
#1132=EDGE_LOOP('',(#454));
#1133=EDGE_LOOP('',(#455));
#1134=EDGE_LOOP('',(#456));
#1135=EDGE_LOOP('',(#457,#458,#459,#460));
#1136=EDGE_LOOP('',(#461,#462,#463,#464));
#1137=EDGE_LOOP('',(#465,#466,#467,#468));
#1138=EDGE_LOOP('',(#469,#470,#471,#472));
#1139=EDGE_LOOP('',(#473,#474,#475,#476));
#1140=EDGE_LOOP('',(#477,#478,#479,#480));
#1141=EDGE_LOOP('',(#481));
#1142=EDGE_LOOP('',(#482,#483,#484,#485,#486,#487));
#1143=EDGE_LOOP('',(#488,#489,#490,#491));
#1144=EDGE_LOOP('',(#492,#493,#494,#495));
#1145=EDGE_LOOP('',(#496,#497,#498,#499));
#1146=EDGE_LOOP('',(#500,#501,#502,#503));
#1147=EDGE_LOOP('',(#504,#505,#506,#507));
#1148=EDGE_LOOP('',(#508,#509,#510,#511));
#1149=EDGE_LOOP('',(#512,#513,#514,#515,#516,#517));
#1150=EDGE_LOOP('',(#518));
#1151=EDGE_LOOP('',(#519,#520,#521,#522));
#1152=EDGE_LOOP('',(#523,#524,#525,#526));
#1153=EDGE_LOOP('',(#527,#528,#529,#530));
#1154=EDGE_LOOP('',(#531,#532,#533,#534));
#1155=EDGE_LOOP('',(#535,#536,#537,#538));
#1156=EDGE_LOOP('',(#539,#540,#541,#542));
#1157=EDGE_LOOP('',(#543,#544,#545,#546,#547,#548));
#1158=EDGE_LOOP('',(#549));
#1159=EDGE_LOOP('',(#550));
#1160=EDGE_LOOP('',(#551));
#1161=EDGE_LOOP('',(#552));
#1162=EDGE_LOOP('',(#553));
#1163=EDGE_LOOP('',(#554));
#1164=EDGE_LOOP('',(#555));
#1165=EDGE_LOOP('',(#556));
#1166=EDGE_LOOP('',(#557));
#1167=EDGE_LOOP('',(#558));
#1168=EDGE_LOOP('',(#559));
#1169=EDGE_LOOP('',(#560));
#1170=EDGE_LOOP('',(#561));
#1171=EDGE_LOOP('',(#562));
#1172=EDGE_LOOP('',(#563));
#1173=EDGE_LOOP('',(#564,#565,#566,#567,#568,#569));
#1174=EDGE_LOOP('',(#570,#571,#572,#573,#574,#575));
#1175=EDGE_LOOP('',(#576,#577,#578,#579,#580,#581));
#1176=EDGE_LOOP('',(#582));
#1177=EDGE_LOOP('',(#583));
#1178=EDGE_LOOP('',(#584));
#1179=EDGE_LOOP('',(#585,#586,#587,#588));
#1180=EDGE_LOOP('',(#589,#590,#591,#592));
#1181=EDGE_LOOP('',(#593,#594,#595,#596));
#1182=EDGE_LOOP('',(#597,#598,#599,#600));
#1183=EDGE_LOOP('',(#601,#602,#603,#604));
#1184=EDGE_LOOP('',(#605,#606,#607,#608));
#1185=EDGE_LOOP('',(#609));
#1186=EDGE_LOOP('',(#610,#611,#612,#613,#614,#615));
#1187=EDGE_LOOP('',(#616,#617,#618,#619));
#1188=EDGE_LOOP('',(#620,#621,#622,#623));
#1189=EDGE_LOOP('',(#624,#625,#626,#627));
#1190=EDGE_LOOP('',(#628,#629,#630,#631));
#1191=EDGE_LOOP('',(#632,#633,#634,#635));
#1192=EDGE_LOOP('',(#636,#637,#638,#639));
#1193=EDGE_LOOP('',(#640));
#1194=EDGE_LOOP('',(#641,#642,#643,#644,#645,#646));
#1195=EDGE_LOOP('',(#647,#648,#649,#650));
#1196=EDGE_LOOP('',(#651,#652,#653,#654));
#1197=EDGE_LOOP('',(#655,#656,#657,#658));
#1198=EDGE_LOOP('',(#659,#660,#661,#662));
#1199=EDGE_LOOP('',(#663,#664,#665,#666));
#1200=EDGE_LOOP('',(#667,#668,#669,#670));
#1201=EDGE_LOOP('',(#671));
#1202=EDGE_LOOP('',(#672,#673,#674,#675,#676,#677));
#1203=EDGE_LOOP('',(#678));
#1204=EDGE_LOOP('',(#679));
#1205=EDGE_LOOP('',(#680));
#1206=EDGE_LOOP('',(#681));
#1207=EDGE_LOOP('',(#682));
#1208=EDGE_LOOP('',(#683));
#1209=EDGE_LOOP('',(#684));
#1210=EDGE_LOOP('',(#685));
#1211=EDGE_LOOP('',(#686));
#1212=EDGE_LOOP('',(#687));
#1213=EDGE_LOOP('',(#688));
#1214=EDGE_LOOP('',(#689));
#1215=EDGE_LOOP('',(#690));
#1216=EDGE_LOOP('',(#691));
#1217=EDGE_LOOP('',(#692));
#1218=EDGE_LOOP('',(#693));
#1219=EDGE_LOOP('',(#694));
#1220=EDGE_LOOP('',(#695));
#1221=EDGE_LOOP('',(#696));
#1222=EDGE_LOOP('',(#697));
#1223=EDGE_LOOP('',(#698));
#1224=EDGE_LOOP('',(#699));
#1225=EDGE_LOOP('',(#700));
#1226=EDGE_LOOP('',(#701));
#1227=EDGE_LOOP('',(#702));
#1228=FACE_BOUND('',#1087,.T.);
#1229=FACE_BOUND('',#1088,.T.);
#1230=FACE_BOUND('',#1089,.T.);
#1231=FACE_BOUND('',#1090,.T.);
#1232=FACE_BOUND('',#1091,.T.);
#1233=FACE_BOUND('',#1092,.T.);
#1234=FACE_BOUND('',#1093,.T.);
#1235=FACE_BOUND('',#1094,.T.);
#1236=FACE_BOUND('',#1095,.T.);
#1237=FACE_BOUND('',#1096,.T.);
#1238=FACE_BOUND('',#1097,.T.);
#1239=FACE_BOUND('',#1098,.T.);
#1240=FACE_BOUND('',#1099,.T.);
#1241=FACE_BOUND('',#1100,.T.);
#1242=FACE_BOUND('',#1101,.T.);
#1243=FACE_BOUND('',#1102,.T.);
#1244=FACE_BOUND('',#1103,.T.);
#1245=FACE_BOUND('',#1104,.T.);
#1246=FACE_BOUND('',#1105,.T.);
#1247=FACE_BOUND('',#1106,.T.);
#1248=FACE_BOUND('',#1107,.T.);
#1249=FACE_BOUND('',#1108,.T.);
#1250=FACE_BOUND('',#1109,.T.);
#1251=FACE_BOUND('',#1110,.T.);
#1252=FACE_BOUND('',#1111,.T.);
#1253=FACE_BOUND('',#1112,.T.);
#1254=FACE_BOUND('',#1113,.T.);
#1255=FACE_BOUND('',#1114,.T.);
#1256=FACE_BOUND('',#1115,.T.);
#1257=FACE_BOUND('',#1116,.T.);
#1258=FACE_BOUND('',#1117,.T.);
#1259=FACE_BOUND('',#1118,.T.);
#1260=FACE_BOUND('',#1119,.T.);
#1261=FACE_BOUND('',#1120,.T.);
#1262=FACE_BOUND('',#1121,.T.);
#1263=FACE_BOUND('',#1122,.T.);
#1264=FACE_BOUND('',#1123,.T.);
#1265=FACE_BOUND('',#1124,.T.);
#1266=FACE_BOUND('',#1125,.T.);
#1267=FACE_BOUND('',#1126,.T.);
#1268=FACE_BOUND('',#1127,.T.);
#1269=FACE_BOUND('',#1128,.T.);
#1270=FACE_BOUND('',#1129,.T.);
#1271=FACE_BOUND('',#1130,.T.);
#1272=FACE_BOUND('',#1131,.T.);
#1273=FACE_BOUND('',#1132,.T.);
#1274=FACE_BOUND('',#1133,.T.);
#1275=FACE_BOUND('',#1134,.T.);
#1276=FACE_BOUND('',#1135,.T.);
#1277=FACE_BOUND('',#1136,.T.);
#1278=FACE_BOUND('',#1137,.T.);
#1279=FACE_BOUND('',#1138,.T.);
#1280=FACE_BOUND('',#1139,.T.);
#1281=FACE_BOUND('',#1140,.T.);
#1282=FACE_BOUND('',#1141,.T.);
#1283=FACE_BOUND('',#1142,.T.);
#1284=FACE_BOUND('',#1143,.T.);
#1285=FACE_BOUND('',#1144,.T.);
#1286=FACE_BOUND('',#1145,.T.);
#1287=FACE_BOUND('',#1146,.T.);
#1288=FACE_BOUND('',#1147,.T.);
#1289=FACE_BOUND('',#1148,.T.);
#1290=FACE_BOUND('',#1149,.T.);
#1291=FACE_BOUND('',#1150,.T.);
#1292=FACE_BOUND('',#1151,.T.);
#1293=FACE_BOUND('',#1152,.T.);
#1294=FACE_BOUND('',#1153,.T.);
#1295=FACE_BOUND('',#1154,.T.);
#1296=FACE_BOUND('',#1155,.T.);
#1297=FACE_BOUND('',#1156,.T.);
#1298=FACE_BOUND('',#1157,.T.);
#1299=FACE_BOUND('',#1158,.T.);
#1300=FACE_BOUND('',#1159,.T.);
#1301=FACE_BOUND('',#1160,.T.);
#1302=FACE_BOUND('',#1161,.T.);
#1303=FACE_BOUND('',#1162,.T.);
#1304=FACE_BOUND('',#1163,.T.);
#1305=FACE_BOUND('',#1164,.T.);
#1306=FACE_BOUND('',#1165,.T.);
#1307=FACE_BOUND('',#1166,.T.);
#1308=FACE_BOUND('',#1167,.T.);
#1309=FACE_BOUND('',#1168,.T.);
#1310=FACE_BOUND('',#1169,.T.);
#1311=FACE_BOUND('',#1170,.T.);
#1312=FACE_BOUND('',#1171,.T.);
#1313=FACE_BOUND('',#1172,.T.);
#1314=FACE_BOUND('',#1173,.T.);
#1315=FACE_BOUND('',#1174,.T.);
#1316=FACE_BOUND('',#1175,.T.);
#1317=FACE_BOUND('',#1176,.T.);
#1318=FACE_BOUND('',#1177,.T.);
#1319=FACE_BOUND('',#1178,.T.);
#1320=FACE_BOUND('',#1179,.T.);
#1321=FACE_BOUND('',#1180,.T.);
#1322=FACE_BOUND('',#1181,.T.);
#1323=FACE_BOUND('',#1182,.T.);
#1324=FACE_BOUND('',#1183,.T.);
#1325=FACE_BOUND('',#1184,.T.);
#1326=FACE_BOUND('',#1185,.T.);
#1327=FACE_BOUND('',#1186,.T.);
#1328=FACE_BOUND('',#1187,.T.);
#1329=FACE_BOUND('',#1188,.T.);
#1330=FACE_BOUND('',#1189,.T.);
#1331=FACE_BOUND('',#1190,.T.);
#1332=FACE_BOUND('',#1191,.T.);
#1333=FACE_BOUND('',#1192,.T.);
#1334=FACE_BOUND('',#1193,.T.);
#1335=FACE_BOUND('',#1194,.T.);
#1336=FACE_BOUND('',#1195,.T.);
#1337=FACE_BOUND('',#1196,.T.);
#1338=FACE_BOUND('',#1197,.T.);
#1339=FACE_BOUND('',#1198,.T.);
#1340=FACE_BOUND('',#1199,.T.);
#1341=FACE_BOUND('',#1200,.T.);
#1342=FACE_BOUND('',#1201,.T.);
#1343=FACE_BOUND('',#1202,.T.);
#1344=FACE_BOUND('',#1203,.T.);
#1345=FACE_BOUND('',#1204,.T.);
#1346=FACE_BOUND('',#1205,.T.);
#1347=FACE_BOUND('',#1206,.T.);
#1348=FACE_BOUND('',#1207,.T.);
#1349=FACE_BOUND('',#1208,.T.);
#1350=FACE_BOUND('',#1209,.T.);
#1351=FACE_BOUND('',#1210,.T.);
#1352=FACE_BOUND('',#1211,.T.);
#1353=FACE_BOUND('',#1212,.T.);
#1354=FACE_BOUND('',#1213,.T.);
#1355=FACE_BOUND('',#1214,.T.);
#1356=FACE_BOUND('',#1215,.T.);
#1357=FACE_BOUND('',#1216,.T.);
#1358=FACE_BOUND('',#1217,.T.);
#1359=FACE_BOUND('',#1218,.T.);
#1360=FACE_BOUND('',#1219,.T.);
#1361=FACE_BOUND('',#1220,.T.);
#1362=FACE_BOUND('',#1221,.T.);
#1363=FACE_BOUND('',#1222,.T.);
#1364=FACE_BOUND('',#1223,.T.);
#1365=FACE_BOUND('',#1224,.T.);
#1366=FACE_BOUND('',#1225,.T.);
#1367=FACE_BOUND('',#1226,.T.);
#1368=FACE_BOUND('',#1227,.T.);
#1369=CYLINDRICAL_SURFACE('',#1551,0.0039);
#1370=CYLINDRICAL_SURFACE('',#1554,0.007125);
#1371=CYLINDRICAL_SURFACE('',#1560,0.00175);
#1372=CYLINDRICAL_SURFACE('',#1563,0.00175);
#1373=CYLINDRICAL_SURFACE('',#1566,0.00175);
#1374=CYLINDRICAL_SURFACE('',#1569,0.0224);
#1375=CYLINDRICAL_SURFACE('',#1572,0.0224);
#1376=CYLINDRICAL_SURFACE('',#1582,0.0039);
#1377=CYLINDRICAL_SURFACE('',#1584,0.0039);
#1378=CYLINDRICAL_SURFACE('',#1586,0.0039);
#1379=CYLINDRICAL_SURFACE('',#1588,0.0224);
#1380=CYLINDRICAL_SURFACE('',#1607,0.003);
#1381=CYLINDRICAL_SURFACE('',#1610,0.003);
#1382=CYLINDRICAL_SURFACE('',#1613,0.003);
#1383=CYLINDRICAL_SURFACE('',#1641,0.00175);
#1384=CYLINDRICAL_SURFACE('',#1644,0.00175);
#1385=CYLINDRICAL_SURFACE('',#1647,0.00175);
#1386=CYLINDRICAL_SURFACE('',#1651,0.0174);
#1387=CYLINDRICAL_SURFACE('',#1655,0.0224);
#1388=CYLINDRICAL_SURFACE('',#1684,0.00175);
#1389=CYLINDRICAL_SURFACE('',#1687,0.00175);
#1390=CYLINDRICAL_SURFACE('',#1690,0.00175);
#1391=CYLINDRICAL_SURFACE('',#1694,0.0039);
#1392=CYLINDRICAL_SURFACE('',#1697,0.03);
#1393=CYLINDRICAL_SURFACE('',#1703,0.0175);
#1394=CYLINDRICAL_SURFACE('',#1706,0.02);
#1395=ADVANCED_FACE('',(#1228,#1229),#1369,.F.);
#1396=ADVANCED_FACE('',(#1230,#1231),#1370,.T.);
#1397=ADVANCED_FACE('',(#1232,#1233),#264,.T.);
#1398=ADVANCED_FACE('',(#1234,#1235),#265,.F.);
#1399=ADVANCED_FACE('',(#1236,#1237),#1371,.F.);
#1400=ADVANCED_FACE('',(#1238,#1239),#1372,.F.);
#1401=ADVANCED_FACE('',(#1240,#1241),#1373,.F.);
#1402=ADVANCED_FACE('',(#1242),#1374,.T.);
#1403=ADVANCED_FACE('',(#1243),#1375,.T.);
#1404=ADVANCED_FACE('',(#1244),#266,.F.);
#1405=ADVANCED_FACE('',(#1245,#1246),#1376,.T.);
#1406=ADVANCED_FACE('',(#1247,#1248),#1377,.T.);
#1407=ADVANCED_FACE('',(#1249,#1250),#1378,.T.);
#1408=ADVANCED_FACE('',(#1251),#1379,.T.);
#1409=ADVANCED_FACE('',(#1252,#1253,#1254,#1255),#267,.T.);
#1410=ADVANCED_FACE('',(#1256,#1257),#25,.T.);
#1411=ADVANCED_FACE('',(#1258),#10,.T.);
#1412=ADVANCED_FACE('',(#1259),#11,.T.);
#1413=ADVANCED_FACE('',(#1260),#12,.T.);
#1414=ADVANCED_FACE('',(#1261,#1262),#268,.T.);
#1415=ADVANCED_FACE('',(#1263),#1380,.F.);
#1416=ADVANCED_FACE('',(#1264,#1265),#269,.T.);
#1417=ADVANCED_FACE('',(#1266),#1381,.F.);
#1418=ADVANCED_FACE('',(#1267,#1268),#270,.T.);
#1419=ADVANCED_FACE('',(#1269),#1382,.F.);
#1420=ADVANCED_FACE('',(#1270,#1271),#271,.F.);
#1421=ADVANCED_FACE('',(#1272,#1273),#272,.F.);
#1422=ADVANCED_FACE('',(#1274,#1275),#273,.F.);
#1423=ADVANCED_FACE('',(#1276),#274,.F.);
#1424=ADVANCED_FACE('',(#1277),#275,.F.);
#1425=ADVANCED_FACE('',(#1278),#276,.F.);
#1426=ADVANCED_FACE('',(#1279),#277,.F.);
#1427=ADVANCED_FACE('',(#1280),#278,.F.);
#1428=ADVANCED_FACE('',(#1281),#279,.F.);
#1429=ADVANCED_FACE('',(#1282,#1283),#280,.T.);
#1430=ADVANCED_FACE('',(#1284),#281,.F.);
#1431=ADVANCED_FACE('',(#1285),#282,.F.);
#1432=ADVANCED_FACE('',(#1286),#283,.F.);
#1433=ADVANCED_FACE('',(#1287),#284,.F.);
#1434=ADVANCED_FACE('',(#1288),#285,.F.);
#1435=ADVANCED_FACE('',(#1289),#286,.F.);
#1436=ADVANCED_FACE('',(#1290,#1291),#287,.T.);
#1437=ADVANCED_FACE('',(#1292),#288,.F.);
#1438=ADVANCED_FACE('',(#1293),#289,.F.);
#1439=ADVANCED_FACE('',(#1294),#290,.F.);
#1440=ADVANCED_FACE('',(#1295),#291,.F.);
#1441=ADVANCED_FACE('',(#1296),#292,.F.);
#1442=ADVANCED_FACE('',(#1297),#293,.F.);
#1443=ADVANCED_FACE('',(#1298,#1299),#294,.T.);
#1444=ADVANCED_FACE('',(#1300,#1301),#1383,.F.);
#1445=ADVANCED_FACE('',(#1302),#295,.T.);
#1446=ADVANCED_FACE('',(#1303,#1304),#1384,.F.);
#1447=ADVANCED_FACE('',(#1305),#296,.T.);
#1448=ADVANCED_FACE('',(#1306,#1307),#1385,.F.);
#1449=ADVANCED_FACE('',(#1308),#297,.T.);
#1450=ADVANCED_FACE('',(#1309,#1310),#1386,.T.);
#1451=ADVANCED_FACE('',(#1311),#298,.F.);
#1452=ADVANCED_FACE('',(#1312,#1313),#1387,.T.);
#1453=ADVANCED_FACE('',(#1314,#1315,#1316,#1317),#299,.T.);
#1454=ADVANCED_FACE('',(#1318,#1319),#300,.F.);
#1455=ADVANCED_FACE('',(#1320),#301,.F.);
#1456=ADVANCED_FACE('',(#1321),#302,.F.);
#1457=ADVANCED_FACE('',(#1322),#303,.F.);
#1458=ADVANCED_FACE('',(#1323),#304,.F.);
#1459=ADVANCED_FACE('',(#1324),#305,.F.);
#1460=ADVANCED_FACE('',(#1325),#306,.F.);
#1461=ADVANCED_FACE('',(#1326,#1327),#307,.T.);
#1462=ADVANCED_FACE('',(#1328),#308,.F.);
#1463=ADVANCED_FACE('',(#1329),#309,.F.);
#1464=ADVANCED_FACE('',(#1330),#310,.F.);
#1465=ADVANCED_FACE('',(#1331),#311,.F.);
#1466=ADVANCED_FACE('',(#1332),#312,.F.);
#1467=ADVANCED_FACE('',(#1333),#313,.F.);
#1468=ADVANCED_FACE('',(#1334,#1335),#314,.T.);
#1469=ADVANCED_FACE('',(#1336),#315,.F.);
#1470=ADVANCED_FACE('',(#1337),#316,.F.);
#1471=ADVANCED_FACE('',(#1338),#317,.F.);
#1472=ADVANCED_FACE('',(#1339),#318,.F.);
#1473=ADVANCED_FACE('',(#1340),#319,.F.);
#1474=ADVANCED_FACE('',(#1341),#320,.F.);
#1475=ADVANCED_FACE('',(#1342,#1343),#321,.T.);
#1476=ADVANCED_FACE('',(#1344,#1345),#1388,.F.);
#1477=ADVANCED_FACE('',(#1346),#322,.T.);
#1478=ADVANCED_FACE('',(#1347,#1348),#1389,.F.);
#1479=ADVANCED_FACE('',(#1349),#323,.T.);
#1480=ADVANCED_FACE('',(#1350,#1351),#1390,.F.);
#1481=ADVANCED_FACE('',(#1352),#324,.T.);
#1482=ADVANCED_FACE('',(#1353,#1354),#1391,.F.);
#1483=ADVANCED_FACE('',(#1355,#1356),#1392,.T.);
#1484=ADVANCED_FACE('',(#1357,#1358),#325,.T.);
#1485=ADVANCED_FACE('',(#1359,#1360),#326,.F.);
#1486=ADVANCED_FACE('',(#1361,#1362),#1393,.F.);
#1487=ADVANCED_FACE('',(#1363,#1364),#1394,.T.);
#1488=ADVANCED_FACE('',(#1365,#1366),#327,.T.);
#1489=ADVANCED_FACE('',(#1367,#1368),#328,.F.);
#1490=CLOSED_SHELL('',(#1395,#1396,#1397,#1398));
#1491=CLOSED_SHELL('',(#1399,#1400,#1401,#1402,#1403,#1404,#1405,#1406,
#1407,#1408,#1409,#1410,#1411,#1412,#1413,#1414,#1415,#1416,#1417,#1418,
#1419,#1420,#1421,#1422,#1423,#1424,#1425,#1426,#1427,#1428,#1429,#1430,
#1431,#1432,#1433,#1434,#1435,#1436,#1437,#1438,#1439,#1440,#1441,#1442,
#1443,#1444,#1445,#1446,#1447,#1448,#1449));
#1492=CLOSED_SHELL('',(#1450,#1451,#1452,#1453,#1454,#1455,#1456,#1457,
#1458,#1459,#1460,#1461,#1462,#1463,#1464,#1465,#1466,#1467,#1468,#1469,
#1470,#1471,#1472,#1473,#1474,#1475,#1476,#1477,#1478,#1479,#1480,#1481));
#1493=CLOSED_SHELL('',(#1482,#1483,#1484,#1485));
#1494=CLOSED_SHELL('',(#1486,#1487,#1488,#1489));
#1495=STYLED_ITEM('',(#1500),#1535);
#1496=STYLED_ITEM('',(#1501),#1536);
#1497=STYLED_ITEM('',(#1502),#1537);
#1498=STYLED_ITEM('',(#1503),#1538);
#1499=STYLED_ITEM('',(#1504),#1539);
#1500=PRESENTATION_STYLE_ASSIGNMENT((#1505));
#1501=PRESENTATION_STYLE_ASSIGNMENT((#1506));
#1502=PRESENTATION_STYLE_ASSIGNMENT((#1507));
#1503=PRESENTATION_STYLE_ASSIGNMENT((#1508));
#1504=PRESENTATION_STYLE_ASSIGNMENT((#1509));
#1505=SURFACE_STYLE_USAGE(.BOTH.,#1510);
#1506=SURFACE_STYLE_USAGE(.BOTH.,#1511);
#1507=SURFACE_STYLE_USAGE(.BOTH.,#1512);
#1508=SURFACE_STYLE_USAGE(.BOTH.,#1513);
#1509=SURFACE_STYLE_USAGE(.BOTH.,#1514);
#1510=SURFACE_SIDE_STYLE('',(#1515));
#1511=SURFACE_SIDE_STYLE('',(#1516));
#1512=SURFACE_SIDE_STYLE('',(#1517));
#1513=SURFACE_SIDE_STYLE('',(#1518));
#1514=SURFACE_SIDE_STYLE('',(#1519));
#1515=SURFACE_STYLE_FILL_AREA(#1520);
#1516=SURFACE_STYLE_FILL_AREA(#1521);
#1517=SURFACE_STYLE_FILL_AREA(#1522);
#1518=SURFACE_STYLE_FILL_AREA(#1523);
#1519=SURFACE_STYLE_FILL_AREA(#1524);
#1520=FILL_AREA_STYLE('',(#1525));
#1521=FILL_AREA_STYLE('',(#1526));
#1522=FILL_AREA_STYLE('',(#1527));
#1523=FILL_AREA_STYLE('',(#1528));
#1524=FILL_AREA_STYLE('',(#1529));
#1525=FILL_AREA_STYLE_COLOUR('',#1530);
#1526=FILL_AREA_STYLE_COLOUR('',#1531);
#1527=FILL_AREA_STYLE_COLOUR('',#1532);
#1528=FILL_AREA_STYLE_COLOUR('',#1533);
#1529=FILL_AREA_STYLE_COLOUR('',#1534);
#1530=COLOUR_RGB('',0.917647058823529,0.917647058823529,0.917647058823529);
#1531=COLOUR_RGB('',0.768627450980392,0.886274509803922,0.952941176470588);
#1532=COLOUR_RGB('',0.647058823529412,0.647058823529412,0.647058823529412);
#1533=COLOUR_RGB('',0.231372549019608,0.380392156862745,0.705882352941177);
#1534=COLOUR_RGB('',0.615686274509804,0.811764705882353,0.929411764705882);
#1535=MANIFOLD_SOLID_BREP('Part 4',#1490);
#1536=MANIFOLD_SOLID_BREP('Part 1',#1491);
#1537=MANIFOLD_SOLID_BREP('Part 2',#1492);
#1538=MANIFOLD_SOLID_BREP('Part 3',#1493);
#1539=MANIFOLD_SOLID_BREP('Part 1',#1494);
#1540=SHAPE_DEFINITION_REPRESENTATION(#2636,#1545);
#1541=SHAPE_DEFINITION_REPRESENTATION(#2637,#1546);
#1542=SHAPE_DEFINITION_REPRESENTATION(#2638,#1547);
#1543=SHAPE_DEFINITION_REPRESENTATION(#2639,#1548);
#1544=SHAPE_DEFINITION_REPRESENTATION(#2640,#1549);
#1545=SHAPE_REPRESENTATION('Part 4',(#1550),#2611);
#1546=SHAPE_REPRESENTATION('Part 1',(#1559),#2612);
#1547=SHAPE_REPRESENTATION('Part 2',(#1650),#2613);
#1548=SHAPE_REPRESENTATION('Part 3',(#1693),#2614);
#1549=SHAPE_REPRESENTATION('Part 1',(#1702),#2615);
#1550=AXIS2_PLACEMENT_3D('',#2147,#1711,#1712);
#1551=AXIS2_PLACEMENT_3D('',#2148,#1713,#1714);
#1552=AXIS2_PLACEMENT_3D('',#2149,#1715,#1716);
#1553=AXIS2_PLACEMENT_3D('',#2151,#1717,#1718);
#1554=AXIS2_PLACEMENT_3D('',#2153,#1719,#1720);
#1555=AXIS2_PLACEMENT_3D('',#2154,#1721,#1722);
#1556=AXIS2_PLACEMENT_3D('',#2156,#1723,#1724);
#1557=AXIS2_PLACEMENT_3D('',#2158,#1725,#1726);
#1558=AXIS2_PLACEMENT_3D('',#2159,#1727,#1728);
#1559=AXIS2_PLACEMENT_3D('',#2160,#1729,#1730);
#1560=AXIS2_PLACEMENT_3D('',#2161,#1731,#1732);
#1561=AXIS2_PLACEMENT_3D('',#2162,#1733,#1734);
#1562=AXIS2_PLACEMENT_3D('',#2164,#1735,#1736);
#1563=AXIS2_PLACEMENT_3D('',#2166,#1737,#1738);
#1564=AXIS2_PLACEMENT_3D('',#2167,#1739,#1740);
#1565=AXIS2_PLACEMENT_3D('',#2169,#1741,#1742);
#1566=AXIS2_PLACEMENT_3D('',#2171,#1743,#1744);
#1567=AXIS2_PLACEMENT_3D('',#2172,#1745,#1746);
#1568=AXIS2_PLACEMENT_3D('',#2174,#1747,#1748);
#1569=AXIS2_PLACEMENT_3D('',#2176,#1749,#1750);
#1570=AXIS2_PLACEMENT_3D('',#2177,#1751,#1752);
#1571=AXIS2_PLACEMENT_3D('',#2182,#1754,#1755);
#1572=AXIS2_PLACEMENT_3D('',#2185,#1757,#1758);
#1573=AXIS2_PLACEMENT_3D('',#2186,#1759,#1760);
#1574=AXIS2_PLACEMENT_3D('',#2191,#1762,#1763);
#1575=AXIS2_PLACEMENT_3D('',#2194,#1765,#1766);
#1576=AXIS2_PLACEMENT_3D('',#2195,#1767,#1768);
#1577=AXIS2_PLACEMENT_3D('',#2198,#1769,#1770);
#1578=AXIS2_PLACEMENT_3D('',#2199,#1771,#1772);
#1579=AXIS2_PLACEMENT_3D('',#2201,#1773,#1774);
#1580=AXIS2_PLACEMENT_3D('',#2202,#1775,#1776);
#1581=AXIS2_PLACEMENT_3D('',#2203,#1777,#1778);
#1582=AXIS2_PLACEMENT_3D('',#2204,#1779,#1780);
#1583=AXIS2_PLACEMENT_3D('',#2205,#1781,#1782);
#1584=AXIS2_PLACEMENT_3D('',#2207,#1783,#1784);
#1585=AXIS2_PLACEMENT_3D('',#2208,#1785,#1786);
#1586=AXIS2_PLACEMENT_3D('',#2210,#1787,#1788);
#1587=AXIS2_PLACEMENT_3D('',#2211,#1789,#1790);
#1588=AXIS2_PLACEMENT_3D('',#2213,#1791,#1792);
#1589=AXIS2_PLACEMENT_3D('',#2214,#1793,#1794);
#1590=AXIS2_PLACEMENT_3D('',#2219,#1796,#1797);
#1591=AXIS2_PLACEMENT_3D('',#2222,#1799,#1800);
#1592=AXIS2_PLACEMENT_3D('',#2259,#1819,#1820);
#1593=AXIS2_PLACEMENT_3D('',#2260,#1821,#1822);
#1594=AXIS2_PLACEMENT_3D('',#2261,#1823,#1824);
#1595=AXIS2_PLACEMENT_3D('',#2262,#1825,#1826);
#1596=AXIS2_PLACEMENT_3D('',#2269,#1827,#1828);
#1597=AXIS2_PLACEMENT_3D('',#2276,#1829,#1830);
#1598=AXIS2_PLACEMENT_3D('',#2283,#1831,#1832);
#1599=AXIS2_PLACEMENT_3D('',#2290,#1833,#1834);
#1600=AXIS2_PLACEMENT_3D('',#2297,#1835,#1836);
#1601=AXIS2_PLACEMENT_3D('',#2304,#1837,#1838);
#1602=AXIS2_PLACEMENT_3D('',#2305,#1839,#1840);
#1603=AXIS2_PLACEMENT_3D('',#2314,#1841,#1842);
#1604=AXIS2_PLACEMENT_3D('',#2323,#1843,#1844);
#1605=AXIS2_PLACEMENT_3D('',#2332,#1845,#1846);
#1606=AXIS2_PLACEMENT_3D('',#2333,#1847,#1848);
#1607=AXIS2_PLACEMENT_3D('',#2334,#1849,#1850);
#1608=AXIS2_PLACEMENT_3D('',#2335,#1851,#1852);
#1609=AXIS2_PLACEMENT_3D('',#2336,#1853,#1854);
#1610=AXIS2_PLACEMENT_3D('',#2337,#1855,#1856);
#1611=AXIS2_PLACEMENT_3D('',#2338,#1857,#1858);
#1612=AXIS2_PLACEMENT_3D('',#2339,#1859,#1860);
#1613=AXIS2_PLACEMENT_3D('',#2340,#1861,#1862);
#1614=AXIS2_PLACEMENT_3D('',#2341,#1863,#1864);
#1615=AXIS2_PLACEMENT_3D('',#2342,#1865,#1866);
#1616=AXIS2_PLACEMENT_3D('',#2343,#1867,#1868);
#1617=AXIS2_PLACEMENT_3D('',#2344,#1869,#1870);
#1618=AXIS2_PLACEMENT_3D('',#2350,#1874,#1875);
#1619=AXIS2_PLACEMENT_3D('',#2354,#1878,#1879);
#1620=AXIS2_PLACEMENT_3D('',#2358,#1882,#1883);
#1621=AXIS2_PLACEMENT_3D('',#2362,#1886,#1887);
#1622=AXIS2_PLACEMENT_3D('',#2366,#1890,#1891);
#1623=AXIS2_PLACEMENT_3D('',#2368,#1893,#1894);
#1624=AXIS2_PLACEMENT_3D('',#2369,#1895,#1896);
#1625=AXIS2_PLACEMENT_3D('',#2371,#1897,#1898);
#1626=AXIS2_PLACEMENT_3D('',#2377,#1902,#1903);
#1627=AXIS2_PLACEMENT_3D('',#2381,#1906,#1907);
#1628=AXIS2_PLACEMENT_3D('',#2385,#1910,#1911);
#1629=AXIS2_PLACEMENT_3D('',#2389,#1914,#1915);
#1630=AXIS2_PLACEMENT_3D('',#2393,#1918,#1919);
#1631=AXIS2_PLACEMENT_3D('',#2395,#1921,#1922);
#1632=AXIS2_PLACEMENT_3D('',#2396,#1923,#1924);
#1633=AXIS2_PLACEMENT_3D('',#2398,#1925,#1926);
#1634=AXIS2_PLACEMENT_3D('',#2404,#1930,#1931);
#1635=AXIS2_PLACEMENT_3D('',#2408,#1934,#1935);
#1636=AXIS2_PLACEMENT_3D('',#2412,#1938,#1939);
#1637=AXIS2_PLACEMENT_3D('',#2416,#1942,#1943);
#1638=AXIS2_PLACEMENT_3D('',#2420,#1946,#1947);
#1639=AXIS2_PLACEMENT_3D('',#2422,#1949,#1950);
#1640=AXIS2_PLACEMENT_3D('',#2423,#1951,#1952);
#1641=AXIS2_PLACEMENT_3D('',#2425,#1953,#1954);
#1642=AXIS2_PLACEMENT_3D('',#2426,#1955,#1956);
#1643=AXIS2_PLACEMENT_3D('',#2428,#1957,#1958);
#1644=AXIS2_PLACEMENT_3D('',#2429,#1959,#1960);
#1645=AXIS2_PLACEMENT_3D('',#2430,#1961,#1962);
#1646=AXIS2_PLACEMENT_3D('',#2432,#1963,#1964);
#1647=AXIS2_PLACEMENT_3D('',#2433,#1965,#1966);
#1648=AXIS2_PLACEMENT_3D('',#2434,#1967,#1968);
#1649=AXIS2_PLACEMENT_3D('',#2436,#1969,#1970);
#1650=AXIS2_PLACEMENT_3D('',#2437,#1971,#1972);
#1651=AXIS2_PLACEMENT_3D('',#2438,#1973,#1974);
#1652=AXIS2_PLACEMENT_3D('',#2439,#1975,#1976);
#1653=AXIS2_PLACEMENT_3D('',#2441,#1977,#1978);
#1654=AXIS2_PLACEMENT_3D('',#2443,#1979,#1980);
#1655=AXIS2_PLACEMENT_3D('',#2444,#1981,#1982);
#1656=AXIS2_PLACEMENT_3D('',#2445,#1983,#1984);
#1657=AXIS2_PLACEMENT_3D('',#2447,#1985,#1986);
#1658=AXIS2_PLACEMENT_3D('',#2449,#1987,#1988);
#1659=AXIS2_PLACEMENT_3D('',#2486,#2007,#2008);
#1660=AXIS2_PLACEMENT_3D('',#2487,#2009,#2010);
#1661=AXIS2_PLACEMENT_3D('',#2493,#2014,#2015);
#1662=AXIS2_PLACEMENT_3D('',#2497,#2018,#2019);
#1663=AXIS2_PLACEMENT_3D('',#2501,#2022,#2023);
#1664=AXIS2_PLACEMENT_3D('',#2505,#2026,#2027);
#1665=AXIS2_PLACEMENT_3D('',#2509,#2030,#2031);
#1666=AXIS2_PLACEMENT_3D('',#2511,#2033,#2034);
#1667=AXIS2_PLACEMENT_3D('',#2512,#2035,#2036);
#1668=AXIS2_PLACEMENT_3D('',#2514,#2037,#2038);
#1669=AXIS2_PLACEMENT_3D('',#2520,#2042,#2043);
#1670=AXIS2_PLACEMENT_3D('',#2524,#2046,#2047);
#1671=AXIS2_PLACEMENT_3D('',#2528,#2050,#2051);
#1672=AXIS2_PLACEMENT_3D('',#2532,#2054,#2055);
#1673=AXIS2_PLACEMENT_3D('',#2536,#2058,#2059);
#1674=AXIS2_PLACEMENT_3D('',#2538,#2061,#2062);
#1675=AXIS2_PLACEMENT_3D('',#2539,#2063,#2064);
#1676=AXIS2_PLACEMENT_3D('',#2541,#2065,#2066);
#1677=AXIS2_PLACEMENT_3D('',#2547,#2070,#2071);
#1678=AXIS2_PLACEMENT_3D('',#2551,#2074,#2075);
#1679=AXIS2_PLACEMENT_3D('',#2555,#2078,#2079);
#1680=AXIS2_PLACEMENT_3D('',#2559,#2082,#2083);
#1681=AXIS2_PLACEMENT_3D('',#2563,#2086,#2087);
#1682=AXIS2_PLACEMENT_3D('',#2565,#2089,#2090);
#1683=AXIS2_PLACEMENT_3D('',#2566,#2091,#2092);
#1684=AXIS2_PLACEMENT_3D('',#2568,#2093,#2094);
#1685=AXIS2_PLACEMENT_3D('',#2569,#2095,#2096);
#1686=AXIS2_PLACEMENT_3D('',#2571,#2097,#2098);
#1687=AXIS2_PLACEMENT_3D('',#2572,#2099,#2100);
#1688=AXIS2_PLACEMENT_3D('',#2573,#2101,#2102);
#1689=AXIS2_PLACEMENT_3D('',#2575,#2103,#2104);
#1690=AXIS2_PLACEMENT_3D('',#2576,#2105,#2106);
#1691=AXIS2_PLACEMENT_3D('',#2577,#2107,#2108);
#1692=AXIS2_PLACEMENT_3D('',#2579,#2109,#2110);
#1693=AXIS2_PLACEMENT_3D('',#2580,#2111,#2112);
#1694=AXIS2_PLACEMENT_3D('',#2581,#2113,#2114);
#1695=AXIS2_PLACEMENT_3D('',#2582,#2115,#2116);
#1696=AXIS2_PLACEMENT_3D('',#2584,#2117,#2118);
#1697=AXIS2_PLACEMENT_3D('',#2586,#2119,#2120);
#1698=AXIS2_PLACEMENT_3D('',#2587,#2121,#2122);
#1699=AXIS2_PLACEMENT_3D('',#2589,#2123,#2124);
#1700=AXIS2_PLACEMENT_3D('',#2591,#2125,#2126);
#1701=AXIS2_PLACEMENT_3D('',#2592,#2127,#2128);
#1702=AXIS2_PLACEMENT_3D('',#2593,#2129,#2130);
#1703=AXIS2_PLACEMENT_3D('',#2594,#2131,#2132);
#1704=AXIS2_PLACEMENT_3D('',#2595,#2133,#2134);
#1705=AXIS2_PLACEMENT_3D('',#2597,#2135,#2136);
#1706=AXIS2_PLACEMENT_3D('',#2599,#2137,#2138);
#1707=AXIS2_PLACEMENT_3D('',#2600,#2139,#2140);
#1708=AXIS2_PLACEMENT_3D('',#2602,#2141,#2142);
#1709=AXIS2_PLACEMENT_3D('',#2604,#2143,#2144);
#1710=AXIS2_PLACEMENT_3D('',#2605,#2145,#2146);
#1711=DIRECTION('',(0.,0.,1.));
#1712=DIRECTION('',(1.,0.,0.));
#1713=DIRECTION('',(0.,0.,-1.));
#1714=DIRECTION('',(-1.,0.,0.));
#1715=DIRECTION('',(0.,0.,1.));
#1716=DIRECTION('',(1.,0.,0.));
#1717=DIRECTION('',(0.,0.,1.));
#1718=DIRECTION('',(1.,0.,0.));
#1719=DIRECTION('',(0.,0.,-1.));
#1720=DIRECTION('',(-1.,0.,0.));
#1721=DIRECTION('',(0.,0.,1.));
#1722=DIRECTION('',(1.,0.,0.));
#1723=DIRECTION('',(0.,0.,1.));
#1724=DIRECTION('',(1.,0.,0.));
#1725=DIRECTION('',(0.,0.,1.));
#1726=DIRECTION('',(1.,0.,0.));
#1727=DIRECTION('',(0.,0.,1.));
#1728=DIRECTION('',(1.,0.,0.));
#1729=DIRECTION('',(0.,0.,1.));
#1730=DIRECTION('',(1.,0.,0.));
#1731=DIRECTION('',(0.,0.,-1.));
#1732=DIRECTION('',(-1.,0.,0.));
#1733=DIRECTION('',(0.,0.,-1.));
#1734=DIRECTION('',(-1.,0.,0.));
#1735=DIRECTION('',(0.,0.,1.));
#1736=DIRECTION('',(1.,0.,0.));
#1737=DIRECTION('',(0.,0.,-1.));
#1738=DIRECTION('',(-1.,0.,0.));
#1739=DIRECTION('',(0.,0.,-1.));
#1740=DIRECTION('',(-1.,0.,0.));
#1741=DIRECTION('',(0.,0.,1.));
#1742=DIRECTION('',(1.,0.,0.));
#1743=DIRECTION('',(0.,0.,-1.));
#1744=DIRECTION('',(-1.,0.,0.));
#1745=DIRECTION('',(0.,0.,-1.));
#1746=DIRECTION('',(-1.,0.,0.));
#1747=DIRECTION('',(0.,0.,1.));
#1748=DIRECTION('',(1.,0.,0.));
#1749=DIRECTION('',(0.,0.,-1.));
#1750=DIRECTION('',(-1.,0.,0.));
#1751=DIRECTION('',(0.,0.,1.));
#1752=DIRECTION('',(1.,0.,0.));
#1753=DIRECTION('',(0.,0.,1.));
#1754=DIRECTION('',(0.,0.,1.));
#1755=DIRECTION('',(1.,0.,0.));
#1756=DIRECTION('',(0.,0.,1.));
#1757=DIRECTION('',(0.,0.,-1.));
#1758=DIRECTION('',(-1.,0.,0.));
#1759=DIRECTION('',(0.,0.,1.));
#1760=DIRECTION('',(1.,0.,0.));
#1761=DIRECTION('',(0.,0.,1.));
#1762=DIRECTION('',(0.,0.,1.));
#1763=DIRECTION('',(1.,0.,0.));
#1764=DIRECTION('',(0.,0.,1.));
#1765=DIRECTION('',(0.,0.,1.));
#1766=DIRECTION('',(1.,0.,0.));
#1767=DIRECTION('',(0.,0.,1.));
#1768=DIRECTION('',(1.,0.,0.));
#1769=DIRECTION('',(0.,0.,1.));
#1770=DIRECTION('',(1.,0.,0.));
#1771=DIRECTION('',(0.,0.,1.));
#1772=DIRECTION('',(1.,0.,0.));
#1773=DIRECTION('',(0.,0.,1.));
#1774=DIRECTION('',(1.,0.,0.));
#1775=DIRECTION('',(0.,0.,1.));
#1776=DIRECTION('',(1.,0.,0.));
#1777=DIRECTION('',(0.,0.,1.));
#1778=DIRECTION('',(1.,0.,0.));
#1779=DIRECTION('',(0.,0.,1.));
#1780=DIRECTION('',(1.,0.,0.));
#1781=DIRECTION('',(0.,0.,1.));
#1782=DIRECTION('',(1.,0.,0.));
#1783=DIRECTION('',(0.,0.,1.));
#1784=DIRECTION('',(1.,0.,0.));
#1785=DIRECTION('',(0.,0.,1.));
#1786=DIRECTION('',(1.,0.,0.));
#1787=DIRECTION('',(0.,0.,1.));
#1788=DIRECTION('',(1.,0.,0.));
#1789=DIRECTION('',(0.,0.,1.));
#1790=DIRECTION('',(1.,0.,0.));
#1791=DIRECTION('',(0.,0.,-1.));
#1792=DIRECTION('',(-1.,0.,0.));
#1793=DIRECTION('',(0.,0.,1.));
#1794=DIRECTION('',(1.,0.,0.));
#1795=DIRECTION('',(0.,0.,1.));
#1796=DIRECTION('',(0.,0.,1.));
#1797=DIRECTION('',(1.,0.,0.));
#1798=DIRECTION('',(0.,0.,1.));
#1799=DIRECTION('',(0.,0.,1.));
#1800=DIRECTION('',(1.,0.,0.));
#1801=DIRECTION('',(0.533241537364927,0.845963038689451,0.));
#1802=DIRECTION('',(0.999246250850206,-0.0388191983663683,0.));
#1803=DIRECTION('',(0.466004713485281,-0.88478223705582,0.));
#1804=DIRECTION('',(-0.533241537364925,-0.845963038689452,0.));
#1805=DIRECTION('',(-0.999246250850206,0.0388191983663689,0.));
#1806=DIRECTION('',(-0.466004713485286,0.884782237055818,0.));
#1807=DIRECTION('',(0.522628771672938,-0.852560359751517,0.));
#1808=DIRECTION('',(-0.477024543967947,-0.878889972893179,0.));
#1809=DIRECTION('',(-0.999653315640883,-0.0263296131416582,0.));
#1810=DIRECTION('',(-0.522628771672937,0.852560359751518,0.));
#1811=DIRECTION('',(0.477024543967949,0.878889972893177,0.));
#1812=DIRECTION('',(0.999653315640883,0.0263296131416574,0.));
#1813=DIRECTION('',(-0.984481281503451,-0.175489618978797,0.));
#1814=DIRECTION('',(-0.644219108887815,0.764840989842849,0.));
#1815=DIRECTION('',(0.340262172615635,0.940330608821646,0.));
#1816=DIRECTION('',(0.984481281503451,0.175489618978798,0.));
#1817=DIRECTION('',(0.644219108887815,-0.764840989842849,0.));
#1818=DIRECTION('',(-0.340262172615633,-0.940330608821647,0.));
#1819=DIRECTION('',(0.,0.,1.));
#1820=DIRECTION('',(1.,0.,0.));
#1821=DIRECTION('',(0.,0.,1.));
#1822=DIRECTION('',(1.,0.,0.));
#1823=DIRECTION('',(0.,0.,1.));
#1824=DIRECTION('',(1.,0.,0.));
#1825=DIRECTION('',(0.,0.,-1.));
#1826=DIRECTION('',(-1.,0.,0.));
#1827=DIRECTION('',(0.,0.,1.));
#1828=DIRECTION('',(1.,0.,0.));
#1829=DIRECTION('',(0.,0.,1.));
#1830=DIRECTION('',(1.,0.,0.));
#1831=DIRECTION('',(0.,0.,1.));
#1832=DIRECTION('',(1.,0.,0.));
#1833=DIRECTION('',(0.,0.,1.));
#1834=DIRECTION('',(1.,0.,0.));
#1835=DIRECTION('',(0.,0.,1.));
#1836=DIRECTION('',(1.,0.,0.));
#1837=DIRECTION('',(0.,0.,1.));
#1838=DIRECTION('',(1.,0.,0.));
#1839=DIRECTION('',(0.,0.,1.));
#1840=DIRECTION('',(1.,0.,0.));
#1841=DIRECTION('',(0.,0.,1.));
#1842=DIRECTION('',(1.,0.,0.));
#1843=DIRECTION('',(0.,0.,1.));
#1844=DIRECTION('',(1.,0.,0.));
#1845=DIRECTION('',(0.,0.,1.));
#1846=DIRECTION('',(1.,0.,0.));
#1847=DIRECTION('',(0.,0.,1.));
#1848=DIRECTION('',(1.,0.,0.));
#1849=DIRECTION('',(0.,0.,1.));
#1850=DIRECTION('',(1.,0.,0.));
#1851=DIRECTION('',(0.,0.,1.));
#1852=DIRECTION('',(1.,0.,0.));
#1853=DIRECTION('',(0.,0.,1.));
#1854=DIRECTION('',(1.,0.,0.));
#1855=DIRECTION('',(0.,0.,1.));
#1856=DIRECTION('',(1.,0.,0.));
#1857=DIRECTION('',(0.,0.,1.));
#1858=DIRECTION('',(1.,0.,0.));
#1859=DIRECTION('',(0.,0.,1.));
#1860=DIRECTION('',(1.,0.,0.));
#1861=DIRECTION('',(0.,0.,1.));
#1862=DIRECTION('',(1.,0.,0.));
#1863=DIRECTION('',(0.,0.,1.));
#1864=DIRECTION('',(1.,0.,0.));
#1865=DIRECTION('',(0.,0.,1.));
#1866=DIRECTION('',(1.,0.,0.));
#1867=DIRECTION('',(0.,0.,1.));
#1868=DIRECTION('',(1.,0.,0.));
#1869=DIRECTION('',(-0.175489618978797,0.984481281503451,0.));
#1870=DIRECTION('',(-0.984481281503451,-0.175489618978797,0.));
#1871=DIRECTION('',(0.,0.,1.));
#1872=DIRECTION('',(-0.984481281503451,-0.175489618978797,0.));
#1873=DIRECTION('',(0.,0.,1.));
#1874=DIRECTION('',(-0.940330608821647,0.340262172615633,0.));
#1875=DIRECTION('',(-0.340262172615633,-0.940330608821647,0.));
#1876=DIRECTION('',(0.,0.,1.));
#1877=DIRECTION('',(-0.340262172615633,-0.940330608821647,0.));
#1878=DIRECTION('',(-0.764840989842849,-0.644219108887815,0.));
#1879=DIRECTION('',(0.644219108887815,-0.764840989842849,0.));
#1880=DIRECTION('',(0.,0.,1.));
#1881=DIRECTION('',(0.644219108887815,-0.764840989842849,0.));
#1882=DIRECTION('',(0.175489618978798,-0.984481281503451,0.));
#1883=DIRECTION('',(0.984481281503451,0.175489618978798,0.));
#1884=DIRECTION('',(0.,0.,1.));
#1885=DIRECTION('',(0.984481281503451,0.175489618978798,0.));
#1886=DIRECTION('',(0.940330608821646,-0.340262172615635,0.));
#1887=DIRECTION('',(0.340262172615635,0.940330608821646,0.));
#1888=DIRECTION('',(0.,0.,1.));
#1889=DIRECTION('',(0.340262172615635,0.940330608821646,0.));
#1890=DIRECTION('',(0.764840989842849,0.644219108887815,0.));
#1891=DIRECTION('',(-0.644219108887815,0.764840989842849,0.));
#1892=DIRECTION('',(-0.644219108887815,0.764840989842849,0.));
#1893=DIRECTION('',(0.,0.,1.));
#1894=DIRECTION('',(1.,0.,0.));
#1895=DIRECTION('',(0.,0.,1.));
#1896=DIRECTION('',(1.,0.,0.));
#1897=DIRECTION('',(-0.852560359751517,-0.522628771672938,0.));
#1898=DIRECTION('',(0.522628771672938,-0.852560359751517,0.));
#1899=DIRECTION('',(0.,0.,1.));
#1900=DIRECTION('',(0.522628771672938,-0.852560359751517,0.));
#1901=DIRECTION('',(0.,0.,1.));
#1902=DIRECTION('',(0.0263296131416574,-0.999653315640883,0.));
#1903=DIRECTION('',(0.999653315640883,0.0263296131416574,0.));
#1904=DIRECTION('',(0.,0.,1.));
#1905=DIRECTION('',(0.999653315640883,0.0263296131416574,0.));
#1906=DIRECTION('',(0.878889972893178,-0.477024543967949,0.));
#1907=DIRECTION('',(0.477024543967949,0.878889972893177,0.));
#1908=DIRECTION('',(0.,0.,1.));
#1909=DIRECTION('',(0.477024543967949,0.878889972893177,0.));
#1910=DIRECTION('',(0.852560359751518,0.522628771672937,0.));
#1911=DIRECTION('',(-0.522628771672937,0.852560359751518,0.));
#1912=DIRECTION('',(0.,0.,1.));
#1913=DIRECTION('',(-0.522628771672937,0.852560359751518,0.));
#1914=DIRECTION('',(-0.0263296131416582,0.999653315640883,0.));
#1915=DIRECTION('',(-0.999653315640883,-0.0263296131416582,0.));
#1916=DIRECTION('',(0.,0.,1.));
#1917=DIRECTION('',(-0.999653315640883,-0.0263296131416582,0.));
#1918=DIRECTION('',(-0.878889972893178,0.477024543967947,0.));
#1919=DIRECTION('',(-0.477024543967947,-0.878889972893179,0.));
#1920=DIRECTION('',(-0.477024543967947,-0.878889972893179,0.));
#1921=DIRECTION('',(0.,0.,1.));
#1922=DIRECTION('',(1.,0.,0.));
#1923=DIRECTION('',(0.,0.,1.));
#1924=DIRECTION('',(1.,0.,0.));
#1925=DIRECTION('',(0.845963038689451,-0.533241537364927,0.));
#1926=DIRECTION('',(0.533241537364927,0.845963038689451,0.));
#1927=DIRECTION('',(0.,0.,1.));
#1928=DIRECTION('',(0.533241537364927,0.845963038689451,0.));
#1929=DIRECTION('',(0.,0.,1.));
#1930=DIRECTION('',(0.884782237055818,0.466004713485286,0.));
#1931=DIRECTION('',(-0.466004713485286,0.884782237055818,0.));
#1932=DIRECTION('',(0.,0.,1.));
#1933=DIRECTION('',(-0.466004713485286,0.884782237055818,0.));
#1934=DIRECTION('',(0.0388191983663689,0.999246250850206,0.));
#1935=DIRECTION('',(-0.999246250850206,0.0388191983663689,0.));
#1936=DIRECTION('',(0.,0.,1.));
#1937=DIRECTION('',(-0.999246250850206,0.0388191983663689,0.));
#1938=DIRECTION('',(-0.845963038689452,0.533241537364925,0.));
#1939=DIRECTION('',(-0.533241537364925,-0.845963038689452,0.));
#1940=DIRECTION('',(0.,0.,1.));
#1941=DIRECTION('',(-0.533241537364925,-0.845963038689452,0.));
#1942=DIRECTION('',(-0.88478223705582,-0.466004713485281,0.));
#1943=DIRECTION('',(0.466004713485281,-0.88478223705582,0.));
#1944=DIRECTION('',(0.,0.,1.));
#1945=DIRECTION('',(0.466004713485281,-0.88478223705582,0.));
#1946=DIRECTION('',(-0.0388191983663683,-0.999246250850206,0.));
#1947=DIRECTION('',(0.999246250850206,-0.0388191983663683,0.));
#1948=DIRECTION('',(0.999246250850206,-0.0388191983663683,0.));
#1949=DIRECTION('',(0.,0.,1.));
#1950=DIRECTION('',(1.,0.,0.));
#1951=DIRECTION('',(0.,0.,1.));
#1952=DIRECTION('',(1.,0.,0.));
#1953=DIRECTION('',(0.,0.,1.));
#1954=DIRECTION('',(1.,0.,0.));
#1955=DIRECTION('',(0.,0.,1.));
#1956=DIRECTION('',(1.,0.,0.));
#1957=DIRECTION('',(0.,0.,1.));
#1958=DIRECTION('',(1.,0.,0.));
#1959=DIRECTION('',(0.,0.,1.));
#1960=DIRECTION('',(1.,0.,0.));
#1961=DIRECTION('',(0.,0.,1.));
#1962=DIRECTION('',(1.,0.,0.));
#1963=DIRECTION('',(0.,0.,1.));
#1964=DIRECTION('',(1.,0.,0.));
#1965=DIRECTION('',(0.,0.,1.));
#1966=DIRECTION('',(1.,0.,0.));
#1967=DIRECTION('',(0.,0.,1.));
#1968=DIRECTION('',(1.,0.,0.));
#1969=DIRECTION('',(0.,0.,1.));
#1970=DIRECTION('',(1.,0.,0.));
#1971=DIRECTION('',(0.,0.,1.));
#1972=DIRECTION('',(1.,0.,0.));
#1973=DIRECTION('',(0.,0.,-1.));
#1974=DIRECTION('',(-1.,0.,0.));
#1975=DIRECTION('',(0.,0.,1.));
#1976=DIRECTION('',(1.,0.,0.));
#1977=DIRECTION('',(0.,0.,1.));
#1978=DIRECTION('',(1.,0.,0.));
#1979=DIRECTION('',(0.,0.,1.));
#1980=DIRECTION('',(1.,0.,0.));
#1981=DIRECTION('',(0.,0.,-1.));
#1982=DIRECTION('',(-1.,0.,0.));
#1983=DIRECTION('',(0.,0.,1.));
#1984=DIRECTION('',(1.,0.,0.));
#1985=DIRECTION('',(0.,0.,1.));
#1986=DIRECTION('',(1.,0.,0.));
#1987=DIRECTION('',(0.,0.,1.));
#1988=DIRECTION('',(1.,0.,0.));
#1989=DIRECTION('',(-0.500000000000008,0.866025403784434,0.));
#1990=DIRECTION('',(0.499999999999984,0.866025403784448,0.));
#1991=DIRECTION('',(1.,1.22222204643024E-14,0.));
#1992=DIRECTION('',(0.500000000000018,-0.866025403784428,0.));
#1993=DIRECTION('',(-0.499999999999988,-0.866025403784446,0.));
#1994=DIRECTION('',(-1.,-1.62962939524033E-14,0.));
#1995=DIRECTION('',(0.866025403784439,0.5,0.));
#1996=DIRECTION('',(0.866025403784439,-0.5,0.));
#1997=DIRECTION('',(0.,-1.,0.));
#1998=DIRECTION('',(-0.866025403784439,-0.5,0.));
#1999=DIRECTION('',(-0.866025403784439,0.5,0.));
#2000=DIRECTION('',(0.,1.,0.));
#2001=DIRECTION('',(0.5,-0.866025403784441,0.));
#2002=DIRECTION('',(-0.500000000000013,-0.866025403784431,0.));
#2003=DIRECTION('',(-1.,8.14814697620139E-15,0.));
#2004=DIRECTION('',(-0.499999999999989,0.866025403784445,0.));
#2005=DIRECTION('',(0.5,0.866025403784436,0.));
#2006=DIRECTION('',(1.,-8.14814697620139E-15,0.));
#2007=DIRECTION('',(0.,0.,1.));
#2008=DIRECTION('',(1.,0.,0.));
#2009=DIRECTION('',(-0.866025403784441,-0.5,0.));
#2010=DIRECTION('',(0.5,-0.866025403784441,0.));
#2011=DIRECTION('',(0.,0.,1.));
#2012=DIRECTION('',(0.5,-0.866025403784441,0.));
#2013=DIRECTION('',(0.,0.,1.));
#2014=DIRECTION('',(-8.14814697620139E-15,-1.,0.));
#2015=DIRECTION('',(1.,-8.14814697620139E-15,0.));
#2016=DIRECTION('',(0.,0.,1.));
#2017=DIRECTION('',(1.,-8.14814697620139E-15,0.));
#2018=DIRECTION('',(0.866025403784436,-0.5,0.));
#2019=DIRECTION('',(0.5,0.866025403784436,0.));
#2020=DIRECTION('',(0.,0.,1.));
#2021=DIRECTION('',(0.5,0.866025403784436,0.));
#2022=DIRECTION('',(0.866025403784445,0.499999999999989,0.));
#2023=DIRECTION('',(-0.49999999999999,0.866025403784445,0.));
#2024=DIRECTION('',(0.,0.,1.));
#2025=DIRECTION('',(-0.499999999999989,0.866025403784445,0.));
#2026=DIRECTION('',(8.14814697620139E-15,1.,0.));
#2027=DIRECTION('',(-1.,8.14814697620139E-15,0.));
#2028=DIRECTION('',(0.,0.,1.));
#2029=DIRECTION('',(-1.,8.14814697620139E-15,0.));
#2030=DIRECTION('',(-0.866025403784431,0.500000000000013,0.));
#2031=DIRECTION('',(-0.500000000000013,-0.866025403784431,0.));
#2032=DIRECTION('',(-0.500000000000013,-0.866025403784431,0.));
#2033=DIRECTION('',(0.,0.,1.));
#2034=DIRECTION('',(1.,0.,0.));
#2035=DIRECTION('',(0.,0.,1.));
#2036=DIRECTION('',(1.,0.,0.));
#2037=DIRECTION('',(0.5,-0.866025403784438,0.));
#2038=DIRECTION('',(0.866025403784438,0.5,0.));
#2039=DIRECTION('',(0.,0.,1.));
#2040=DIRECTION('',(0.866025403784439,0.5,0.));
#2041=DIRECTION('',(0.,0.,1.));
#2042=DIRECTION('',(1.,0.,0.));
#2043=DIRECTION('',(0.,0.,-1.));
#2044=DIRECTION('',(0.,0.,1.));
#2045=DIRECTION('',(0.,1.,0.));
#2046=DIRECTION('',(0.5,0.866025403784439,0.));
#2047=DIRECTION('',(-0.866025403784439,0.5,0.));
#2048=DIRECTION('',(0.,0.,1.));
#2049=DIRECTION('',(-0.866025403784439,0.5,0.));
#2050=DIRECTION('',(-0.5,0.866025403784439,0.));
#2051=DIRECTION('',(-0.866025403784439,-0.5,0.));
#2052=DIRECTION('',(0.,0.,1.));
#2053=DIRECTION('',(-0.866025403784439,-0.5,0.));
#2054=DIRECTION('',(-1.,0.,0.));
#2055=DIRECTION('',(0.,0.,1.));
#2056=DIRECTION('',(0.,0.,1.));
#2057=DIRECTION('',(0.,-1.,0.));
#2058=DIRECTION('',(-0.5,-0.866025403784439,0.));
#2059=DIRECTION('',(0.866025403784439,-0.5,0.));
#2060=DIRECTION('',(0.866025403784439,-0.5,0.));
#2061=DIRECTION('',(0.,0.,1.));
#2062=DIRECTION('',(1.,0.,0.));
#2063=DIRECTION('',(0.,0.,1.));
#2064=DIRECTION('',(1.,0.,0.));
#2065=DIRECTION('',(0.866025403784434,0.500000000000008,0.));
#2066=DIRECTION('',(-0.500000000000008,0.866025403784434,0.));
#2067=DIRECTION('',(0.,0.,1.));
#2068=DIRECTION('',(-0.500000000000008,0.866025403784434,0.));
#2069=DIRECTION('',(0.,0.,1.));
#2070=DIRECTION('',(-1.62962939524033E-14,1.,0.));
#2071=DIRECTION('',(-1.,-1.62962939524033E-14,0.));
#2072=DIRECTION('',(0.,0.,1.));
#2073=DIRECTION('',(-1.,-1.62962939524033E-14,0.));
#2074=DIRECTION('',(-0.866025403784446,0.499999999999988,0.));
#2075=DIRECTION('',(-0.499999999999988,-0.866025403784446,0.));
#2076=DIRECTION('',(0.,0.,1.));
#2077=DIRECTION('',(-0.499999999999988,-0.866025403784446,0.));
#2078=DIRECTION('',(-0.866025403784428,-0.500000000000018,0.));
#2079=DIRECTION('',(0.500000000000018,-0.866025403784428,0.));
#2080=DIRECTION('',(0.,0.,1.));
#2081=DIRECTION('',(0.500000000000018,-0.866025403784428,0.));
#2082=DIRECTION('',(1.22222204643024E-14,-1.,0.));
#2083=DIRECTION('',(1.,1.22222204643024E-14,0.));
#2084=DIRECTION('',(0.,0.,1.));
#2085=DIRECTION('',(1.,1.22222204643024E-14,0.));
#2086=DIRECTION('',(0.866025403784448,-0.499999999999984,0.));
#2087=DIRECTION('',(0.499999999999984,0.866025403784448,0.));
#2088=DIRECTION('',(0.499999999999984,0.866025403784448,0.));
#2089=DIRECTION('',(0.,0.,1.));
#2090=DIRECTION('',(1.,0.,0.));
#2091=DIRECTION('',(0.,0.,1.));
#2092=DIRECTION('',(1.,0.,0.));
#2093=DIRECTION('',(0.,0.,1.));
#2094=DIRECTION('',(1.,0.,0.));
#2095=DIRECTION('',(0.,0.,1.));
#2096=DIRECTION('',(1.,0.,0.));
#2097=DIRECTION('',(0.,0.,1.));
#2098=DIRECTION('',(1.,0.,0.));
#2099=DIRECTION('',(0.,0.,1.));
#2100=DIRECTION('',(1.,0.,0.));
#2101=DIRECTION('',(0.,0.,1.));
#2102=DIRECTION('',(1.,0.,0.));
#2103=DIRECTION('',(0.,0.,1.));
#2104=DIRECTION('',(1.,0.,0.));
#2105=DIRECTION('',(0.,0.,1.));
#2106=DIRECTION('',(1.,0.,0.));
#2107=DIRECTION('',(0.,0.,1.));
#2108=DIRECTION('',(1.,0.,0.));
#2109=DIRECTION('',(0.,0.,1.));
#2110=DIRECTION('',(1.,0.,0.));
#2111=DIRECTION('',(0.,0.,1.));
#2112=DIRECTION('',(1.,0.,0.));
#2113=DIRECTION('',(0.,0.,-1.));
#2114=DIRECTION('',(-1.,0.,0.));
#2115=DIRECTION('',(0.,0.,1.));
#2116=DIRECTION('',(1.,0.,0.));
#2117=DIRECTION('',(0.,0.,1.));
#2118=DIRECTION('',(1.,0.,0.));
#2119=DIRECTION('',(0.,0.,-1.));
#2120=DIRECTION('',(-1.,0.,0.));
#2121=DIRECTION('',(0.,0.,1.));
#2122=DIRECTION('',(1.,0.,0.));
#2123=DIRECTION('',(0.,0.,1.));
#2124=DIRECTION('',(1.,0.,0.));
#2125=DIRECTION('',(0.,0.,1.));
#2126=DIRECTION('',(1.,0.,0.));
#2127=DIRECTION('',(0.,0.,1.));
#2128=DIRECTION('',(1.,0.,0.));
#2129=DIRECTION('',(0.,0.,1.));
#2130=DIRECTION('',(1.,0.,0.));
#2131=DIRECTION('',(0.,0.,-1.));
#2132=DIRECTION('',(-1.,0.,0.));
#2133=DIRECTION('',(0.,0.,1.));
#2134=DIRECTION('',(1.,0.,0.));
#2135=DIRECTION('',(0.,0.,1.));
#2136=DIRECTION('',(1.,0.,0.));
#2137=DIRECTION('',(0.,0.,-1.));
#2138=DIRECTION('',(-1.,0.,0.));
#2139=DIRECTION('',(0.,0.,1.));
#2140=DIRECTION('',(1.,0.,0.));
#2141=DIRECTION('',(0.,0.,1.));
#2142=DIRECTION('',(1.,0.,0.));
#2143=DIRECTION('',(0.,0.,1.));
#2144=DIRECTION('',(1.,0.,0.));
#2145=DIRECTION('',(0.,0.,1.));
#2146=DIRECTION('',(1.,0.,0.));
#2147=CARTESIAN_POINT('',(0.,0.,0.));
#2148=CARTESIAN_POINT('',(-0.049334178402834,0.14567003891644,0.012));
#2149=CARTESIAN_POINT('',(-0.049334178402834,0.14567003891644,0.012));
#2150=CARTESIAN_POINT('',(-0.045434178402834,0.14567003891644,0.012));
#2151=CARTESIAN_POINT('',(-0.049334178402834,0.14567003891644,0.));
#2152=CARTESIAN_POINT('',(-0.045434178402834,0.14567003891644,0.));
#2153=CARTESIAN_POINT('',(-0.049334178402834,0.14567003891644,0.012));
#2154=CARTESIAN_POINT('',(-0.049334178402834,0.14567003891644,0.012));
#2155=CARTESIAN_POINT('',(-0.042209178402834,0.14567003891644,0.012));
#2156=CARTESIAN_POINT('',(-0.049334178402834,0.14567003891644,0.));
#2157=CARTESIAN_POINT('',(-0.042209178402834,0.14567003891644,0.));
#2158=CARTESIAN_POINT('',(-0.049334178402834,0.14567003891644,0.012));
#2159=CARTESIAN_POINT('',(-0.049334178402834,0.14567003891644,0.));
#2160=CARTESIAN_POINT('',(0.,0.,0.));
#2161=CARTESIAN_POINT('',(-0.122886388739364,0.0365814721470897,-0.0075));
#2162=CARTESIAN_POINT('',(-0.122886388739364,0.0365814721470897,-0.006));
#2163=CARTESIAN_POINT('',(-0.124636388739364,0.0365814721470897,-0.006));
#2164=CARTESIAN_POINT('',(-0.122886388739364,0.0365814721470897,0.003));
#2165=CARTESIAN_POINT('',(-0.121136388739364,0.0365814721470897,0.003));
#2166=CARTESIAN_POINT('',(-0.0860585924014487,0.0266786494826024,-0.0075));
#2167=CARTESIAN_POINT('',(-0.0860585924014487,0.0266786494826024,-0.006));
#2168=CARTESIAN_POINT('',(-0.0878085924014487,0.0266786494826024,-0.006));
#2169=CARTESIAN_POINT('',(-0.0860585924014487,0.0266786494826024,0.003));
#2170=CARTESIAN_POINT('',(-0.0843085924014487,0.0266786494826024,0.003));
#2171=CARTESIAN_POINT('',(-0.113048586567025,-0.000263746379188003,-0.0075));
#2172=CARTESIAN_POINT('',(-0.113048586567025,-0.000263746379188003,-0.006));
#2173=CARTESIAN_POINT('',(-0.114798586567025,-0.000263746379188003,-0.006));
#2174=CARTESIAN_POINT('',(-0.113048586567025,-0.000263746379188003,0.003));
#2175=CARTESIAN_POINT('',(-0.111298586567025,-0.000263746379188003,0.003));
#2176=CARTESIAN_POINT('',(-0.107331189235946,0.020998791750168,0.013));
#2177=CARTESIAN_POINT('',(-0.107331189235946,0.020998791750168,0.013));
#2178=CARTESIAN_POINT('',(-0.0866560879189756,0.0296185472880602,0.013));
#2179=CARTESIAN_POINT('',(-0.120895029944978,0.0388252391029078,0.013));
#2180=CARTESIAN_POINT('',(-0.0866560879189756,0.0296185472880602,0.008));
#2181=CARTESIAN_POINT('',(-0.0866560879189756,0.0296185472880602,0.00585194131184774));
#2182=CARTESIAN_POINT('',(-0.107331189235946,0.020998791750168,0.00585194131184774));
#2183=CARTESIAN_POINT('',(-0.120895029944978,0.0388252391029078,0.00585194131184775));
#2184=CARTESIAN_POINT('',(-0.120895029944978,0.0388252391029078,0.008));
#2185=CARTESIAN_POINT('',(-0.107331189235946,0.020998791750168,0.013));
#2186=CARTESIAN_POINT('',(-0.107331189235946,0.020998791750168,0.00585194131184774));
#2187=CARTESIAN_POINT('',(-0.110203812624205,-0.00121624898509123,0.00585194131184774));
#2188=CARTESIAN_POINT('',(-0.0851111126147312,0.0238321987007055,0.00585194131184774));
#2189=CARTESIAN_POINT('',(-0.0851111126147312,0.0238321987007055,0.008));
#2190=CARTESIAN_POINT('',(-0.0851111126147312,0.0238321987007055,0.013));
#2191=CARTESIAN_POINT('',(-0.107331189235946,0.020998791750168,0.013));
#2192=CARTESIAN_POINT('',(-0.110203812624205,-0.00121624898509123,0.013));
#2193=CARTESIAN_POINT('',(-0.110203812624205,-0.00121624898509123,0.008));
#2194=CARTESIAN_POINT('',(-0.107331189235946,0.020998791750168,0.));
#2195=CARTESIAN_POINT('',(-0.107331189235946,0.020998791750168,0.));
#2196=CARTESIAN_POINT('',(-0.125641670276335,0.0393416213553801,0.));
#2197=CARTESIAN_POINT('',(-0.114061305131154,-0.0040299647889284,0.));
#2198=CARTESIAN_POINT('',(-0.122886388739364,0.0365814721470897,0.));
#2199=CARTESIAN_POINT('',(-0.107331189235946,0.020998791750168,0.));
#2200=CARTESIAN_POINT('',(-0.0822905923003482,0.0276847186840524,0.));
#2201=CARTESIAN_POINT('',(-0.0860585924014487,0.0266786494826024,0.));
#2202=CARTESIAN_POINT('',(-0.107331189235946,0.020998791750168,0.));
#2203=CARTESIAN_POINT('',(-0.113048586567025,-0.000263746379188002,0.));
#2204=CARTESIAN_POINT('',(-0.113048586567025,-0.000263746379188002,-0.01));
#2205=CARTESIAN_POINT('',(-0.113048586567025,-0.000263746379188002,-0.006));
#2206=CARTESIAN_POINT('',(-0.109148586567025,-0.000263746379188002,-0.006));
#2207=CARTESIAN_POINT('',(-0.0860585924014487,0.0266786494826024,-0.01));
#2208=CARTESIAN_POINT('',(-0.0860585924014487,0.0266786494826024,-0.006));
#2209=CARTESIAN_POINT('',(-0.0821585924014487,0.0266786494826024,-0.006));
#2210=CARTESIAN_POINT('',(-0.122886388739364,0.0365814721470897,-0.01));
#2211=CARTESIAN_POINT('',(-0.122886388739364,0.0365814721470897,-0.006));
#2212=CARTESIAN_POINT('',(-0.118986388739364,0.0365814721470897,-0.006));
#2213=CARTESIAN_POINT('',(-0.107331189235946,0.020998791750168,0.013));
#2214=CARTESIAN_POINT('',(-0.107331189235946,0.020998791750168,0.013));
#2215=CARTESIAN_POINT('',(-0.125133667164657,0.0345940769475352,0.013));
#2216=CARTESIAN_POINT('',(-0.115987425148128,0.000338937446890814,0.013));
#2217=CARTESIAN_POINT('',(-0.125133667164657,0.0345940769475352,0.008));
#2218=CARTESIAN_POINT('',(-0.125133667164657,0.0345940769475352,0.00585194131184774));
#2219=CARTESIAN_POINT('',(-0.107331189235946,0.020998791750168,0.00585194131184774));
#2220=CARTESIAN_POINT('',(-0.115987425148128,0.000338937446890805,0.00585194131184774));
#2221=CARTESIAN_POINT('',(-0.115987425148128,0.000338937446890812,0.008));
#2222=CARTESIAN_POINT('',(-0.107331189235946,0.020998791750168,0.013));
#2223=CARTESIAN_POINT('',(-0.119270159549782,0.0157520518416184,0.013));
#2224=CARTESIAN_POINT('',(-0.119862859513028,0.0148117607599878,0.013));
#2225=CARTESIAN_POINT('',(-0.118289796977802,0.0173073517241217,0.013));
#2226=CARTESIAN_POINT('',(-0.121336747733032,0.0148690190775782,0.013));
#2227=CARTESIAN_POINT('',(-0.122810635953036,0.0149262773951686,0.013));
#2228=CARTESIAN_POINT('',(-0.123497992905427,0.0162313311948259,0.013));
#2229=CARTESIAN_POINT('',(-0.124185349857818,0.0175363849944833,0.013));
#2230=CARTESIAN_POINT('',(-0.123398818590205,0.0187841804765502,0.013));
#2231=CARTESIAN_POINT('',(-0.122612287322591,0.0200319759586171,0.013));
#2232=CARTESIAN_POINT('',(-0.121138399102587,0.0199747176410268,0.013));
#2233=CARTESIAN_POINT('',(-0.119664510882583,0.0199174593234363,0.013));
#2234=CARTESIAN_POINT('',(-0.119495119912213,0.019595844289588,0.013));
#2235=CARTESIAN_POINT('',(-0.105722423216647,0.0338440691683522,0.013));
#2236=CARTESIAN_POINT('',(-0.106256915760154,0.0347159828093073,0.013));
#2237=CARTESIAN_POINT('',(-0.104715160883719,0.0322009297480403,0.013));
#2238=CARTESIAN_POINT('',(-0.105553304557802,0.0360123455193248,0.013));
#2239=CARTESIAN_POINT('',(-0.104849693355449,0.0373087082293422,0.013));
#2240=CARTESIAN_POINT('',(-0.103375204714879,0.0373475444087262,0.013));
#2241=CARTESIAN_POINT('',(-0.101900716074308,0.0373863805881101,0.013));
#2242=CARTESIAN_POINT('',(-0.101129838636091,0.0361288540574766,0.013));
#2243=CARTESIAN_POINT('',(-0.100358961197873,0.0348713275268431,0.013));
#2244=CARTESIAN_POINT('',(-0.101062572400226,0.0335749648168257,0.013));
#2245=CARTESIAN_POINT('',(-0.101766183602579,0.0322786021068082,0.013));
#2246=CARTESIAN_POINT('',(-0.102218326608422,0.0322666932277576,0.013));
#2247=CARTESIAN_POINT('',(-0.0970382907877076,0.0132091678594364,0.013));
#2248=CARTESIAN_POINT('',(-0.0962245738536712,0.0133542177221342,0.013));
#2249=CARTESIAN_POINT('',(-0.0991287936341063,0.0128365233461468,0.013));
#2250=CARTESIAN_POINT('',(-0.0952743506680616,0.012226077262116,0.013));
#2251=CARTESIAN_POINT('',(-0.0943241274824521,0.0110979368020978,0.013));
#2252=CARTESIAN_POINT('',(-0.0948260141870602,0.00971094915408589,0.013));
#2253=CARTESIAN_POINT('',(-0.0953279008916682,0.00832396150607397,0.013));
#2254=CARTESIAN_POINT('',(-0.0967800107818858,0.00806511431808024,0.013));
#2255=CARTESIAN_POINT('',(-0.0982321206721034,0.00780626713008652,0.013));
#2256=CARTESIAN_POINT('',(-0.0991823438577129,0.00893440759010472,0.013));
#2257=CARTESIAN_POINT('',(-0.100132567043322,0.0100625480501229,0.013));
#2258=CARTESIAN_POINT('',(-0.0999119219398209,0.0106723112304208,0.013));
#2259=CARTESIAN_POINT('',(-0.0860585924014487,0.0266786494826024,0.013));
#2260=CARTESIAN_POINT('',(-0.122886388739364,0.0365814721470897,0.013));
#2261=CARTESIAN_POINT('',(-0.113048586567025,-0.000263746379188002,0.013));
#2262=CARTESIAN_POINT('',(-0.107331189235946,0.020998791750168,0.006));
#2263=CARTESIAN_POINT('',(-0.0847828582342399,0.0239634142562148,0.00550000000000008));
#2264=CARTESIAN_POINT('',(-0.0843040727287691,0.0241883682573111,0.00462700419019242));
#2265=CARTESIAN_POINT('',(-0.0838514342809204,0.024536788167389,0.00377322063706511));
#2266=CARTESIAN_POINT('',(-0.0834982814266175,0.0251150613935716,0.00300000000000011));
#2267=CARTESIAN_POINT('',(-0.08478285823424,0.0239634142562148,0.0055));
#2268=CARTESIAN_POINT('',(-0.0834982814266176,0.0251150613935716,0.003));
#2269=CARTESIAN_POINT('',(-0.107331189235946,0.020998791750168,0.0055));
#2270=CARTESIAN_POINT('',(-0.110335607379984,-0.00154427124450102,0.0055));
#2271=CARTESIAN_POINT('',(-0.111489520141059,-0.00282681326856597,0.00299999999999999));
#2272=CARTESIAN_POINT('',(-0.110910719406673,-0.00247473943231765,0.00377309382185308));
#2273=CARTESIAN_POINT('',(-0.110561756976388,-0.00202340223587833,0.00462564776353466));
#2274=CARTESIAN_POINT('',(-0.110335607379984,-0.001544271244501,0.00549999999999997));
#2275=CARTESIAN_POINT('',(-0.111489520141059,-0.002826813268566,0.003));
#2276=CARTESIAN_POINT('',(-0.107331189235946,0.020998791750168,0.003));
#2277=CARTESIAN_POINT('',(-0.115682849060596,-0.00169924668046446,0.003));
#2278=CARTESIAN_POINT('',(-0.116037916333931,-1.09469632726878E-5,0.00549999999999996));
#2279=CARTESIAN_POINT('',(-0.116082493207034,-0.00053806437452234,0.0046270041901923));
#2280=CARTESIAN_POINT('',(-0.116007071937647,-0.00110427072412779,0.00377322063706496));
#2281=CARTESIAN_POINT('',(-0.115682849060596,-0.00169924668046442,0.00299999999999994));
#2282=CARTESIAN_POINT('',(-0.116037916333931,-1.0946963272748E-5,0.0055));
#2283=CARTESIAN_POINT('',(-0.107331189235946,0.020998791750168,0.0055));
#2284=CARTESIAN_POINT('',(-0.125351845396423,0.0348722256838307,0.0055));
#2285=CARTESIAN_POINT('',(-0.125885602990147,0.0365128144607046,0.00299999999999987));
#2286=CARTESIAN_POINT('',(-0.125870098471141,0.0358355214028738,0.00377309382185296));
#2287=CARTESIAN_POINT('',(-0.125653710208494,0.0353076424750602,0.00462564776353458));
#2288=CARTESIAN_POINT('',(-0.125351845396423,0.0348722256838304,0.00549999999999989));
#2289=CARTESIAN_POINT('',(-0.125885602990147,0.0365128144607048,0.003));
#2290=CARTESIAN_POINT('',(-0.107331189235946,0.020998791750168,0.003));
#2291=CARTESIAN_POINT('',(-0.122812437220624,0.039580560537397,0.003));
#2292=CARTESIAN_POINT('',(-0.121172793139666,0.039043907957562,0.00549999999999996));
#2293=CARTESIAN_POINT('',(-0.121607001772034,0.0393460713677154,0.00462700419019229));
#2294=CARTESIAN_POINT('',(-0.12213506148927,0.039563857807243,0.00377322063706495));
#2295=CARTESIAN_POINT('',(-0.122812437220624,0.039580560537397,0.00299999999999994));
#2296=CARTESIAN_POINT('',(-0.121172793139666,0.0390439079575621,0.0055));
#2297=CARTESIAN_POINT('',(-0.107331189235946,0.020998791750168,0.0055));
#2298=CARTESIAN_POINT('',(-0.0863061149314303,0.0296684208111745,0.0055));
#2299=CARTESIAN_POINT('',(-0.0846184445766315,0.0293103740583653,0.00300000000000009));
#2300=CARTESIAN_POINT('',(-0.085212749830023,0.0296355932799478,0.00377309382185318));
#2301=CARTESIAN_POINT('',(-0.0857781005229552,0.0297121350113221,0.00462564776353474));
#2302=CARTESIAN_POINT('',(-0.0863061149314302,0.0296684208111746,0.00550000000000005));
#2303=CARTESIAN_POINT('',(-0.0846184445766316,0.0293103740583653,0.003));
#2304=CARTESIAN_POINT('',(-0.107331189235946,0.020998791750168,0.003));
#2305=CARTESIAN_POINT('',(-0.107331189235946,0.020998791750168,0.005));
#2306=CARTESIAN_POINT('',(-0.0863061149314302,0.0296684208111745,0.00550000000000011));
#2307=CARTESIAN_POINT('',(-0.0863934909387243,0.0296611869701852,0.00564468811109094));
#2308=CARTESIAN_POINT('',(-0.0865141411083211,0.0296473961082258,0.00576459013184454));
#2309=CARTESIAN_POINT('',(-0.0866560879189743,0.0296185472880611,0.00585194131184984));
#2310=CARTESIAN_POINT('',(-0.120895029944978,0.0388252391029077,0.00585194131184773));
#2311=CARTESIAN_POINT('',(-0.121003372829768,0.0389213941674419,0.00576458425002171));
#2312=CARTESIAN_POINT('',(-0.121100839203155,0.0389938356070621,0.00564466659663401));
#2313=CARTESIAN_POINT('',(-0.121172793139667,0.0390439079575625,0.00550000000000053));
#2314=CARTESIAN_POINT('',(-0.107331189235946,0.020998791750168,0.005));
#2315=CARTESIAN_POINT('',(-0.125351845396423,0.0348722256838305,0.0054999999999999));
#2316=CARTESIAN_POINT('',(-0.125301892702712,0.0348001727623272,0.00564468811109077));
#2317=CARTESIAN_POINT('',(-0.125229624381117,0.0347025820814653,0.00576459013184437));
#2318=CARTESIAN_POINT('',(-0.125133667164658,0.0345940769475358,0.00585194131184973));
#2319=CARTESIAN_POINT('',(-0.115987425148128,0.000338937446890823,0.00585194131184772));
#2320=CARTESIAN_POINT('',(-0.116016526434322,0.000197032224076364,0.00576458425002186));
#2321=CARTESIAN_POINT('',(-0.116030529374626,7.64031488977997E-5,0.00564466659663403));
#2322=CARTESIAN_POINT('',(-0.116037916333931,-1.09469632734879E-5,0.00550000000000054));
#2323=CARTESIAN_POINT('',(-0.107331189235946,0.020998791750168,0.005));
#2324=CARTESIAN_POINT('',(-0.0851111126147311,0.0238321987007055,0.00585194131184782));
#2325=CARTESIAN_POINT('',(-0.0849736684437469,0.0238779488589861,0.00576458425002185));
#2326=CARTESIAN_POINT('',(-0.0848621991300553,0.0239261364945442,0.00564466659663412));
#2327=CARTESIAN_POINT('',(-0.0847828582342391,0.0239634142562151,0.00550000000000067));
#2328=CARTESIAN_POINT('',(-0.110335607379984,-0.001544271244501,0.0055));
#2329=CARTESIAN_POINT('',(-0.110298184066401,-0.00146498448200844,0.00564468811109083));
#2330=CARTESIAN_POINT('',(-0.110249802218399,-0.00135360293918711,0.00576459013184436));
#2331=CARTESIAN_POINT('',(-0.110203812624204,-0.00121624898509281,0.00585194131184978));
#2332=CARTESIAN_POINT('',(-0.106394890818697,0.02006752268549,0.003));
#2333=CARTESIAN_POINT('',(-0.113048586567025,-0.000263746379188002,0.003));
#2334=CARTESIAN_POINT('',(-0.113048586567025,-0.000263746379188002,0.003));
#2335=CARTESIAN_POINT('',(-0.106394890818697,0.02006752268549,0.003));
#2336=CARTESIAN_POINT('',(-0.0860585924014487,0.0266786494826024,0.003));
#2337=CARTESIAN_POINT('',(-0.0860585924014487,0.0266786494826024,0.003));
#2338=CARTESIAN_POINT('',(-0.106394890818697,0.02006752268549,0.003));
#2339=CARTESIAN_POINT('',(-0.122886388739364,0.0365814721470897,0.003));
#2340=CARTESIAN_POINT('',(-0.122886388739364,0.0365814721470897,0.003));
#2341=CARTESIAN_POINT('',(-0.107331189235946,0.020998791750168,-0.006));
#2342=CARTESIAN_POINT('',(-0.107331189235946,0.020998791750168,-0.006));
#2343=CARTESIAN_POINT('',(-0.107331189235946,0.020998791750168,-0.006));
#2344=CARTESIAN_POINT('',(-0.0970382907877076,0.0132091678594364,0.0108));
#2345=CARTESIAN_POINT('',(-0.0991287936341063,0.0128365233461468,0.0108));
#2346=CARTESIAN_POINT('',(-0.0991287936341063,0.0128365233461468,0.0108));
#2347=CARTESIAN_POINT('',(-0.0970382907877076,0.0132091678594364,0.0108));
#2348=CARTESIAN_POINT('',(-0.0962245738536712,0.0133542177221342,0.0108));
#2349=CARTESIAN_POINT('',(-0.0962245738536712,0.0133542177221342,0.0108));
#2350=CARTESIAN_POINT('',(-0.0999119219398209,0.0106723112304208,0.0108));
#2351=CARTESIAN_POINT('',(-0.100132567043322,0.0100625480501229,0.0108));
#2352=CARTESIAN_POINT('',(-0.100132567043322,0.0100625480501229,0.0108));
#2353=CARTESIAN_POINT('',(-0.0999119219398209,0.0106723112304208,0.0108));
#2354=CARTESIAN_POINT('',(-0.0991823438577129,0.00893440759010472,0.0108));
#2355=CARTESIAN_POINT('',(-0.0982321206721034,0.00780626713008652,0.0108));
#2356=CARTESIAN_POINT('',(-0.0982321206721034,0.00780626713008652,0.0108));
#2357=CARTESIAN_POINT('',(-0.0991823438577129,0.00893440759010472,0.0108));
#2358=CARTESIAN_POINT('',(-0.0967800107818858,0.00806511431808024,0.0108));
#2359=CARTESIAN_POINT('',(-0.0953279008916682,0.00832396150607397,0.0108));
#2360=CARTESIAN_POINT('',(-0.0953279008916682,0.00832396150607397,0.0108));
#2361=CARTESIAN_POINT('',(-0.0967800107818858,0.00806511431808024,0.0108));
#2362=CARTESIAN_POINT('',(-0.0948260141870602,0.00971094915408589,0.0108));
#2363=CARTESIAN_POINT('',(-0.0943241274824521,0.0110979368020978,0.0108));
#2364=CARTESIAN_POINT('',(-0.0943241274824521,0.0110979368020978,0.0108));
#2365=CARTESIAN_POINT('',(-0.0948260141870602,0.00971094915408589,0.0108));
#2366=CARTESIAN_POINT('',(-0.0952743506680616,0.012226077262116,0.0108));
#2367=CARTESIAN_POINT('',(-0.0952743506680616,0.012226077262116,0.0108));
#2368=CARTESIAN_POINT('',(-0.107331189235946,0.020998791750168,0.0108));
#2369=CARTESIAN_POINT('',(-0.0972283472628873,0.0105802424261104,0.0108));
#2370=CARTESIAN_POINT('',(-0.0954783472628873,0.0105802424261104,0.0108));
#2371=CARTESIAN_POINT('',(-0.105722423216647,0.0338440691683522,0.0108));
#2372=CARTESIAN_POINT('',(-0.104715160883719,0.0322009297480403,0.0108));
#2373=CARTESIAN_POINT('',(-0.104715160883719,0.0322009297480403,0.0108));
#2374=CARTESIAN_POINT('',(-0.105722423216647,0.0338440691683522,0.0108));
#2375=CARTESIAN_POINT('',(-0.106256915760154,0.0347159828093073,0.0108));
#2376=CARTESIAN_POINT('',(-0.106256915760154,0.0347159828093073,0.0108));
#2377=CARTESIAN_POINT('',(-0.102218326608422,0.0322666932277576,0.0108));
#2378=CARTESIAN_POINT('',(-0.101766183602579,0.0322786021068082,0.0108));
#2379=CARTESIAN_POINT('',(-0.101766183602579,0.0322786021068082,0.0108));
#2380=CARTESIAN_POINT('',(-0.102218326608422,0.0322666932277576,0.0108));
#2381=CARTESIAN_POINT('',(-0.101062572400226,0.0335749648168257,0.0108));
#2382=CARTESIAN_POINT('',(-0.100358961197873,0.0348713275268431,0.0108));
#2383=CARTESIAN_POINT('',(-0.100358961197873,0.0348713275268431,0.0108));
#2384=CARTESIAN_POINT('',(-0.101062572400226,0.0335749648168257,0.0108));
#2385=CARTESIAN_POINT('',(-0.101129838636091,0.0361288540574766,0.0108));
#2386=CARTESIAN_POINT('',(-0.101900716074308,0.0373863805881101,0.0108));
#2387=CARTESIAN_POINT('',(-0.101900716074308,0.0373863805881101,0.0108));
#2388=CARTESIAN_POINT('',(-0.101129838636091,0.0361288540574766,0.0108));
#2389=CARTESIAN_POINT('',(-0.103375204714879,0.0373475444087262,0.0108));
#2390=CARTESIAN_POINT('',(-0.104849693355449,0.0373087082293422,0.0108));
#2391=CARTESIAN_POINT('',(-0.104849693355449,0.0373087082293422,0.0108));
#2392=CARTESIAN_POINT('',(-0.103375204714879,0.0373475444087262,0.0108));
#2393=CARTESIAN_POINT('',(-0.105553304557802,0.0360123455193248,0.0108));
#2394=CARTESIAN_POINT('',(-0.105553304557802,0.0360123455193248,0.0108));
#2395=CARTESIAN_POINT('',(-0.107331189235946,0.020998791750168,0.0108));
#2396=CARTESIAN_POINT('',(-0.103307938479014,0.0347936551680752,0.0108));
#2397=CARTESIAN_POINT('',(-0.101557938479014,0.0347936551680752,0.0108));
#2398=CARTESIAN_POINT('',(-0.119270159549782,0.0157520518416184,0.0108));
#2399=CARTESIAN_POINT('',(-0.118289796977802,0.0173073517241217,0.0108));
#2400=CARTESIAN_POINT('',(-0.118289796977802,0.0173073517241217,0.0108));
#2401=CARTESIAN_POINT('',(-0.119270159549782,0.0157520518416184,0.0108));
#2402=CARTESIAN_POINT('',(-0.119862859513028,0.0148117607599878,0.0108));
#2403=CARTESIAN_POINT('',(-0.119862859513028,0.0148117607599878,0.0108));
#2404=CARTESIAN_POINT('',(-0.119495119912213,0.019595844289588,0.0108));
#2405=CARTESIAN_POINT('',(-0.119664510882583,0.0199174593234363,0.0108));
#2406=CARTESIAN_POINT('',(-0.119664510882583,0.0199174593234363,0.0108));
#2407=CARTESIAN_POINT('',(-0.119495119912213,0.019595844289588,0.0108));
#2408=CARTESIAN_POINT('',(-0.121138399102587,0.0199747176410268,0.0108));
#2409=CARTESIAN_POINT('',(-0.122612287322591,0.0200319759586171,0.0108));
#2410=CARTESIAN_POINT('',(-0.122612287322591,0.0200319759586171,0.0108));
#2411=CARTESIAN_POINT('',(-0.121138399102587,0.0199747176410268,0.0108));
#2412=CARTESIAN_POINT('',(-0.123398818590205,0.0187841804765502,0.0108));
#2413=CARTESIAN_POINT('',(-0.124185349857818,0.0175363849944833,0.0108));
#2414=CARTESIAN_POINT('',(-0.124185349857818,0.0175363849944833,0.0108));
#2415=CARTESIAN_POINT('',(-0.123398818590205,0.0187841804765502,0.0108));
#2416=CARTESIAN_POINT('',(-0.123497992905427,0.0162313311948259,0.0108));
#2417=CARTESIAN_POINT('',(-0.122810635953036,0.0149262773951686,0.0108));
#2418=CARTESIAN_POINT('',(-0.122810635953036,0.0149262773951686,0.0108));
#2419=CARTESIAN_POINT('',(-0.123497992905427,0.0162313311948259,0.0108));
#2420=CARTESIAN_POINT('',(-0.121336747733032,0.0148690190775782,0.0108));
#2421=CARTESIAN_POINT('',(-0.121336747733032,0.0148690190775782,0.0108));
#2422=CARTESIAN_POINT('',(-0.107331189235946,0.020998791750168,0.0108));
#2423=CARTESIAN_POINT('',(-0.12123757341781,0.0174218683593025,0.0108));
#2424=CARTESIAN_POINT('',(-0.11948757341781,0.0174218683593025,0.0108));
#2425=CARTESIAN_POINT('',(-0.12123757341781,0.0174218683593025,0.009));
#2426=CARTESIAN_POINT('',(-0.12123757341781,0.0174218683593025,0.009));
#2427=CARTESIAN_POINT('',(-0.11948757341781,0.0174218683593025,0.009));
#2428=CARTESIAN_POINT('',(-0.107331189235946,0.020998791750168,0.009));
#2429=CARTESIAN_POINT('',(-0.103307938479014,0.0347936551680752,0.009));
#2430=CARTESIAN_POINT('',(-0.103307938479014,0.0347936551680752,0.009));
#2431=CARTESIAN_POINT('',(-0.101557938479014,0.0347936551680752,0.009));
#2432=CARTESIAN_POINT('',(-0.107331189235946,0.020998791750168,0.009));
#2433=CARTESIAN_POINT('',(-0.0972283472628873,0.0105802424261104,0.009));
#2434=CARTESIAN_POINT('',(-0.0972283472628873,0.0105802424261104,0.009));
#2435=CARTESIAN_POINT('',(-0.0954783472628873,0.0105802424261104,0.009));
#2436=CARTESIAN_POINT('',(-0.107331189235946,0.020998791750168,0.009));
#2437=CARTESIAN_POINT('',(0.,0.,0.));
#2438=CARTESIAN_POINT('',(-0.185541814079806,-0.0877331709286059,0.01));
#2439=CARTESIAN_POINT('',(-0.185541814079806,-0.0877331709286059,0.01));
#2440=CARTESIAN_POINT('',(-0.168141814079806,-0.0877331709286059,0.01));
#2441=CARTESIAN_POINT('',(-0.185541814079806,-0.0877331709286059,0.));
#2442=CARTESIAN_POINT('',(-0.168141814079806,-0.0877331709286059,0.));
#2443=CARTESIAN_POINT('',(-0.185541814079806,-0.0877331709286059,0.));
#2444=CARTESIAN_POINT('',(-0.185541814079806,-0.0877331709286059,0.0175));
#2445=CARTESIAN_POINT('',(-0.185541814079806,-0.0877331709286059,0.0175));
#2446=CARTESIAN_POINT('',(-0.163141814079806,-0.0877331709286059,0.0175));
#2447=CARTESIAN_POINT('',(-0.185541814079806,-0.0877331709286059,0.01));
#2448=CARTESIAN_POINT('',(-0.163141814079806,-0.0877331709286059,0.01));
#2449=CARTESIAN_POINT('',(-0.185541814079806,-0.0877331709286059,0.0175));
#2450=CARTESIAN_POINT('',(-0.192099132598296,-0.0751608001177443,0.0175));
#2451=CARTESIAN_POINT('',(-0.191247540951241,-0.0766358001177443,0.0175));
#2452=CARTESIAN_POINT('',(-0.19295072424535,-0.0736858001177443,0.0175));
#2453=CARTESIAN_POINT('',(-0.192099132598296,-0.0781108001177443,0.0175));
#2454=CARTESIAN_POINT('',(-0.19295072424535,-0.0795858001177443,0.0175));
#2455=CARTESIAN_POINT('',(-0.194653907539459,-0.0795858001177443,0.0175));
#2456=CARTESIAN_POINT('',(-0.196357090833569,-0.0795858001177443,0.0175));
#2457=CARTESIAN_POINT('',(-0.197208682480624,-0.0781108001177443,0.0175));
#2458=CARTESIAN_POINT('',(-0.198060274127678,-0.0766358001177443,0.0175));
#2459=CARTESIAN_POINT('',(-0.197208682480624,-0.0751608001177443,0.0175));
#2460=CARTESIAN_POINT('',(-0.196357090833569,-0.0736858001177443,0.0175));
#2461=CARTESIAN_POINT('',(-0.194653907539459,-0.0736858001177443,0.0175));
#2462=CARTESIAN_POINT('',(-0.169900162312557,-0.0879453268574828,0.0175));
#2463=CARTESIAN_POINT('',(-0.171375162312557,-0.0887969185045375,0.0175));
#2464=CARTESIAN_POINT('',(-0.168425162312557,-0.0870937352104281,0.0175));
#2465=CARTESIAN_POINT('',(-0.172850162312557,-0.0879453268574828,0.0175));
#2466=CARTESIAN_POINT('',(-0.174325162312557,-0.0870937352104281,0.0175));
#2467=CARTESIAN_POINT('',(-0.174325162312557,-0.0853905519163186,0.0175));
#2468=CARTESIAN_POINT('',(-0.174325162312557,-0.0836873686222093,0.0175));
#2469=CARTESIAN_POINT('',(-0.172850162312557,-0.0828357769751546,0.0175));
#2470=CARTESIAN_POINT('',(-0.171375162312557,-0.0819841853280999,0.0175));
#2471=CARTESIAN_POINT('',(-0.169900162312557,-0.0828357769751546,0.0175));
#2472=CARTESIAN_POINT('',(-0.168425162312557,-0.0836873686222093,0.0175));
#2473=CARTESIAN_POINT('',(-0.168425162312557,-0.0853905519163187,0.0175));
#2474=CARTESIAN_POINT('',(-0.193151147328566,-0.102648160751755,0.0175));
#2475=CARTESIAN_POINT('',(-0.19400273897562,-0.101173160751755,0.0175));
#2476=CARTESIAN_POINT('',(-0.19229955568151,-0.104123160751755,0.0175));
#2477=CARTESIAN_POINT('',(-0.193151147328566,-0.0996981607517547,0.0175));
#2478=CARTESIAN_POINT('',(-0.19229955568151,-0.0982231607517547,0.0175));
#2479=CARTESIAN_POINT('',(-0.190596372387402,-0.0982231607517547,0.0175));
#2480=CARTESIAN_POINT('',(-0.188893189093292,-0.0982231607517547,0.0175));
#2481=CARTESIAN_POINT('',(-0.188041597446237,-0.0996981607517547,0.0175));
#2482=CARTESIAN_POINT('',(-0.187190005799182,-0.101173160751755,0.0175));
#2483=CARTESIAN_POINT('',(-0.188041597446237,-0.102648160751755,0.0175));
#2484=CARTESIAN_POINT('',(-0.188893189093292,-0.104123160751755,0.0175));
#2485=CARTESIAN_POINT('',(-0.190596372387401,-0.104123160751755,0.0175));
#2486=CARTESIAN_POINT('',(-0.185541814079806,-0.0877331709286059,0.01));
#2487=CARTESIAN_POINT('',(-0.193151147328566,-0.102648160751755,0.0153));
#2488=CARTESIAN_POINT('',(-0.19229955568151,-0.104123160751755,0.0153));
#2489=CARTESIAN_POINT('',(-0.19229955568151,-0.104123160751755,0.0153));
#2490=CARTESIAN_POINT('',(-0.193151147328566,-0.102648160751755,0.0153));
#2491=CARTESIAN_POINT('',(-0.19400273897562,-0.101173160751755,0.0153));
#2492=CARTESIAN_POINT('',(-0.19400273897562,-0.101173160751755,0.0153));
#2493=CARTESIAN_POINT('',(-0.190596372387401,-0.104123160751755,0.0153));
#2494=CARTESIAN_POINT('',(-0.188893189093292,-0.104123160751755,0.0153));
#2495=CARTESIAN_POINT('',(-0.188893189093292,-0.104123160751755,0.0153));
#2496=CARTESIAN_POINT('',(-0.190596372387401,-0.104123160751755,0.0153));
#2497=CARTESIAN_POINT('',(-0.188041597446237,-0.102648160751755,0.0153));
#2498=CARTESIAN_POINT('',(-0.187190005799182,-0.101173160751755,0.0153));
#2499=CARTESIAN_POINT('',(-0.187190005799182,-0.101173160751755,0.0153));
#2500=CARTESIAN_POINT('',(-0.188041597446237,-0.102648160751755,0.0153));
#2501=CARTESIAN_POINT('',(-0.188041597446237,-0.0996981607517547,0.0153));
#2502=CARTESIAN_POINT('',(-0.188893189093292,-0.0982231607517547,0.0153));
#2503=CARTESIAN_POINT('',(-0.188893189093292,-0.0982231607517547,0.0153));
#2504=CARTESIAN_POINT('',(-0.188041597446237,-0.0996981607517547,0.0153));
#2505=CARTESIAN_POINT('',(-0.190596372387402,-0.0982231607517547,0.0153));
#2506=CARTESIAN_POINT('',(-0.19229955568151,-0.0982231607517547,0.0153));
#2507=CARTESIAN_POINT('',(-0.19229955568151,-0.0982231607517547,0.0153));
#2508=CARTESIAN_POINT('',(-0.190596372387402,-0.0982231607517547,0.0153));
#2509=CARTESIAN_POINT('',(-0.193151147328566,-0.0996981607517547,0.0153));
#2510=CARTESIAN_POINT('',(-0.193151147328566,-0.0996981607517547,0.0153));
#2511=CARTESIAN_POINT('',(-0.185541814079806,-0.0877331709286059,0.0153));
#2512=CARTESIAN_POINT('',(-0.190596372387401,-0.101173160751755,0.0153));
#2513=CARTESIAN_POINT('',(-0.188846372387401,-0.101173160751755,0.0153));
#2514=CARTESIAN_POINT('',(-0.169900162312557,-0.0879453268574828,0.0153));
#2515=CARTESIAN_POINT('',(-0.168425162312557,-0.0870937352104281,0.0153));
#2516=CARTESIAN_POINT('',(-0.168425162312557,-0.0870937352104281,0.0153));
#2517=CARTESIAN_POINT('',(-0.169900162312557,-0.0879453268574828,0.0153));
#2518=CARTESIAN_POINT('',(-0.171375162312557,-0.0887969185045375,0.0153));
#2519=CARTESIAN_POINT('',(-0.171375162312557,-0.0887969185045375,0.0153));
#2520=CARTESIAN_POINT('',(-0.168425162312557,-0.0853905519163187,0.0153));
#2521=CARTESIAN_POINT('',(-0.168425162312557,-0.0836873686222093,0.0153));
#2522=CARTESIAN_POINT('',(-0.168425162312557,-0.0836873686222093,0.0153));
#2523=CARTESIAN_POINT('',(-0.168425162312557,-0.0853905519163187,0.0153));
#2524=CARTESIAN_POINT('',(-0.169900162312557,-0.0828357769751546,0.0153));
#2525=CARTESIAN_POINT('',(-0.171375162312557,-0.0819841853280999,0.0153));
#2526=CARTESIAN_POINT('',(-0.171375162312557,-0.0819841853280999,0.0153));
#2527=CARTESIAN_POINT('',(-0.169900162312557,-0.0828357769751546,0.0153));
#2528=CARTESIAN_POINT('',(-0.172850162312557,-0.0828357769751546,0.0153));
#2529=CARTESIAN_POINT('',(-0.174325162312557,-0.0836873686222093,0.0153));
#2530=CARTESIAN_POINT('',(-0.174325162312557,-0.0836873686222093,0.0153));
#2531=CARTESIAN_POINT('',(-0.172850162312557,-0.0828357769751546,0.0153));
#2532=CARTESIAN_POINT('',(-0.174325162312557,-0.0853905519163186,0.0153));
#2533=CARTESIAN_POINT('',(-0.174325162312557,-0.0870937352104281,0.0153));
#2534=CARTESIAN_POINT('',(-0.174325162312557,-0.0870937352104281,0.0153));
#2535=CARTESIAN_POINT('',(-0.174325162312557,-0.0853905519163186,0.0153));
#2536=CARTESIAN_POINT('',(-0.172850162312557,-0.0879453268574828,0.0153));
#2537=CARTESIAN_POINT('',(-0.172850162312557,-0.0879453268574828,0.0153));
#2538=CARTESIAN_POINT('',(-0.185541814079806,-0.0877331709286059,0.0153));
#2539=CARTESIAN_POINT('',(-0.171375162312557,-0.0853905519163187,0.0153));
#2540=CARTESIAN_POINT('',(-0.169625162312557,-0.0853905519163187,0.0153));
#2541=CARTESIAN_POINT('',(-0.192099132598296,-0.0751608001177443,0.0153));
#2542=CARTESIAN_POINT('',(-0.19295072424535,-0.0736858001177443,0.0153));
#2543=CARTESIAN_POINT('',(-0.19295072424535,-0.0736858001177443,0.0153));
#2544=CARTESIAN_POINT('',(-0.192099132598296,-0.0751608001177443,0.0153));
#2545=CARTESIAN_POINT('',(-0.191247540951241,-0.0766358001177443,0.0153));
#2546=CARTESIAN_POINT('',(-0.191247540951241,-0.0766358001177443,0.0153));
#2547=CARTESIAN_POINT('',(-0.194653907539459,-0.0736858001177443,0.0153));
#2548=CARTESIAN_POINT('',(-0.196357090833569,-0.0736858001177443,0.0153));
#2549=CARTESIAN_POINT('',(-0.196357090833569,-0.0736858001177443,0.0153));
#2550=CARTESIAN_POINT('',(-0.194653907539459,-0.0736858001177443,0.0153));
#2551=CARTESIAN_POINT('',(-0.197208682480624,-0.0751608001177443,0.0153));
#2552=CARTESIAN_POINT('',(-0.198060274127678,-0.0766358001177443,0.0153));
#2553=CARTESIAN_POINT('',(-0.198060274127678,-0.0766358001177443,0.0153));
#2554=CARTESIAN_POINT('',(-0.197208682480624,-0.0751608001177443,0.0153));
#2555=CARTESIAN_POINT('',(-0.197208682480624,-0.0781108001177443,0.0153));
#2556=CARTESIAN_POINT('',(-0.196357090833569,-0.0795858001177443,0.0153));
#2557=CARTESIAN_POINT('',(-0.196357090833569,-0.0795858001177443,0.0153));
#2558=CARTESIAN_POINT('',(-0.197208682480624,-0.0781108001177443,0.0153));
#2559=CARTESIAN_POINT('',(-0.194653907539459,-0.0795858001177443,0.0153));
#2560=CARTESIAN_POINT('',(-0.19295072424535,-0.0795858001177443,0.0153));
#2561=CARTESIAN_POINT('',(-0.19295072424535,-0.0795858001177443,0.0153));
#2562=CARTESIAN_POINT('',(-0.194653907539459,-0.0795858001177443,0.0153));
#2563=CARTESIAN_POINT('',(-0.192099132598296,-0.0781108001177443,0.0153));
#2564=CARTESIAN_POINT('',(-0.192099132598296,-0.0781108001177443,0.0153));
#2565=CARTESIAN_POINT('',(-0.185541814079806,-0.0877331709286059,0.0153));
#2566=CARTESIAN_POINT('',(-0.194653907539459,-0.0766358001177443,0.0153));
#2567=CARTESIAN_POINT('',(-0.192903907539459,-0.0766358001177443,0.0153));
#2568=CARTESIAN_POINT('',(-0.194653907539459,-0.0766358001177443,0.0125));
#2569=CARTESIAN_POINT('',(-0.194653907539459,-0.0766358001177443,0.0125));
#2570=CARTESIAN_POINT('',(-0.192903907539459,-0.0766358001177443,0.0125));
#2571=CARTESIAN_POINT('',(-0.185541814079806,-0.0877331709286059,0.0125));
#2572=CARTESIAN_POINT('',(-0.171375162312557,-0.0853905519163187,0.0125));
#2573=CARTESIAN_POINT('',(-0.171375162312557,-0.0853905519163187,0.0125));
#2574=CARTESIAN_POINT('',(-0.169625162312557,-0.0853905519163187,0.0125));
#2575=CARTESIAN_POINT('',(-0.185541814079806,-0.0877331709286059,0.0125));
#2576=CARTESIAN_POINT('',(-0.190596372387401,-0.101173160751755,0.0125));
#2577=CARTESIAN_POINT('',(-0.190596372387401,-0.101173160751755,0.0125));
#2578=CARTESIAN_POINT('',(-0.188846372387401,-0.101173160751755,0.0125));
#2579=CARTESIAN_POINT('',(-0.185541814079806,-0.0877331709286059,0.0125));
#2580=CARTESIAN_POINT('',(0.,0.,0.));
#2581=CARTESIAN_POINT('',(-0.201174444194638,0.0790097855412823,0.012));
#2582=CARTESIAN_POINT('',(-0.201174444194638,0.0790097855412823,0.012));
#2583=CARTESIAN_POINT('',(-0.197274444194638,0.0790097855412823,0.012));
#2584=CARTESIAN_POINT('',(-0.201174444194638,0.0790097855412823,0.));
#2585=CARTESIAN_POINT('',(-0.197274444194638,0.0790097855412823,0.));
#2586=CARTESIAN_POINT('',(-0.201174444194638,0.0790097855412823,0.012));
#2587=CARTESIAN_POINT('',(-0.201174444194638,0.0790097855412823,0.012));
#2588=CARTESIAN_POINT('',(-0.171174444194638,0.0790097855412823,0.012));
#2589=CARTESIAN_POINT('',(-0.201174444194638,0.0790097855412823,0.));
#2590=CARTESIAN_POINT('',(-0.171174444194638,0.0790097855412823,0.));
#2591=CARTESIAN_POINT('',(-0.201174444194638,0.0790097855412823,0.012));
#2592=CARTESIAN_POINT('',(-0.201174444194638,0.0790097855412823,0.));
#2593=CARTESIAN_POINT('',(0.,0.,0.));
#2594=CARTESIAN_POINT('',(-0.105210339440929,-0.0430312976241112,0.012));
#2595=CARTESIAN_POINT('',(-0.105210339440929,-0.0430312976241112,0.012));
#2596=CARTESIAN_POINT('',(-0.0877103394409294,-0.0430312976241112,0.012));
#2597=CARTESIAN_POINT('',(-0.105210339440929,-0.0430312976241112,0.));
#2598=CARTESIAN_POINT('',(-0.0877103394409294,-0.0430312976241112,0.));
#2599=CARTESIAN_POINT('',(-0.105210339440929,-0.0430312976241112,0.012));
#2600=CARTESIAN_POINT('',(-0.105210339440929,-0.0430312976241112,0.012));
#2601=CARTESIAN_POINT('',(-0.0852103394409294,-0.0430312976241112,0.012));
#2602=CARTESIAN_POINT('',(-0.105210339440929,-0.0430312976241112,0.));
#2603=CARTESIAN_POINT('',(-0.0852103394409294,-0.0430312976241112,0.));
#2604=CARTESIAN_POINT('',(-0.105210339440929,-0.0430312976241112,0.012));
#2605=CARTESIAN_POINT('',(-0.105210339440929,-0.0430312976241112,0.));
#2606=MECHANICAL_DESIGN_GEOMETRIC_PRESENTATION_REPRESENTATION('',(#1495),
#2611);
#2607=MECHANICAL_DESIGN_GEOMETRIC_PRESENTATION_REPRESENTATION('',(#1496),
#2612);
#2608=MECHANICAL_DESIGN_GEOMETRIC_PRESENTATION_REPRESENTATION('',(#1497),
#2613);
#2609=MECHANICAL_DESIGN_GEOMETRIC_PRESENTATION_REPRESENTATION('',(#1498),
#2614);
#2610=MECHANICAL_DESIGN_GEOMETRIC_PRESENTATION_REPRESENTATION('',(#1499),
#2615);
#2611=(
GEOMETRIC_REPRESENTATION_CONTEXT(3)
GLOBAL_UNCERTAINTY_ASSIGNED_CONTEXT((#2616))
GLOBAL_UNIT_ASSIGNED_CONTEXT((#2631,#2626,#2621))
REPRESENTATION_CONTEXT('Part 4','TOP_LEVEL_ASSEMBLY_PART')
);
#2612=(
GEOMETRIC_REPRESENTATION_CONTEXT(3)
GLOBAL_UNCERTAINTY_ASSIGNED_CONTEXT((#2617))
GLOBAL_UNIT_ASSIGNED_CONTEXT((#2632,#2627,#2622))
REPRESENTATION_CONTEXT('Part 1','TOP_LEVEL_ASSEMBLY_PART')
);
#2613=(
GEOMETRIC_REPRESENTATION_CONTEXT(3)
GLOBAL_UNCERTAINTY_ASSIGNED_CONTEXT((#2618))
GLOBAL_UNIT_ASSIGNED_CONTEXT((#2633,#2628,#2623))
REPRESENTATION_CONTEXT('Part 2','TOP_LEVEL_ASSEMBLY_PART')
);
#2614=(
GEOMETRIC_REPRESENTATION_CONTEXT(3)
GLOBAL_UNCERTAINTY_ASSIGNED_CONTEXT((#2619))
GLOBAL_UNIT_ASSIGNED_CONTEXT((#2634,#2629,#2624))
REPRESENTATION_CONTEXT('Part 3','TOP_LEVEL_ASSEMBLY_PART')
);
#2615=(
GEOMETRIC_REPRESENTATION_CONTEXT(3)
GLOBAL_UNCERTAINTY_ASSIGNED_CONTEXT((#2620))
GLOBAL_UNIT_ASSIGNED_CONTEXT((#2635,#2630,#2625))
REPRESENTATION_CONTEXT('Part 1','TOP_LEVEL_ASSEMBLY_PART')
);
#2616=UNCERTAINTY_MEASURE_WITH_UNIT(LENGTH_MEASURE(1.E-8),#2631,
'DISTANCE_ACCURACY_VALUE','Maximum Tolerance applied to model');
#2617=UNCERTAINTY_MEASURE_WITH_UNIT(LENGTH_MEASURE(2.E-5),#2632,
'DISTANCE_ACCURACY_VALUE','Maximum Tolerance applied to model');
#2618=UNCERTAINTY_MEASURE_WITH_UNIT(LENGTH_MEASURE(1.E-8),#2633,
'DISTANCE_ACCURACY_VALUE','Maximum Tolerance applied to model');
#2619=UNCERTAINTY_MEASURE_WITH_UNIT(LENGTH_MEASURE(1.E-8),#2634,
'DISTANCE_ACCURACY_VALUE','Maximum Tolerance applied to model');
#2620=UNCERTAINTY_MEASURE_WITH_UNIT(LENGTH_MEASURE(1.E-8),#2635,
'DISTANCE_ACCURACY_VALUE','Maximum Tolerance applied to model');
#2621=(
NAMED_UNIT(*)
SI_UNIT($,.STERADIAN.)
SOLID_ANGLE_UNIT()
);
#2622=(
NAMED_UNIT(*)
SI_UNIT($,.STERADIAN.)
SOLID_ANGLE_UNIT()
);
#2623=(
NAMED_UNIT(*)
SI_UNIT($,.STERADIAN.)
SOLID_ANGLE_UNIT()
);
#2624=(
NAMED_UNIT(*)
SI_UNIT($,.STERADIAN.)
SOLID_ANGLE_UNIT()
);
#2625=(
NAMED_UNIT(*)
SI_UNIT($,.STERADIAN.)
SOLID_ANGLE_UNIT()
);
#2626=(
NAMED_UNIT(*)
PLANE_ANGLE_UNIT()
SI_UNIT($,.RADIAN.)
);
#2627=(
NAMED_UNIT(*)
PLANE_ANGLE_UNIT()
SI_UNIT($,.RADIAN.)
);
#2628=(
NAMED_UNIT(*)
PLANE_ANGLE_UNIT()
SI_UNIT($,.RADIAN.)
);
#2629=(
NAMED_UNIT(*)
PLANE_ANGLE_UNIT()
SI_UNIT($,.RADIAN.)
);
#2630=(
NAMED_UNIT(*)
PLANE_ANGLE_UNIT()
SI_UNIT($,.RADIAN.)
);
#2631=(
LENGTH_UNIT()
NAMED_UNIT(*)
SI_UNIT($,.METRE.)
);
#2632=(
LENGTH_UNIT()
NAMED_UNIT(*)
SI_UNIT($,.METRE.)
);
#2633=(
LENGTH_UNIT()
NAMED_UNIT(*)
SI_UNIT($,.METRE.)
);
#2634=(
LENGTH_UNIT()
NAMED_UNIT(*)
SI_UNIT($,.METRE.)
);
#2635=(
LENGTH_UNIT()
NAMED_UNIT(*)
SI_UNIT($,.METRE.)
);
#2636=PRODUCT_DEFINITION_SHAPE('','',#2641);
#2637=PRODUCT_DEFINITION_SHAPE('','',#2642);
#2638=PRODUCT_DEFINITION_SHAPE('','',#2643);
#2639=PRODUCT_DEFINITION_SHAPE('','',#2644);
#2640=PRODUCT_DEFINITION_SHAPE('','',#2645);
#2641=PRODUCT_DEFINITION('','',#2651,#2646);
#2642=PRODUCT_DEFINITION('','',#2652,#2647);
#2643=PRODUCT_DEFINITION('','',#2653,#2648);
#2644=PRODUCT_DEFINITION('','',#2654,#2649);
#2645=PRODUCT_DEFINITION('','',#2655,#2650);
#2646=PRODUCT_DEFINITION_CONTEXT('',#2681,'design');
#2647=PRODUCT_DEFINITION_CONTEXT('',#2682,'design');
#2648=PRODUCT_DEFINITION_CONTEXT('',#2683,'design');
#2649=PRODUCT_DEFINITION_CONTEXT('',#2684,'design');
#2650=PRODUCT_DEFINITION_CONTEXT('',#2685,'design');
#2651=PRODUCT_DEFINITION_FORMATION_WITH_SPECIFIED_SOURCE('','',#2661,
 .NOT_KNOWN.);
#2652=PRODUCT_DEFINITION_FORMATION_WITH_SPECIFIED_SOURCE('','',#2662,
 .NOT_KNOWN.);
#2653=PRODUCT_DEFINITION_FORMATION_WITH_SPECIFIED_SOURCE('','',#2663,
 .NOT_KNOWN.);
#2654=PRODUCT_DEFINITION_FORMATION_WITH_SPECIFIED_SOURCE('','',#2664,
 .NOT_KNOWN.);
#2655=PRODUCT_DEFINITION_FORMATION_WITH_SPECIFIED_SOURCE('','',#2665,
 .NOT_KNOWN.);
#2656=PRODUCT_RELATED_PRODUCT_CATEGORY('','',(#2661));
#2657=PRODUCT_RELATED_PRODUCT_CATEGORY('','',(#2662));
#2658=PRODUCT_RELATED_PRODUCT_CATEGORY('','',(#2663));
#2659=PRODUCT_RELATED_PRODUCT_CATEGORY('','',(#2664));
#2660=PRODUCT_RELATED_PRODUCT_CATEGORY('','',(#2665));
#2661=PRODUCT('Part 4','Part 4','Part 4',(#2671));
#2662=PRODUCT('Part 1','Part 1','Part 1',(#2672));
#2663=PRODUCT('Part 2','Part 2','Part 2',(#2673));
#2664=PRODUCT('Part 3','Part 3','Part 3',(#2674));
#2665=PRODUCT('Part 1','Part 1','Part 1',(#2675));
#2666=PRODUCT_CATEGORY('','');
#2667=PRODUCT_CATEGORY('','');
#2668=PRODUCT_CATEGORY('','');
#2669=PRODUCT_CATEGORY('','');
#2670=PRODUCT_CATEGORY('','');
#2671=PRODUCT_CONTEXT('',#2681,'mechanical');
#2672=PRODUCT_CONTEXT('',#2682,'mechanical');
#2673=PRODUCT_CONTEXT('',#2683,'mechanical');
#2674=PRODUCT_CONTEXT('',#2684,'mechanical');
#2675=PRODUCT_CONTEXT('',#2685,'mechanical');
#2676=APPLICATION_PROTOCOL_DEFINITION('international standard',
'ap242_managed_model_based_3d_engineering',2020,#2681);
#2677=APPLICATION_PROTOCOL_DEFINITION('international standard',
'ap242_managed_model_based_3d_engineering',2020,#2682);
#2678=APPLICATION_PROTOCOL_DEFINITION('international standard',
'ap242_managed_model_based_3d_engineering',2020,#2683);
#2679=APPLICATION_PROTOCOL_DEFINITION('international standard',
'ap242_managed_model_based_3d_engineering',2020,#2684);
#2680=APPLICATION_PROTOCOL_DEFINITION('international standard',
'ap242_managed_model_based_3d_engineering',2020,#2685);
#2681=APPLICATION_CONTEXT('managed model based 3d engineering');
#2682=APPLICATION_CONTEXT('managed model based 3d engineering');
#2683=APPLICATION_CONTEXT('managed model based 3d engineering');
#2684=APPLICATION_CONTEXT('managed model based 3d engineering');
#2685=APPLICATION_CONTEXT('managed model based 3d engineering');
ENDSEC;
END-ISO-10303-21;
